v             0.15             0.05                0
v     0.1527765391    0.04999158934  7.782109135e-06
v     0.1527765734    0.04999167931  -0.001991965463
v             0.15             0.05           -0.002
v     0.1527766092    0.04999176684   -0.00399171894
v             0.15             0.05           -0.004
v     0.1527766466    0.04999185148  -0.005991478185
v             0.15             0.05           -0.006
v     0.1527766855    0.04999193276  -0.007991243065
v             0.15             0.05           -0.008
v     0.1527767259    0.04999201019  -0.009991013443
v             0.15             0.05            -0.01
v     0.1527767678    0.04999208331   -0.01199078918
v             0.15             0.05           -0.012
v     0.1527768111    0.04999215165   -0.01399057015
v             0.15             0.05           -0.014
v     0.1527768558    0.04999221474   -0.01599035621
v             0.15             0.05           -0.016
v     0.1527769018    0.04999227211   -0.01799014723
v             0.15             0.05           -0.018
v     0.1527769492    0.04999232329   -0.01998994308
v             0.15             0.05            -0.02
v     0.1527769978    0.04999236781    -0.0219897436
v             0.15             0.05           -0.022
v     0.1527770477    0.04999240519   -0.02398954868
v             0.15             0.05           -0.024
v     0.1527770988    0.04999243498   -0.02598935817
v             0.15             0.05           -0.026
v     0.1527771511    0.04999245683   -0.02798917159
v             0.15             0.05           -0.028
v     0.1527772043     0.0499924705   -0.02998898804
v             0.15             0.05            -0.03
v     0.1527772584    0.04999246343   -0.03198872666
v             0.15             0.05           -0.032
v     0.1527773133    0.04999242345   -0.03398846377
v             0.15             0.05           -0.034
v     0.1527773689    0.04999235087   -0.03598819778
v             0.15             0.05           -0.036
v     0.1527774251    0.04999224597   -0.03798792689
v             0.15             0.05           -0.038
v     0.1527774818    0.04999210794   -0.03998713716
v             0.15    0.04999999884   -0.03999948768
v     0.1527775388    0.04986729459   -0.04156075536
v             0.15    0.04987530545   -0.04157322619
v     0.1527775961    0.04950069117   -0.04308165985
v             0.15    0.04950875907    -0.0430942409
v     0.1527776535    0.04890360074   -0.04452307668
v             0.15    0.04891166674    -0.0445357493
v     0.1527777109    0.04808732528   -0.04585771975
v             0.15    0.04809533436   -0.04587045655
v     0.1527777681    0.04706316678   -0.04705830296
v             0.15    0.04707106781   -0.04707106781
v      0.152777825    0.04586277406   -0.04808252979
v             0.15    0.04587045655   -0.04809533436
v     0.1527778815    0.04452831994   -0.04889889093
v             0.15     0.0445357493   -0.04891166674
v     0.1527779374    0.04308708933   -0.04949608415
v             0.15     0.0430942409   -0.04950875907
v     0.1527779926    0.04156636713   -0.04986280724
v             0.15    0.04157322619   -0.04987530545
v     0.1527780468    0.03999292612   -0.04998775681
v             0.15    0.03999948768   -0.04999999884
v        0.1527781    0.03799388676   -0.04998804731
v             0.15            0.038            -0.05
v     0.1527781519    0.03599432112   -0.04998832058
v             0.15            0.036            -0.05
v     0.1527782024    0.03399474203   -0.04998857704
v             0.15            0.034            -0.05
v     0.1527782514    0.03199515016   -0.04998881596
v             0.15            0.032            -0.05
v     0.1527782986    0.02999554621   -0.04998903662
v             0.15             0.03            -0.05
v      0.152778344    0.02799593086   -0.04998923829
v             0.15            0.028            -0.05
v     0.1527783873     0.0259963048   -0.04998942024
v             0.15            0.026            -0.05
v     0.1527784283    0.02399666874   -0.04998958175
v             0.15            0.024            -0.05
v     0.1527784671    0.02199702363   -0.04998972219
v             0.15            0.022            -0.05
v     0.1527785032    0.01999733104   -0.04998984412
v             0.15             0.02            -0.05
v     0.1527785366    0.01799761633   -0.04998995553
v             0.15            0.018            -0.05
v     0.1527785672      0.015997896   -0.04999005652
v             0.15            0.016            -0.05
v     0.1527785947    0.01399817058   -0.04999014671
v             0.15            0.014            -0.05
v      0.152778619    0.01199844059   -0.04999022574
v             0.15            0.012            -0.05
v       0.15277864   0.009998706608   -0.04999029327
v             0.15             0.01            -0.05
v     0.1527786574   0.007998969291   -0.04999034904
v             0.15            0.008            -0.05
v     0.1527786712   0.005999229304   -0.04999039284
v             0.15            0.006            -0.05
v     0.1527786813   0.003999487315   -0.04999042441
v             0.15            0.004            -0.05
v     0.1527786874   0.001999743991   -0.04999044353
v             0.15            0.002            -0.05
v     0.1527786894  2.179682471e-22   -0.04999044995
v             0.15                0            -0.05
v             0.15           -0.002            -0.05
v     0.1527786874  -0.001999743991   -0.04999044353
v             0.15           -0.004            -0.05
v     0.1527786813  -0.003999487315   -0.04999042441
v             0.15           -0.006            -0.05
v     0.1527786712  -0.005999229304   -0.04999039284
v             0.15           -0.008            -0.05
v     0.1527786574  -0.007998969291   -0.04999034904
v             0.15            -0.01            -0.05
v       0.15277864  -0.009998706608   -0.04999029327
v             0.15           -0.012            -0.05
v      0.152778619   -0.01199844059   -0.04999022574
v             0.15           -0.014            -0.05
v     0.1527785947   -0.01399817058   -0.04999014671
v             0.15           -0.016            -0.05
v     0.1527785672     -0.015997896   -0.04999005652
v             0.15           -0.018            -0.05
v     0.1527785366   -0.01799761633   -0.04998995553
v             0.15            -0.02            -0.05
v     0.1527785032   -0.01999733104   -0.04998984412
v             0.15           -0.022            -0.05
v     0.1527784671   -0.02199702363   -0.04998972219
v             0.15           -0.024            -0.05
v     0.1527784283   -0.02399666871   -0.04998958174
v             0.15           -0.026            -0.05
v     0.1527783873   -0.02599630489   -0.04998942026
v             0.15           -0.028            -0.05
v     0.1527783439    -0.0279959313   -0.04998923841
v             0.15            -0.03            -0.05
v     0.1527782986   -0.02999554714   -0.04998903689
v             0.15           -0.032            -0.05
v     0.1527782513   -0.03199515164   -0.04998881638
v             0.15           -0.034            -0.05
v     0.1527782023   -0.03399474399   -0.04998857759
v             0.15           -0.036            -0.05
v     0.1527781518   -0.03599432342   -0.04998832122
v             0.15           -0.038            -0.05
v     0.1527780999   -0.03799388914   -0.04998804796
v             0.15   -0.03999948768   -0.04999999884
v     0.1527780467   -0.03999292831   -0.04998775738
v             0.15   -0.04157322619   -0.04987530545
v     0.1527779925   -0.04156636891   -0.04986280768
v             0.15    -0.0430942409   -0.04950875907
v     0.1527779374   -0.04308709058   -0.04949608445
v             0.15    -0.0445357493   -0.04891166674
v     0.1527778815   -0.04452832062   -0.04889889108
v             0.15   -0.04587045655   -0.04809533436
v      0.152777825   -0.04586277426   -0.04808252984
v             0.15   -0.04707106781   -0.04707106781
v     0.1527777681   -0.04706316678   -0.04705830296
v             0.15   -0.04809533436   -0.04587045655
v     0.1527777109   -0.04808732523   -0.04585771976
v             0.15   -0.04891166674    -0.0445357493
v     0.1527776535   -0.04890360062   -0.04452307672
v             0.15   -0.04950875907    -0.0430942409
v     0.1527775961     -0.049500691    -0.0430816599
v             0.15   -0.04987530545   -0.04157322619
v     0.1527775388   -0.04986729445    -0.0415607554
v             0.15   -0.04999999884   -0.03999948768
v     0.1527774818   -0.04999210785   -0.03998713719
v             0.15            -0.05           -0.038
v     0.1527774251   -0.04999224596   -0.03798792689
v             0.15            -0.05           -0.036
v     0.1527773689   -0.04999235089   -0.03598819777
v             0.15            -0.05           -0.034
v     0.1527773133   -0.04999242347   -0.03398846376
v             0.15            -0.05           -0.032
v     0.1527772584   -0.04999246343   -0.03198872666
v             0.15            -0.05            -0.03
v     0.1527772043    -0.0499924705   -0.02998898804
v             0.15            -0.05           -0.028
v     0.1527771511   -0.04999245683   -0.02798917159
v             0.15            -0.05           -0.026
v     0.1527770988   -0.04999243498   -0.02598935817
v             0.15            -0.05           -0.024
v     0.1527770477   -0.04999240519   -0.02398954868
v             0.15            -0.05           -0.022
v     0.1527769978   -0.04999236781    -0.0219897436
v             0.15            -0.05            -0.02
v     0.1527769492   -0.04999232329   -0.01998994308
v             0.15            -0.05           -0.018
v     0.1527769018   -0.04999227211   -0.01799014723
v             0.15            -0.05           -0.016
v     0.1527768558   -0.04999221474   -0.01599035621
v             0.15            -0.05           -0.014
v     0.1527768111   -0.04999215165   -0.01399057015
v             0.15            -0.05           -0.012
v     0.1527767678   -0.04999208331   -0.01199078918
v             0.15            -0.05            -0.01
v     0.1527767259   -0.04999201019  -0.009991013443
v             0.15            -0.05           -0.008
v     0.1527766855   -0.04999193276  -0.007991243065
v             0.15            -0.05           -0.006
v     0.1527766466   -0.04999185148  -0.005991478185
v             0.15            -0.05           -0.004
v     0.1527766092   -0.04999176684   -0.00399171894
v             0.15            -0.05           -0.002
v     0.1527765734   -0.04999167931  -0.001991965463
v             0.15            -0.05                0
v     0.1527765391   -0.04999158934  7.782109135e-06
v     0.1527765065   -0.04999149737   0.002007523689
v             0.15            -0.05            0.002
v     0.1527764755   -0.04999140366   0.004007259381
v             0.15            -0.05            0.004
v     0.1527764459   -0.04999130841   0.006006989335
v             0.15            -0.05            0.006
v     0.1527764179   -0.04999121185   0.008006713703
v             0.15            -0.05            0.008
v     0.1527763912   -0.04999111418    0.01000643263
v             0.15            -0.05             0.01
v     0.1527763658   -0.04999101561    0.01200614628
v             0.15            -0.05            0.012
v     0.1527763418   -0.04999091636     0.0140058548
v             0.15            -0.05            0.014
v     0.1527763189   -0.04999081664    0.01600555833
v             0.15            -0.05            0.016
v     0.1527762973   -0.04999071667    0.01800525703
v             0.15            -0.05            0.018
v     0.1527762767   -0.04999061664    0.02000495105
v             0.15            -0.05             0.02
v     0.1527762572   -0.04999051679    0.02200464054
v             0.15            -0.05            0.022
v     0.1527762386   -0.04999041732    0.02400432565
v             0.15            -0.05            0.024
v      0.152776221   -0.04999031843    0.02600400654
v             0.15            -0.05            0.026
v     0.1527762044   -0.04999022022    0.02800368334
v             0.15            -0.05            0.028
v     0.1527761885   -0.04999012268    0.03000335598
v             0.15            -0.05             0.03
v     0.1527761736    -0.0499900137    0.03200294413
v             0.15            -0.05            0.032
v     0.1527761594   -0.04998988154    0.03400252469
v             0.15            -0.05            0.034
v     0.1527761461   -0.04998972682    0.03600209671
v             0.15            -0.05            0.036
v     0.1527761334   -0.04998955015    0.03800165902
v             0.15            -0.05            0.038
v     0.1527761215     -0.049989351    0.04000069834
v             0.15   -0.04999999884    0.03999948768
v     0.1527761103   -0.04986448741    0.04157414209
v             0.15   -0.04987530545    0.04157322619
v     0.1527760997   -0.04949784479    0.04309486934
v             0.15   -0.04950875907     0.0430942409
v     0.1527760897   -0.04890072638    0.04453610681
v             0.15   -0.04891166674     0.0445357493
v     0.1527760803   -0.04808443423     0.0458705691
v             0.15   -0.04809533436    0.04587045655
v     0.1527760714   -0.04706027041    0.04707097081
v             0.15   -0.04707106781    0.04707106781
v     0.1527760632   -0.04585988398    0.04809501622
v             0.15   -0.04587045655    0.04809533436
v     0.1527760554   -0.04452544781    0.04891119674
v             0.15    -0.0445357493    0.04891166674
v     0.1527760481   -0.04308424652    0.04950821079
v             0.15    -0.0430942409    0.04950875907
v     0.1527760413   -0.04156356475    0.04987475677
v             0.15   -0.04157322619    0.04987530545
v     0.1527760349     -0.039990175    0.04999953196
v             0.15   -0.03999948768    0.04999999884
v      0.152776029   -0.03799119747    0.04999965144
v             0.15           -0.038             0.05
v     0.1527760235   -0.03599170396    0.04999975767
v             0.15           -0.036             0.05
v     0.1527760184     -0.033992207    0.04999985172
v             0.15           -0.034             0.05
v     0.1527760137   -0.03199270702     0.0499999335
v             0.15           -0.032             0.05
v     0.1527760093   -0.02999320443    0.05000000292
v             0.15            -0.03             0.05
v     0.1527760054   -0.02799369965     0.0500000599
v             0.15           -0.028             0.05
v     0.1527760017   -0.02599419309    0.05000010432
v             0.15           -0.026             0.05
v     0.1527759984   -0.02399468517    0.05000013612
v             0.15           -0.024             0.05
v     0.1527759954   -0.02199517626    0.05000015514
v             0.15           -0.022             0.05
v     0.1527759927   -0.01999562715    0.05000016427
v             0.15            -0.02             0.05
v     0.1527759903   -0.01799606267    0.05000017202
v             0.15           -0.018             0.05
v     0.1527759881   -0.01599649876     0.0500001789
v             0.15           -0.016             0.05
v     0.1527759863   -0.01399693536    0.05000018494
v             0.15           -0.014             0.05
v     0.1527759847   -0.01199737238    0.05000019017
v             0.15           -0.012             0.05
v     0.1527759834  -0.009997809765    0.05000019461
v             0.15            -0.01             0.05
v     0.1527759823  -0.007998247451    0.05000019825
v             0.15           -0.008             0.05
v     0.1527759815  -0.005998685377     0.0500002011
v             0.15           -0.006             0.05
v     0.1527759809  -0.003999123485    0.05000020314
v             0.15           -0.004             0.05
v     0.1527759806  -0.001999561712    0.05000020436
v             0.15           -0.002             0.05
v     0.1527759805   1.81640206e-22    0.05000020477
v             0.15                0             0.05
v             0.15            0.002             0.05
v     0.1527759806   0.001999561712    0.05000020436
v             0.15            0.004             0.05
v     0.1527759809   0.003999123485    0.05000020314
v             0.15            0.006             0.05
v     0.1527759815   0.005998685377     0.0500002011
v             0.15            0.008             0.05
v     0.1527759823   0.007998247451    0.05000019825
v             0.15             0.01             0.05
v     0.1527759834   0.009997809765    0.05000019461
v             0.15            0.012             0.05
v     0.1527759847    0.01199737238    0.05000019017
v             0.15            0.014             0.05
v     0.1527759863    0.01399693536    0.05000018494
v             0.15            0.016             0.05
v     0.1527759881    0.01599649876     0.0500001789
v             0.15            0.018             0.05
v     0.1527759903    0.01799606267    0.05000017202
v             0.15             0.02             0.05
v     0.1527759927    0.01999562715    0.05000016427
v             0.15            0.022             0.05
v     0.1527759954    0.02199517626    0.05000015514
v             0.15            0.024             0.05
v     0.1527759984    0.02399468517    0.05000013613
v             0.15            0.026             0.05
v     0.1527760017    0.02599419308    0.05000010431
v             0.15            0.028             0.05
v     0.1527760054    0.02799369959    0.05000005981
v             0.15             0.03             0.05
v     0.1527760094     0.0299932043    0.05000000275
v             0.15            0.032             0.05
v     0.1527760137    0.03199270681    0.04999993322
v             0.15            0.034             0.05
v     0.1527760184    0.03399220671    0.04999985135
v             0.15            0.036             0.05
v     0.1527760235    0.03599170362    0.04999975723
v             0.15            0.038             0.05
v      0.152776029    0.03799119711    0.04999965099
v             0.15    0.03999948768    0.04999999884
v      0.152776035    0.03999017467    0.04999953155
v             0.15    0.04157322619    0.04987530545
v     0.1527760413    0.04156356447    0.04987475644
v             0.15     0.0430942409    0.04950875907
v     0.1527760481    0.04308424632    0.04950821056
v             0.15     0.0445357493    0.04891166674
v     0.1527760554     0.0445254477    0.04891119662
v             0.15    0.04587045655    0.04809533436
v     0.1527760632    0.04585988395    0.04809501619
v             0.15    0.04707106781    0.04707106781
v     0.1527760714    0.04706027041    0.04707097081
v             0.15    0.04809533436    0.04587045655
v     0.1527760803    0.04808443425     0.0458705691
v             0.15    0.04891166674     0.0445357493
v     0.1527760897    0.04890072641    0.04453610682
v             0.15    0.04950875907     0.0430942409
v     0.1527760996    0.04949784484    0.04309486936
v             0.15    0.04987530545    0.04157322619
v     0.1527761103    0.04986448745    0.04157414211
v             0.15    0.04999999884    0.03999948768
v     0.1527761215    0.04998935102    0.04000069835
v             0.15             0.05            0.038
v     0.1527761334    0.04998955015    0.03800165903
v             0.15             0.05            0.036
v     0.1527761461    0.04998972681    0.03600209671
v             0.15             0.05            0.034
v     0.1527761594    0.04998988154    0.03400252469
v             0.15             0.05            0.032
v     0.1527761736     0.0499900137    0.03200294413
v             0.15             0.05             0.03
v     0.1527761885    0.04999012268    0.03000335598
v             0.15             0.05            0.028
v     0.1527762044    0.04999022022    0.02800368334
v             0.15             0.05            0.026
v      0.152776221    0.04999031843    0.02600400654
v             0.15             0.05            0.024
v     0.1527762386    0.04999041732    0.02400432565
v             0.15             0.05            0.022
v     0.1527762572    0.04999051679    0.02200464054
v             0.15             0.05             0.02
v     0.1527762767    0.04999061664    0.02000495105
v             0.15             0.05            0.018
v     0.1527762973    0.04999071667    0.01800525703
v             0.15             0.05            0.016
v     0.1527763189    0.04999081664    0.01600555833
v             0.15             0.05            0.014
v     0.1527763418    0.04999091636     0.0140058548
v             0.15             0.05            0.012
v     0.1527763658    0.04999101561    0.01200614628
v             0.15             0.05             0.01
v     0.1527763912    0.04999111418    0.01000643263
v             0.15             0.05            0.008
v     0.1527764179    0.04999121185   0.008006713703
v             0.15             0.05            0.006
v     0.1527764459    0.04999130841   0.006006989335
v             0.15             0.05            0.004
v     0.1527764755    0.04999140366   0.004007259381
v             0.15             0.05            0.002
v     0.1527765065    0.04999149737   0.002007523689
v     0.1556000343    0.04993592314  5.900400802e-05
v     0.1556002914    0.04993659874   -0.00193907217
v     0.1556005605    0.04993725611  -0.003937192686
v     0.1556008413    0.04993789171  -0.005935356525
v     0.1556011336    0.04993850202  -0.007933562672
v     0.1556014371    0.04993908349  -0.009931810109
v     0.1556017515     0.0499396326   -0.01193009782
v     0.1556020766    0.04994014581   -0.01392842479
v     0.1556024121     0.0499406196   -0.01592679001
v     0.1556027579    0.04994105042   -0.01792519245
v     0.1556031135    0.04994143474   -0.01992363111
v     0.1556034788    0.04994176904   -0.02192210496
v     0.1556038535    0.04994204978   -0.02392061299
v     0.1556042373    0.04994227346   -0.02591915408
v     0.1556046295    0.04994243755   -0.02791772475
v      0.155605029    0.04994254022   -0.02991631813
v     0.1556054353    0.04994248622   -0.03191432127
v     0.1556058476     0.0499421834   -0.03391231268
v     0.1556062652    0.04994163399   -0.03591028047
v     0.1556066872    0.04994084027   -0.03790821103
v     0.1556071129    0.04993980358   -0.03990557979
v     0.1556075413    0.04981420371   -0.04147839044
v     0.1556079715    0.04944722859    -0.0429985538
v     0.1556084025     0.0488501551   -0.04443935229
v     0.1556088334    0.04803425944   -0.04577355738
v     0.1556092631    0.04701081798   -0.04697394048
v     0.1556096907     0.0458118704   -0.04799789068
v      0.155610115    0.04447908981   -0.04881442603
v     0.1556105348    0.04303969573   -0.04941226852
v      0.155610949    0.04152090767   -0.04978014013
v     0.1556113563    0.03994943433    -0.0499067617
v     0.1556117555    0.03795335605   -0.04990894286
v     0.1556121454    0.03595666033   -0.04991100134
v     0.1556125247     0.0339598632   -0.04991293283
v     0.1556128924    0.03196296985   -0.04991473185
v      0.155613247    0.02996598548   -0.04991639291
v     0.1556135876    0.02796891531   -0.04991791056
v     0.1556139127    0.02597176452   -0.04991927929
v     0.1556142212    0.02397453841   -0.04992049369
v     0.1556145119    0.02197724432   -0.04992154906
v     0.1556147834    0.01997959067   -0.04992246469
v     0.1556150344    0.01798176969    -0.0499233013
v     0.1556152639    0.01598390654   -0.04992405969
v     0.1556154705    0.01398600517   -0.04992473702
v      0.155615653    0.01198806951   -0.04992533048
v     0.1556158103   0.009990103866   -0.04992583755
v     0.1556159413   0.007992113162   -0.04992625641
v     0.1556160451   0.005994102411   -0.04992658527
v     0.1556161204   0.003996076626   -0.04992682237
v     0.1556161664   0.001998040819   -0.04992696593
v      0.155616182  1.636828556e-21   -0.04992701417
v     0.1556161664  -0.001998040819   -0.04992696593
v     0.1556161204  -0.003996076626   -0.04992682237
v     0.1556160451  -0.005994102411   -0.04992658527
v     0.1556159413  -0.007992113162   -0.04992625641
v     0.1556158103  -0.009990103867   -0.04992583755
v      0.155615653   -0.01198806951   -0.04992533048
v     0.1556154705   -0.01398600517   -0.04992473702
v     0.1556152639   -0.01598390654   -0.04992405969
v     0.1556150344   -0.01798176969    -0.0499233013
v     0.1556147834   -0.01997959067   -0.04992246469
v     0.1556145119   -0.02197724432   -0.04992154906
v     0.1556142213   -0.02397453821   -0.04992049363
v     0.1556139127   -0.02597176521   -0.04991927949
v     0.1556135874   -0.02796891863   -0.04991791151
v     0.1556132467    -0.0299659925   -0.04991639493
v     0.1556128918   -0.03196298091     -0.049914735
v      0.155612524    -0.0339598779   -0.04991293699
v     0.1556121445   -0.03595667756   -0.04991100615
v     0.1556117545   -0.03795337396   -0.04990894775
v     0.1556113554   -0.03994945078   -0.04990676603
v     0.1556109482   -0.04152092105   -0.04978014349
v     0.1556105342   -0.04303970507   -0.04941227073
v     0.1556101146   -0.04447909487   -0.04881442717
v     0.1556096906   -0.04581187192   -0.04799789101
v     0.1556092631   -0.04701081798   -0.04697394048
v     0.1556088335   -0.04803425909   -0.04577355747
v     0.1556084027   -0.04885015417   -0.04443935255
v     0.1556079717   -0.04944722731   -0.04299855417
v     0.1556075414    -0.0498142026   -0.04147839076
v      0.155607113   -0.04993980297   -0.03990557997
v     0.1556066872   -0.04994084017   -0.03790821106
v     0.1556062652   -0.04994163413   -0.03591028043
v     0.1556058476   -0.04994218351   -0.03391231265
v     0.1556054353   -0.04994248623   -0.03191432127
v      0.155605029   -0.04994254022   -0.02991631813
v     0.1556046295   -0.04994243755   -0.02791772475
v     0.1556042373   -0.04994227346   -0.02591915408
v     0.1556038535   -0.04994204978   -0.02392061299
v     0.1556034788   -0.04994176904   -0.02192210496
v     0.1556031135   -0.04994143474   -0.01992363111
v     0.1556027579   -0.04994105042   -0.01792519245
v     0.1556024121    -0.0499406196   -0.01592679001
v     0.1556020766   -0.04994014581   -0.01392842479
v     0.1556017515    -0.0499396326   -0.01193009782
v     0.1556014371   -0.04993908349  -0.009931810109
v     0.1556011336   -0.04993850202  -0.007933562672
v     0.1556008413   -0.04993789171  -0.005935356525
v     0.1556005605   -0.04993725611  -0.003937192686
v     0.1556002914   -0.04993659874   -0.00193907217
v     0.1556000343   -0.04993592314  5.900400802e-05
v     0.1555997894   -0.04993523251   0.002057035189
v     0.1555995562   -0.04993452878    0.00405502215
v     0.1555993344   -0.04993381354   0.006052966025
v     0.1555991236   -0.04993308839   0.008050867948
v     0.1555989232   -0.04993235492    0.01004872905
v     0.1555987329   -0.04993161474    0.01204655047
v     0.1555985522   -0.04993086943    0.01404433335
v     0.1555983807   -0.04993012059     0.0160420788
v     0.1555982179   -0.04992936982    0.01803978798
v     0.1555980634   -0.04992861871    0.02003746201
v     0.1555979169   -0.04992786887    0.02203510203
v     0.1555977777   -0.04992712188    0.02403270917
v     0.1555976456    -0.0499263793    0.02603028456
v     0.1555975202   -0.04992564177    0.02802782929
v     0.1555974015   -0.04992490927    0.03002534274
v     0.1555972892   -0.04992409006    0.03202221589
v     0.1555971829   -0.04992309495    0.03401903173
v     0.1555970825    -0.0499219287    0.03601578308
v     0.1555969876   -0.04992059603    0.03801246107
v     0.1555968981   -0.04991910044    0.04000854601
v     0.1555968136   -0.04979312322    0.04158004667
v      0.155596734   -0.04942585373      0.043098879
v      0.155596659   -0.04882857011    0.04453833058
v     0.1555965885   -0.04801254919    0.04587117811
v     0.1555965222   -0.04698906778     0.0470701983
v     0.1555964599   -0.04579016743     0.0480927861
v     0.1555964014   -0.04445752157    0.04890796509
v     0.1555963466   -0.04301834768    0.04950446206
v     0.1555962954   -0.04149986323    0.04987100376
v     0.1555962476   -0.03992877487    0.04999631582
v     0.1555962032   -0.03793316089    0.04999721266
v     0.1555961619   -0.03593700676     0.0499980168
v     0.1555961236   -0.03394082646    0.04999872869
v     0.1555960883   -0.03194462314    0.04999934766
v     0.1555960558   -0.02994839996    0.04999987301
v     0.1555960259   -0.02795216008    0.05000030404
v     0.1555959985   -0.02595590665    0.05000064007
v     0.1555959736   -0.02395964283    0.05000088038
v      0.155595951    -0.0219633715    0.05000102385
v     0.1555959307   -0.01996679526    0.05000109251
v     0.1555959126   -0.01797010252    0.05000115067
v     0.1555958966   -0.01597341405    0.05000120232
v     0.1555958828   -0.01397672933    0.05000124768
v     0.1555958709   -0.01198004783    0.05000128696
v      0.155595861  -0.009983369042    0.05000132029
v      0.155595853   -0.00798669252    0.05000134767
v     0.1555958468  -0.005990017807    0.05000136903
v     0.1555958425  -0.003993344451    0.05000138434
v     0.1555958399  -0.001996671999    0.05000139356
v     0.1555958391  1.364023797e-21    0.05000139664
v     0.1555958399   0.001996671999    0.05000139356
v     0.1555958425   0.003993344451    0.05000138434
v     0.1555958468   0.005990017807    0.05000136903
v      0.155595853    0.00798669252    0.05000134767
v      0.155595861   0.009983369042    0.05000132029
v     0.1555958709    0.01198004783    0.05000128696
v     0.1555958828    0.01397672933    0.05000124768
v     0.1555958966    0.01597341405    0.05000120232
v     0.1555959126    0.01797010252    0.05000115067
v     0.1555959307    0.01996679526    0.05000109251
v      0.155595951     0.0219633715    0.05000102385
v     0.1555959736    0.02395964286    0.05000088042
v     0.1555959986    0.02595590655    0.05000063993
v      0.155596026    0.02795215959     0.0500003034
v      0.155596056    0.02994839893    0.04999987166
v     0.1555960886    0.03194462152    0.04999934554
v     0.1555961241    0.03394082429    0.04999872588
v     0.1555961624    0.03593700421    0.04999801351
v     0.1555962037    0.03793315822    0.04999720926
v     0.1555962481    0.03992877238    0.04999631273
v     0.1555962958    0.04149986117    0.04987100127
v     0.1555963469    0.04301834622    0.04950446034
v     0.1555964015    0.04445752077    0.04890796417
v     0.1555964599    0.04579016718    0.04809278582
v     0.1555965222    0.04698906778     0.0470701983
v     0.1555965884    0.04801254928    0.04587117815
v      0.155596659    0.04882857035    0.04453833067
v     0.1555967339    0.04942585407    0.04309887913
v     0.1555968136    0.04979312352    0.04158004678
v     0.1555968981     0.0499191006    0.04000854607
v     0.1555969876    0.04992059605    0.03801246108
v     0.1555970825    0.04992192866    0.03601578307
v     0.1555971829    0.04992309492    0.03401903172
v     0.1555972892    0.04992409005    0.03202221589
v     0.1555974015    0.04992490927    0.03002534274
v     0.1555975202    0.04992564177    0.02802782929
v     0.1555976456     0.0499263793    0.02603028456
v     0.1555977777    0.04992712188    0.02403270917
v     0.1555979169    0.04992786887    0.02203510203
v     0.1555980634    0.04992861871    0.02003746201
v     0.1555982179    0.04992936982    0.01803978798
v     0.1555983807    0.04993012059     0.0160420788
v     0.1555985522    0.04993086943    0.01404433335
v     0.1555987329    0.04993161474    0.01204655047
v     0.1555989232    0.04993235492    0.01004872905
v     0.1555991236    0.04993308839   0.008050867948
v     0.1555993344    0.04993381354   0.006052966025
v     0.1555995562    0.04993452878    0.00405502215
v     0.1555997894    0.04993523251   0.002057035189
v     0.1585079619    0.04979427251  0.0001884760332
v     0.1585087746    0.04979640834  -0.001805344919
v     0.1585096253    0.04979848652  -0.003799306043
v      0.158510513     0.0498004959  -0.005793404125
v      0.158511437    0.04980242529  -0.007787635956
v     0.1585123964    0.04980426354  -0.009781998324
v     0.1585133904    0.04980599948   -0.01177648802
v     0.1585144182    0.04980762193   -0.01377110182
v      0.158515479    0.04980911973   -0.01576583653
v     0.1585165719    0.04981048171   -0.01776068893
v     0.1585176962     0.0498116967    -0.0197556558
v      0.158518851    0.04981275354   -0.02175073395
v     0.1585200355    0.04981364105   -0.02374592015
v     0.1585212489     0.0498143482   -0.02574121086
v     0.1585224887    0.04981486695   -0.02773659507
v     0.1585237518     0.0498151915   -0.02973205105
v     0.1585250362    0.04981501774   -0.03172562089
v     0.1585263397    0.04981405135   -0.03371915266
v     0.1585276598    0.04981229955    -0.0357126085
v      0.158528994    0.04980976963   -0.03770594503
v     0.1585303397    0.04980646852   -0.03969861095
v     0.1585316941     0.0496788898   -0.04126933214
v     0.1585330541    0.04931098656   -0.04278757397
v     0.1585344168    0.04871396956   -0.04422676143
v      0.158535779    0.04789904982   -0.04555981161
v     0.1585371374    0.04687743897   -0.04675964145
v      0.158538489    0.04568216467   -0.04778284547
v     0.1585398304    0.04435363698   -0.04859977488
v     0.1585411576    0.04291891007   -0.04919921296
v      0.158542467    0.04140503811   -0.04956994302
v     0.1585437546    0.03983856779   -0.04970074718
v     0.1585450166    0.03785000561   -0.04970766477
v     0.1585462492    0.03586059764   -0.04971419441
v     0.1585474485    0.03387086792   -0.04972031991
v     0.1585486108    0.03188083301   -0.04972602389
v      0.158549732    0.02989050948   -0.04973128901
v     0.1585508085    0.02789991388   -0.04973609789
v     0.1585518364    0.02590906277   -0.04974043318
v     0.1585528118      0.023917973   -0.04974427761
v     0.1585537307    0.02192666786   -0.04974761639
v      0.158554589    0.01993421578   -0.04975051116
v     0.1585553826    0.01794123077   -0.04975315598
v      0.158556108    0.01594811242   -0.04975555352
v     0.1585567611    0.01395487323   -0.04975769482
v     0.1585573381    0.01196152566   -0.04975957094
v     0.1585578354   0.009968083278     -0.049761174
v     0.1585582497    0.00797456168   -0.04976249816
v     0.1585585776    0.00598097671   -0.04976353781
v     0.1585588159   0.003987344211   -0.04976428736
v     0.1585589613   0.001993680027    -0.0497647412
v     0.1585590105  5.174610277e-21   -0.04976489372
v     0.1585589613  -0.001993680027    -0.0497647412
v     0.1585588159  -0.003987344211   -0.04976428736
v     0.1585585776   -0.00598097671   -0.04976353781
v     0.1585582497   -0.00797456168   -0.04976249816
v     0.1585578354  -0.009968083278     -0.049761174
v     0.1585573381   -0.01196152566   -0.04975957094
v     0.1585567611   -0.01395487323   -0.04975769482
v      0.158556108   -0.01594811242   -0.04975555352
v     0.1585553826   -0.01794123077   -0.04975315598
v      0.158554589   -0.01993421578   -0.04975051116
v     0.1585537307   -0.02192666785   -0.04974761639
v     0.1585528119   -0.02391797235   -0.04974427742
v     0.1585518363   -0.02590906495   -0.04974043381
v      0.158550808   -0.02789992438   -0.04973610092
v     0.1585497309   -0.02989053168   -0.04973129538
v      0.158548609   -0.03188086798   -0.04972603387
v     0.1585474461   -0.03387091441   -0.04972033306
v     0.1585462464   -0.03586065211   -0.04971420962
v     0.1585450136   -0.03785006223   -0.04970768023
v     0.1585437517   -0.03983861978   -0.04970076088
v     0.1585424646    -0.0414050804   -0.04956995362
v     0.1585411559   -0.04291893959   -0.04919921996
v     0.1585398294   -0.04435365296   -0.04859977848
v     0.1585384887   -0.04568216949    -0.0477828465
v     0.1585371374   -0.04687743897   -0.04675964145
v     0.1585357791   -0.04789904872    -0.0455598119
v     0.1585344172   -0.04871396661   -0.04422676226
v     0.1585330546   -0.04931098251   -0.04278757514
v     0.1585316946   -0.04967888627   -0.04126933318
v       0.15853034   -0.04980646659   -0.03969861152
v     0.1585289941   -0.04980976933   -0.03770594512
v     0.1585276598       -0.0498123   -0.03571260837
v     0.1585263397   -0.04981405173   -0.03371915255
v     0.1585250362    -0.0498150178   -0.03172562087
v     0.1585237518    -0.0498151915   -0.02973205105
v     0.1585224887   -0.04981486695   -0.02773659507
v     0.1585212489    -0.0498143482   -0.02574121086
v     0.1585200355   -0.04981364105   -0.02374592015
v      0.158518851   -0.04981275354   -0.02175073395
v     0.1585176962    -0.0498116967    -0.0197556558
v     0.1585165719   -0.04981048171   -0.01776068893
v      0.158515479   -0.04980911973   -0.01576583653
v     0.1585144182   -0.04980762193   -0.01377110182
v     0.1585133904   -0.04980599948   -0.01177648802
v     0.1585123964   -0.04980426354  -0.009781998324
v      0.158511437   -0.04980242529  -0.007787635956
v      0.158510513    -0.0498004959  -0.005793404125
v     0.1585096253   -0.04979848652  -0.003799306043
v     0.1585087746   -0.04979640834  -0.001805344919
v     0.1585079619   -0.04979427251  0.0001884760332
v     0.1585071875   -0.04979208919   0.002182154736
v     0.1585064503   -0.04978986445   0.004175693642
v     0.1585057492   -0.04978760332   0.006169096337
v     0.1585050825   -0.04978531085   0.008162366406
v     0.1585044491   -0.04978299209    0.01015550744
v     0.1585038474   -0.04978065209    0.01214852301
v     0.1585032762   -0.04977829589    0.01414141672
v      0.158502734   -0.04977592854    0.01613419215
v     0.1585022194   -0.04977355508    0.01812685287
v     0.1585017311   -0.04977118057    0.02011940249
v     0.1585012677   -0.04976881003    0.02211184458
v     0.1585008278   -0.04976644853    0.02410418274
v     0.1585004101   -0.04976410097    0.02609642053
v     0.1585000138   -0.04976176937    0.02808856139
v     0.1584996386   -0.04975945368    0.03008060328
v     0.1584992835   -0.04975686079    0.03207060083
v     0.1584989476   -0.04975370584     0.0340604162
v     0.1584986301   -0.04975000395    0.03605002642
v     0.1584983302   -0.04974577023    0.03803940313
v      0.158498047   -0.04974101836    0.04002801042
v       0.15849778    -0.0496122467    0.04159459027
v     0.1584975282   -0.04924341287    0.04310862423
v     0.1584972912   -0.04864573154     0.0445435536
v     0.1584970682   -0.04783041582    0.04587231206
v     0.1584968586   -0.04680867868    0.04706783323
v     0.1584966616   -0.04561355369    0.04808673021
v     0.1584964768   -0.04428545193    0.04889937168
v     0.1584963036   -0.04285142112    0.04949455608
v     0.1584961418   -0.04133850897     0.0498610818
v     0.1584959907   -0.03977325571    0.04998774614
v     0.1584958501   -0.03778616137    0.04999060352
v     0.1584957196   -0.03579846556    0.04999316772
v     0.1584955987   -0.03381068587    0.04999543764
v      0.158495487    -0.0318228324    0.04999741106
v     0.1584953841   -0.02983491524    0.04999908575
v     0.1584952897   -0.02784694451    0.05000045947
v     0.1584952032   -0.02585893029    0.05000152998
v     0.1584951244   -0.02387088265      0.050002295
v     0.1584950529   -0.02188281082     0.0500027509
v     0.1584949887   -0.01989376487     0.0500029681
v     0.1584949315    -0.0179043466    0.05000315197
v     0.1584948811   -0.01591494184    0.05000331525
v     0.1584948372   -0.01392554892    0.05000345863
v     0.1584947997   -0.01193616619    0.05000358281
v     0.1584947684   -0.00994679205     0.0500036882
v      0.158494743  -0.007957425062    0.05000377473
v     0.1584947236  -0.005968063792    0.05000384227
v     0.1584947099  -0.003978706812    0.05000389068
v     0.1584947017  -0.001989352691    0.05000391982
v     0.1584946991  4.312175231e-21    0.05000392957
v     0.1584947017   0.001989352691    0.05000391982
v     0.1584947099   0.003978706812    0.05000389068
v     0.1584947236   0.005968063792    0.05000384227
v      0.158494743   0.007957425062    0.05000377473
v     0.1584947684    0.00994679205     0.0500036882
v     0.1584947997    0.01193616619    0.05000358281
v     0.1584948372    0.01392554892    0.05000345863
v     0.1584948811    0.01591494184    0.05000331525
v     0.1584949315     0.0179043466    0.05000315197
v     0.1584949887    0.01989376487     0.0500029681
v     0.1584950529    0.02188281083    0.05000275091
v     0.1584951244    0.02387088274    0.05000229512
v     0.1584952033    0.02585892997    0.05000152956
v       0.15849529    0.02784694297    0.05000045745
v     0.1584953848    0.02983491199    0.04999908149
v      0.158495488    0.03182282726    0.04999740437
v        0.1584956    0.03381067902    0.04999542876
v     0.1584957212     0.0357984575    0.04999315734
v     0.1584958518    0.03778615292    0.04999059279
v     0.1584959922    0.03977324785    0.04998773636
v      0.158496143    0.04133850248    0.04986107393
v     0.1584963045    0.04285141651    0.04949455064
v     0.1584964773    0.04428544939    0.04889936877
v     0.1584966618    0.04561355291    0.04808672934
v     0.1584968586    0.04680867868    0.04706783323
v     0.1584970681     0.0478304161    0.04587231217
v     0.1584972911    0.04864573231     0.0445435539
v     0.1584975281    0.04924341394    0.04310862464
v     0.1584977798    0.04961224764    0.04159459063
v     0.1584980469    0.04974101888    0.04002801061
v     0.1584983301    0.04974577031    0.03803940316
v     0.1584986301    0.04975000383    0.03605002638
v     0.1584989476    0.04975370574    0.03406041616
v     0.1584992835    0.04975686078    0.03207060083
v     0.1584996386    0.04975945368    0.03008060328
v     0.1585000138    0.04976176937    0.02808856139
v     0.1585004101    0.04976410097    0.02609642053
v     0.1585008278    0.04976644853    0.02410418274
v     0.1585012677    0.04976881003    0.02211184458
v     0.1585017311    0.04977118057    0.02011940249
v     0.1585022194    0.04977355508    0.01812685287
v      0.158502734    0.04977592854    0.01613419215
v     0.1585032762    0.04977829589    0.01414141672
v     0.1585038474    0.04978065209    0.01214852301
v     0.1585044491    0.04978299209    0.01015550744
v     0.1585050825    0.04978531085   0.008162366406
v     0.1585057492    0.04978760332   0.006169096337
v     0.1585064503    0.04978986445   0.004175693642
v     0.1585071875    0.04979208919   0.002182154736
v     0.1615281632    0.04953661133  0.0004222328062
v     0.1615299637    0.04954134283  -0.001563843655
v     0.1615318482    0.04954594663  -0.003550230637
v     0.1615338147    0.04955039799  -0.005536921026
v     0.1615358616    0.04955467218  -0.007523907706
v     0.1615379869    0.04955874445  -0.009511183564
v     0.1615401889    0.04956259007   -0.01149874148
v     0.1615424658    0.04956618428   -0.01348657435
v     0.1615448158    0.04956950236   -0.01547467505
v      0.161547237    0.04957251955   -0.01746303648
v     0.1615497276    0.04957521112    -0.0194516515
v     0.1615522858    0.04957755233   -0.02144051302
v     0.1615549099    0.04957951844   -0.02342961391
v     0.1615575978    0.04958108499   -0.02541894635
v     0.1615603445    0.04958223417   -0.02740848588
v     0.1615631427    0.04958295316   -0.02939818428
v      0.161565988    0.04958256083   -0.03138365555
v     0.1615688756    0.04958039807   -0.03336904009
v        0.1615718    0.04957648115   -0.03535425336
v     0.1615747557    0.04957082659   -0.03733919844
v     0.1615777369    0.04956345148   -0.03932327598
v     0.1615807371    0.04943231874   -0.04089012696
v     0.1615837499    0.04906276301   -0.04240480174
v     0.1615867687    0.04846587569   -0.04384098304
v     0.1615897864    0.04765275018   -0.04517185106
v     0.1615927957    0.04663448127   -0.04637058576
v     0.1615957899    0.04544588043   -0.04739234738
v     0.1615987614    0.04412507736   -0.04820989433
v     0.1616017017    0.04269882761   -0.04881212084
v     0.1616046024    0.04119388673   -0.04918792113
v     0.1616074548    0.03963650877   -0.04932618829
v     0.1616102505    0.03766158051   -0.04934157105
v     0.1616129811     0.0356853983   -0.04935608948
v      0.161615638     0.0337085006   -0.04936970613
v     0.1616182126    0.03173092438   -0.04938238244
v     0.1616206966     0.0297527066   -0.04939407982
v     0.1616230814    0.02777388421   -0.04940475972
v     0.1616253584    0.02579449417   -0.04941438354
v     0.1616275193    0.02381457407   -0.04942291295
v     0.1616295549    0.02183417579   -0.04943031503
v     0.1616314561    0.01985121199    -0.0494367281
v     0.1616332144     0.0178670579   -0.04944258718
v     0.1616348212    0.01588260846   -0.04944789846
v      0.161636268    0.01389789129   -0.04945264207
v     0.1616375464    0.01191293406   -0.04945679824
v     0.1616386481   0.009927766768   -0.04946034949
v     0.1616395657   0.007942423994   -0.04946328289
v     0.1616402922   0.005956940834   -0.04946558604
v     0.1616408201   0.003971352384   -0.04946724651
v     0.1616411421    0.00198569374    -0.0494682519
v     0.1616412511   1.14633111e-20   -0.04946858979
v     0.1616411421   -0.00198569374    -0.0494682519
v     0.1616408201  -0.003971352384   -0.04946724651
v     0.1616402922  -0.005956940834   -0.04946558604
v     0.1616395657  -0.007942423994   -0.04946328289
v     0.1616386481  -0.009927766768   -0.04946034949
v     0.1616375464   -0.01191293406   -0.04945679824
v      0.161636268   -0.01389789129   -0.04945264207
v     0.1616348212   -0.01588260846   -0.04944789846
v     0.1616332144    -0.0178670579   -0.04944258718
v     0.1616314561   -0.01985121199    -0.0494367281
v     0.1616295549   -0.02183417576   -0.04943031502
v     0.1616275194   -0.02381457263   -0.04942291253
v     0.1616253582     -0.025794499   -0.04941438493
v     0.1616230802   -0.02777390748   -0.04940476643
v     0.1616206941   -0.02975275578   -0.04939409395
v     0.1616182086   -0.03173100185   -0.04938240455
v     0.1616156326    -0.0337086036   -0.04936973527
v     0.1616129748   -0.03568551898   -0.04935612317
v     0.1616102438   -0.03766170594   -0.04934160531
v     0.1616074484   -0.03963662394   -0.04932621863
v      0.161604597   -0.04119398041   -0.04918794463
v     0.1616016978   -0.04269889301   -0.04881213633
v     0.1615987592   -0.04412511278    -0.0482099023
v     0.1615957892   -0.04544589111   -0.04739234966
v     0.1615927957   -0.04663448127   -0.04637058576
v     0.1615897867   -0.04765274775   -0.04517185172
v     0.1615867696   -0.04846586917   -0.04384098487
v     0.1615837512   -0.04906275404   -0.04240480434
v     0.1615807382   -0.04943231092   -0.04089012926
v     0.1615777375    -0.0495634472   -0.03932327724
v     0.1615747558   -0.04957082594   -0.03733919863
v     0.1615717999   -0.04957648215   -0.03535425306
v     0.1615688755    -0.0495803989   -0.03336903985
v      0.161565988   -0.04958256096   -0.03138365551
v     0.1615631427   -0.04958295316   -0.02939818428
v     0.1615603445   -0.04958223417   -0.02740848588
v     0.1615575978   -0.04958108499   -0.02541894635
v     0.1615549099   -0.04957951844   -0.02342961391
v     0.1615522858   -0.04957755233   -0.02144051302
v     0.1615497276   -0.04957521112    -0.0194516515
v      0.161547237   -0.04957251955   -0.01746303648
v     0.1615448158   -0.04956950236   -0.01547467505
v     0.1615424658   -0.04956618428   -0.01348657435
v     0.1615401889   -0.04956259007   -0.01149874148
v     0.1615379869   -0.04955874445  -0.009511183564
v     0.1615358616   -0.04955467218  -0.007523907706
v     0.1615338147   -0.04955039799  -0.005536921026
v     0.1615318482   -0.04954594663  -0.003550230637
v     0.1615299637   -0.04954134283  -0.001563843655
v     0.1615281632   -0.04953661133  0.0004222328062
v     0.1615264476   -0.04953177463   0.002407994142
v     0.1615248147   -0.04952684614   0.004393445786
v     0.1615232614   -0.04952183706   0.006378595682
v     0.1615217846   -0.04951675857   0.008363451773
v     0.1615203813   -0.04951162183      0.010348022
v     0.1615190485   -0.04950643803    0.01233231431
v      0.161517783   -0.04950121834    0.01431633665
v     0.1615165819   -0.04949597395    0.01630009696
v      0.161515442   -0.04949071603    0.01828360318
v     0.1615143602   -0.04948545575    0.02026686325
v     0.1615133337   -0.04948020431    0.02224988513
v     0.1615123592   -0.04947497288    0.02423267674
v     0.1615114337   -0.04946977234    0.02621524603
v     0.1615105557   -0.04946460715    0.02819760058
v     0.1615097245   -0.04945947719    0.03017973575
v     0.1615089379   -0.04945372579    0.03215729335
v     0.1615081938   -0.04944671469    0.03413444493
v     0.1615074905   -0.04943847775      0.036111139
v      0.161506826   -0.04942904876     0.0380873119
v     0.1615061988   -0.04941845978    0.04006239836
v     0.1615056072   -0.04928468431    0.04162007503
v     0.1615050496   -0.04891306705    0.04312542812
v     0.1615045244   -0.04831470803    0.04455217645
v     0.1615040304   -0.04750070532    0.04587353705
v      0.161503566   -0.04648215664    0.04706272675
v     0.1615031298   -0.04529388657    0.04807494697
v     0.1615027203   -0.04397402707    0.04888299487
v     0.1615023367   -0.04254931939    0.04947579818
v     0.1615019781   -0.04104650477    0.04984228464
v     0.1615016435   -0.03949182296    0.04997138084
v     0.1615013321    -0.0375201464    0.04997776904
v     0.1615010429   -0.03554775714     0.0499835028
v      0.161500775   -0.03357517935    0.04998857821
v     0.1615005276   -0.03160243566     0.0499929902
v     0.1615002998   -0.02962954872    0.04999673371
v     0.1615000905   -0.02765654119    0.04999980368
v      0.161499899    -0.0256834357    0.05000219505
v     0.1614997243   -0.02371025484    0.05000390263
v     0.1614995659   -0.02173701932    0.05000491829
v     0.1614994237    -0.0197616011    0.05000539975
v      0.161499297   -0.01778534843    0.05000580707
v     0.1614991853   -0.01580912568    0.05000616878
v     0.1614990881   -0.01383292917    0.05000648642
v      0.161499005   -0.01185675523     0.0500067615
v     0.1614989356  -0.009880600323    0.05000699498
v     0.1614988795  -0.007904461255    0.05000718668
v     0.1614988364  -0.005928334856    0.05000733629
v      0.161498806  -0.003952217958    0.05000744353
v      0.161498788  -0.001976107396    0.05000750809
v     0.1614987821  9.552759251e-21    0.05000752968
v      0.161498788   0.001976107396    0.05000750809
v      0.161498806   0.003952217958    0.05000744353
v     0.1614988364   0.005928334856    0.05000733629
v     0.1614988795   0.007904461255    0.05000718668
v     0.1614989356   0.009880600323    0.05000699498
v      0.161499005    0.01185675523     0.0500067615
v     0.1614990881    0.01383292917    0.05000648642
v     0.1614991853    0.01580912568    0.05000616878
v      0.161499297    0.01778534843    0.05000580707
v     0.1614994237     0.0197616011    0.05000539975
v     0.1614995659    0.02173701933     0.0500049183
v     0.1614997242    0.02371025505     0.0500039029
v     0.1614998991      0.025683435    0.05000219412
v     0.1615000912    0.02765653778    0.04999979921
v     0.1615003012    0.02962954152    0.04999672428
v     0.1615005299    0.03160242429    0.04999297537
v      0.161500778    0.03357516418    0.04998855853
v     0.1615010464    0.03554773929    0.04998347981
v     0.1615013357    0.03752012769    0.04997774526
v     0.1615016468    0.03949180556    0.04997135918
v     0.1615019808    0.04104649039     0.0498422672
v     0.1615023386    0.04254930917    0.04947578614
v     0.1615027214    0.04397402145    0.04888298842
v     0.1615031301    0.04529388485    0.04807494504
v      0.161503566    0.04648215664    0.04706272675
v     0.1615040303    0.04750070596     0.0458735373
v     0.1615045242    0.04831470975    0.04455217712
v     0.1615050492    0.04891306943    0.04312542903
v     0.1615056069    0.04928468639    0.04162007581
v     0.1615061987    0.04941846092    0.04006239879
v      0.161506826    0.04942904893    0.03808731196
v     0.1615074905    0.04943847749     0.0361111389
v     0.1615081938    0.04944671447    0.03413444484
v     0.1615089379    0.04945372575    0.03215729333
v     0.1615097245    0.04945947719    0.03017973575
v     0.1615105557    0.04946460715    0.02819760058
v     0.1615114337    0.04946977234    0.02621524603
v     0.1615123592    0.04947497288    0.02423267674
v     0.1615133337    0.04948020431    0.02224988513
v     0.1615143602    0.04948545575    0.02026686325
v      0.161515442    0.04949071603    0.01828360318
v     0.1615165819    0.04949597395    0.01630009696
v      0.161517783    0.04950121834    0.01431633665
v     0.1615190485    0.04950643803    0.01233231431
v     0.1615203813    0.04951162183      0.010348022
v     0.1615217846    0.04951675857   0.008363451773
v     0.1615232614    0.04952183706   0.006378595682
v     0.1615248147    0.04952684614   0.004393445786
v     0.1615264476    0.04953177463   0.002407994142
v     0.1646796222    0.04914095727  0.0007782352905
v     0.1646829008    0.04914957291  -0.001195941856
v     0.1646863322    0.04915795603  -0.003170684434
v     0.1646899132    0.04916606158  -0.005145979489
v     0.1646936403    0.04917384451  -0.007121814065
v     0.1646975104    0.04918125977  -0.009098175208
v       0.16470152     0.0491882623   -0.01107504996
v     0.1647056661    0.04919480705   -0.01305242538
v     0.1647099451    0.04920084898   -0.01503028849
v     0.1647143539    0.04920634303   -0.01700862635
v     0.1647188891    0.04921124415   -0.01898742601
v     0.1647235475    0.04921550729    -0.0209666745
v     0.1647283256    0.04921908739   -0.02294635887
v     0.1647332201    0.04922193994   -0.02492646486
v     0.1647382216     0.0492240325   -0.02690694796
v     0.1647433168    0.04922534172   -0.02888772008
v      0.164748498    0.04922461259   -0.03086069761
v     0.1647537561    0.04922063061   -0.03283351243
v     0.1647590811    0.04921342609   -0.03480600925
v     0.1647644632    0.04920302975   -0.03677800999
v     0.1647698916    0.04918947435    -0.0387488425
v     0.1647753547    0.04905296069   -0.04030963365
v     0.1647808408    0.04868092754   -0.04181871034
v     0.1647863378    0.04808428464   -0.04325014818
v     0.1647918327    0.04727394633   -0.04457752855
v     0.1647973125    0.04626082942   -0.04577443237
v     0.1648027646    0.04508246231   -0.04679383597
v     0.1648081755    0.04377350177   -0.04761216436
v     0.1648135295    0.04236024838   -0.04821848109
v     0.1648188113    0.04086900274   -0.04860184975
v     0.1648240054    0.03932557307    -0.0487513328
v     0.1648290962    0.03737151691    -0.0487794616
v     0.1648340683    0.03541559225   -0.04880600481
v     0.1648389062    0.03345835932   -0.04883089307
v     0.1648435944    0.03149988598   -0.04885405591
v     0.1648481175    0.02954024006   -0.04887542287
v       0.16485246    0.02757948942   -0.04889492349
v     0.1648566064    0.02561770192   -0.04891248728
v     0.1648605411    0.02365494652   -0.04892804422
v     0.1648642478    0.02169131826   -0.04894153413
v     0.1648677097    0.01972296908   -0.04895321237
v     0.1648709113     0.0177524332   -0.04896388125
v     0.1648738372    0.01578135951   -0.04897355261
v     0.1648764718     0.0138097983   -0.04898219033
v     0.1648787995    0.01183779996   -0.04898975835
v     0.1648808056   0.009865419121   -0.04899622487
v     0.1648824766   0.007892718745   -0.04900156635
v     0.1648837994   0.005919762736   -0.04900576017
v     0.1648847606   0.003946615004   -0.04900878375
v     0.1648853471   0.001973339456   -0.04901061447
v     0.1648855455   2.08736975e-20   -0.04901122974
v     0.1648853471  -0.001973339456   -0.04901061447
v     0.1648847606  -0.003946615004   -0.04900878375
v     0.1648837994  -0.005919762736   -0.04900576017
v     0.1648824766  -0.007892718745   -0.04900156635
v     0.1648808056  -0.009865419121   -0.04899622487
v     0.1648787995   -0.01183779996   -0.04898975835
v     0.1648764718    -0.0138097983   -0.04898219033
v     0.1648738372   -0.01578135951   -0.04897355261
v     0.1648709113    -0.0177524332   -0.04896388125
v     0.1648677097   -0.01972296908   -0.04895321237
v     0.1648642478    -0.0216913182   -0.04894153411
v     0.1648605412   -0.02365494389   -0.04892804346
v     0.1648566059    -0.0256177107   -0.04891248983
v     0.1648524579    -0.0275795318   -0.04889493571
v      0.164848113   -0.02954032962    -0.0488754486
v     0.1648435872   -0.03150002703   -0.04885409617
v     0.1648388965   -0.03345854687   -0.04883094613
v     0.1648340568   -0.03541581199   -0.04880606616
v      0.164829084    -0.0373717453   -0.04877952398
v     0.1648239938   -0.03932578278   -0.04875138806
v     0.1648188015   -0.04086917332   -0.04860189255
v     0.1648135224   -0.04236036746    -0.0482185093
v     0.1648081715   -0.04377356625   -0.04761217887
v     0.1648027634   -0.04508248176   -0.04679384013
v     0.1647973125   -0.04626082942   -0.04577443237
v     0.1647918333   -0.04727394191   -0.04457752974
v     0.1647863394   -0.04808427276   -0.04325015151
v     0.1647808431   -0.04868091121   -0.04181871508
v     0.1647753567   -0.04905294644   -0.04030963784
v     0.1647698927   -0.04918946656    -0.0387488448
v     0.1647644634   -0.04920302857   -0.03677801034
v     0.1647590809   -0.04921342791   -0.03480600871
v     0.1647537558   -0.04922063212   -0.03283351199
v     0.1647484979   -0.04922461282   -0.03086069754
v     0.1647433168   -0.04922534172   -0.02888772008
v     0.1647382216    -0.0492240325   -0.02690694796
v     0.1647332201   -0.04922193994   -0.02492646486
v     0.1647283256   -0.04921908739   -0.02294635887
v     0.1647235475   -0.04921550729    -0.0209666745
v     0.1647188891   -0.04921124415   -0.01898742601
v     0.1647143539   -0.04920634303   -0.01700862635
v     0.1647099451   -0.04920084898   -0.01503028849
v     0.1647056661   -0.04919480705   -0.01305242538
v       0.16470152    -0.0491882623   -0.01107504996
v     0.1646975104   -0.04918125977  -0.009098175208
v     0.1646936403   -0.04917384451  -0.007121814065
v     0.1646899132   -0.04916606158  -0.005145979489
v     0.1646863322   -0.04915795603  -0.003170684434
v     0.1646829008   -0.04914957291  -0.001195941856
v     0.1646796222   -0.04914095727  0.0007782352905
v     0.1646764983   -0.04913215004   0.002751838621
v     0.1646735249    -0.0491231757   0.004724878029
v     0.1646706964    -0.0491140546    0.00669736798
v     0.1646680073    -0.0491048071   0.008669322938
v     0.1646654521   -0.04909545354    0.01064075737
v     0.1646630251   -0.04908601428    0.01261168573
v     0.1646607208   -0.04907650969     0.0145821225
v     0.1646585336    -0.0490669601    0.01655208212
v      0.164656458   -0.04905738588    0.01852157908
v     0.1646544882   -0.04904780739    0.02049062783
v     0.1646526189   -0.04903824496    0.02245924284
v     0.1646508444   -0.04902871897    0.02442743857
v     0.1646491593   -0.04901924925    0.02639522946
v     0.1646475606   -0.04900984387    0.02836262932
v      0.164646047   -0.04900050267    0.03032962944
v     0.1646446146   -0.04899001512    0.03228819687
v     0.1646432597   -0.04897720473    0.03424602018
v      0.164641979   -0.04896213384    0.03620300427
v     0.1646407691   -0.04894486459    0.03815903163
v      0.164639627   -0.04892545702    0.04011349217
v     0.1646385497   -0.04878413116     0.0416575777
v     0.1646375343   -0.04840834414     0.0431496804
v     0.1646365781   -0.04780902142    0.04456394163
v     0.1646356784    -0.0469970858    0.04587400978
v     0.1646348329   -0.04598345946    0.04705353299
v     0.1646340385   -0.04480569464    0.04805556254
v     0.1646332929   -0.04349845226    0.04885659397
v     0.1646325944   -0.04208800685    0.04944575188
v     0.1646319414   -0.04060063295    0.04981216085
v     0.1646313321   -0.03906211271    0.04994494438
v     0.1646307651   -0.03711397763    0.04995669486
v     0.1646302385   -0.03516495962    0.04996724195
v     0.1646297508   -0.03321559285    0.04997657734
v     0.1646293002   -0.03126591912    0.04998469158
v     0.1646288853   -0.02931598022    0.04999157523
v     0.1646285043   -0.02736581794    0.04999721883
v     0.1646281555   -0.02541547405    0.05000161296
v     0.1646278374   -0.02346499022    0.05000474793
v     0.1646275491   -0.02151440474    0.05000660872
v     0.1646272901    -0.0195597954      0.050007486
v     0.1646270593   -0.01760364732    0.05000822769
v     0.1646268559   -0.01564755371    0.05000888633
v      0.164626679    -0.0136915079    0.05000946473
v     0.1646265277   -0.01173550317    0.05000996564
v     0.1646264013  -0.009779533107    0.05001039078
v     0.1646262991  -0.007823591882    0.05001073984
v     0.1646262207  -0.005867673726    0.05001101228
v     0.1646261654  -0.003911772872    0.05001120755
v     0.1646261326  -0.001955883552    0.05001132511
v     0.1646261218  1.739474792e-20    0.05001136442
v     0.1646261326   0.001955883552    0.05001132511
v     0.1646261654   0.003911772872    0.05001120755
v     0.1646262207   0.005867673726    0.05001101228
v     0.1646262991   0.007823591882    0.05001073984
v     0.1646264013   0.009779533107    0.05001039078
v     0.1646265277    0.01173550317    0.05000996564
v      0.164626679     0.0136915079    0.05000946473
v     0.1646268559    0.01564755371    0.05000888633
v     0.1646270593    0.01760364732    0.05000822769
v     0.1646272901     0.0195597954      0.050007486
v     0.1646275491    0.02151440475    0.05000660873
v     0.1646278374     0.0234649906    0.05000474843
v     0.1646281558    0.02541547277    0.05000161127
v     0.1646285055    0.02736581174     0.0499972107
v     0.1646288879    0.02931596711    0.04999155805
v     0.1646293043    0.03126589843    0.04998466458
v     0.1646297562    0.03321556524    0.04997654151
v     0.1646302448     0.0351649271    0.04996720009
v     0.1646307717    0.03711394356    0.04995665156
v     0.1646313382    0.03906208104    0.04994490493
v     0.1646319464    0.04060060676    0.04981212909
v     0.1646325979    0.04208798824    0.04944572996
v     0.1646332948    0.04349844203    0.04885658222
v     0.1646340391    0.04480569151    0.04805555903
v     0.1646348329    0.04598345946    0.04705353299
v     0.1646356783    0.04699708695    0.04587401025
v     0.1646365776    0.04780902455    0.04456394285
v     0.1646375337    0.04840834848    0.04314968205
v     0.1646385491    0.04878413495    0.04165757913
v     0.1646396267    0.04892545909    0.04011349295
v     0.1646407691    0.04894486491    0.03815903175
v      0.164641979    0.04896213336    0.03620300409
v     0.1646432597    0.04897720433    0.03424602003
v     0.1646446146    0.04899001506    0.03228819685
v      0.164646047    0.04900050267    0.03032962944
v     0.1646475606    0.04900984387    0.02836262932
v     0.1646491593    0.04901924925    0.02639522946
v     0.1646508444    0.04902871897    0.02442743857
v     0.1646526189    0.04903824496    0.02245924284
v     0.1646544882    0.04904780739    0.02049062783
v      0.164656458    0.04905738588    0.01852157908
v     0.1646585336     0.0490669601    0.01655208212
v     0.1646607208    0.04907650969     0.0145821225
v     0.1646630251    0.04908601428    0.01261168573
v     0.1646654521    0.04909545354    0.01064075737
v     0.1646680073     0.0491048071   0.008669322938
v     0.1646706964     0.0491140546    0.00669736798
v     0.1646735249     0.0491231757   0.004724878029
v     0.1646764983    0.04913215004   0.002751838621
v     0.1679732428    0.04859271284   0.001267072849
v     0.1679785109    0.04860655655 -0.0006906049267
v     0.1679840245    0.04862002665  -0.002649191244
v     0.1679897784    0.04863305074  -0.004608665288
v     0.1679957672    0.04864555645  -0.006569006241
v     0.1680019856    0.04865747137  -0.008530193288
v     0.1680084285    0.04866872311   -0.01049220561
v     0.1680150903     0.0486792393    -0.0124550224
v     0.1680219659    0.04868894754   -0.01441862283
v       0.16802905    0.04869777545   -0.01638298609
v     0.1680363373    0.04870565062   -0.01834809137
v     0.1680438223    0.04871250069   -0.02031391784
v        0.1680515    0.04871825325    -0.0222804447
v     0.1680593645    0.04872283676   -0.02424764901
v      0.168067401     0.0487261991   -0.02621545926
v      0.168075588    0.04872830277   -0.02818373344
v     0.1680839131    0.04872710513   -0.03013931107
v     0.1680923619    0.04872062944   -0.03209461879
v     0.1681009183    0.04870892555   -0.03404940471
v     0.1681095662    0.04869204402   -0.03600337985
v     0.1681182887    0.04867003936   -0.03795577269
v     0.1681270669    0.04852618543    -0.0395079898
v      0.168135882    0.04815081047   -0.04100912652
v     0.1681447146     0.0475545749   -0.04243379857
v     0.1681535439    0.04674814725   -0.04375613886
v     0.1681623488    0.04574220004   -0.04495027951
v     0.1681711094    0.04457799256   -0.04596619884
v     0.1681798037    0.04328541287   -0.04678535717
v     0.1681884066    0.04189013656   -0.04739705127
v     0.1681968935    0.04041783924   -0.04779057788
v     0.1682052393    0.03889371664   -0.04795523265
v     0.1682134193     0.0369684859   -0.04800064017
v     0.1682214085    0.03504055355   -0.04804347825
v     0.1682291822    0.03311050946   -0.04808363433
v     0.1682367153    0.03117846361    -0.0481209948
v      0.168243983      0.029244526   -0.04815544601
v     0.1682509606    0.02730880661   -0.04818687434
v      0.168257623    0.02537141545   -0.04821516616
v     0.1682639453    0.02343246432   -0.04824020854
v     0.1682699013    0.02149210688   -0.04826190436
v      0.168275464    0.01954407658   -0.04828067014
v     0.1682806084    0.01759249857   -0.04829781301
v     0.1682853097    0.01564005639   -0.04831335308
v     0.1682895429    0.01368683087   -0.04832723227
v     0.1682932832    0.01173290294   -0.04833939265
v     0.1682965066   0.009778360426   -0.04834978313
v     0.1682991916   0.007823304468   -0.04835836588
v     0.1683013171   0.005867837759   -0.04836510458
v     0.1683028616   0.003912062986   -0.04836996289
v     0.1683038039   0.001956082837   -0.04837290452
v     0.1683041227  3.354010514e-20   -0.04837389313
v     0.1683038039  -0.001956082837   -0.04837290452
v     0.1683028616  -0.003912062986   -0.04836996289
v     0.1683013171  -0.005867837759   -0.04836510458
v     0.1682991916  -0.007823304468   -0.04835836588
v     0.1682965066  -0.009778360426   -0.04834978313
v     0.1682932832   -0.01173290294   -0.04833939265
v     0.1682895429   -0.01368683087   -0.04832723227
v     0.1682853097   -0.01564005639   -0.04831335308
v     0.1682806084   -0.01759249857   -0.04829781301
v      0.168275464   -0.01954407658   -0.04828067014
v     0.1682699013   -0.02149210678   -0.04826190433
v     0.1682639456   -0.02343246009   -0.04824020731
v     0.1682576223   -0.02537142957   -0.04821517025
v     0.1682509571    -0.0273088747   -0.04818689399
v     0.1682439757   -0.02924466991   -0.04815548734
v     0.1682367036   -0.03117869026   -0.04812105949
v     0.1682291666   -0.03311081081   -0.04808371959
v       0.16822139   -0.03504090663   -0.04804357683
v     0.1682133997   -0.03696885287    -0.0480007404
v     0.1682052207   -0.03889405361   -0.04795532143
v     0.1681968777   -0.04041811333   -0.04779064663
v     0.1681883952   -0.04189032791   -0.04739709659
v     0.1681797972   -0.04328551649   -0.04678538049
v     0.1681711074   -0.04457802381   -0.04596620552
v     0.1681623488   -0.04574220004   -0.04495027951
v     0.1681535449   -0.04674814014   -0.04375614077
v     0.1681447172   -0.04755455581   -0.04243380393
v     0.1681358857   -0.04815078422   -0.04100913413
v     0.1681270701   -0.04852616254   -0.03950799653
v     0.1681182904   -0.04867002684   -0.03795577639
v     0.1681095665   -0.04869204213   -0.03600338041
v     0.1681009179   -0.04870892848   -0.03404940384
v     0.1680923616   -0.04872063186   -0.03209461807
v     0.1680839131   -0.04872710551   -0.03013931096
v      0.168075588   -0.04872830277   -0.02818373344
v      0.168067401    -0.0487261991   -0.02621545926
v     0.1680593645   -0.04872283676   -0.02424764901
v        0.1680515   -0.04871825325    -0.0222804447
v     0.1680438223   -0.04871250069   -0.02031391784
v     0.1680363373   -0.04870565062   -0.01834809137
v       0.16802905   -0.04869777545   -0.01638298609
v     0.1680219659   -0.04868894754   -0.01441862283
v     0.1680150903    -0.0486792393    -0.0124550224
v     0.1680084285   -0.04866872311   -0.01049220561
v     0.1680019856   -0.04865747137  -0.008530193288
v     0.1679957672   -0.04864555645  -0.006569006241
v     0.1679897784   -0.04863305074  -0.004608665288
v     0.1679840245   -0.04862002665  -0.002649191244
v     0.1679785109   -0.04860655655 -0.0006906049267
v     0.1679732428   -0.04859271284   0.001267072849
v     0.1679682232   -0.04857856128    0.00322382861
v     0.1679634454    -0.0485641412   0.005179678254
v     0.1679589007   -0.04854948531   0.007134645024
v     0.1679545798   -0.04853462631    0.00908875216
v     0.1679504741    -0.0485195969     0.0110420229
v     0.1679465744   -0.04850442979     0.0129944805
v     0.1679428718    -0.0484891577    0.01494614818
v     0.1679393573   -0.04847381331     0.0168970492
v     0.1679360221   -0.04845842934    0.01884720679
v     0.1679328572    -0.0484430385     0.0207966442
v     0.1679298536   -0.04842767348    0.02274538466
v     0.1679270023     -0.048412367    0.02469345142
v     0.1679242946   -0.04839715094    0.02664086768
v     0.1679217257   -0.04838203827    0.02858765565
v     0.1679192938   -0.04836702872    0.03053380081
v     0.1679169921   -0.04835015114    0.03246622412
v      0.167914815   -0.04832948985    0.03439744329
v     0.1679127571   -0.04830514619    0.03632730318
v     0.1679108131   -0.04827722119    0.03825561211
v     0.1679089779   -0.04824581317    0.04018169827
v     0.1679072469   -0.04809422696    0.04170707258
v     0.1679056154   -0.04771282023     0.0431809353
v     0.1679040789   -0.04711227869    0.04457800777
v     0.1679026333   -0.04630328446    0.04587253058
v     0.1679012747    -0.0452965187    0.04703874386
v     0.1678999984   -0.04413327898    0.04802674636
v     0.1678988003   -0.04284346005    0.04881811175
v      0.167897678   -0.04145269564    0.04940223483
v     0.1678966286   -0.03998661947    0.04976851041
v     0.1678956497   -0.03847038541     0.0499063322
v     0.1678947385   -0.03655466871    0.04992542283
v     0.1678938924   -0.03463783405    0.04994255817
v     0.1678931087    -0.0327204294    0.04995772372
v     0.1678923848   -0.03080252289     0.0499709039
v     0.1678917181   -0.02888418263    0.04998208315
v     0.1678911059   -0.02696547673    0.04999124588
v     0.1678905455   -0.02504647332    0.04999837652
v     0.1678900343   -0.02312724028    0.05000345911
v      0.167889571   -0.02120784014    0.05000646913
v     0.1678891549   -0.01928188718    0.05000787981
v     0.1678887841   -0.01735342765    0.05000907157
v     0.1678884573   -0.01542505565    0.05001012988
v      0.167888173   -0.01349676044    0.05001105926
v     0.1678879299   -0.01156853124    0.05001186413
v     0.1678877267  -0.009640357756    0.05001254725
v     0.1678875626  -0.007712230604    0.05001310812
v     0.1678874365  -0.005784140518    0.05001354588
v     0.1678873476  -0.003856078234    0.05001385965
v      0.167887295  -0.001928034484    0.05001404854
v     0.1678872776  2.795008762e-20     0.0500141117
v      0.167887295   0.001928034484    0.05001404854
v     0.1678873476   0.003856078234    0.05001385965
v     0.1678874365   0.005784140518    0.05001354588
v     0.1678875626   0.007712230603    0.05001310812
v     0.1678877267   0.009640357756    0.05001254725
v     0.1678879299    0.01156853124    0.05001186413
v      0.167888173    0.01349676044    0.05001105926
v     0.1678884573    0.01542505565    0.05001012988
v     0.1678887841    0.01735342765    0.05000907157
v     0.1678891549    0.01928188718    0.05000787981
v      0.167889571    0.02120784015    0.05000646915
v     0.1678900342     0.0231272409    0.05000345992
v     0.1678905459    0.02504647126     0.0499983738
v     0.1678911078    0.02696546678    0.04999123281
v     0.1678917222    0.02888416156    0.04998205556
v     0.1678923914    0.03080248963    0.04997086051
v     0.1678931174    0.03272038504    0.04995766614
v     0.1678939026    0.03463778181     0.0499424909
v     0.1678947491    0.03655461398    0.04992535326
v     0.1678956595    0.03847033451    0.04990626881
v     0.1678966366    0.03998657739    0.04976845937
v     0.1678976836    0.04145266573    0.04940219961
v     0.1678988034    0.04284344361    0.04881809286
v     0.1678999993    0.04413327395    0.04802674072
v     0.1679012747     0.0452965187    0.04703874386
v     0.1679026331    0.04630328632    0.04587253132
v     0.1679040782    0.04711228371    0.04457800973
v     0.1679056144    0.04771282719    0.04318093795
v      0.167907246    0.04809423305    0.04170707488
v     0.1679089775     0.0482458165    0.04018169953
v     0.1679108131    0.04827722169     0.0382556123
v     0.1679127572    0.04830514541    0.03632730289
v     0.1679148151     0.0483294892    0.03439744305
v     0.1679169921    0.04835015104    0.03246622408
v     0.1679192938    0.04836702872    0.03053380081
v     0.1679217257    0.04838203827    0.02858765565
v     0.1679242946    0.04839715094    0.02664086768
v     0.1679270023      0.048412367    0.02469345142
v     0.1679298536    0.04842767348    0.02274538466
v     0.1679328572     0.0484430385     0.0207966442
v     0.1679360221    0.04845842934    0.01884720679
v     0.1679393573    0.04847381331     0.0168970492
v     0.1679428718     0.0484891577    0.01494614818
v     0.1679465744    0.04850442979     0.0129944805
v     0.1679504741     0.0485195969     0.0110420229
v     0.1679545798    0.04853462631    0.00908875216
v     0.1679589007    0.04854948531   0.007134645024
v     0.1679634454     0.0485641412   0.005179678254
v     0.1679682232    0.04857856128    0.00322382861
v     0.1714126259    0.04788400644   0.001892665301
v     0.1714203827    0.04790439025 -4.366858827e-05
v     0.1714285011    0.04792422394  -0.001981340236
v     0.1714369732    0.04794340092  -0.003920318992
v     0.1714457913    0.04796181461  -0.005860574207
v     0.1714549475    0.04797935842   -0.00780207523
v     0.1714644341    0.04799592576  -0.009744791411
v     0.1714742432    0.04801141004    -0.0116886921
v      0.171484367    0.04802570469   -0.01363374665
v     0.1714947978     0.0480387031   -0.01557992441
v     0.1715055276    0.04805029869   -0.01752719472
v     0.1715165489    0.04806038489   -0.01947552694
v     0.1715278536    0.04806885509   -0.02142489043
v     0.1715394335    0.04807560396   -0.02337525141
v     0.1715512666    0.04808055476   -0.02532650459
v     0.1715633214    0.04808365224    -0.0272784401
v     0.1715755795    0.04808184641   -0.02921140093
v     0.1715880197    0.04807218554   -0.03114395054
v     0.1716006183    0.04805474491   -0.03307571422
v     0.1716133517     0.0480296009   -0.03500626186
v     0.1716261948    0.04799683621   -0.03693469559
v     0.1716391201    0.04784365777   -0.03847557834
v     0.1716520996    0.04746409183   -0.03996619223
v     0.1716651049    0.04686848001   -0.04138184506
v     0.1716781055    0.04606717635   -0.04269737648
v     0.1716910701    0.04507054081     -0.043887625
v     0.1717039694    0.04392460767   -0.04489873317
v     0.1717167709    0.04265316226   -0.04571860633
v     0.1717294382    0.04128107996   -0.04633684055
v     0.1717419344    0.03983323612   -0.04674303188
v      0.171754223     0.0383340423   -0.04692677532
v     0.1717662674    0.03644593725   -0.04699397638
v      0.171778031    0.03455407981   -0.04705735824
v      0.171789477    0.03265909736   -0.04711675397
v      0.171800569    0.03076115342   -0.04717199562
v     0.1718112702    0.02886041154   -0.04722291522
v     0.1718215441    0.02695703525   -0.04726934479
v      0.171831354    0.02505118807   -0.04731111639
v     0.1718406632    0.02314303624   -0.04734806305
v     0.1718494329    0.02123280757   -0.04738004115
v     0.1718576235     0.0193111393   -0.04740767403
v     0.1718651982     0.0173841918    -0.0474329156
v     0.1718721205    0.01545597189   -0.04745579717
v     0.1718783536    0.01352659856    -0.0474762332
v     0.1718838609    0.01159619101   -0.04749413843
v     0.1718886071   0.009664878509   -0.04750943763
v     0.1718925606   0.007732810008   -0.04752207507
v     0.1718956902   0.005800136707   -0.04753199728
v     0.1718979643   0.003867009805   -0.04753915078
v     0.1718993518   0.001933580503    -0.0475434821
v     0.1718998212  4.938523936e-20   -0.04754493776
v     0.1718993518  -0.001933580503    -0.0475434821
v     0.1718979643  -0.003867009805   -0.04753915078
v     0.1718956902  -0.005800136707   -0.04753199728
v     0.1718925606  -0.007732810008   -0.04752207507
v     0.1718886071  -0.009664878509   -0.04750943763
v     0.1718838609   -0.01159619101   -0.04749413843
v     0.1718783536   -0.01352659856    -0.0474762332
v     0.1718721205   -0.01545597189   -0.04745579717
v     0.1718651982    -0.0173841918    -0.0474329156
v     0.1718576235    -0.0193111393   -0.04740767403
v     0.1718494329   -0.02123280742    -0.0473800411
v     0.1718406635   -0.02314303001   -0.04734806124
v     0.1718313529   -0.02505120887    -0.0473111224
v      0.171821539   -0.02695713551   -0.04726937372
v     0.1718112594   -0.02886062344   -0.04722297607
v     0.1718005518   -0.03076148714   -0.04717209087
v      0.171789454   -0.03265954107   -0.04711687951
v     0.1717780037    -0.0345545997    -0.0470575034
v     0.1717662385    -0.0364464776   -0.04699412396
v     0.1717541956   -0.03833453846   -0.04692690605
v     0.1717419112    -0.0398336397   -0.04674313312
v     0.1717294213    -0.0412813617   -0.04633690728
v     0.1717167615   -0.04265331483   -0.04571864066
v     0.1717039664   -0.04392465368     -0.044898743
v     0.1716910701   -0.04507054081     -0.043887625
v     0.1716781069   -0.04606716588    -0.0426973793
v     0.1716651088   -0.04686845191   -0.04138185294
v     0.1716521051   -0.04746405319   -0.03996620343
v     0.1716391248   -0.04784362407   -0.03847558825
v     0.1716261974   -0.04799681779   -0.03693470104
v     0.1716133521   -0.04802959811   -0.03500626269
v     0.1716006177   -0.04805474922   -0.03307571294
v     0.1715880192    -0.0480721891   -0.03114394949
v     0.1715755794   -0.04808184697   -0.02921140077
v     0.1715633214   -0.04808365224    -0.0272784401
v     0.1715512666   -0.04808055476   -0.02532650459
v     0.1715394335   -0.04807560396   -0.02337525141
v     0.1715278536   -0.04806885509   -0.02142489043
v     0.1715165489   -0.04806038489   -0.01947552694
v     0.1715055276   -0.04805029869   -0.01752719472
v     0.1714947978    -0.0480387031   -0.01557992441
v      0.171484367   -0.04802570469   -0.01363374665
v     0.1714742432   -0.04801141004    -0.0116886921
v     0.1714644341   -0.04799592576  -0.009744791411
v     0.1714549475   -0.04797935842   -0.00780207523
v     0.1714457913   -0.04796181461  -0.005860574207
v     0.1714369732   -0.04794340092  -0.003920318992
v     0.1714285011   -0.04792422394  -0.001981340236
v     0.1714203827   -0.04790439025 -4.366858827e-05
v     0.1714126259   -0.04788400644   0.001892665301
v     0.1714052349   -0.04786316935   0.003827641594
v        0.1713982   -0.04784193689     0.0057612837
v     0.1713915082   -0.04782035721    0.00769362584
v     0.1713851461   -0.04779847847   0.009624702236
v     0.1713791007   -0.04777634882    0.01155454711
v     0.1713733586   -0.04775401641    0.01348319468
v     0.1713679069   -0.04773152942    0.01541067917
v     0.1713627322   -0.04770893598     0.0173370348
v     0.1713578213   -0.04768628426    0.01926229579
v     0.1713531612   -0.04766362242    0.02118649637
v     0.1713487386   -0.04764099861    0.02310967075
v     0.1713445403   -0.04761846099    0.02503185316
v     0.1713405534   -0.04759605651    0.02695307775
v      0.171336771   -0.04757380426    0.02887337722
v     0.1713331901   -0.04755170384    0.03079272945
v     0.1713298011   -0.04752681049    0.03269159731
v     0.1713265955    -0.0474962624    0.03458867838
v     0.1713235654   -0.04746021068    0.03648374038
v      0.171320703     -0.047418806     0.0383764965
v     0.1713180008    -0.0473721956    0.04026619565
v      0.171315452   -0.04720763196    0.04176755443
v     0.1713130497   -0.04681918471    0.04321800943
v     0.1713107873   -0.04621723267    0.04459302399
v     0.1713086589   -0.04541214992     0.0458675963
v     0.1713066584   -0.04441430912    0.04701672391
v     0.1713047791   -0.04326980093    0.04798672668
v      0.171303015   -0.04200242054    0.04876567685
v     0.1713013624   -0.04063698166    0.04934331486
v     0.1712998174     -0.039198298    0.04970938113
v      0.171298376   -0.03771071944    0.04985361506
v     0.1712970343    -0.0358366231    0.04988206652
v     0.1712957884   -0.03396110616    0.04990760306
v     0.1712946346   -0.03208473432    0.04993020214
v     0.1712935687   -0.03020760947    0.04994984018
v      0.171292587   -0.02832983349    0.04996649358
v     0.1712916855   -0.02645150825    0.04998013876
v     0.1712908604   -0.02457273564    0.04999075213
v     0.1712901078   -0.02269361719    0.04999830955
v     0.1712894256   -0.02081424653    0.05000277423
v     0.1712888129   -0.01892508546    0.05000485305
v     0.1712882669   -0.01703217816    0.05000660783
v     0.1712877857   -0.01513939975    0.05000816611
v     0.1712873671    -0.0132467344    0.05000953455
v     0.1712870091   -0.01135416625    0.05001071965
v       0.17128671  -0.009461680134     0.0500117255
v     0.1712864683  -0.007569262238    0.05001255135
v     0.1712862827  -0.005676898922    0.05001319591
v     0.1712861518   -0.00378457654     0.0500136579
v     0.1712860743  -0.001892281447    0.05001393604
v     0.1712860488  4.115436613e-20    0.05001402904
v     0.1712860743   0.001892281447    0.05001393604
v     0.1712861518    0.00378457654     0.0500136579
v     0.1712862827   0.005676898922    0.05001319591
v     0.1712864683   0.007569262238    0.05001255135
v       0.17128671   0.009461680134     0.0500117255
v     0.1712870091    0.01135416625    0.05001071965
v     0.1712873671     0.0132467344    0.05000953455
v     0.1712877857    0.01513939975    0.05000816612
v     0.1712882669    0.01703217816    0.05000660783
v     0.1712888129    0.01892508546    0.05000485305
v     0.1712894256    0.02081424655    0.05000277426
v     0.1712901076     0.0226936181    0.04999831074
v      0.171290861    0.02457273261    0.04999074814
v     0.1712916884     0.0264514936    0.04998011952
v     0.1712925931    0.02832980247    0.04996645296
v     0.1712935783     0.0302075605    0.04994977629
v     0.1712946474    0.03208466899    0.04993011736
v     0.1712958035    0.03396102923    0.04990750402
v       0.17129705    0.03583654251    0.04988196408
v     0.1712983904     0.0377106445    0.04985352173
v     0.1712998292    0.03919823604    0.04970930599
v     0.1713013707    0.04063693762      0.049343263
v     0.1713030195    0.04200239634    0.04876564904
v     0.1713047804    0.04326979353    0.04798671837
v     0.1713066584    0.04441430912    0.04701672391
v     0.1713086585    0.04541215265     0.0458675974
v     0.1713107863    0.04621724007    0.04459302687
v     0.1713130482    0.04681919496    0.04321801334
v     0.1713154507    0.04720764092    0.04176755782
v     0.1713180001    0.04737220051    0.04026619749
v     0.1713207029    0.04741880675    0.03837649678
v     0.1713235655    0.04746020953    0.03648373995
v     0.1713265956    0.04749626145    0.03458867802
v     0.1713298011    0.04752681035    0.03269159726
v     0.1713331901    0.04755170384    0.03079272945
v      0.171336771    0.04757380426    0.02887337722
v     0.1713405534    0.04759605651    0.02695307775
v     0.1713445403    0.04761846099    0.02503185316
v     0.1713487386    0.04764099861    0.02310967075
v     0.1713531612    0.04766362242    0.02118649637
v     0.1713578213    0.04768628426    0.01926229579
v     0.1713627322    0.04770893598     0.0173370348
v     0.1713679069    0.04773152942    0.01541067917
v     0.1713733586    0.04775401641    0.01348319468
v     0.1713791007    0.04777634882    0.01155454711
v     0.1713851461    0.04779847847   0.009624702236
v     0.1713915082    0.04782035721    0.00769362584
v        0.1713982    0.04784193689     0.0057612837
v     0.1714052349    0.04786316935   0.003827641594
v     0.1749948471    0.04701303342    0.00265296498
v     0.1750055505    0.04704116034  0.0007428827288
v     0.1750167528    0.04706852816  -0.001169045449
v     0.1750284432    0.04709498981   -0.00308277726
v     0.1750406109    0.04712039822  -0.004998270412
v     0.1750532453    0.04714460631  -0.006915482611
v     0.1750663354    0.04716746701  -0.008834371565
v     0.1750798707    0.04718883323   -0.01075489498
v     0.1750938402    0.04720855791   -0.01267701057
v     0.1751082332    0.04722649397   -0.01460067603
v      0.175123039    0.04724249433   -0.01652584907
v     0.1751382468    0.04725641192   -0.01845248741
v     0.1751538459    0.04726809965   -0.02038054874
v     0.1751698246    0.04727741218   -0.02230998649
v     0.1751861527    0.04728424362   -0.02424065536
v     0.1752027866    0.04728851773   -0.02617226455
v     0.1752197011      0.047285961    -0.0280772625
v     0.1752368669    0.04727243746    -0.0299816719
v     0.1752542513    0.04724805394   -0.03188496983
v     0.1752718217    0.04721291872   -0.03378655578
v     0.1752895435    0.04716714929   -0.03568537938
v     0.1753073786    0.04700273288    -0.0372119941
v     0.1753252886    0.04661819044    -0.0386893263
v     0.1753432342    0.04602347634   -0.04009352612
v     0.1753611732    0.04522856265   -0.04140029341
v     0.1753790625    0.04424342953   -0.04258532642
v     0.1753968619    0.04311991493   -0.04359010739
v     0.1754145263    0.04187438745   -0.04441037581
v     0.1754320054     0.0405307494   -0.04503609274
v     0.1754492485    0.03911290307    -0.0454572192
v     0.1754662051     0.0376443064   -0.04566371525
v     0.1754828248    0.03580164327   -0.04575696771
v     0.1754990569    0.03395397166   -0.04584489481
v     0.1755148509    0.03210196401   -0.04592726481
v     0.1755301563     0.0302458484   -0.04600384491
v     0.1755449225    0.02838585291   -0.04607440236
v     0.1755590991    0.02652220561   -0.04613870438
v     0.1755726354    0.02465513457    -0.0461965182
v     0.1755854809    0.02278487156   -0.04624761244
v     0.1755975819     0.0209117334   -0.04629178793
v     0.1756088839    0.01902259282    -0.0463299202
v     0.1756193359    0.01712608265   -0.04636475016
v     0.1756288878    0.01522781672   -0.04639632364
v     0.1756374887    0.01332795924   -0.04642452261
v     0.1756450879    0.01142667466   -0.04644922942
v      0.175651637   0.009524141381   -0.04647034025
v     0.1756570924    0.00762056492   -0.04648777821
v     0.1756614107   0.005716153916   -0.04650146953
v     0.1756645487   0.003811117004    -0.0465113404
v     0.1756664633    0.00190566282   -0.04651731703
v     0.1756671111  6.814497553e-20   -0.04651932564
v     0.1756664633   -0.00190566282   -0.04651731703
v     0.1756645487  -0.003811117004    -0.0465113404
v     0.1756614107  -0.005716153916   -0.04650146953
v     0.1756570924  -0.007620564921   -0.04648777821
v      0.175651637  -0.009524141381   -0.04647034025
v     0.1756450879   -0.01142667466   -0.04644922942
v     0.1756374887   -0.01332795924   -0.04642452261
v     0.1756288878   -0.01522781672   -0.04639632364
v     0.1756193359   -0.01712608265   -0.04636475016
v     0.1756088839   -0.01902259282    -0.0463299202
v     0.1755975819   -0.02091173319   -0.04629178787
v     0.1755854813   -0.02278486298   -0.04624760995
v      0.175572634   -0.02465516326    -0.0461965265
v     0.1755590921   -0.02652234395   -0.04613874429
v     0.1755449076   -0.02838614531   -0.04607448634
v     0.1755301327   -0.03024630889   -0.04600397635
v     0.1755148192   -0.03210257628   -0.04592743803
v     0.1754990193   -0.03395468903   -0.04584509511
v     0.1754827849   -0.03580238887   -0.04575717134
v     0.1754661674   -0.03764499104   -0.04566389564
v     0.1754492165   -0.03911345995    -0.0454573589
v     0.1754319821   -0.04053113816   -0.04503618482
v     0.1754145133   -0.04187459798   -0.04441042318
v     0.1753968578   -0.04311997841   -0.04359012095
v     0.1753790625   -0.04424342953   -0.04258532642
v     0.1753611752   -0.04522854821    -0.0414002973
v     0.1753432396   -0.04602343756     -0.040093537
v     0.1753252961   -0.04661813712   -0.03868934176
v     0.1753073851   -0.04700268638   -0.03721200778
v     0.1752895471   -0.04716712387    -0.0356853869
v     0.1752718223   -0.04721291487   -0.03378655692
v     0.1752542505   -0.04724805989   -0.03188496807
v     0.1752368662   -0.04727244238   -0.02998167044
v      0.175219701   -0.04728596177   -0.02807726227
v     0.1752027866   -0.04728851773   -0.02617226455
v     0.1751861527   -0.04728424362   -0.02424065536
v     0.1751698246   -0.04727741218   -0.02230998649
v     0.1751538459   -0.04726809965   -0.02038054874
v     0.1751382468   -0.04725641191   -0.01845248741
v      0.175123039   -0.04724249433   -0.01652584907
v     0.1751082332   -0.04722649397   -0.01460067603
v     0.1750938402   -0.04720855791   -0.01267701057
v     0.1750798707   -0.04718883323   -0.01075489498
v     0.1750663354   -0.04716746701  -0.008834371565
v     0.1750532453   -0.04714460631  -0.006915482611
v     0.1750406109   -0.04712039822  -0.004998270412
v     0.1750284432   -0.04709498981   -0.00308277726
v     0.1750167528   -0.04706852816  -0.001169045449
v     0.1750055505   -0.04704116034  0.0007428827288
v     0.1749948471   -0.04701303342    0.00265296498
v     0.1749846485   -0.04698428106   0.004561173931
v     0.1749749414   -0.04695498312   0.006467541884
v     0.1749657075   -0.04692520607   0.008372116059
v     0.1749569287   -0.04689501635    0.01027494368
v     0.1749485868   -0.04686448041    0.01217607196
v     0.1749406636   -0.04683366471    0.01407554813
v     0.1749331409   -0.04680263568     0.0159734194
v     0.1749260005   -0.04677145978      0.017869733
v     0.1749192242   -0.04674020347    0.01976453615
v     0.1749127938   -0.04670893318    0.02165787606
v     0.1749066912   -0.04667771537    0.02354979997
v     0.1749008981   -0.04664661649    0.02544035508
v     0.1748953968   -0.04661570132    0.02732958854
v     0.1748901775   -0.04658499621    0.02921754545
v     0.1748852364   -0.04655450061     0.0311041941
v       0.17488056   -0.04652008623    0.03296214835
v     0.1748761367   -0.04647774115    0.03481761594
v     0.1748719556   -0.04642767682    0.03667027051
v     0.1748680059   -0.04637010407    0.03851970924
v     0.1748642773   -0.04630522942    0.04036508434
v     0.1748607602   -0.04612510297    0.04183716132
v     0.1748574453   -0.04572830551    0.04325907966
v     0.1748543236   -0.04512484277    0.04460720414
v     0.1748513866   -0.04432471445    0.04585745339
v     0.1748486263   -0.04333791822    0.04698574507
v      0.174846033   -0.04221636986    0.04793380613
v     0.1748435989   -0.04097645156    0.04869760634
v     0.1748413185   -0.03964198054    0.04926730596
v     0.1748391866   -0.03823677402    0.04963306527
v     0.1748371976   -0.03678420486    0.04978504351
v     0.1748353463   -0.03496087185    0.04982482673
v     0.1748336272   -0.03313574792     0.0498605324
v      0.174832035   -0.03130942041    0.04989212797
v     0.1748305642   -0.02948203234    0.04991957989
v     0.1748292096    -0.0276537267    0.04994285461
v     0.1748279657   -0.02582464648    0.04996191858
v     0.1748268272   -0.02399493469    0.04997673825
v     0.1748257887   -0.02216473384     0.0499872793
v     0.1748248474   -0.02033417556    0.04999348997
v     0.1748240018   -0.01848989054    0.04999636108
v     0.1748232485   -0.01664035127    0.04999878244
v     0.1748225844   -0.01479098983    0.05000093266
v     0.1748220068   -0.01294178441    0.05000282091
v     0.1748215129   -0.01109271312     0.0500044562
v     0.1748211002  -0.009243755006    0.05000584413
v     0.1748207667  -0.007394891036    0.05000698369
v     0.1748205106  -0.005546102379     0.0500078731
v       0.17482033  -0.003697370206    0.05000851059
v      0.174820223  -0.001848675689    0.05000889439
v     0.1748201878  5.678747961e-20    0.05000902271
v      0.174820223   0.001848675689    0.05000889439
v       0.17482033   0.003697370206    0.05000851059
v     0.1748205106   0.005546102379     0.0500078731
v     0.1748207667   0.007394891036    0.05000698369
v     0.1748211002   0.009243755006    0.05000584413
v     0.1748215129    0.01109271312     0.0500044562
v     0.1748220068    0.01294178441    0.05000282091
v     0.1748225844    0.01479098983    0.05000093266
v     0.1748232485    0.01664035127    0.04999878244
v     0.1748240018    0.01848989054    0.04999636108
v     0.1748248474    0.02033417559    0.04999349001
v     0.1748257884    0.02216473509    0.04998728095
v      0.174826828     0.0239949305    0.04997673274
v     0.1748279697    0.02582462626    0.04996189203
v     0.1748292181    0.02765368389    0.04994279855
v     0.1748305775    0.02948196477    0.04991949173
v     0.1748320527    0.03130933027    0.04989201098
v      0.174833648    0.03313564177    0.04986039574
v     0.1748353679    0.03496076064    0.04982468538
v     0.1748372175    0.03678410145    0.04978491472
v     0.1748392029    0.03823668852    0.04963296158
v       0.17484133    0.03964191978    0.04926723441
v     0.1748436051    0.04097641816    0.04869756797
v     0.1748460349    0.04221635965    0.04793379467
v     0.1748486263    0.04333791822    0.04698574507
v     0.1748513861    0.04432471821     0.0458574549
v     0.1748543222    0.04512485298    0.04460720812
v     0.1748574433    0.04572831965    0.04325908505
v     0.1748607584    0.04612511535    0.04183716599
v     0.1748642763     0.0463052362    0.04036508689
v     0.1748680058    0.04637010509    0.03851970962
v     0.1748719558    0.04642767523    0.03667026991
v     0.1748761369    0.04647773984    0.03481761545
v       0.17488056    0.04652008602    0.03296214827
v     0.1748852364    0.04655450061     0.0311041941
v     0.1748901775    0.04658499621    0.02921754545
v     0.1748953968    0.04661570132    0.02732958854
v     0.1749008981    0.04664661649    0.02544035508
v     0.1749066912    0.04667771537    0.02354979997
v     0.1749127938    0.04670893318    0.02165787606
v     0.1749192242    0.04674020347    0.01976453615
v     0.1749260005    0.04677145978      0.017869733
v     0.1749331409    0.04680263568     0.0159734194
v     0.1749406636    0.04683366471    0.01407554813
v     0.1749485868    0.04686448041    0.01217607196
v     0.1749569287    0.04689501635    0.01027494368
v     0.1749657075    0.04692520607   0.008372116059
v     0.1749749414    0.04695498312   0.006467541884
v     0.1749846485    0.04698428106   0.004561173931
v      0.178711234    0.04598339712    0.00354065879
v     0.1787252748    0.04602029424   0.001661637495
v     0.1787399701    0.04605619558 -0.0002198053018
v     0.1787553056     0.0460909082   -0.00210361412
v     0.1787712674    0.04612423917   -0.00398973348
v     0.1787878412    0.04615599555  -0.005878107902
v      0.178805013    0.04618598441  -0.007768681905
v     0.1788227686     0.0462140128  -0.009661400009
v     0.1788410939    0.04623988781   -0.01155620673
v     0.1788599749    0.04626341648    -0.0134530466
v     0.1788793973    0.04628440589   -0.01535186413
v      0.178899347     0.0463026631   -0.01725260383
v       0.17891981    0.04631799517   -0.01915521024
v      0.178940771    0.04633021143   -0.02105962224
v     0.1789621903    0.04633917296   -0.02296564923
v     0.1789840108    0.04634477978   -0.02487290801
v     0.1790061994    0.04634133087   -0.02674463075
v     0.1790287176    0.04632330849   -0.02861555053
v     0.1790515227    0.04629085707    -0.0304849728
v     0.1790745717    0.04624412293   -0.03235209949
v     0.1790978192    0.04618326481   -0.03421570371
v     0.1791212155    0.04600585172   -0.03572501034
v       0.17914471    0.04561565283   -0.03718618615
v     0.1791682511    0.04502217083   -0.03857636639
v     0.1791917837    0.04423493198    -0.0398722569
v     0.1792152511    0.04326347315   -0.04105056141
v     0.1792386004    0.04216640902    -0.0420473228
v     0.1792617728    0.04095144887   -0.04286742916
v     0.1792847019     0.0396413582   -0.04350126931
v     0.1793073216    0.03825890246   -0.04393923204
v     0.1793295655    0.03682642554   -0.04417170522
v     0.1793513673    0.03503724255   -0.04429480146
v     0.1793726607    0.03324161215   -0.04441083061
v     0.1793933794    0.03144025869   -0.04451948678
v     0.1794134572    0.02963348489   -0.04462046318
v     0.1794328277     0.0278215935   -0.04471345297
v     0.1794514246    0.02600488724   -0.04479814935
v     0.1794691816    0.02418366883   -0.04487424549
v     0.1794860324    0.02235824586   -0.04494143641
v     0.1795019067    0.02052903744   -0.04499945936
v     0.1795167327    0.01867851906   -0.04504948541
v     0.1795304438    0.01681820889   -0.04509517566
v      0.179542974     0.0149555955   -0.04513659401
v     0.1795542567     0.0130908943   -0.04517358567
v     0.1795642254    0.01122432101   -0.04520599627
v     0.1795728166   0.009356109674   -0.04523368963
v      0.179579973   0.007486529881   -0.04525656491
v     0.1795856378   0.005615855327   -0.04527452529
v     0.1795897543   0.003744359702   -0.04528747398
v     0.1795922658   0.001872316696   -0.04529531418
v     0.1795931156  8.939315956e-20   -0.04529794909
v     0.1795922658  -0.001872316696   -0.04529531418
v     0.1795897543  -0.003744359702   -0.04528747398
v     0.1795856378  -0.005615855327   -0.04527452529
v      0.179579973  -0.007486529882   -0.04525656491
v     0.1795728166  -0.009356109674   -0.04523368963
v     0.1795642254   -0.01122432101   -0.04520599627
v     0.1795542567    -0.0130908943   -0.04517358567
v      0.179542974    -0.0149555955   -0.04513659401
v     0.1795304438   -0.01681820889   -0.04509517566
v     0.1795167327   -0.01867851906   -0.04504948541
v     0.1795019067   -0.02052903717   -0.04499945928
v      0.179486033   -0.02235823459   -0.04494143315
v     0.1794691797   -0.02418370647   -0.04487425638
v     0.1794514154   -0.02600506872   -0.04479820171
v     0.1794328081   -0.02782197707   -0.04471356314
v     0.1794134261   -0.02963408897    -0.0446206356
v     0.1793933378   -0.03144106187   -0.04451971403
v     0.1793726113   -0.03324255321   -0.04441109336
v      0.179351315   -0.03503822064   -0.04429506858
v     0.1793295159   -0.03682732364   -0.04417194185
v     0.1793072797   -0.03825963299    -0.0439394153
v     0.1792846714   -0.03964186818   -0.04350139011
v     0.1792617557   -0.04095172505    -0.0428674913
v     0.1792385951   -0.04216649229   -0.04204734059
v     0.1792152511   -0.04326347315   -0.04105056141
v     0.1791917863   -0.04423491303   -0.03987226199
v     0.1791682582   -0.04502211996   -0.03857638067
v     0.1791447198   -0.04561558288   -0.03718620643
v     0.1791212241   -0.04600579072   -0.03572502827
v     0.1790978239   -0.04618323146   -0.03421571357
v     0.1790745724   -0.04624411787   -0.03235210099
v     0.1790515216   -0.04629086487   -0.03048497049
v     0.1790287167   -0.04632331494   -0.02861554861
v     0.1790061993   -0.04634133188   -0.02674463045
v     0.1789840108   -0.04634477978   -0.02487290801
v     0.1789621903   -0.04633917296   -0.02296564923
v      0.178940771   -0.04633021143   -0.02105962224
v       0.17891981   -0.04631799517   -0.01915521024
v      0.178899347    -0.0463026631   -0.01725260383
v     0.1788793973   -0.04628440589   -0.01535186413
v     0.1788599749   -0.04626341648    -0.0134530466
v     0.1788410939   -0.04623988781   -0.01155620673
v     0.1788227686    -0.0462140128  -0.009661400009
v      0.178805013   -0.04618598441  -0.007768681905
v     0.1787878412   -0.04615599555  -0.005878107902
v     0.1787712674   -0.04612423917   -0.00398973348
v     0.1787553056    -0.0460909082   -0.00210361412
v     0.1787399701   -0.04605619558 -0.0002198053018
v     0.1787252748   -0.04602029424   0.001661637495
v      0.178711234   -0.04598339712    0.00354065879
v     0.1786978554   -0.04594567952   0.005417222674
v     0.1786851215   -0.04590724624    0.00729137152
v     0.1786730085   -0.04586818445   0.009163167274
v     0.1786614924   -0.04582858132    0.01103267188
v     0.1786505494   -0.04578852401    0.01289994728
v     0.1786401556   -0.04574809971    0.01476505543
v     0.1786302873   -0.04570739556    0.01662805825
v     0.1786209204   -0.04566649876    0.01848901772
v     0.1786120312   -0.04562549646    0.02034799575
v     0.1786035958   -0.04558447583    0.02220505431
v     0.1785955903   -0.04554352404    0.02406025533
v     0.1785879909   -0.04550272826    0.02591366076
v     0.1785807742   -0.04546217348    0.02776533242
v     0.1785739276   -0.04542189426    0.02961532951
v     0.1785674457   -0.04538188987    0.03146360867
v     0.1785613112   -0.04533664981    0.03327361908
v     0.1785555087    -0.0452808191    0.03508033657
v     0.1785500239   -0.04521467937    0.03688332445
v     0.1785448426   -0.04513851148    0.03868204398
v     0.1785399514   -0.04505259098      0.040475534
v     0.1785353376   -0.04485456933    0.04191329755
v     0.1785309892    -0.0444482942    0.04330178099
v     0.1785268941   -0.04384333566    0.04461840113
v     0.1785230413   -0.04304925621    0.04584015078
v     0.1785194203    -0.0420756157    0.04694402153
v     0.1785160184    -0.0409811309    0.04786637726
v     0.1785128253   -0.03977352892    0.04861240815
v     0.1785098339   -0.03847546363    0.04917276432
v     0.1785070372   -0.03710958891    0.04953809594
v     0.1785044281     -0.035698137    0.04969905219
v     0.1785019995   -0.03393431144    0.04975200704
v     0.1784997444   -0.03216825927    0.04979953165
v     0.1784976557   -0.03040059324    0.04984158151
v     0.1784957263   -0.02863150447    0.04987811114
v     0.1784939493    -0.0268611841    0.04990907505
v     0.1784923176   -0.02508982323    0.04993442776
v      0.178490824     -0.023317613    0.04995412381
v     0.1784894617   -0.02154474391     0.0499681167
v     0.1784882269   -0.01977139215    0.04997633709
v     0.1784871177   -0.01797971568    0.04998010726
v     0.1784861295   -0.01618102233    0.04998328361
v     0.1784852584   -0.01438256226    0.04998610429
v     0.1784845007   -0.01258430687    0.04998858132
v     0.1784838527   -0.01078622741     0.0499907265
v     0.1784833113  -0.008988296438     0.0499925472
v     0.1784828738  -0.007190488957    0.04999404208
v     0.1784825379  -0.005392780272    0.04999520882
v      0.178482301  -0.003595145683    0.04999604509
v     0.1784821606  -0.001797560492    0.04999654855
v     0.1784821144  7.449429964e-20    0.04999671689
v     0.1784821606   0.001797560492    0.04999654855
v      0.178482301   0.003595145683    0.04999604509
v     0.1784825379   0.005392780272    0.04999520882
v     0.1784828738   0.007190488957    0.04999404208
v     0.1784833113   0.008988296438     0.0499925472
v     0.1784838527    0.01078622741     0.0499907265
v     0.1784845007    0.01258430687    0.04998858132
v     0.1784852584    0.01438256226    0.04998610429
v     0.1784861295    0.01618102233    0.04998328361
v     0.1784871177    0.01797971568    0.04998010726
v     0.1784882269    0.01977139219    0.04997633714
v     0.1784894614    0.02154474555    0.04996811887
v     0.1784908251    0.02331760751    0.04995411658
v     0.1784923228    0.02508979671    0.04993439293
v     0.1784939604    0.02686112795    0.04990900151
v     0.1784957438    0.02863141584    0.04987799549
v     0.1784976789    0.03040047499    0.04984142805
v     0.1784997716    0.03216812003    0.04979935238
v     0.1785020278    0.03393416555    0.04975182161
v     0.1785044542    0.03569800134    0.04969888324
v     0.1785070585    0.03710947675    0.04953795992
v     0.1785098489    0.03847538393    0.04917267046
v     0.1785128335    0.03977348511    0.04861235782
v     0.1785160209     0.0409811175    0.04786636223
v     0.1785194203     0.0420756157    0.04694402153
v     0.1785230406    0.04304926114    0.04584015276
v     0.1785268922    0.04384334905    0.04461840635
v     0.1785309865    0.04444831275    0.04330178806
v     0.1785353353    0.04485458556    0.04191330368
v     0.1785399501    0.04505259987    0.04047553734
v     0.1785448425    0.04513851283    0.03868204448
v     0.1785500242    0.04521467729    0.03688332367
v     0.1785555089    0.04528081738    0.03508033592
v     0.1785613112    0.04533664954    0.03327361898
v     0.1785674457    0.04538188987    0.03146360867
v     0.1785739276    0.04542189426    0.02961532951
v     0.1785807742    0.04546217348    0.02776533242
v     0.1785879909    0.04550272826    0.02591366076
v     0.1785955903    0.04554352404    0.02406025533
v     0.1786035958    0.04558447583    0.02220505431
v     0.1786120312    0.04562549646    0.02034799575
v     0.1786209204    0.04566649876    0.01848901772
v     0.1786302873    0.04570739556    0.01662805825
v     0.1786401556    0.04574809971    0.01476505543
v     0.1786505494    0.04578852401    0.01289994728
v     0.1786614924    0.04582858132    0.01103267188
v     0.1786730085    0.04586818445   0.009163167274
v     0.1786851215    0.04590724624    0.00729137152
v     0.1786978554    0.04594567952   0.005417222674
v     0.1825481434    0.04480344988   0.004543870263
v      0.182565824    0.04484991179    0.00270047869
v     0.1825843287    0.04489511977  0.0008540378935
v     0.1826036397    0.04493883089  -0.000995382265
v     0.1826237392     0.0449808022  -0.002847711923
v     0.1826446094    0.04502079073  -0.004702881219
v     0.1826662326    0.04505855355   -0.00656082029
v      0.182688591    0.04509384771  -0.008421459274
v     0.1827116668    0.04512643024   -0.01028472831
v     0.1827354421    0.04515605822   -0.01215055753
v     0.1827598994    0.04518248868   -0.01401887708
v     0.1827850206    0.04520547868    -0.0158896171
v     0.1828107882    0.04522478526   -0.01776270771
v     0.1828371829    0.04524016832   -0.01963807198
v     0.1828641547    0.04525145293    -0.0215154699
v     0.1828916317     0.0452585132   -0.02339441645
v     0.1829195723    0.04525403616   -0.02522772965
v     0.1829479278    0.04523094367   -0.02705998812
v     0.1829766446    0.04518942363   -0.02889030517
v     0.1830056685    0.04512966632   -0.03071766128
v     0.1830349425    0.04505187798   -0.03254063195
v     0.1830644037    0.04485993633   -0.03402954524
v     0.1830939887    0.04446354234   -0.03547162944
v     0.1831236324    0.04387168874   -0.03684513514
v     0.1831532652     0.0430933982    -0.0381279072
v     0.1831828161    0.04213770678   -0.03929778787
v     0.1832122182    0.04107088862   -0.04028467517
v     0.1832413975    0.03989086694   -0.04110379858
v     0.1832702705    0.03861912157   -0.04174603242
v     0.1832987539    0.03727713235     -0.042202251
v      0.183326764    0.03588598316   -0.04246332774
v     0.1833542174    0.03415778379   -0.04261941681
v     0.1833810307    0.03242154623   -0.04276649186
v     0.1834071203    0.03067805261   -0.04290416536
v     0.1834324028    0.02892768912   -0.04303204888
v     0.1834567947    0.02717084197   -0.04314975402
v     0.1834802124    0.02540789736   -0.04325689233
v     0.1835025726    0.02363924149    -0.0433530754
v     0.1835237916    0.02186526666   -0.04343791712
v     0.1835437809    0.02008650565   -0.04351108456
v     0.1835624502     0.0182804618   -0.04357408418
v     0.1835797157    0.01646191239   -0.04363161864
v      0.183595494    0.01464046269   -0.04368377381
v     0.1836097015    0.01281638398   -0.04373035475
v     0.1836222544    0.01098994787    -0.0437711671
v     0.1836330728    0.00916144908   -0.04380603937
v     0.1836420843   0.007331227096   -0.04383484456
v     0.1836492176   0.005499626558   -0.04385746079
v     0.1836544012   0.003666992103   -0.04387376615
v     0.1836575637   0.001833668371   -0.04388363875
v     0.1836586338  1.125664083e-19   -0.04388695671
v     0.1836575637  -0.001833668371   -0.04388363875
v     0.1836544012  -0.003666992103   -0.04387376615
v     0.1836492176  -0.005499626558   -0.04385746079
v     0.1836420843  -0.007331227096   -0.04383484456
v     0.1836330728   -0.00916144908   -0.04380603937
v     0.1836222544   -0.01098994787    -0.0437711671
v     0.1836097015   -0.01281638398   -0.04373035475
v      0.183595494   -0.01464046269   -0.04368377381
v     0.1835797157   -0.01646191239   -0.04363161864
v     0.1835624502    -0.0182804618   -0.04357408418
v     0.1835437809   -0.02008650531   -0.04351108446
v     0.1835237923   -0.02186525248   -0.04343791302
v     0.1835025702   -0.02363928888   -0.04335308912
v     0.1834802008   -0.02540812589   -0.04325695826
v       0.18345677   -0.02717132497   -0.04314989274
v     0.1834323637   -0.02892844979     -0.043032266
v     0.1834070679   -0.03067906399   -0.04290445151
v     0.1833809686   -0.03242273124   -0.04276682272
v     0.1833541515   -0.03415901543   -0.04261975318
v     0.1833267016   -0.03588711408   -0.04246362571
v     0.1832987011   -0.03727805224   -0.04220248177
v     0.1832702321   -0.03861976377   -0.04174618454
v      0.183241376   -0.03989121471   -0.04110387682
v     0.1832122115   -0.04107099348   -0.04028469757
v     0.1831828161   -0.04213770678   -0.03929778787
v     0.1831532685   -0.04309337433   -0.03812791362
v     0.1831236413   -0.04387162468   -0.03684515312
v     0.1830940011   -0.04446345427   -0.03547165498
v     0.1830644146   -0.04485985952   -0.03402956783
v     0.1830349484   -0.04505183598   -0.03254064437
v     0.1830056694   -0.04512965995   -0.03071766317
v     0.1829766432   -0.04518943345   -0.02889030226
v     0.1829479266   -0.04523095179   -0.02705998571
v     0.1829195721   -0.04525403743   -0.02522772927
v     0.1828916317    -0.0452585132   -0.02339441645
v     0.1828641547   -0.04525145293    -0.0215154699
v     0.1828371829   -0.04524016832   -0.01963807198
v     0.1828107882   -0.04522478526   -0.01776270771
v     0.1827850206   -0.04520547868    -0.0158896171
v     0.1827598994   -0.04518248868   -0.01401887708
v     0.1827354421   -0.04515605822   -0.01215055753
v     0.1827116668   -0.04512643024   -0.01028472831
v      0.182688591   -0.04509384771  -0.008421459274
v     0.1826662326   -0.04505855355   -0.00656082029
v     0.1826446094   -0.04502079073  -0.004702881219
v     0.1826237392    -0.0449808022  -0.002847711923
v     0.1826036397   -0.04493883089  -0.000995382265
v     0.1825843287   -0.04489511977  0.0008540378935
v      0.182565824   -0.04484991178    0.00270047869
v     0.1825481434   -0.04480344988   0.004543870263
v     0.1825312967    -0.0447559548   0.006384167394
v     0.1825152618   -0.04470755852   0.008221423441
v     0.1825000087   -0.04465837081    0.01005571641
v     0.1824855073   -0.04460850142    0.01188712429
v     0.1824717276   -0.04455806012     0.0137157251
v     0.1824586395   -0.04450715669    0.01554159684
v      0.182446213   -0.04445590087    0.01736481751
v      0.182434418   -0.04440440245     0.0191854651
v     0.1824232245   -0.04435277119    0.02100361763
v     0.1824126024   -0.04430111685     0.0228193531
v     0.1824025216   -0.04424954919    0.02463274951
v     0.1823929522   -0.04419817799    0.02644388485
v     0.1823838647   -0.04414711025      0.028252837
v     0.1823752432   -0.04409638951    0.03005968047
v     0.1823670811   -0.04404601484    0.03186435821
v     0.1823593564    -0.0439889132    0.03361996148
v     0.1823520497   -0.04391821139     0.0353713746
v     0.1823451431   -0.04383427007    0.03711803558
v     0.1823386187   -0.04373744894    0.03885925144
v     0.1823324594   -0.04362810134    0.04059393232
v     0.1823266497   -0.04341020881    0.04199275654
v      0.182321174   -0.04299357116    0.04334330443
v     0.1823160174   -0.04238726597    0.04462418115
v     0.1823111659   -0.04160036154    0.04581359295
v     0.1823066062    -0.0406419229    0.04688974451
v     0.1823023224   -0.03957835271    0.04778293809
v     0.1822983016   -0.03840759664    0.04850878355
v     0.1822945347   -0.03715099399    0.04905848429
v      0.182291013   -0.03582988404     0.0494232437
v     0.1822877275   -0.03446521015    0.04959426429
v     0.1822846693   -0.03276894158    0.04966202932
v     0.1822818296   -0.03106994977    0.04972284152
v     0.1822791995   -0.02936887632    0.04977664245
v       0.18227677   -0.02766596689    0.04982337277
v     0.1822745324   -0.02596146714    0.04986297314
v     0.1822724776   -0.02425562274    0.04989538423
v     0.1822705969   -0.02254867936     0.0499205467
v     0.1822688814   -0.02084088188    0.04993839996
v     0.1822673265   -0.01913245716    0.04994885459
v     0.1822659298   -0.01740050871    0.04995360748
v     0.1822646854   -0.01565954895    0.04995760724
v     0.1822635885   -0.01391888294    0.04996115912
v     0.1822626343   -0.01217847467    0.04996427826
v     0.1822618184   -0.01043828795    0.04996697954
v     0.1822611367  -0.008698288195    0.04996927222
v     0.1822605858  -0.006958443947    0.04997115461
v     0.1822601627  -0.005218724105     0.0499726238
v     0.1822598644  -0.003479097568    0.04997367685
v     0.1822596877  -0.001739533233    0.04997431083
v     0.1822596295  9.380534024e-20    0.04997452281
v     0.1822596877   0.001739533233    0.04997431083
v     0.1822598644   0.003479097568    0.04997367685
v     0.1822601627   0.005218724105     0.0499726238
v     0.1822605858   0.006958443947    0.04997115461
v     0.1822611367   0.008698288195    0.04996927222
v     0.1822618184    0.01043828795    0.04996697954
v     0.1822626343    0.01217847467    0.04996427826
v     0.1822635885    0.01391888294    0.04996115912
v     0.1822646854    0.01565954895    0.04995760724
v     0.1822659298    0.01740050871    0.04995360748
v     0.1822673265    0.01913245721    0.04994885465
v      0.182268881    0.02084088395    0.04993840268
v     0.1822705982    0.02254867244     0.0499205376
v     0.1822724842    0.02425558935    0.04989534037
v     0.1822745463    0.02596139644    0.04986288054
v      0.182276792    0.02766585527    0.04982322714
v     0.1822792287    0.02936872742     0.0497764492
v     0.1822818639    0.03106977444    0.04972261577
v     0.1822847051    0.03276875787    0.04966179583
v     0.1822877604    0.03446503933    0.04959405155
v     0.1822910399    0.03582974281    0.04942307242
v     0.1822945536    0.03715089363    0.04905836608
v     0.1822983118    0.03840754148    0.04850872017
v     0.1823023255    0.03957833584    0.04778291916
v     0.1823066062     0.0406419229    0.04688974451
v      0.182311165    0.04160036776    0.04581359545
v     0.1823160149    0.04238728283    0.04462418773
v     0.1823211707    0.04299359452    0.04334331334
v     0.1823266468    0.04341022925    0.04199276425
v     0.1823324579    0.04362811253    0.04059393653
v     0.1823386184    0.04373745064    0.03885925208
v     0.1823451434    0.04383426745     0.0371180346
v       0.18235205    0.04391820922    0.03537137379
v     0.1823593564    0.04398891287    0.03361996135
v     0.1823670811    0.04404601484    0.03186435821
v     0.1823752432    0.04409638951    0.03005968047
v     0.1823838647    0.04414711025      0.028252837
v     0.1823929522    0.04419817799    0.02644388485
v     0.1824025216    0.04424954919    0.02463274951
v     0.1824126024    0.04430111685     0.0228193531
v     0.1824232245    0.04435277119    0.02100361763
v      0.182434418    0.04440440245     0.0191854651
v      0.182446213    0.04445590087    0.01736481751
v     0.1824586395    0.04450715669    0.01554159684
v     0.1824717276    0.04455806012     0.0137157251
v     0.1824855073    0.04460850142    0.01188712429
v     0.1825000087    0.04465837081    0.01005571641
v     0.1825152618    0.04470755852   0.008221423441
v     0.1825312967     0.0447559548   0.006384167394
v     0.1864877388    0.04348563413   0.005646861617
v     0.1865092554    0.04354217646   0.003843305413
v     0.1865317749    0.04359719281   0.002036038422
v     0.1865552756    0.04365038753  0.0002251456656
v     0.1865797359    0.04370146496  -0.001589287838
v     0.1866051342    0.04375012944   -0.00340717707
v     0.1866314488    0.04379608531  -0.005228437009
v      0.186658658    0.04383903692  -0.007052982637
v     0.1866867403    0.04387868859  -0.008880728934
v     0.1867156741    0.04391474467   -0.01071159088
v     0.1867454375    0.04394690951   -0.01254548346
v     0.1867760092    0.04397488744   -0.01438232164
v     0.1868073673    0.04399838279   -0.01622202042
v     0.1868394886    0.04401710337   -0.01806448614
v     0.1868723122    0.04403083631   -0.01990942674
v     0.1869057506    0.04403942837   -0.02175624858
v     0.1869397532    0.04403379601    -0.0235463215
v     0.1869742608    0.04400514695   -0.02533505101
v      0.187009208     0.0439537181   -0.02712134144
v      0.187044529    0.04387974933   -0.02890393207
v     0.1870801543    0.04378350017   -0.03068118351
v     0.1871160074    0.04357578528   -0.03214662852
v     0.1871520112    0.04317282813   -0.03356667577
v     0.1871880864    0.04258306137   -0.03492080477
v     0.1872241484    0.04181495436   -0.03618811537
v     0.1872601106    0.04087699277   -0.03734770425
v     0.1872958918    0.03984387297   -0.03832271637
v     0.1873314019    0.03870275902   -0.03913975402
v     0.1873665393    0.03747371609   -0.03979022792
v     0.1874012024    0.03617680936   -0.04026554878
v     0.1874352896    0.03483173632    -0.0405571265
v     0.1874686994     0.0331712696   -0.04074856675
v       0.18750133    0.03150106018   -0.04092887943
v     0.1875330801     0.0298219526   -0.04109758983
v     0.1875638479    0.02813442371   -0.04125422241
v     0.1875935318    0.02643895033   -0.04139830164
v     0.1876220303    0.02473600933   -0.04152935199
v     0.1876492418    0.02302607755   -0.04164689791
v     0.1876750645    0.02130963926    -0.0417504667
v     0.1876993907    0.01958734967   -0.04183965033
v     0.1877221105     0.0178312422    -0.0419163258
v     0.1877431219    0.01605967518   -0.04198634299
v     0.1877623235    0.01428457862   -0.04204981379
v     0.1877796135    0.01250628264   -0.04210650097
v     0.1877948899    0.01072511782     -0.042156168
v     0.1878080554   0.008941442794   -0.04219860619
v      0.187819022   0.007155670706   -0.04223366098
v      0.187827703   0.005368220971   -0.04226118404
v     0.1878340112      0.003579513   -0.04228102702
v     0.1878378599   0.001789966206    -0.0422930416
v     0.1878391621  1.369889099e-19   -0.04229707942
v     0.1878378599  -0.001789966206    -0.0422930416
v     0.1878340112     -0.003579513   -0.04228102702
v      0.187827703  -0.005368220971   -0.04226118404
v      0.187819022  -0.007155670706   -0.04223366098
v     0.1878080554  -0.008941442794   -0.04219860619
v     0.1877948899   -0.01072511782     -0.042156168
v     0.1877796135   -0.01250628264   -0.04210650097
v     0.1877623235   -0.01428457862   -0.04204981379
v     0.1877431219   -0.01605967518   -0.04198634299
v     0.1877221105    -0.0178312422    -0.0419163258
v     0.1876993907   -0.01958734926   -0.04183965021
v     0.1876750653     -0.021309622    -0.0417504617
v     0.1876492389   -0.02302613522   -0.04164691461
v     0.1876220162   -0.02473628744   -0.04152943223
v     0.1875935018   -0.02643953812   -0.04139847046
v     0.1875638003   -0.02813534941   -0.04125448663
v     0.1875330163   -0.02982318342   -0.04109793807
v     0.1875012544   -0.03150250229   -0.04092928208
v     0.1874686192   -0.03317276845    -0.0407489761
v     0.1874352137   -0.03483311261   -0.04055748912
v     0.1874011381   -0.03617792884   -0.04026582962
v     0.1873664925   -0.03747449761   -0.03979041304
v     0.1873313757   -0.03870318224   -0.03913984924
v     0.1872958837   -0.03984400058   -0.03832274364
v     0.1872601106   -0.04087699277   -0.03734770425
v     0.1872241524   -0.04181492532   -0.03618812319
v     0.1871880972   -0.04258298341   -0.03492082665
v     0.1871520262   -0.04317272094   -0.03356670686
v     0.1871160206    -0.0435756918     -0.032146656
v     0.1870801615   -0.04378344906   -0.03068119863
v     0.1870445301   -0.04387974158   -0.02890393436
v     0.1870092063   -0.04395373005   -0.02712133789
v     0.1869742594   -0.04400515682   -0.02533504808
v      0.186939753   -0.04403379756   -0.02354632105
v     0.1869057506   -0.04403942837   -0.02175624858
v     0.1868723122   -0.04403083631   -0.01990942674
v     0.1868394886   -0.04401710337   -0.01806448614
v     0.1868073673   -0.04399838279   -0.01622202042
v     0.1867760092   -0.04397488744   -0.01438232164
v     0.1867454375   -0.04394690951   -0.01254548346
v     0.1867156741   -0.04391474467   -0.01071159088
v     0.1866867403   -0.04387868859  -0.008880728934
v      0.186658658   -0.04383903692  -0.007052982637
v     0.1866314488   -0.04379608531  -0.005228437009
v     0.1866051342   -0.04375012944   -0.00340717707
v     0.1865797359   -0.04370146496  -0.001589287838
v     0.1865552756   -0.04365038753  0.0002251456656
v     0.1865317749   -0.04359719281   0.002036038422
v     0.1865092554   -0.04354217646   0.003843305413
v     0.1864877388   -0.04348563413   0.005646861617
v     0.1864672371   -0.04342783449   0.007446652006
v     0.1864477233   -0.04336893811   0.009242741515
v     0.1864291608   -0.04330907859    0.01103522507
v     0.1864115132   -0.04324838949     0.0128241976
v     0.1863947438   -0.04318700441    0.01460975402
v     0.1863788161   -0.04312505692    0.01639198927
v     0.1863636935   -0.04306268061    0.01817099827
v     0.1863493394   -0.04300000905    0.01994687595
v     0.1863357174   -0.04293717582    0.02171971723
v     0.1863227907   -0.04287431451    0.02348961704
v     0.1863105228   -0.04281155869     0.0252566703
v     0.1862988773   -0.04274904195    0.02702097194
v     0.1862878181   -0.04268689451     0.0287826167
v     0.1862773261   -0.04262516937     0.0305416953
v     0.1862673931   -0.04256386536    0.03229813491
v     0.1862579924   -0.04249419093    0.03399363789
v     0.1862491004   -0.04240760317    0.03568398178
v     0.1862406954    -0.0423045493    0.03736846604
v     0.1862327555   -0.04218547532    0.03904622737
v     0.1862252599   -0.04205081976    0.04071603359
v     0.1862181897   -0.04181152367    0.04207184372
v      0.186211526   -0.04138393078    0.04338049489
v     0.1862052505     -0.040776577    0.04462189805
v     0.1861993464   -0.03999798723    0.04577559286
v     0.1861937975   -0.03905668237    0.04682111709
v     0.1861885843   -0.03802751523    0.04768210762
v     0.1861836911   -0.03689767716    0.04838562965
v      0.186179107   -0.03568706232    0.04892349438
v     0.1861748212   -0.03441556485    0.04928751302
v     0.1861708229   -0.03310271122    0.04946949593
v     0.1861671012   -0.03148110302    0.04955344929
v     0.1861636454   -0.02985622023    0.04962878347
v     0.1861604446   -0.02822873634    0.04969542423
v     0.1861574881   -0.02659895716    0.04975329654
v     0.1861547649   -0.02496718853    0.04980232534
v     0.1861522644   -0.02333373625    0.04984243558
v     0.1861499756   -0.02169890615    0.04987355221
v     0.1861478879   -0.02006300309    0.04989559866
v     0.1861459957   -0.01842631002    0.04990846326
v     0.1861442959   -0.01676037375    0.04991425475
v     0.1861427816   -0.01508323029     0.0499191223
v     0.1861414466   -0.01340644433     0.0499234448
v     0.1861402855   -0.01172997201    0.04992724067
v     0.1861392926   -0.01005376931    0.04993052802
v     0.1861384629  -0.008377794138    0.04993331812
v     0.1861377925  -0.006702008214    0.04993560892
v     0.1861372777  -0.005026373688    0.04993739687
v     0.1861369146   -0.00335085271    0.04993867839
v     0.1861366995   -0.00167540743    0.04993944991
v     0.1861366287  1.141574249e-19    0.04993970788
v     0.1861366995    0.00167540743    0.04993944991
v     0.1861369146    0.00335085271    0.04993867839
v     0.1861372777   0.005026373688    0.04993739687
v     0.1861377925   0.006702008214    0.04993560892
v     0.1861384629   0.008377794138    0.04993331812
v     0.1861392926    0.01005376931    0.04993052802
v     0.1861402855    0.01172997201    0.04992724067
v     0.1861414466    0.01340644433     0.0499234448
v     0.1861427816    0.01508323029     0.0499191223
v     0.1861442959    0.01676037375    0.04991425475
v     0.1861459957    0.01842631008    0.04990846334
v     0.1861478874    0.02006300561    0.04989560197
v     0.1861499772    0.02169889773    0.04987354113
v     0.1861522724    0.02333369561    0.04984238221
v     0.1861547819    0.02496710249    0.04980221265
v     0.1861575148    0.02659882133    0.04975311931
v     0.1861604802    0.02822855513    0.04969518906
v     0.1861636872    0.02985600686    0.04962850874
v     0.1861671447    0.03148087946    0.04955316515
v     0.1861708629    0.03310250334    0.04946923704
v     0.1861748539    0.03441539298    0.04928730459
v     0.1861791299    0.03568694019    0.04892335054
v     0.1861837036    0.03689761003    0.04838555252
v     0.1861885881     0.0380274947    0.04768208458
v     0.1861937975    0.03905668237    0.04682111709
v     0.1861993453     0.0399979948    0.04577559589
v     0.1862052476    0.04077659752    0.04462190605
v     0.1862115219     0.0413839592    0.04338050573
v     0.1862181861    0.04181154854    0.04207185311
v      0.186225258    0.04205083338    0.04071603871
v     0.1862327552    0.04218547739    0.03904622814
v     0.1862406958    0.04230454611    0.03736846484
v     0.1862491008    0.04240760053     0.0356839808
v     0.1862579925    0.04249419052    0.03399363774
v     0.1862673931    0.04256386536    0.03229813491
v     0.1862773261    0.04262516937     0.0305416953
v     0.1862878181    0.04268689451     0.0287826167
v     0.1862988773    0.04274904195    0.02702097194
v     0.1863105228    0.04281155869     0.0252566703
v     0.1863227907    0.04287431451    0.02348961704
v     0.1863357174    0.04293717582    0.02171971723
v     0.1863493394    0.04300000905    0.01994687595
v     0.1863636935    0.04306268061    0.01817099827
v     0.1863788161    0.04312505692    0.01639198927
v     0.1863947438    0.04318700441    0.01460975402
v     0.1864115132    0.04324838949     0.0128241976
v     0.1864291608    0.04330907859    0.01103522507
v     0.1864477233    0.04336893811   0.009242741515
v     0.1864672371    0.04342783449   0.007446652006
v     0.1905087678    0.04204582344   0.006830735811
v     0.1905341967    0.04211264669   0.005070754487
v     0.1905608108    0.04217766651   0.003306387656
v     0.1905885846    0.04224053349   0.001537735794
v     0.1906174924    0.04230089819 -0.0002351006188
v     0.1906475088    0.04235841119  -0.002012021105
v     0.1906786081     0.0424127231  -0.003792925185
v     0.1907107647    0.04246348447  -0.005577712382
v     0.1907439532     0.0425103459  -0.007366282216
v     0.1907781478    0.04255295796  -0.009158534209
v     0.1908133231    0.04259097124   -0.01095436788
v     0.1908494535    0.04262403631   -0.01275368276
v     0.1908865134    0.04265180377   -0.01455637836
v     0.1909244752    0.04267392826   -0.01636234401
v     0.1909632671    0.04269015821   -0.01817123454
v     0.1910027855    0.04270031254   -0.01998234384
v     0.1910429707    0.04269340932   -0.02172475628
v     0.1910837527    0.04265881822   -0.02346550076
v     0.1911250543    0.04259683035   -0.02520326013
v     0.1911667976     0.0425077403   -0.02693651762
v     0.1912089005    0.04239186609   -0.02866340615
v     0.1912512727    0.04216746899   -0.03010236789
v     0.1912938229    0.04175777414   -0.03149746839
v     0.1913364576    0.04117061384   -0.03282950936
v     0.1913790767    0.04041386396     -0.034078941
v     0.1914215778    0.03949541966   -0.03522620978
v      0.191463865    0.03849901846   -0.03618721601
v     0.1915058318    0.03740027647   -0.03700077231
v     0.1915473581    0.03621773909   -0.03765886837
v     0.1915883239    0.03496995169   -0.03815349385
v     0.1916286091    0.03367512233   -0.03847663769
v     0.1916680936    0.03208820026   -0.03870488011
v     0.1917066575    0.03048976104   -0.03891975981
v     0.1917441805    0.02888071477   -0.03912071172
v     0.1917805428    0.02726163419   -0.03930717005
v     0.1918156241    0.02563309203   -0.03947856899
v     0.1918493044    0.02399566105   -0.03963434272
v     0.1918814637    0.02234991398   -0.03977392545
v     0.1919119815    0.02069643236   -0.03989675468
v      0.191940731    0.01903599971   -0.04000234441
v     0.1919675819    0.01733477434   -0.04009297151
v     0.1919924137    0.01561495552   -0.04017571973
v     0.1920151067    0.01389096539   -0.04025073124
v     0.1920355405    0.01216319411    -0.0403177257
v     0.1920535945    0.01043203235   -0.04037642355
v     0.1920691538   0.008697903951   -0.04042657816
v     0.1920821145   0.006961297194   -0.04046800686
v     0.1920923739   0.005222707749   -0.04050053436
v     0.1920998292   0.003482631286   -0.04052398534
v     0.1921043777   0.001741563479   -0.04053818449
v     0.1921059166  1.618972245e-19    -0.0405429565
v     0.1921043777  -0.001741563479   -0.04053818449
v     0.1920998292  -0.003482631286   -0.04052398534
v     0.1920923739  -0.005222707749   -0.04050053436
v     0.1920821145  -0.006961297195   -0.04046800686
v     0.1920691538  -0.008697903951   -0.04042657816
v     0.1920535945   -0.01043203235   -0.04037642355
v     0.1920355405   -0.01216319411    -0.0403177257
v     0.1920151067   -0.01389096539   -0.04025073124
v     0.1919924137   -0.01561495552   -0.04017571973
v     0.1919675819   -0.01733477434   -0.04009297151
v      0.191940731   -0.01903599922   -0.04000234427
v     0.1919119826   -0.02069641196   -0.03989674877
v     0.1918814602   -0.02234998215   -0.03977394518
v     0.1918492877   -0.02399598972   -0.03963443755
v     0.1918155886    -0.0256337867    -0.0394787685
v     0.1917804866   -0.02726272821   -0.03930748232
v     0.1917441052   -0.02888216938   -0.03912112328
v     0.1917065681   -0.03049146537   -0.03892023567
v     0.1916679989   -0.03208997165   -0.03870536389
v     0.1916285193   -0.03367674886   -0.03847706624
v      0.191588248   -0.03497127472   -0.03815382575
v     0.1915473028   -0.03621866271   -0.03765908715
v     0.1915058008   -0.03740077664   -0.03700088485
v     0.1914638554   -0.03849916928   -0.03618724824
v     0.1914215778   -0.03949541966   -0.03522620978
v     0.1913790814   -0.04041382964   -0.03407895024
v     0.1913364704   -0.04117052171   -0.03282953522
v     0.1912938407   -0.04175764747   -0.03149750513
v     0.1912512883   -0.04216735852   -0.03010240037
v      0.191208909   -0.04239180568   -0.02866342402
v     0.1911667989   -0.04250773114   -0.02693652034
v     0.1911250523   -0.04259684448   -0.02520325594
v      0.191083751   -0.04265882989    -0.0234654973
v     0.1910429705   -0.04269341115   -0.02172475574
v     0.1910027855   -0.04270031254   -0.01998234384
v     0.1909632671   -0.04269015821   -0.01817123454
v     0.1909244752   -0.04267392826   -0.01636234401
v     0.1908865134   -0.04265180377   -0.01455637836
v     0.1908494535   -0.04262403631   -0.01275368276
v     0.1908133231   -0.04259097124   -0.01095436788
v     0.1907781478   -0.04255295796  -0.009158534209
v     0.1907439532    -0.0425103459  -0.007366282216
v     0.1907107647   -0.04246348447  -0.005577712382
v     0.1906786081    -0.0424127231  -0.003792925185
v     0.1906475088   -0.04235841119  -0.002012021105
v     0.1906174924   -0.04230089819 -0.0002351006188
v     0.1905885846   -0.04224053349   0.001537735794
v     0.1905608108   -0.04217766651   0.003306387656
v     0.1905341967   -0.04211264669   0.005070754487
v     0.1905087678   -0.04204582344   0.006830735811
v     0.1904845382   -0.04197751424   0.008586266592
v     0.1904614763    -0.0419079089    0.01033742357
v     0.1904395387   -0.04183716528    0.01208431894
v     0.1904186822   -0.04176544126    0.01382706488
v     0.1903988637    -0.0416928947    0.01556577357
v     0.1903800399   -0.04161968347    0.01730055721
v     0.1903621676   -0.04154596544    0.01903152798
v     0.1903452036   -0.04147189848    0.02075879807
v     0.1903291047   -0.04139764047    0.02248247966
v     0.1903138276   -0.04132334926    0.02420268493
v     0.1902993291   -0.04124918272    0.02591952608
v      0.190285566   -0.04117529874    0.02763311529
v      0.190272496    -0.0411018512    0.02934356454
v     0.1902600963   -0.04102890274    0.03105098101
v     0.1902483572     -0.040956452    0.03275527414
v     0.1902372472    -0.0408738621    0.03438592124
v     0.1902267384   -0.04077079747    0.03601039092
v     0.1902168051   -0.04064779775    0.03762783298
v     0.1902074215   -0.04050540113    0.03923720036
v      0.190198563    -0.0403441372     0.0408371072
v     0.1901902073   -0.04008241657    0.04214649945
v     0.1901823319   -0.03964360654    0.04340994902
v     0.1901749154   -0.03903566142    0.04460876752
v     0.1901679378   -0.03826652273    0.04572392493
v     0.1901613799   -0.03734412726      0.046736389
v     0.1901552188   -0.03635239742    0.04756264141
v     0.1901494359   -0.03526698158    0.04824204186
v     0.1901440183   -0.03410622301    0.04876705334
v     0.1901389532   -0.03288846497    0.04913013883
v     0.1901342279   -0.03163171338    0.04932376054
v     0.1901298295   -0.03009071537    0.04942497202
v     0.1901257453   -0.02854584439    0.04951578526
v     0.1901219626    -0.0269978084     0.0495961085
v     0.1901184684   -0.02544697801    0.04966584925
v     0.1901152502   -0.02389372385      0.049724915
v     0.1901122949   -0.02233841654    0.04977321324
v       0.19010959   -0.02078142668    0.04981065147
v     0.1901071228   -0.01922312379    0.04983713539
v     0.1901048865   -0.01766385144    0.04985252922
v     0.1901028776   -0.01606919285    0.04985938369
v     0.1901010879   -0.01446096636    0.04986513629
v     0.1900995102   -0.01285316237    0.04987024474
v      0.190098138   -0.01124572906     0.0498747308
v     0.1900969645  -0.009638614387    0.04987861588
v     0.1900959839  -0.008031768619     0.0498819133
v     0.1900951917  -0.006425146507    0.04988462063
v     0.1900945832  -0.004818703321    0.04988673367
v     0.1900941541  -0.003212394328    0.04988824821
v        0.1900939  -0.001606174798    0.04988916002
v     0.1900938162  1.349143537e-19    0.04988946489
v        0.1900939   0.001606174798    0.04988916002
v     0.1900941541   0.003212394328    0.04988824821
v     0.1900945832   0.004818703321    0.04988673367
v     0.1900951917   0.006425146507    0.04988462063
v     0.1900959839   0.008031768619     0.0498819133
v     0.1900969645   0.009638614387    0.04987861588
v      0.190098138    0.01124572906     0.0498747308
v     0.1900995102    0.01285316237    0.04987024474
v     0.1901010879    0.01446096636    0.04986513629
v     0.1901028776    0.01606919285    0.04985938369
v     0.1901048864    0.01766385151    0.04985252931
v     0.1901071222    0.01922312677    0.04983713931
v     0.1901095919    0.02078141674    0.04981063838
v     0.1901123044    0.02233836851    0.04977315016
v     0.1901152702    0.02389362216    0.04972478182
v     0.1901185001    0.02544681748     0.0496656398
v     0.1901220047    0.02699759424    0.04959583057
v     0.1901257947    0.02854559222    0.04951546058
v     0.1901298809    0.03009045116    0.04942463621
v     0.1901342752    0.03163146769    0.04932345457
v     0.1901389919    0.03288826184    0.04912989249
v     0.1901440454    0.03410607866    0.04876688334
v     0.1901494506    0.03526690224    0.04824195071
v     0.1901552233    0.03635237316    0.04756261419
v     0.1901613799    0.03734412726      0.046736389
v     0.1901679365    0.03826653167    0.04572392852
v     0.1901749119    0.03903568567    0.04460877697
v     0.1901823271    0.03964364013    0.04340996183
v     0.1901902031    0.04008244596    0.04214651055
v     0.1901985607    0.04034415329    0.04083711325
v     0.1902074211    0.04050540357    0.03923720127
v     0.1902168056    0.04064779398    0.03762783157
v     0.1902267389    0.04077079436    0.03601038975
v     0.1902372473    0.04087386162    0.03438592106
v     0.1902483572      0.040956452    0.03275527414
v     0.1902600963    0.04102890274    0.03105098101
v      0.190272496     0.0411018512    0.02934356454
v      0.190285566    0.04117529874    0.02763311529
v     0.1902993291    0.04124918272    0.02591952608
v     0.1903138276    0.04132334926    0.02420268493
v     0.1903291047    0.04139764047    0.02248247966
v     0.1903452036    0.04147189848    0.02075879807
v     0.1903621676    0.04154596544    0.01903152798
v     0.1903800399    0.04161968347    0.01730055721
v     0.1903988637     0.0416928947    0.01556577357
v     0.1904186822    0.04176544126    0.01382706488
v     0.1904395387    0.04183716528    0.01208431894
v     0.1904614763     0.0419079089    0.01033742357
v     0.1904845382    0.04197751424   0.008586266592
v     0.1945873392     0.0405026635   0.008074138606
v     0.1946166269    0.04057962717   0.006360922076
v     0.1946472797    0.04065451373   0.004642654538
v     0.1946792681    0.04072692075   0.002919451719
v     0.1947125627    0.04079644578   0.001191429343
v     0.1947471341    0.04086268637 -0.0005412968625
v     0.1947829527    0.04092524009  -0.002278611172
v     0.1948199891    0.04098370448  -0.004020397859
v     0.1948582139    0.04103767712  -0.005766541199
v     0.1948975976    0.04108675555  -0.007516925464
v     0.1949381107    0.04113053733  -0.009271434929
v     0.1949797239    0.04116862003   -0.01102995387
v     0.1950224075    0.04120060118   -0.01279236656
v     0.1950661301    0.04122608306   -0.01455854552
v     0.1951108086     0.0412447759   -0.01632809322
v      0.195156324    0.04125647115   -0.01810019042
v     0.1952026072    0.04124819553   -0.01979102095
v     0.1952495779    0.04120739048   -0.02147982475
v     0.1952971469     0.0411344059   -0.02316505544
v     0.1953452248     0.0410295957   -0.02484493083
v     0.1953937168    0.04089334095   -0.02651734825
v      0.195442519    0.04065172513   -0.02792691563
v     0.1954915262    0.04023532819   -0.02929423582
v     0.1955406307    0.03965135283   -0.03060150309
v     0.1955897172    0.03890705212   -0.03183058998
v     0.1956386678    0.03800970131   -0.03296336468
v     0.1956873721    0.03705253523   -0.03390812303
v     0.1957357073    0.03599904167   -0.03471650626
v     0.1957835353    0.03486616811   -0.03538111606
v     0.1958307176    0.03367086202   -0.03589455413
v     0.1958771161     0.0324297654   -0.03624942146
v     0.1959225924    0.03092111757   -0.03651492354
v     0.1959670083    0.02939915606   -0.03676475609
v     0.1960102255    0.02786485813   -0.03699826312
v     0.1960521056    0.02631889554   -0.03721478796
v     0.1960925105    0.02476194005   -0.03741367392
v     0.1961313018    0.02319466342   -0.03759426432
v     0.1961683413     0.0216177374   -0.03775590247
v     0.1962034902    0.02003184389   -0.03789793553
v     0.1962366024    0.01843789741   -0.03801979871
v     0.1962675279    0.01679588075   -0.03812419152
v     0.1962961279    0.01513202398   -0.03821949676
v     0.1963222646    0.01346336291   -0.03830589125
v     0.1963457992    0.01179034689    -0.0383830521
v     0.1963665929    0.01011342589   -0.03845065733
v     0.1963845134   0.008433088069   -0.03850842288
v     0.1963994409   0.006749895798   -0.03855613839
v     0.1964112571   0.005064419965   -0.03859360192
v     0.1964198437    0.00337723146   -0.03862061158
v     0.1964250824   0.001688901175   -0.03863696545
v     0.1964268549  1.864650842e-19   -0.03864246161
v     0.1964250824  -0.001688901175   -0.03863696545
v     0.1964198437  -0.003377231461   -0.03862061158
v     0.1964112571  -0.005064419965   -0.03859360192
v     0.1963994409  -0.006749895798   -0.03855613839
v     0.1963845134  -0.008433088069   -0.03850842288
v     0.1963665929   -0.01011342589   -0.03845065733
v     0.1963457992   -0.01179034689    -0.0383830521
v     0.1963222646   -0.01346336291   -0.03830589125
v     0.1962961279   -0.01513202398   -0.03821949676
v     0.1962675279   -0.01679588075   -0.03812419152
v     0.1962366024   -0.01843789684   -0.03801979855
v     0.1962034914   -0.02003182039   -0.03789792872
v     0.1961683373   -0.02161781591   -0.03775592519
v     0.1961312826   -0.02319504197   -0.03759437353
v     0.1960924697   -0.02476274013   -0.03741390371
v     0.1960520409   -0.02632015558   -0.03721514761
v     0.1960101387   -0.02786653348   -0.03699873713
v     0.1959669054   -0.02940111901   -0.03676530416
v     0.1959224833   -0.03092315776   -0.03651548073
v     0.1958770127   -0.03243163876   -0.03624991505
v     0.1958306302   -0.03367238582   -0.03589493639
v     0.1957834716   -0.03486723189   -0.03538136804
v     0.1957356717   -0.03599961774   -0.03471663587
v      0.195687361   -0.03705270893   -0.03390816015
v     0.1956386678   -0.03800970131   -0.03296336468
v     0.1955897226   -0.03890701259   -0.03183060062
v     0.1955406454   -0.03965124672   -0.03060153288
v     0.1954915467    -0.0402351823   -0.02929427813
v      0.195442537   -0.04065159789   -0.02792695305
v     0.1953937267   -0.04089327138   -0.02651736882
v     0.1953452263   -0.04102958515   -0.02484493396
v     0.1952971446   -0.04113442217   -0.02316505062
v      0.195249576   -0.04120740393   -0.02147982076
v     0.1952026069   -0.04124819764   -0.01979102033
v      0.195156324   -0.04125647115   -0.01810019042
v     0.1951108086    -0.0412447759   -0.01632809322
v     0.1950661301   -0.04122608306   -0.01455854552
v     0.1950224075   -0.04120060118   -0.01279236656
v     0.1949797239   -0.04116862003   -0.01102995387
v     0.1949381107   -0.04113053733  -0.009271434929
v     0.1948975976   -0.04108675555  -0.007516925464
v     0.1948582139   -0.04103767712  -0.005766541199
v     0.1948199891   -0.04098370448  -0.004020397859
v     0.1947829527   -0.04092524009  -0.002278611172
v     0.1947471341   -0.04086268637 -0.0005412968625
v     0.1947125627   -0.04079644578   0.001191429343
v     0.1946792681   -0.04072692075   0.002919451719
v     0.1946472797   -0.04065451373   0.004642654538
v     0.1946166269   -0.04057962717   0.006360922076
v     0.1945873392    -0.0405026635   0.008074138606
v     0.1945594328   -0.04042398841   0.009782229225
v     0.1945328712   -0.04034382047    0.01148528232
v     0.1945076046   -0.04026234153     0.0131834271
v     0.1944835832   -0.04017973341    0.01487679278
v     0.1944607572   -0.04009617793    0.01656550857
v     0.1944390769   -0.04001185691    0.01824970367
v     0.1944184925   -0.03992695219    0.01992950731
v     0.1943989542    -0.0398416456    0.02160504868
v     0.1943804122   -0.03975611894      0.023276457
v     0.1943628168   -0.03967055406    0.02494386147
v     0.1943461182   -0.03958513278    0.02660739132
v     0.1943302666   -0.03950003692    0.02826717575
v     0.1943152132   -0.03941544374    0.02992334372
v     0.1943009319   -0.03933142537     0.0315760187
v     0.1942874114   -0.03924798024     0.0332250904
v     0.1942746154   -0.03915253252    0.03478719524
v      0.194262512    -0.0390328631    0.03634207957
v     0.1942510712   -0.03888960814    0.03788873484
v     0.1942402637   -0.03872340211    0.03942591981
v     0.1942300609   -0.03853486976    0.04095208611
v     0.1942204372   -0.03825026656    0.04221242188
v     0.1942113668   -0.03780033623    0.04342811313
v     0.1942028248   -0.03719242197    0.04458194147
v     0.1941947883   -0.03643385244    0.04565637805
v     0.1941872352   -0.03553195087    0.04663389146
v     0.1941801393   -0.03458016503    0.04742344713
v     0.1941734788   -0.03354201986     0.0480773164
v      0.194167239   -0.03243423004    0.04858864608
v     0.1941614053   -0.03127351025    0.04895058298
v     0.1941559629    -0.0300762697    0.04915627325
v     0.1941508971   -0.02862051489    0.04927546747
v     0.1941461932   -0.02716025058    0.04938240651
v     0.1941418364   -0.02569622122     0.0494769795
v      0.194137812   -0.02422886578     0.0495590749
v     0.1941341053   -0.02275862322    0.04962858114
v     0.1941307017    -0.0212859325    0.04968538667
v     0.1941275862   -0.01981123259    0.04972937993
v     0.1941247446   -0.01833496114    0.04976044729
v      0.194122169     -0.016857526    0.04977842737
v     0.1941198553   -0.01533824761    0.04978633508
v      0.194117794   -0.01380291728    0.04979296063
v     0.1941159769   -0.01226807356    0.04979884429
v     0.1941143964   -0.01073365677    0.04980401111
v     0.1941130448   -0.00919960697    0.04980848575
v     0.1941119155  -0.007665866881    0.04981228355
v      0.194111003  -0.006132384389    0.04981540172
v     0.1941103022  -0.004599107974    0.04981783541
v      0.194109808  -0.003065986117    0.04981957978
v     0.1941095153  -0.001532967299    0.04982062996
v     0.1941094188  1.553875702e-19    0.04982098109
v     0.1941095153   0.001532967299    0.04982062996
v      0.194109808   0.003065986117    0.04981957978
v     0.1941103022   0.004599107974    0.04981783541
v      0.194111003   0.006132384389    0.04981540172
v     0.1941119155   0.007665866881    0.04981228355
v     0.1941130448    0.00919960697    0.04980848575
v     0.1941143964    0.01073365677    0.04980401111
v     0.1941159769    0.01226807356    0.04979884429
v      0.194117794    0.01380291728    0.04979296063
v     0.1941198553    0.01533824761    0.04978633508
v     0.1941221689    0.01685752608    0.04977842748
v     0.1941247439    0.01833496457     0.0497604518
v     0.1941275885    0.01981122113    0.04972936485
v     0.1941307126    0.02128587718    0.04968531402
v     0.1941341285     0.0227585061    0.04962842775
v     0.1941378484    0.02422868089    0.04955883367
v     0.1941418848    0.02569597457    0.04947665939
v       0.19414625    0.02715996015    0.04938203256
v     0.1941509563    0.02862021058     0.0492750807
v     0.1941560175    0.03007598673    0.04915592085
v     0.1941614499    0.03127327631    0.04895029927
v     0.1941672703    0.03243406379    0.04858845028
v     0.1941734958    0.03354192848    0.04807721142
v     0.1941801444    0.03458013709    0.04742341578
v     0.1941872352    0.03553195087    0.04663389146
v     0.1941947868    0.03643386274    0.04565638218
v     0.1942028208    0.03719244989    0.04458195235
v     0.1942113612    0.03780037492    0.04342812788
v     0.1942204323    0.03825030042    0.04221243466
v     0.1942300583     0.0385348883    0.04095209308
v     0.1942402633    0.03872340492    0.03942592087
v     0.1942510718     0.0388896038    0.03788873321
v     0.1942625125    0.03903285952    0.03634207822
v     0.1942746155    0.03915253196    0.03478719503
v     0.1942874114    0.03924798024     0.0332250904
v     0.1943009319    0.03933142537     0.0315760187
v     0.1943152132    0.03941544374    0.02992334372
v     0.1943302666    0.03950003692    0.02826717575
v     0.1943461182    0.03958513278    0.02660739132
v     0.1943628168    0.03967055406    0.02494386147
v     0.1943804122    0.03975611894      0.023276457
v     0.1943989542     0.0398416456    0.02160504868
v     0.1944184925    0.03992695219    0.01992950731
v     0.1944390769    0.04001185691    0.01824970367
v     0.1944607572    0.04009617793    0.01656550857
v     0.1944835832    0.04017973341    0.01487679278
v     0.1945076046    0.04026234153     0.0131834271
v     0.1945328712    0.04034382047    0.01148528232
v     0.1945594328    0.04042398841   0.009782229225
v     0.1986977006    0.03887691326   0.009353960619
v      0.198730658    0.03896352008   0.007690085285
v     0.1987651514    0.03904778954   0.006020526079
v     0.1988011478    0.03912926878   0.004345413225
v     0.1988386141    0.03920750493    0.00266487695
v      0.198877517    0.03928204513  0.0009790474793
v     0.1989178235     0.0393524365 -0.0007119449608
v     0.1989595004    0.03941822619  -0.002407970145
v     0.1990025145    0.03947896132  -0.004108897847
v     0.1990468328    0.03953418902   -0.00581459784
v      0.199092422    0.03958345643  -0.007524939901
v     0.1991392491    0.03962631069  -0.009239793801
v     0.1991872808    0.03966229892   -0.01095902932
v     0.1992364815    0.03969097354   -0.01268250301
v      0.199286758     0.0397120085    -0.0144097675
v     0.1993379763     0.0397251691   -0.01613989323
v     0.1993900586    0.03971543544   -0.01777578883
v     0.1994429144    0.03966826689   -0.01940926677
v     0.1994964436    0.03958407615   -0.02103854888
v     0.1995505454    0.03946328042   -0.02266158393
v     0.1996051132    0.03930632765    -0.0242760311
v     0.1996600301    0.03904735396   -0.02565343514
v     0.1997151776    0.03862451093   -0.02699025358
v     0.1997704346    0.03804435433   -0.02827011883
v     0.1998256714    0.03731349677    -0.0294763723
v     0.1998807553    0.03643857585   -0.03059235047
v      0.199935562    0.03552260374   -0.03151852735
v     0.1999899534      0.034516585   -0.03231975375
v     0.2000437739    0.03343582034   -0.03298926605
v     0.2000968679    0.03229561047   -0.03352030065
v     0.2001490799     0.0311109834   -0.03390609331
v     0.2002002542    0.02968414861   -0.03420826349
v     0.2002502352    0.02824223212   -0.03449243901
v     0.2002988672    0.02678627828   -0.03475787505
v     0.2003459947    0.02531705869   -0.03500382614
v     0.2003914621    0.02383534498   -0.03522954681
v     0.2004351138    0.02234190876   -0.03543429161
v     0.2004767941    0.02083752166   -0.03561731508
v      0.200516347    0.01932296667   -0.03577787606
v      0.200553608    0.01779928863   -0.03591533252
v     0.2005884083    0.01622010794   -0.03603282215
v     0.2006205917     0.0146157995   -0.03614006864
v     0.2006500032    0.01300608481   -0.03623728791
v     0.2006764866    0.01139146951   -0.03632411662
v     0.2006998856   0.009772459964   -0.03640019243
v     0.2007200514   0.008149605487   -0.03646519571
v     0.2007368493   0.006523538909   -0.03651888972
v      0.200750146   0.004894902652   -0.03656104725
v     0.2007598085   0.003264339135   -0.03659144108
v     0.2007657036   0.001632490777     -0.036609844
v     0.2007676982   2.09828194e-19    -0.0366160288
v     0.2007657036  -0.001632490777     -0.036609844
v     0.2007598085  -0.003264339135   -0.03659144108
v      0.200750146  -0.004894902652   -0.03656104725
v     0.2007368493   -0.00652353891   -0.03651888972
v     0.2007200514  -0.008149605487   -0.03646519571
v     0.2006998856  -0.009772459964   -0.03640019243
v     0.2006764866   -0.01139146951   -0.03632411662
v     0.2006500032    -0.0130060848   -0.03623728791
v     0.2006205917    -0.0146157995   -0.03614006864
v     0.2005884083   -0.01622010794   -0.03603282215
v      0.200553608     -0.017799288   -0.03591533233
v     0.2005163484   -0.01932294024    -0.0357778684
v     0.2004767896      -0.02083761   -0.03561734065
v     0.2004350922   -0.02234233474   -0.03543441451
v     0.2003914162   -0.02383624531   -0.03522980539
v     0.2003459219    -0.0253184766   -0.03500423085
v     0.2002987696   -0.02678816354   -0.03475840845
v     0.2002501193   -0.02824444103   -0.03449305576
v     0.2002001314   -0.02968644443   -0.03420889049
v     0.2001489636   -0.03111309148   -0.03390664874
v     0.2000967696   -0.03229732519   -0.03352073081
v     0.2000437023   -0.03343701741    -0.0329895496
v     0.1999899133   -0.03451723325   -0.03231989961
v     0.1999355495   -0.03552279921   -0.03151856912
v     0.1998807553   -0.03643857585   -0.03059235047
v     0.1998256775   -0.03731345229   -0.02947638426
v     0.1997704512   -0.03804423493   -0.02827015235
v     0.1997152007   -0.03862434676   -0.02699030119
v     0.1996600503   -0.03904721078   -0.02565347724
v     0.1996051243   -0.03930624936   -0.02427605425
v     0.1995505471   -0.03946326855   -0.02266158745
v      0.199496441   -0.03958409446   -0.02103854345
v     0.1994429122   -0.03966828202   -0.01940926228
v     0.1993900583   -0.03971543781   -0.01777578813
v     0.1993379763    -0.0397251691   -0.01613989323
v      0.199286758    -0.0397120085    -0.0144097675
v     0.1992364815   -0.03969097354   -0.01268250301
v     0.1991872808   -0.03966229892   -0.01095902932
v     0.1991392491   -0.03962631069  -0.009239793801
v      0.199092422   -0.03958345643  -0.007524939901
v     0.1990468328   -0.03953418902   -0.00581459784
v     0.1990025145   -0.03947896132  -0.004108897847
v     0.1989595004   -0.03941822619  -0.002407970145
v     0.1989178235    -0.0393524365 -0.0007119449609
v      0.198877517   -0.03928204513  0.0009790474793
v     0.1988386141   -0.03920750493    0.00266487695
v     0.1988011478   -0.03912926878   0.004345413225
v     0.1987651514   -0.03904778954   0.006020526079
v      0.198730658   -0.03896352008   0.007690085285
v     0.1986977006   -0.03887691326   0.009353960619
v     0.1986662977   -0.03878838058    0.01101206779
v     0.1986364081   -0.03869816802    0.01266450627
v     0.1986079757   -0.03860648019    0.01431142144
v     0.1985809445    -0.0385135217    0.01595295871
v     0.1985552586   -0.03841949715    0.01758926349
v     0.1985308619   -0.03832461115    0.01922048116
v     0.1985076983   -0.03822906831    0.02084675713
v      0.198485712   -0.03813307323    0.02246823681
v     0.1984648468   -0.03803683053    0.02408506558
v     0.1984450468   -0.03794054481    0.02569738884
v     0.1984262559   -0.03784442069    0.02730535201
v     0.1984084182   -0.03774866276    0.02890910048
v     0.1983914787   -0.03765347049    0.03050877937
v      0.198375408   -0.03755892505     0.0321045276
v     0.1983601934   -0.03746502468    0.03369621337
v     0.1983457942    -0.0373571967    0.03518725462
v     0.1983321742   -0.03722128249    0.03667003366
v        0.1983193   -0.03705801685    0.03814337757
v     0.1983071383   -0.03686813271    0.03960584383
v     0.1982956573   -0.03665235222    0.04105571538
v     0.1982848277   -0.03634500507    0.04226518985
v     0.1982746208   -0.03588442708    0.04343138104
v     0.1982650086   -0.03527733216    0.04453858225
v     0.1982559652   -0.03453041797    0.04557080851
v     0.1982474657   -0.03365037611    0.04651207196
v     0.1982394807   -0.03274045835    0.04726360008
v     0.1982319857   -0.03175171107    0.04789095272
v     0.1982249641   -0.03069917302    0.04838797969
v     0.1982183995   -0.02959788294    0.04874853082
v     0.1982122752   -0.02846260687    0.04896645529
v     0.1982065746   -0.02709529233      0.049103986
v     0.1982012813   -0.02572280338     0.0492273642
v     0.1981963786   -0.02434592239    0.04933645848
v       0.19819185   -0.02296515902    0.04943113681
v     0.1981876789   -0.02158102292    0.04951126716
v     0.1981838488   -0.02019402374    0.04957671749
v      0.198180343   -0.01880467114    0.04962735576
v     0.1981771454   -0.01741347331    0.04966304762
v      0.198174247   -0.01602090487    0.04968360496
v     0.1981716434   -0.01457984091    0.04969252041
v     0.1981693239   -0.01312016261    0.04969997611
v     0.1981672791   -0.01166103189    0.04970659696
v     0.1981655005   -0.01020238159    0.04971241116
v     0.1981639797  -0.008744144265    0.04971744645
v     0.1981627088  -0.007286255456    0.04972172009
v      0.198161682  -0.005828656518    0.04972522895
v     0.1981608934  -0.004371289478    0.04972796757
v     0.1981603373  -0.002914096362     0.0497299305
v     0.1981600079  -0.001457019194    0.04973111226
v     0.1981598994  1.748568283e-19    0.04973150739
v     0.1981600079   0.001457019194    0.04973111226
v     0.1981603373   0.002914096362     0.0497299305
v     0.1981608934   0.004371289478    0.04972796757
v      0.198161682   0.005828656518    0.04972522895
v     0.1981627088   0.007286255456    0.04972172009
v     0.1981639797   0.008744144265    0.04971744645
v     0.1981655005    0.01020238159    0.04971241116
v     0.1981672791    0.01166103189    0.04970659696
v     0.1981693239    0.01312016261    0.04969997611
v     0.1981716434    0.01457984091    0.04969252041
v      0.198174247    0.01602090496    0.04968360508
v     0.1981771446    0.01741347717     0.0496630527
v     0.1981803456    0.01880465824     0.0496273388
v     0.1981838611    0.02019396149    0.04957663573
v     0.1981877049    0.02158089112    0.04951109455
v      0.198191891    0.02296495097    0.04943086535
v     0.1981964332    0.02434564484    0.04933609826
v     0.1982013453    0.02572247656    0.04922694339
v     0.1982066412    0.02709494989    0.04910355076
v     0.1982123365    0.02846228844    0.04896605874
v     0.1982184496    0.02959761968    0.04874821155
v     0.1982249993    0.03069898594    0.04838775936
v     0.1982320048    0.03175160825    0.04789083458
v     0.1982394865    0.03274042691     0.0472635648
v     0.1982474657    0.03365037611    0.04651207196
v     0.1982559635    0.03453042956    0.04557081316
v     0.1982650041    0.03527736358     0.0445385945
v     0.1982746146    0.03588447062    0.04343139764
v     0.1982848223    0.03634504317    0.04226520423
v     0.1982956543    0.03665237308    0.04105572322
v     0.1983071379    0.03686813588    0.03960584502
v     0.1983193007    0.03705801196    0.03814337574
v     0.1983321748    0.03722127845    0.03667003215
v     0.1983457943    0.03735719607    0.03518725438
v     0.1983601934    0.03746502468    0.03369621337
v      0.198375408    0.03755892505     0.0321045276
v     0.1983914787    0.03765347049    0.03050877937
v     0.1984084182    0.03774866276    0.02890910048
v     0.1984262559    0.03784442069    0.02730535201
v     0.1984450468    0.03794054481    0.02569738884
v     0.1984648468    0.03803683053    0.02408506558
v      0.198485712    0.03813307323    0.02246823681
v     0.1985076983    0.03822906831    0.02084675713
v     0.1985308619    0.03832461115    0.01922048116
v     0.1985552586    0.03841949715    0.01758926349
v     0.1985809445     0.0385135217    0.01595295871
v     0.1986079757    0.03860648019    0.01431142144
v     0.1986364081    0.03869816802    0.01266450627
v     0.1986662977    0.03878838058    0.01101206779
v     0.2028130159    0.03719078589    0.01064603938
v     0.2028493157     0.0372861764   0.009033423775
v     0.2028873075     0.0373789925   0.007414547837
v     0.2029269547    0.03746873538   0.005789554999
v     0.2029682208    0.03755490627   0.004158588694
v     0.2030110693    0.03763700636   0.002521792357
v     0.2030554637    0.03771453685  0.0008793094198
v     0.2031013675    0.03778699894 -0.0007687166832
v     0.2031487441    0.03785389384  -0.002422142519
v     0.2031975571    0.03791472276  -0.004080824654
v       0.20324777    0.03796898689  -0.005744619655
v     0.2032993463    0.03801618743  -0.007413384089
v     0.2033522494     0.0380558256  -0.009086974522
v     0.2034064401    0.03808740841   -0.01076523297
v     0.2034618157    0.03811057675   -0.01244766668
v     0.2035182284    0.03812507209   -0.01413324192
v      0.203575593    0.03811381195   -0.01571146892
v     0.2036338094    0.03806025786   -0.01728685762
v     0.2036927676    0.03796488863   -0.01885740085
v     0.2037523564    0.03782818805   -0.02042078073
v     0.2038124585    0.03765067389   -0.02197442122
v     0.2038729451    0.03737461376   -0.02331706741
v     0.2039336857    0.03694580491   -0.02462080587
v     0.2039945469    0.03637015136   -0.02587072659
v     0.2040553858    0.03565361988   -0.02705165974
v     0.2041160563    0.03480220476   -0.02814843014
v     0.2041764215    0.03392879137   -0.02905362148
v     0.2042363293     0.0329717819   -0.02984542686
v     0.2042956083    0.03194481205   -0.03051772916
v     0.2043540871    0.03086151754   -0.03106441125
v     0.2044115945    0.02973529446   -0.03147935545
v     0.2044679589    0.02839254955   -0.03181652823
v     0.2045230089    0.02703303523   -0.03213341797
v     0.2045765733    0.02565786106   -0.03242919582
v     0.2046284805    0.02426789704    -0.0327030324
v     0.2046785592    0.02286401311   -0.03295409832
v      0.204726638    0.02144707926   -0.03318156419
v     0.2047725455    0.02001796546   -0.03338460061
v       0.20481611    0.01857755421   -0.03356238296
v     0.2048571499    0.01712701639   -0.03371419574
v     0.2048954797    0.01561354192   -0.03384362291
v     0.2049309272    0.01407168546   -0.03396174637
v     0.2049633216    0.01252387444   -0.03406882565
v     0.2049924909    0.01097066581   -0.03416446055
v     0.2050182631   0.009412617247     -0.034248252
v     0.2050404741   0.007850333805   -0.03431984793
v     0.2050589756   0.006284512491    -0.0343789876
v     0.2050736208   0.004715860879   -0.03442542076
v     0.2050842633   0.003145086543   -0.03445889714
v     0.2050907563   0.001572897059   -0.03447916649
v     0.2050929532   2.31109032e-19   -0.03448597855
v     0.2050907563  -0.001572897059   -0.03447916649
v     0.2050842633  -0.003145086543   -0.03445889714
v     0.2050736208  -0.004715860879   -0.03442542076
v     0.2050589756  -0.006284512491    -0.0343789876
v     0.2050404741  -0.007850333805   -0.03431984793
v     0.2050182631  -0.009412617247     -0.034248252
v     0.2049924909   -0.01097066581   -0.03416446055
v     0.2049633216   -0.01252387444   -0.03406882565
v     0.2049309272   -0.01407168546   -0.03396174637
v     0.2048954797   -0.01561354192   -0.03384362291
v     0.2048571499   -0.01712701569   -0.03371419554
v     0.2048161114   -0.01857752509   -0.03356237452
v     0.2047725406   -0.02001806276   -0.03338462877
v     0.2047266142   -0.02144754845   -0.03318169955
v     0.2046785086   -0.02286500475   -0.03295438313
v     0.2046284003   -0.02426945876   -0.03270347816
v     0.2045764657   -0.02565993753   -0.03242978332
v     0.2045228814   -0.02703546816   -0.03213409726
v     0.2044678236   -0.02839507822   -0.03181721882
v     0.2044114664   -0.02973761634   -0.03147996721
v     0.2043539788   -0.03086340616   -0.03106488503
v     0.2042955294   -0.03194613053   -0.03051804147
v     0.2042362851    -0.0329724959   -0.02984558751
v     0.2041764078   -0.03392900666   -0.02905366748
v     0.2041160563   -0.03480220476   -0.02814843014
v     0.2040553926   -0.03565357089   -0.02705167293
v     0.2039945652   -0.03637001984   -0.02587076351
v     0.2039337111   -0.03694562408   -0.02462085831
v     0.2038729673   -0.03737445605   -0.02331711378
v     0.2038124707   -0.03765058766   -0.02197444672
v     0.2037523583   -0.03782817498    -0.0204207846
v     0.2036927648    -0.0379649088   -0.01885739487
v     0.2036338071   -0.03806027452   -0.01728685268
v     0.2035755926   -0.03811381456   -0.01571146815
v     0.2035182284   -0.03812507209   -0.01413324192
v     0.2034618157   -0.03811057675   -0.01244766668
v     0.2034064401   -0.03808740841   -0.01076523297
v     0.2033522494    -0.0380558256  -0.009086974522
v     0.2032993463   -0.03801618743  -0.007413384089
v       0.20324777   -0.03796898689  -0.005744619655
v     0.2031975571   -0.03791472276  -0.004080824654
v     0.2031487441   -0.03785389384  -0.002422142519
v     0.2031013675   -0.03778699894 -0.0007687166833
v     0.2030554637   -0.03771453685  0.0008793094198
v     0.2030110693   -0.03763700636   0.002521792357
v     0.2029682208   -0.03755490627   0.004158588694
v     0.2029269547   -0.03746873538   0.005789554999
v     0.2028873075    -0.0373789925   0.007414547837
v     0.2028493157    -0.0372861764   0.009033423775
v     0.2028130159   -0.03719078589    0.01064603938
v     0.2027784281    -0.0370932742    0.01225230182
v      0.202745507   -0.03699391226    0.01385232063
v      0.202714191   -0.03689292542    0.01544625597
v     0.2026844183   -0.03679053905    0.01703426799
v     0.2026561273    -0.0366869785    0.01861651682
v     0.2026292563   -0.03658246914    0.02019316261
v     0.2026037435   -0.03647723631    0.02176436552
v     0.2025795273   -0.03637150539    0.02333028568
v      0.202556546   -0.03626550173    0.02489108325
v     0.2025347378   -0.03615945068    0.02644691836
v     0.2025140412   -0.03605357762    0.02799795117
v     0.2024943944   -0.03594810789    0.02954434182
v     0.2024757368   -0.03584326119    0.03108625017
v     0.2024580362   -0.03573912693     0.0326238292
v     0.2024412786   -0.03563570315    0.03415692385
v      0.202425419   -0.03551639994    0.03557560533
v     0.2024104177   -0.03536509957    0.03698501122
v     0.2023962378   -0.03518263564    0.03838380094
v     0.2023828427   -0.03496983968     0.0397703271
v     0.2023701972   -0.03472753148    0.04114270066
v     0.2023582693   -0.03439819184    0.04230038581
v     0.2023470272   -0.03392782094    0.04341619196
v     0.2023364401   -0.03332249697    0.04447593699
v     0.2023264795    -0.0325882804    0.04546519306
v      0.202317118   -0.03173122496    0.04636952911
v     0.2023083231   -0.03086447997    0.04708235875
v      0.202300068   -0.02992649363    0.04768265605
v     0.2022923343   -0.02893061314     0.0481649795
v     0.2022851038   -0.02789018567    0.04852388763
v     0.2022783584   -0.02681831879     0.0487539384
v     0.2022720797    -0.0255411307    0.04890977393
v     0.2022662496   -0.02425808527    0.04904955823
v     0.2022608497   -0.02297000356     0.0491731381
v     0.2022558618   -0.02167746701     0.0492803598
v     0.2022512676   -0.02038105704    0.04937106958
v      0.202247049    -0.0190813551    0.04944511369
v     0.2022431877   -0.01777894263    0.04950233838
v     0.2022396657   -0.01647439945    0.04954258734
v     0.2022364734   -0.01516826842    0.04956564506
v     0.2022336058   -0.01380691852    0.04957548641
v      0.202231051   -0.01242436063    0.04958369827
v     0.2022287988   -0.01104240586    0.04959099061
v     0.2022268399  -0.009660980232    0.04959739449
v     0.2022251648  -0.008280009464    0.04960294046
v      0.202223765  -0.006899422557    0.04960764753
v      0.202222634   -0.00551915492    0.04961151227
v     0.2022217655  -0.004139142701    0.04961452864
v      0.202221153  -0.002759322043    0.04961669065
v     0.2022207902  -0.001379629095    0.04961799226
v     0.2022206706    1.9259086e-19    0.04961842747
v     0.2022207902   0.001379629095    0.04961799226
v      0.202221153   0.002759322043    0.04961669065
v     0.2022217655   0.004139142701    0.04961452864
v      0.202222634    0.00551915492    0.04961151227
v      0.202223765   0.006899422557    0.04960764753
v     0.2022251648   0.008280009464    0.04960294046
v     0.2022268399   0.009660980232    0.04959739449
v     0.2022287988    0.01104240586    0.04959099061
v      0.202231051    0.01242436063    0.04958369827
v     0.2022336058    0.01380691852    0.04957548641
v     0.2022364734    0.01516826852    0.04956564519
v     0.2022396649     0.0164744037    0.04954259293
v     0.2022431905    0.01777892843    0.04950231969
v     0.2022470626    0.01908128654    0.04944502364
v     0.2022512963    0.02038091188    0.04937087946
v     0.2022559069    0.02167723785    0.04928006081
v     0.2022609097    0.02296969786    0.04917274135
v       0.20226632     0.0242577253    0.04904909475
v     0.2022721531    0.02554075353    0.04890929456
v      0.202278426    0.02681796807    0.04875350163
v      0.202285159    0.02788989571    0.04852353599
v      0.202292373    0.02893040709    0.04816473683
v      0.202300089    0.02992638038    0.04768252593
v     0.2023083295    0.03086444534    0.04708231989
v      0.202317118    0.03173122496    0.04636952911
v     0.2023264777    0.03258829317    0.04546519818
v     0.2023364351    0.03332253158    0.04447595049
v     0.2023470203    0.03392786889    0.04341621024
v     0.2023582633     0.0343982338    0.04230040165
v     0.2023701939    0.03472755446    0.04114270929
v     0.2023828422    0.03496984317    0.03977032841
v     0.2023962386    0.03518263026    0.03838379892
v     0.2024104183    0.03536509512    0.03698500955
v     0.2024254191    0.03551639924    0.03557560507
v     0.2024412786    0.03563570315    0.03415692385
v     0.2024580362    0.03573912693     0.0326238292
v     0.2024757368    0.03584326119    0.03108625017
v     0.2024943944    0.03594810789    0.02954434182
v     0.2025140412    0.03605357762    0.02799795117
v     0.2025347378    0.03615945068    0.02644691836
v      0.202556546    0.03626550173    0.02489108325
v     0.2025795273    0.03637150539    0.02333028568
v     0.2026037435    0.03647723631    0.02176436552
v     0.2026292563    0.03658246914    0.02019316261
v     0.2026561273     0.0366869785    0.01861651682
v     0.2026844183    0.03679053905    0.01703426799
v      0.202714191    0.03689292542    0.01544625597
v      0.202745507    0.03699391226    0.01385232063
v     0.2027784281     0.0370932742    0.01225230182
v     0.2069061421    0.03546728989    0.01192586139
v     0.2069453214    0.03557024721    0.01036574137
v     0.2069863269     0.0356704259   0.008798864413
v     0.2070291191     0.0357672876   0.007225385337
v     0.2070736586    0.03586029395   0.005645458953
v      0.207119906    0.03594890659   0.004059240071
v      0.207167822    0.03603258715   0.002466883502
v      0.207217367    0.03611079726  0.0008685440586
v     0.2072685018    0.03618299857 -0.0007356234492
v     0.2073211869    0.03624865271   -0.00234546421
v     0.2073753829    0.03630722132  -0.003960823412
v     0.2074310505    0.03635816603  -0.005581546245
v     0.2074881501    0.03640094848  -0.007207477897
v     0.2075466395    0.03643503658  -0.008838447849
v     0.2076064076    0.03646004273   -0.01047392428
v     0.2076672953    0.03647568791   -0.01211277888
v     0.2077292103     0.0364628509   -0.01363125522
v     0.2077920447    0.03640301816   -0.01514644573
v     0.2078556798    0.03629673725   -0.01665612227
v     0.2079199954    0.03614456109   -0.01815770887
v     0.2079848651    0.03594707941   -0.01964840265
v     0.2080501497    0.03565461612   -0.02095389761
v     0.2081157086    0.03522054354   -0.02222214725
v     0.2081813975    0.03465012174   -0.02343969201
v     0.2082470625    0.03394867864   -0.02459284374
v     0.2083125457    0.03312157185   -0.02566790848
v     0.2083776992    0.03229146898   -0.02654966212
v     0.2084423592    0.03138428985   -0.02732952095
v     0.2085063405    0.03041201801   -0.02800201499
v     0.2085694582    0.02938663705   -0.02856167424
v     0.2086315272    0.02831992369   -0.02900302822
v     0.2086923627    0.02706224946   -0.02937246983
v     0.2087517796    0.02578624989   -0.02971943197
v     0.2088095929    0.02449309624    -0.0300430094
v     0.2088656176    0.02318375298   -0.03034229637
v     0.2089196688    0.02185918455   -0.03061638716
v     0.2089715614    0.02052035541   -0.03086437603
v     0.2090211106    0.01916823002   -0.03108535725
v     0.2090681307    0.01780378635   -0.03127843023
v     0.2091124261    0.01642831365   -0.03144281217
v     0.2091537964    0.01498262376    -0.0315825336
v     0.2091920557    0.01350540576   -0.03171002715
v     0.2092270198    0.01202176087   -0.03182560044
v      0.209258503    0.01053229019   -0.03192882154
v     0.2092863195   0.009037595664    -0.0320192597
v     0.2093102924   0.007538330326   -0.03209653495
v     0.2093302615   0.006035246475   -0.03216036584
v     0.2093460685   0.004529107815   -0.03221048229
v     0.2093575552   0.003020678048   -0.03224661417
v     0.2093645632   0.001510720875   -0.03226849138
v     0.2093669344  2.494416496e-19    -0.0322758438
v     0.2093645632  -0.001510720875   -0.03226849138
v     0.2093575552  -0.003020678048   -0.03224661417
v     0.2093460685  -0.004529107816   -0.03221048229
v     0.2093302615  -0.006035246476   -0.03216036584
v     0.2093102924  -0.007538330326   -0.03209653495
v     0.2092863195  -0.009037595664    -0.0320192597
v      0.209258503   -0.01053229019   -0.03192882154
v     0.2092270198   -0.01202176087   -0.03182560044
v     0.2091920557   -0.01350540576   -0.03171002715
v     0.2091537964   -0.01498262376    -0.0315825336
v     0.2091124261   -0.01642831289   -0.03144281195
v     0.2090681323   -0.01780375492   -0.03127842113
v     0.2090211052   -0.01916833504   -0.03108538765
v     0.2089715357   -0.02052086182   -0.03086452213
v     0.2089196142   -0.02186025485   -0.03061669455
v     0.2088655311   -0.02318543858   -0.03034277748
v     0.2088094768   -0.02449533742   -0.03004364349
v     0.2087516419   -0.02578887581   -0.02972016515
v     0.2086922167   -0.02706497872    -0.0293732152
v     0.2086313889   -0.02832242976   -0.02900368851
v     0.2085693412   -0.02938867549   -0.02856218561
v     0.2085062554   -0.03041344108   -0.02800235208
v     0.2084423115   -0.03138506048   -0.02732969434
v     0.2083776844   -0.03229170135   -0.02654971177
v     0.2083125457   -0.03312157185   -0.02566790848
v     0.2082470697   -0.03394862576   -0.02459285797
v     0.2081814173   -0.03464997979   -0.02343973186
v      0.208115736   -0.03522034837   -0.02222220385
v     0.2080501737    -0.0356544459   -0.02095394766
v     0.2079848782   -0.03594698634   -0.01964843017
v     0.2079199974   -0.03614454698   -0.01815771305
v     0.2078556767   -0.03629675902   -0.01665611582
v     0.2077920422   -0.03640303614   -0.01514644039
v     0.2077292099   -0.03646285371   -0.01363125439
v     0.2076672953   -0.03647568791   -0.01211277888
v     0.2076064076   -0.03646004273   -0.01047392428
v     0.2075466395   -0.03643503658  -0.008838447849
v     0.2074881501   -0.03640094848  -0.007207477897
v     0.2074310505   -0.03635816603  -0.005581546245
v     0.2073753829   -0.03630722132  -0.003960823412
v     0.2073211869   -0.03624865271   -0.00234546421
v     0.2072685018   -0.03618299857 -0.0007356234493
v      0.207217367   -0.03611079726  0.0008685440585
v      0.207167822   -0.03603258715   0.002466883502
v      0.207119906   -0.03594890659   0.004059240071
v     0.2070736586   -0.03586029395   0.005645458953
v     0.2070291191    -0.0357672876   0.007225385337
v     0.2069863269    -0.0356704259   0.008798864413
v     0.2069453214   -0.03557024721    0.01036574137
v     0.2069061421   -0.03546728989    0.01192586139
v     0.2068688107   -0.03536204313    0.01347912429
v     0.2068332782   -0.03525479935    0.01502564829
v      0.206799478   -0.03514580178    0.01656560624
v     0.2067673436   -0.03503529365    0.01809917101
v     0.2067368085   -0.03492351821    0.01962651543
v     0.2067078059   -0.03481071869    0.02114781235
v     0.2066802693   -0.03469713832    0.02266323464
v     0.2066541321   -0.03458302034    0.02417295512
v     0.2066293278   -0.03446860798    0.02567714667
v     0.2066057898   -0.03435414449    0.02717598211
v     0.2065834514   -0.03423987309    0.02866963432
v     0.2065622461   -0.03412603702    0.03015827612
v     0.2065421086   -0.03401287341    0.03164208006
v     0.2065230038   -0.03390047875    0.03312121128
v      0.206504917   -0.03378885092    0.03459548984
v     0.2064877993   -0.03365940037    0.03594176478
v      0.206471608   -0.03349406767    0.03727780596
v     0.2064563033   -0.03329378332    0.03860210474
v     0.2064418456   -0.03305947556    0.03991280877
v      0.206428197   -0.03279206008     0.0412078567
v     0.2064153229    -0.0324420909    0.04231371868
v     0.2064031891   -0.03196315938    0.04337912837
v     0.2063917621   -0.03136071357    0.04439141184
v     0.2063810115   -0.03064018252    0.04533768179
v     0.2063709074     -0.029806988    0.04620504742
v     0.2063614148   -0.02898408249    0.04687918036
v     0.2063525048   -0.02809743549    0.04745233981
v     0.2063441577   -0.02715871916    0.04791978502
v     0.2063363537   -0.02617960565    0.04827677523
v     0.2063290732   -0.02517156027     0.0485185692
v     0.2063222965   -0.02398464312    0.04869228906
v     0.2063160038    -0.0227911783    0.04884809696
v     0.2063101756   -0.02159202568    0.04898581687
v      0.206304792   -0.02038783828    0.04910527231
v     0.2062998335   -0.01917926913    0.04920628678
v     0.2062952802   -0.01796697128    0.04928868378
v     0.2062911126   -0.01675159774    0.04935228683
v     0.2062873112   -0.01553379982    0.04939691664
v     0.2062838657   -0.01431418889    0.04942233008
v     0.2062807706   -0.01303269079    0.04943297961
v     0.2062780131   -0.01172740765    0.04944184287
v     0.2062755823   -0.01042277547    0.04944971367
v      0.206273468  -0.009118714409    0.04945662553
v       0.20627166  -0.007815144289    0.04946261144
v     0.2062701492   -0.00651198848    0.04946769189
v     0.2062689285  -0.005209177268     0.0494718632
v     0.2062679911  -0.003906641733    0.04947511884
v       0.20626733  -0.002604312957    0.04947745235
v     0.2062669384  -0.001302122019    0.04947885721
v     0.2062668094  2.078680413e-19    0.04947932695
v     0.2062669384   0.001302122019    0.04947885721
v       0.20626733   0.002604312957    0.04947745235
v     0.2062679911   0.003906641733    0.04947511884
v     0.2062689285   0.005209177268     0.0494718632
v     0.2062701492    0.00651198848    0.04946769189
v       0.20627166   0.007815144289    0.04946261144
v      0.206273468   0.009118714409    0.04945662553
v     0.2062755823    0.01042277547    0.04944971367
v     0.2062780131    0.01172740765    0.04944184287
v     0.2062807706    0.01303269079    0.04943297961
v     0.2062838657      0.014314189    0.04942233023
v     0.2062873103     0.0155338044    0.04939692268
v     0.2062911156    0.01675158241    0.04935226666
v     0.2062952948    0.01796689727    0.04928858659
v     0.2062998644    0.01917911246    0.04920608158
v     0.2063048407    0.02038759094     0.0491049496
v     0.2063102404    0.02159169572    0.04898538865
v     0.2063160799    0.02279078978    0.04884759671
v     0.2063223757    0.02398423603    0.04869177166
v     0.2063291461    0.02517118173    0.04851809778
v     0.2063364133    0.02617929269    0.04827639569
v     0.2063441995    0.02715849677     0.0479195231
v     0.2063525276    0.02809731325    0.04745219937
v     0.2063614217    0.02898404511    0.04687913842
v     0.2063709074      0.029806988    0.04620504742
v     0.2063810095     0.0306401963    0.04533768731
v     0.2063917568    0.03136075093    0.04439142641
v     0.2064031817    0.03196321114     0.0433791481
v     0.2064153165    0.03244213619    0.04231373578
v     0.2064281935    0.03279208487    0.04120786603
v     0.2064418451    0.03305947932    0.03991281019
v     0.2064563041    0.03329377751    0.03860210256
v     0.2064716087    0.03349406288    0.03727780416
v     0.2064877994    0.03365939962     0.0359417645
v      0.206504917    0.03378885092    0.03459548984
v     0.2065230038    0.03390047875    0.03312121128
v     0.2065421086    0.03401287341    0.03164208006
v     0.2065622461    0.03412603702    0.03015827612
v     0.2065834514    0.03423987309    0.02866963432
v     0.2066057898    0.03435414449    0.02717598211
v     0.2066293278    0.03446860798    0.02567714667
v     0.2066541321    0.03458302034    0.02417295512
v     0.2066802693    0.03469713832    0.02266323464
v     0.2067078059    0.03481071869    0.02114781235
v     0.2067368085    0.03492351821    0.01962651543
v     0.2067673436    0.03503529365    0.01809917101
v      0.206799478    0.03514580178    0.01656560624
v     0.2068332782    0.03525479935    0.01502564829
v     0.2068688107    0.03536204313    0.01347912429
v     0.2109504074    0.03372957009    0.01316926419
v     0.2109918728    0.03383853493    0.01166218766
v     0.2110352709      0.033944559    0.01014795994
v       0.21108056    0.03404707255   0.008626744863
v     0.2111276983    0.03414550578   0.007098706282
v     0.2111766443    0.03423928893   0.005564008039
v     0.2112273561    0.03432785222   0.004022813977
v     0.2112797921    0.03441062587   0.002475287942
v     0.2113339106     0.0344870401  0.0009215937779
v     0.2113896699    0.03455652513 -0.0006381046715
v     0.2114470282    0.03461851119  -0.002203643562
v     0.2115059439     0.0346724285  -0.003774859048
v     0.2115663753    0.03471770729  -0.005351587286
v     0.2116282775    0.03475378442  -0.006933647806
v     0.2116915331    0.03478024967  -0.008520477754
v     0.2117559736    0.03479680773   -0.01011086722
v     0.2118215013    0.03478236182   -0.01156817609
v      0.211888002    0.03471648401   -0.01302172769
v     0.2119553502    0.03459979254   -0.01446908624
v     0.2120234186    0.03443291126   -0.01590743205
v     0.2120920734     0.0342165031   -0.01733374922
v     0.2121611673    0.03390872139   -0.01859992162
v     0.2122305515    0.03347030018   -0.01983046431
v     0.2123000734    0.03290587586   -0.02101333491
v     0.2123695699    0.03222015668   -0.02213629306
v      0.212438874    0.03141788237   -0.02318709225
v     0.2125078293    0.03063122754   -0.02404293182
v     0.2125762621    0.02977398541    -0.0248080838
v     0.2126439767    0.02885653095   -0.02547771496
v     0.2127107772     0.0278892391   -0.02604699208
v      0.212776468    0.02688230986   -0.02651108152
v     0.2128408532    0.02570939409   -0.02690902615
v      0.212903737    0.02451677859   -0.02728244071
v     0.2129649237    0.02330569111   -0.02763035375
v     0.2130242175    0.02207718441   -0.02795179341
v     0.2130814225    0.02083231126   -0.02824578784
v     0.2131363431    0.01957212443   -0.02851136519
v     0.2131887834    0.01829767667   -0.02874755361
v     0.2132385471    0.01701003509   -0.02895338668
v     0.2132854271    0.01571059617   -0.02912802266
v     0.2133292114    0.01433396508   -0.02927593138
v     0.2133697031    0.01292284088   -0.02941086413
v     0.2134067073    0.01150491478   -0.02953318109
v     0.2134400275    0.01008082296   -0.02964242509
v     0.2134694672   0.008651202486   -0.02973814028
v     0.2134948389   0.007216744493   -0.02981992451
v     0.2135159732    0.00577824518   -0.02988747992
v     0.2135327025    0.00433651281   -0.02994052064
v     0.2135448594   0.002892355647    -0.0299787608
v     0.2135522764   0.001446581956   -0.03000191453
v     0.2135547859  2.639964724e-19   -0.03000969597
v     0.2135522764  -0.001446581956   -0.03000191453
v     0.2135448594  -0.002892355647    -0.0299787608
v     0.2135327025   -0.00433651281   -0.02994052064
v     0.2135159732   -0.00577824518   -0.02988747992
v     0.2134948389  -0.007216744494   -0.02981992451
v     0.2134694672  -0.008651202486   -0.02973814028
v     0.2134400275   -0.01008082296   -0.02964242509
v     0.2134067073   -0.01150491478   -0.02953318109
v     0.2133697031   -0.01292284088   -0.02941086413
v     0.2133292114   -0.01433396508   -0.02927593138
v     0.2132854272   -0.01571059538   -0.02912802243
v     0.2132385488   -0.01701000183   -0.02895337704
v     0.2131887777   -0.01829778782   -0.02874758578
v     0.2131363159   -0.01957266038   -0.02851151981
v     0.2130813647   -0.02083344402   -0.02824611317
v     0.2130241259   -0.02207896837   -0.02795230259
v     0.2129648009   -0.02330806306   -0.02763102484
v     0.2129035913   -0.02451955774   -0.02728321667
v     0.2128406987   -0.02571228259   -0.02690981502
v     0.2127763217   -0.02688496216   -0.02651178034
v     0.2127106534   -0.02789139649   -0.02604753328
v     0.2126438866   -0.02885803705   -0.02547807171
v     0.2125762117   -0.02977480102   -0.02480826731
v     0.2125078136   -0.03063147347   -0.02404298438
v      0.212438874   -0.03141788237   -0.02318709225
v     0.2123695776   -0.03222010072   -0.02213630812
v     0.2123000943   -0.03290572563   -0.02101337708
v     0.2122305805   -0.03347009362   -0.01983052421
v     0.2121611927   -0.03390854124    -0.0185999746
v     0.2120920873    -0.0342164046   -0.01733377835
v     0.2120234207   -0.03443289632   -0.01590743648
v     0.2119553469   -0.03459981558   -0.01446907941
v     0.2118879994   -0.03471650305   -0.01302172204
v     0.2118215008   -0.03478236479   -0.01156817521
v     0.2117559736   -0.03479680773   -0.01011086722
v     0.2116915331   -0.03478024967  -0.008520477754
v     0.2116282775   -0.03475378442  -0.006933647806
v     0.2115663753   -0.03471770729  -0.005351587286
v     0.2115059439    -0.0346724285  -0.003774859048
v     0.2114470282   -0.03461851119  -0.002203643562
v     0.2113896699   -0.03455652513 -0.0006381046715
v     0.2113339106    -0.0344870401  0.0009215937778
v     0.2112797921   -0.03441062587   0.002475287942
v     0.2112273561   -0.03432785222   0.004022813977
v     0.2111766443   -0.03423928893   0.005564008039
v     0.2111276983   -0.03414550578   0.007098706282
v       0.21108056   -0.03404707255   0.008626744863
v     0.2110352709     -0.033944559    0.01014795994
v     0.2109918728   -0.03383853493    0.01166218766
v     0.2109504074   -0.03372957009    0.01316926419
v     0.2109108976   -0.03361818223    0.01466908347
v     0.2108732918   -0.03350468081    0.01616177065
v     0.2108375194   -0.03338932327    0.01764750867
v       0.21080351   -0.03327236704    0.01912648044
v     0.2107711931   -0.03315406955    0.02059886892
v     0.2107404983   -0.03303468821    0.02206485704
v     0.2107113549   -0.03291448047    0.02352462773
v     0.2106836927   -0.03279370375    0.02497836393
v     0.2106574411   -0.03267261548    0.02642624857
v     0.2106325296   -0.03255147309    0.02786846459
v     0.2106088877     -0.032430534    0.02930519492
v     0.2105864451   -0.03231005564    0.03073662251
v     0.2105651326   -0.03219028898    0.03216292993
v     0.2105449131   -0.03207133613    0.03358429199
v     0.2105257709   -0.03195319486    0.03500050246
v     0.2105076544   -0.03181533105    0.03627556205
v     0.2104905183   -0.03163779741    0.03753951103
v     0.2104743206   -0.03142161742     0.0387906751
v     0.2104590193   -0.03116781219    0.04002700042
v     0.2104445743   -0.03087738962    0.04124625588
v     0.2104309491   -0.03050874658     0.0423011468
v     0.2104181072   -0.03002284893    0.04331701389
v     0.2104060135   -0.02942453201    0.04428264629
v     0.2103946355   -0.02871861111    0.04518665119
v     0.2103839419   -0.02790989385    0.04601763211
v     0.2103738954   -0.02713085633    0.04665373639
v     0.2103644655   -0.02629534439    0.04720012816
v     0.2103556313   -0.02541340338    0.04765274598
v      0.210347372   -0.02449507868    0.04800752839
v     0.2103396667   -0.02355024066    0.04826041357
v     0.2103324945   -0.02245221062    0.04845121617
v     0.2103258347   -0.02134694575    0.04862232271
v     0.2103196664   -0.02023534421    0.04877353352
v     0.2103139687   -0.01911812918    0.04890464855
v     0.2103087208   -0.01799602382    0.04901546772
v     0.2103039019   -0.01686975132    0.04910579098
v     0.2102994911   -0.01574003484    0.04917541827
v     0.2102954679   -0.01460759573    0.04922414658
v     0.2102918213   -0.01347311307     0.0492517053
v     0.2102885457   -0.01227025428    0.04926301083
v     0.2102856273   -0.01104109728    0.04927239126
v     0.2102830546  -0.009812629205    0.04928072132
v     0.2102808169  -0.008584765586    0.04928803649
v     0.2102789034  -0.007357421551    0.04929437166
v     0.2102773045  -0.006130516002    0.04929974856
v     0.2102760126  -0.004903975157    0.04930416326
v     0.2102750204  -0.003677726075    0.04930760887
v     0.2102743208  -0.002451695815    0.04931007854
v     0.2102739063  -0.001225811437    0.04931156538
v     0.2102737698  2.199970603e-19    0.04931206252
v     0.2102739063   0.001225811437    0.04931156538
v     0.2102743208   0.002451695815    0.04931007854
v     0.2102750204   0.003677726075    0.04930760887
v     0.2102760126   0.004903975157    0.04930416326
v     0.2102773045   0.006130516002    0.04929974856
v     0.2102789034   0.007357421551    0.04929437166
v     0.2102808169   0.008584765586    0.04928803649
v     0.2102830546   0.009812629205    0.04928072132
v     0.2102856273    0.01104109728    0.04927239126
v     0.2102885457    0.01227025428    0.04926301083
v     0.2102918213    0.01347311318    0.04925170546
v      0.210295467    0.01460760058    0.04922415297
v     0.2102994943    0.01574001862    0.04917539692
v     0.2103039174      0.016869673    0.04910568812
v     0.2103087535    0.01799585801    0.04901525055
v     0.2103140203    0.01911786741    0.04890430701
v      0.210319735      0.020234995    0.04877308031
v     0.2103259152    0.02134653456    0.04862179327
v     0.2103325783    0.02245177978    0.04845066858
v     0.2103397439    0.02354984003    0.04825991465
v     0.2103474351    0.02449474746    0.04800712671
v     0.2103556756    0.02541316801    0.04765246877
v     0.2103644896    0.02629521502    0.04719997953
v     0.2103739027    0.02713081678      0.046653692
v     0.2103839419    0.02790989385    0.04601763211
v     0.2103946334    0.02871862569    0.04518665704
v     0.2104060078    0.02942457154    0.04428266171
v     0.2104180994    0.03002290371    0.04331703477
v     0.2104309422    0.03050879451    0.04230116489
v     0.2104445706    0.03087741587    0.04124626575
v     0.2104590187    0.03116781617    0.04002700192
v     0.2104743215    0.03142161128    0.03879067279
v     0.2104905191    0.03163779233    0.03753950913
v     0.2105076545    0.03181533025    0.03627556176
v     0.2105257709    0.03195319486    0.03500050246
v     0.2105449131    0.03207133613    0.03358429199
v     0.2105651326    0.03219028898    0.03216292993
v     0.2105864451    0.03231005564    0.03073662251
v     0.2106088877      0.032430534    0.02930519492
v     0.2106325296    0.03255147309    0.02786846459
v     0.2106574411    0.03267261548    0.02642624857
v     0.2106836927    0.03279370375    0.02497836393
v     0.2107113549    0.03291448047    0.02352462773
v     0.2107404983    0.03303468821    0.02206485704
v     0.2107711931    0.03315406955    0.02059886892
v       0.21080351    0.03327236704    0.01912648044
v     0.2108375194    0.03338932327    0.01764750867
v     0.2108732918    0.03350468081    0.01616177065
v     0.2109108976    0.03361818223    0.01466908347
v     0.2149203878    0.03200024872    0.01435313838
v     0.2149634252    0.03211334463    0.01289897963
v     0.2150084686    0.03222338829    0.01143739856
v     0.2150554747    0.03232978832   0.009968565235
v     0.2151044002    0.03243195336   0.008492649712
v     0.2151552018    0.03252929201   0.007009822046
v     0.2152078362    0.03262121291   0.005520252293
v     0.2152622602    0.03270712467   0.004024110508
v     0.2153184304    0.03278643591   0.002521566748
v     0.2153763036    0.03285855526   0.001012791069
v     0.2154358365    0.03292289134 -0.0005020464736
v     0.2154969858    0.03297885276  -0.002022775823
v     0.2155597083    0.03302584816  -0.003549226924
v     0.2156239573    0.03306329304  -0.005081212465
v      0.215689611    0.03309076164  -0.006618148251
v     0.2157564946    0.03310794745  -0.008158758775
v     0.2158245066    0.03309187872  -0.009554143573
v     0.2158935285     0.0330203102    -0.0109452789
v     0.2159634299     0.0328939319   -0.01232953961
v      0.216034079    0.03271343973   -0.01370388228
v     0.2161053366     0.0324795702   -0.01506509688
v     0.2161770501      0.032157934   -0.01629001255
v     0.2162490647    0.03171627712   -0.01748083735
v     0.2163212223    0.03115864436   -0.01862688775
v     0.2163933536    0.03048915526   -0.01971731161
v     0.2164652851    0.02971196196   -0.02074125047
v     0.2165368546    0.02896829467   -0.02156870059
v     0.2166078819    0.02816040125   -0.02231618468
v     0.2166781636    0.02729712096   -0.02297948531
v     0.2167474967    0.02638729303   -0.02355438505
v      0.216815678    0.02543961206   -0.02403666615
v     0.2168825041    0.02434988966   -0.02445838285
v      0.216947772    0.02323932124   -0.02485371553
v     0.2170112784     0.0221091842   -0.02522163921
v     0.2170728201    0.02096061127   -0.02556112862
v     0.2171321939    0.01979473518   -0.02587115847
v     0.2171891966    0.01861268868   -0.02615070347
v      0.217243625     0.0174156045   -0.02639873833
v     0.2172952755    0.01620463025   -0.02661424339
v     0.2173439328    0.01498125542   -0.02679632842
v     0.2173893769    0.01367416361   -0.02694988792
v     0.2174314038    0.01232986395   -0.02708993624
v     0.2174698109    0.01097850451   -0.02721689046
v     0.2175043944   0.009620745595   -0.02733027612
v     0.2175349501   0.008257248422   -0.02742962007
v     0.2175612838   0.006888730333    -0.0275145049
v     0.2175832193   0.005516017709   -0.02758462146
v     0.2176005828   0.004139949457   -0.02763967306
v     0.2176132006   0.002761364483   -0.02767936298
v     0.2176208988   0.001381101695   -0.02770339452
v     0.2176235035  2.740051003e-19   -0.02771147097
v     0.2176208988  -0.001381101695   -0.02770339452
v     0.2176132006  -0.002761364483   -0.02767936298
v     0.2176005828  -0.004139949457   -0.02763967306
v     0.2175832193   -0.00551601771   -0.02758462146
v     0.2175612838  -0.006888730334    -0.0275145049
v     0.2175349501  -0.008257248422   -0.02742962007
v     0.2175043944  -0.009620745595   -0.02733027612
v     0.2174698109    -0.0109785045   -0.02721689046
v     0.2174314038   -0.01232986395   -0.02708993624
v     0.2173893769   -0.01367416361   -0.02694988792
v     0.2173439328   -0.01498125459   -0.02679632818
v     0.2172952772   -0.01620459572   -0.02661423339
v     0.2172436192   -0.01741571987   -0.02639877172
v     0.2171891684   -0.01861324495   -0.02615086396
v     0.2171321339   -0.01979591088   -0.02587149614
v     0.2170727251   -0.02096246286   -0.02556165712
v     0.2170111509   -0.02211164608   -0.02522233575
v     0.2169476208   -0.02324220575    -0.0248545209
v     0.2168823438   -0.02435288767   -0.02445920163
v     0.2168155261   -0.02544236491   -0.02403739147
v     0.2167473683    -0.0263895322   -0.02355494678
v     0.2166780702   -0.02729868416   -0.02297985559
v     0.2166078295   -0.02816124777   -0.02231637514
v     0.2165368384   -0.02896854992   -0.02156875514
v     0.2164652851   -0.02971196196   -0.02074125047
v     0.2163933615   -0.03048909718   -0.01971732724
v      0.216321244   -0.03115848844   -0.01862693151
v     0.2162490948   -0.03171606272   -0.01748089953
v     0.2161770764   -0.03215774702   -0.01629006753
v     0.2161053511   -0.03247946797   -0.01506512711
v     0.2160340812   -0.03271342423   -0.01370388688
v     0.2159634266   -0.03289395582   -0.01232953252
v     0.2158935257   -0.03302032996   -0.01094527304
v     0.2158245061   -0.03309188182  -0.009554142656
v     0.2157564946   -0.03310794745  -0.008158758775
v      0.215689611   -0.03309076164  -0.006618148251
v     0.2156239573   -0.03306329304  -0.005081212465
v     0.2155597083   -0.03302584816  -0.003549226924
v     0.2154969858   -0.03297885276  -0.002022775823
v     0.2154358365   -0.03292289134 -0.0005020464736
v     0.2153763036   -0.03285855526   0.001012791069
v     0.2153184304   -0.03278643591   0.002521566748
v     0.2152622602   -0.03270712467   0.004024110508
v     0.2152078362   -0.03262121291   0.005520252293
v     0.2151552018   -0.03252929201   0.007009822046
v     0.2151044002   -0.03243195336   0.008492649712
v     0.2150554747   -0.03232978832   0.009968565235
v     0.2150084686   -0.03222338829    0.01143739856
v     0.2149634252   -0.03211334463    0.01289897963
v     0.2149203878   -0.03200024872    0.01435313838
v     0.2148793802   -0.03188463792    0.01579976476
v     0.2148403486   -0.03176683344    0.01723898864
v       0.21480322   -0.03164710247     0.0186709999
v     0.2147679213    -0.0315257122     0.0200959884
v     0.2147343792   -0.03140292981    0.02151414401
v     0.2147025206    -0.0312790225    0.02292565662
v     0.2146722724   -0.03115425745    0.02433071608
v     0.2146435614   -0.03102890184    0.02572951227
v     0.2146163145   -0.03090322288    0.02712223505
v     0.2145904586   -0.03077748774    0.02850907431
v     0.2145659205   -0.03065196361    0.02989021991
v      0.214542627   -0.03052691768    0.03126586172
v     0.2145205065   -0.03040261042    0.03263618926
v     0.2144995204   -0.03027914783    0.03400138394
v     0.2144796525   -0.03015652759    0.03536121201
v     0.2144608491   -0.03001236195    0.03656743809
v     0.2144430635    -0.0298249045     0.0377617826
v     0.2144262516   -0.02959526589    0.03894241069
v     0.2144103702    -0.0293245543    0.04010707389
v     0.2143953776   -0.02901386433    0.04125337665
v     0.2143812358   -0.02862905942    0.04225900073
v     0.2143679071   -0.02813812617    0.04322701117
v     0.2143553549   -0.02754531589    0.04414758743
v     0.2143435455   -0.02685485917     0.0450107571
v     0.2143324465   -0.02607097866    0.04580654394
v     0.2143220192   -0.02533521747    0.04640592818
v     0.2143122317   -0.02454987807    0.04692635843
v     0.2143030626   -0.02372345762     0.0473644183
v     0.2142944902   -0.02286445327    0.04771669143
v     0.2142864927   -0.02198121753     0.0479797611
v     0.2142790487   -0.02096921993     0.0481864826
v     0.2142721364   -0.01994931378    0.04837183735
v     0.2142657342   -0.01892243439    0.04853560144
v     0.2142598205   -0.01788937241    0.04867755064
v     0.2142543736   -0.01685091848     0.0487974607
v      0.214249372   -0.01580786327    0.04889510738
v      0.214244794   -0.01476099741    0.04897026644
v     0.2142406183   -0.01371110966    0.04902271059
v     0.2142368335    -0.0126589449    0.04905214237
v     0.2142334336   -0.01153221346    0.04906391977
v     0.2142304046   -0.01037677972    0.04907365583
v     0.2142277344  -0.009222061042     0.0490823017
v     0.2142254119  -0.008067969727     0.0490898942
v     0.2142234258  -0.006914417696    0.04909646956
v     0.2142217662  -0.005761320774    0.04910205031
v     0.2142204254  -0.004608602382    0.04910663237
v     0.2142193956  -0.003456186815    0.04911020862
v     0.2142186694  -0.002303998367    0.04911277191
v     0.2142182392   -0.00115196133    0.04911431512
v     0.2142180975  2.283375836e-19     0.0491148311
v     0.2142182392    0.00115196133    0.04911431512
v     0.2142186694   0.002303998367    0.04911277191
v     0.2142193956   0.003456186815    0.04911020862
v     0.2142204254   0.004608602382    0.04910663237
v     0.2142217662   0.005761320774    0.04910205031
v     0.2142234258   0.006914417696    0.04909646956
v     0.2142254119   0.008067969727     0.0490898942
v     0.2142277344   0.009222061042     0.0490823017
v     0.2142304046    0.01037677972    0.04907365583
v     0.2142334336    0.01153221346    0.04906391977
v     0.2142368334    0.01265894503    0.04905214253
v     0.2142406173     0.0137111147    0.04902271722
v     0.2142447973    0.01476098058    0.04897024428
v     0.2142493881    0.01580778198    0.04889500062
v     0.2142544076    0.01685074638    0.04879723529
v      0.214259874    0.01788910071    0.04867719615
v     0.2142658054    0.01892207194    0.04853513105
v     0.2142722199    0.01994888699    0.04837128784
v     0.2142791356    0.02096877275    0.04818591425
v     0.2142865728    0.02198080172    0.04797924326
v     0.2142945556    0.02286410949    0.04771627452
v     0.2143031085    0.02372321332    0.04736413058
v     0.2143122567     0.0245497438    0.04692620416
v     0.2143220267    0.02533517641     0.0464058821
v     0.2143324465    0.02607097866    0.04580654394
v     0.2143435434    0.02685487431    0.04501076317
v      0.214355349    0.02754535692    0.04414760343
v     0.2143678989    0.02813818303    0.04322703285
v     0.2143812287    0.02862910917    0.04225901951
v     0.2143953737    0.02901389157    0.04125338689
v     0.2144103696    0.02932455844    0.04010707544
v     0.2144262525    0.02959525951     0.0389424083
v     0.2144430642    0.02982489923    0.03776178062
v     0.2144608493    0.03001236113    0.03656743778
v     0.2144796525    0.03015652759    0.03536121201
v     0.2144995204    0.03027914783    0.03400138394
v     0.2145205065    0.03040261042    0.03263618926
v      0.214542627    0.03052691768    0.03126586172
v     0.2145659205    0.03065196361    0.02989021991
v     0.2145904586    0.03077748774    0.02850907431
v     0.2146163145    0.03090322288    0.02712223505
v     0.2146435614    0.03102890184    0.02572951227
v     0.2146722724    0.03115425745    0.02433071608
v     0.2147025206     0.0312790225    0.02292565662
v     0.2147343792    0.03140292981    0.02151414401
v     0.2147679213     0.0315257122     0.0200959884
v       0.21480322    0.03164710247     0.0186709999
v     0.2148403486    0.03176683344    0.01723898864
v     0.2148793802    0.03188463792    0.01579976476
v     0.2187926851    0.03030076646    0.01545612974
v     0.2188364733    0.03041583532    0.01405412323
v     0.2188823025    0.03052779868    0.01264456493
v     0.2189301286    0.03063605486    0.01122762786
v     0.2189799076    0.03074000216   0.009803485042
v     0.2190315954    0.03083903889   0.008372309498
v     0.2190851481    0.03093256334   0.006934274251
v     0.2191405214    0.03101997382   0.005489552325
v     0.2191976716    0.03110066865    0.00403831674
v     0.2192565544    0.03117404612   0.002580740521
v     0.2193171258    0.03123950453    0.00111699669
v     0.2193793419     0.0312964422 -0.0003527417308
v     0.2194431585    0.03134425743  -0.001828301719
v     0.2195085283    0.03138235554  -0.003309492694
v     0.2195753274    0.03141030333  -0.004795720272
v     0.2196433778    0.03142778893  -0.006285662127
v     0.2197125762    0.03141010092  -0.007619002731
v     0.2197828023    0.03133330713  -0.008947584173
v     0.2198539231    0.03119816986   -0.01026861461
v     0.2199258046    0.03100545742   -0.01157885212
v     0.2199983053    0.03075597947   -0.01287491596
v     0.2200712698    0.03042229785   -0.01405688725
v     0.2201445408    0.02997869457   -0.01520620212
v     0.2202179571    0.02942866596   -0.01631345414
v     0.2202913467    0.02877578448   -0.01736909619
v     0.2203645331    0.02802365573   -0.01836357464
v     0.2204373511    0.02732195125    -0.0191601875
v     0.2205096174    0.02656216312   -0.01988688348
v     0.2205811253    0.02575169494   -0.02054003013
v     0.2206516679     0.0248979503   -0.02111599496
v     0.2207210386     0.0240082164   -0.02161114526
v     0.2207890305    0.02299894669   -0.02205103536
v      0.220855437     0.0219679546   -0.02246293042
v     0.2209200512    0.02091655891   -0.02284576686
v     0.2209826665    0.01984596202   -0.02319848085
v     0.2210430761    0.01875736631   -0.02352000854
v     0.2211010732    0.01765197416    -0.0238092861
v     0.2211564511    0.01653098796   -0.02406524969
v     0.2212090026    0.01539562523    -0.0242868412
v     0.2212585087    0.01424745133    -0.0244731342
v     0.2213047457    0.01300961871   -0.02462942641
v     0.2213475057    0.01173217681   -0.02477191787
v     0.2213865828    0.01044755197   -0.02490108681
v     0.2214217696   0.009156416026   -0.02501645048
v     0.2214528584   0.007859441712   -0.02511752747
v     0.2214796514   0.006557358893   -0.02520389311
v     0.2215019696   0.005251008365   -0.02527523286
v     0.2215196361    0.00394124367   -0.02533124483
v      0.221532474    0.00262891835   -0.02537162714
v     0.2215403064   0.001314885946   -0.02539607791
v     0.2215429565  2.787851082e-19   -0.02540429525
v     0.2215403064  -0.001314885946   -0.02539607791
v      0.221532474   -0.00262891835   -0.02537162714
v     0.2215196361  -0.003941243671   -0.02533124483
v     0.2215019696  -0.005251008366   -0.02527523286
v     0.2214796514  -0.006557358893   -0.02520389311
v     0.2214528584  -0.007859441712   -0.02511752747
v     0.2214217696  -0.009156416025   -0.02501645048
v     0.2213865828   -0.01044755197   -0.02490108681
v     0.2213475057   -0.01173217681   -0.02477191787
v     0.2213047457   -0.01300961871   -0.02462942641
v     0.2212585088   -0.01424745049   -0.02447313396
v     0.2212090044   -0.01539559011   -0.02428683102
v     0.2211564452   -0.01653110534   -0.02406528366
v     0.2211010445   -0.01765254014   -0.02380944939
v     0.2210430151   -0.01875856252   -0.02352035209
v     0.2209825698   -0.01984784591   -0.02319901856
v     0.2209199215   -0.02091906374   -0.02284647555
v     0.2208552831   -0.02197088943   -0.02246374984
v     0.2207888673     -0.023001997   -0.02205186842
v      0.220720884   -0.02401101728   -0.02161188323
v     0.2206515372   -0.02490022854   -0.02111656648
v     0.2205810302   -0.02575328541   -0.02054040686
v     0.2205095642   -0.02656302441   -0.01988707727
v     0.2204373346   -0.02732221095     -0.019160243
v     0.2203645331   -0.02802365573   -0.01836357464
v     0.2202913548   -0.02877572538   -0.01736911209
v     0.2202179792   -0.02942850732   -0.01631349867
v     0.2201445714   -0.02997847643   -0.01520626537
v     0.2200712966   -0.03042210761   -0.01405694319
v       0.21999832   -0.03075587545   -0.01287494672
v     0.2199258068   -0.03100544165   -0.01157885679
v     0.2198539196   -0.03119819419    -0.0102686074
v     0.2197827994   -0.03133332723  -0.008947578212
v     0.2197125758   -0.03141010407  -0.007619001798
v     0.2196433778   -0.03142778893  -0.006285662127
v     0.2195753274   -0.03141030333  -0.004795720272
v     0.2195085283   -0.03138235554  -0.003309492694
v     0.2194431585   -0.03134425743  -0.001828301719
v     0.2193793419    -0.0312964422 -0.0003527417308
v     0.2193171258   -0.03123950453    0.00111699669
v     0.2192565544   -0.03117404612   0.002580740521
v     0.2191976716   -0.03110066865    0.00403831674
v     0.2191405214   -0.03101997382   0.005489552325
v     0.2190851481   -0.03093256334   0.006934274251
v     0.2190315954   -0.03083903889   0.008372309498
v     0.2189799076   -0.03074000216   0.009803485042
v     0.2189301286   -0.03063605486    0.01122762786
v     0.2188823025   -0.03052779868    0.01264456493
v     0.2188364733   -0.03041583532    0.01405412323
v     0.2187926851   -0.03030076646    0.01545612974
v     0.2187509621   -0.03018313883    0.01685047246
v     0.2187112497   -0.03006327926    0.01823728355
v     0.2186734734   -0.02994145959     0.0196167562
v     0.2186375588   -0.02981795166    0.02098908357
v     0.2186034316   -0.02969302734    0.02235445887
v     0.2185710172   -0.02956695847    0.02371307526
v     0.2185402414    -0.0294400169    0.02506512593
v     0.2185110295   -0.02931247447    0.02641080407
v     0.2184833073   -0.02918460304    0.02775030286
v     0.2184570003   -0.02905667445    0.02908381549
v     0.2184320341   -0.02892896056    0.03041153512
v     0.2184083343   -0.02880173321    0.03173365496
v     0.2183858279   -0.02867525742    0.03305036782
v     0.2183644757   -0.02854964103    0.03436185827
v     0.2183442612   -0.02842488167    0.03566786393
v     0.2183251298   -0.02827686211    0.03680874595
v     0.2183070339    -0.0280821577    0.03793710356
v     0.2182899288   -0.02784195875    0.03905094903
v     0.2182737703   -0.02755745302     0.0401478492
v     0.2182585162    -0.0272298145    0.04122525208
v     0.2182441276    -0.0268318622    0.04218410625
v     0.2182305664   -0.02633812292    0.04310671977
v     0.2182177952   -0.02575230312    0.04398456427
v     0.2182057799   -0.02507808824    0.04480898768
v     0.2181944872   -0.02431915562    0.04557133401
v      0.218183878   -0.02362549517    0.04613590239
v     0.2181739198   -0.02288865451    0.04663158358
v     0.2181645907   -0.02211568919    0.04705556016
v     0.2181558687   -0.02131365475    0.04740501466
v     0.2181477318   -0.02048949032     0.0476771294
v     0.2181401578   -0.01955930131    0.04789827372
v      0.218133125   -0.01862055308     0.0480965278
v     0.2181266111   -0.01767421638    0.04827164309
v     0.2181205942   -0.01672114552    0.04842337078
v     0.2181150524   -0.01576219485    0.04855146205
v     0.2181099635   -0.01479821869    0.04865566808
v     0.2181053056   -0.01383007137    0.04873574006
v     0.2181010571   -0.01285860528    0.04879142607
v     0.2180972062   -0.01188462821    0.04882240279
v      0.218093747   -0.01083030233    0.04883443953
v     0.2180906652  -0.009745021115    0.04884434544
v     0.2180879484  -0.008660467424    0.04885314213
v     0.2180855853  -0.007576552046    0.04886086708
v     0.2180835647  -0.006493185358    0.04886755715
v     0.2180818761   -0.00541028172    0.04887323525
v     0.2180805119  -0.004327763215    0.04887789725
v     0.2180794641  -0.003245552817    0.04888153588
v     0.2180787253    -0.0021635735    0.04888414389
v     0.2180782876  -0.001081748237    0.04888571402
v     0.2180781434  2.323209235e-19    0.04888623901
v     0.2180782876   0.001081748237    0.04888571402
v     0.2180787253     0.0021635735    0.04888414389
v     0.2180794641   0.003245552817    0.04888153588
v     0.2180805119   0.004327763215    0.04887789725
v     0.2180818761   0.005410281719    0.04887323525
v     0.2180835647   0.006493185358    0.04886755715
v     0.2180855853   0.007576552046    0.04886086708
v     0.2180879484   0.008660467424    0.04885314213
v     0.2180906652   0.009745021115    0.04884434544
v      0.218093747    0.01083030233    0.04883443953
v     0.2180972062    0.01188462833    0.04882240295
v     0.2181010561     0.0128586104    0.04879143282
v      0.218105309    0.01383005423    0.04873571752
v     0.2181099798    0.01479813598    0.04865555946
v     0.2181150869    0.01576201974    0.04855123271
v     0.2181206487    0.01672086909    0.04842301011
v     0.2181266835     0.0176738476    0.04827116449
v     0.2181332099    0.01862011886     0.0480959687
v     0.2181402463    0.01955884633    0.04789769545
v     0.2181478133    0.02048906725    0.04767660253
v     0.2181559353    0.02131330497    0.04740459048
v     0.2181646374    0.02211544063    0.04705526742
v     0.2181739452    0.02288851789    0.04663142662
v     0.2181838856    0.02362545339    0.04613585551
v     0.2181944872    0.02431915562    0.04557133401
v     0.2182057776    0.02507810364    0.04480899385
v     0.2182177892    0.02575234487    0.04398458055
v     0.2182305581    0.02633818077    0.04310674182
v     0.2182441204    0.02683191282    0.04218412536
v     0.2182585122    0.02722984222     0.0412252625
v     0.2182737697    0.02755745723    0.04014785078
v     0.2182899297    0.02784195226    0.03905094659
v     0.2183070346    0.02808215234    0.03793710155
v     0.2183251299    0.02827686127    0.03680874564
v     0.2183442612    0.02842488167    0.03566786393
v     0.2183644757    0.02854964103    0.03436185827
v     0.2183858279    0.02867525742    0.03305036782
v     0.2184083343    0.02880173321    0.03173365496
v     0.2184320341    0.02892896056    0.03041153512
v     0.2184570003    0.02905667445    0.02908381549
v     0.2184833073    0.02918460304    0.02775030286
v     0.2185110295    0.02931247447    0.02641080407
v     0.2185402414     0.0294400169    0.02506512593
v     0.2185710172    0.02956695847    0.02371307526
v     0.2186034316    0.02969302734    0.02235445887
v     0.2186375588    0.02981795166    0.02098908357
v     0.2186734734    0.02994145959     0.0196167562
v     0.2187112497    0.03006327926    0.01823728355
v     0.2187509621    0.03018313883    0.01685047246
v     0.2225467039    0.02865072345    0.01645934121
v     0.2225903319    0.02876537119    0.01510813504
v     0.2226359934    0.02887692481     0.0137494047
v     0.2226836445    0.02898478481    0.01238332261
v     0.2227332413     0.0290883517    0.01101006113
v       0.22278474    0.02918702598    0.00962979267
v     0.2228380966    0.02928020816   0.008242689608
v     0.2228932673    0.02936729875   0.006848924338
v     0.2229502083    0.02944769826   0.005448669248
v     0.2230088756    0.02952080719   0.004042096728
v     0.2230692254    0.02958602605   0.002629379167
v     0.2231312137    0.02964275535   0.001210688955
v     0.2231947968    0.02969039559 -0.0002138015192
v     0.2232599274    0.02972835427  -0.001643902373
v     0.2233264821    0.02975619978  -0.003079021397
v     0.2233942834    0.02977362138  -0.004517810571
v     0.2234632285    0.02975433378  -0.005789580991
v     0.2235331976    0.02967287794  -0.007056068266
v     0.2236040581     0.0295300883  -0.008314340518
v     0.2236756766    0.02932680521  -0.009560986885
v      0.223747912    0.02906391032   -0.01079248349
v     0.2238206094    0.02872029168   -0.01193007291
v     0.2238936123    0.02827617974   -0.01303631141
v       0.22396676    0.02773457515   -0.01410296737
v     0.2240398809    0.02709855446   -0.01512169424
v     0.2241127995    0.02637122727   -0.01608413901
v      0.224185351    0.02570994801   -0.01684752233
v     0.2242573529    0.02499642691   -0.01755019982
v      0.224328599    0.02423675605   -0.01818908435
v     0.2243988835    0.02343702751   -0.01876108876
v     0.2244680003    0.02260324268   -0.01926312571
v     0.2245357434    0.02167062376   -0.01971485088
v     0.2246019068     0.0207157117   -0.02013725307
v     0.2246662846    0.01973985719   -0.02052924684
v     0.2247286708    0.01874432022   -0.02088974657
v     0.2247888593    0.01773036078   -0.02121766663
v     0.2248466441    0.01669923889   -0.02151192138
v     0.2249018194    0.01565221452    -0.0217714252
v     0.2249541785    0.01459056276   -0.02199509816
v     0.2250035035    0.01351590525   -0.02218199154
v     0.2250495712    0.01234634692   -0.02233777875
v     0.2250921748    0.01113514612   -0.02247974873
v     0.2251311089   0.009916788674   -0.02260844496
v     0.2251661668   0.008691943946   -0.02272338643
v     0.2251971419   0.007461282219   -0.02282409352
v     0.2252238368   0.006225530682   -0.02291014309
v     0.2252460733   0.004985527054   -0.02298122176
v     0.2252636752   0.003742121754   -0.02303702874
v     0.2252764661     0.0024961652   -0.02307726327
v     0.2252842699   0.001248507809   -0.02310162455
v     0.2252869103  2.777648459e-19   -0.02310981182
v     0.2252842699  -0.001248507809   -0.02310162455
v     0.2252764661    -0.0024961652   -0.02307726327
v     0.2252636752  -0.003742121754   -0.02303702874
v     0.2252460733  -0.004985527055   -0.02298122176
v     0.2252238368  -0.006225530682   -0.02291014309
v     0.2251971419  -0.007461282219   -0.02282409352
v     0.2251661668  -0.008691943946   -0.02272338643
v     0.2251311089  -0.009916788673   -0.02260844496
v     0.2250921748   -0.01113514612   -0.02247974873
v     0.2250495712   -0.01234634692   -0.02233777875
v     0.2250035035   -0.01351590441    -0.0221819913
v     0.2249541803   -0.01459052776   -0.02199508802
v     0.2249018135   -0.01565233147   -0.02177145905
v     0.2248466155   -0.01669980279   -0.02151208407
v     0.2247887985   -0.01773155262   -0.02121800893
v     0.2247285744   -0.01874619721   -0.02089028231
v     0.2246661554   -0.01974235285   -0.02052995293
v     0.2246017535   -0.02071863579   -0.02013806949
v     0.2245355808   -0.02167366292   -0.01971568089
v     0.2244678463    -0.0226060333   -0.01926386098
v     0.2243987533   -0.02343929741    -0.0187616582
v     0.2243285043    -0.0242383407   -0.01818945971
v     0.2242572998   -0.02499728505    -0.0175503929
v     0.2241853346   -0.02571020676   -0.01684757762
v     0.2241127995   -0.02637122727   -0.01608413901
v      0.224039889   -0.02709849557   -0.01512171009
v     0.2239667819   -0.02773441708   -0.01410301174
v     0.2238936428    -0.0282759624   -0.01303637443
v     0.2238206362   -0.02872010214   -0.01193012864
v     0.2237479266   -0.02906380669   -0.01079251414
v     0.2236756788    -0.0293267895  -0.009560991544
v     0.2236040547   -0.02953011254  -0.008314333329
v     0.2235331948   -0.02967289797  -0.007056062326
v     0.2234632281   -0.02975433691  -0.005789580062
v     0.2233942834   -0.02977362138  -0.004517810571
v     0.2233264821   -0.02975619978  -0.003079021397
v     0.2232599274   -0.02972835427  -0.001643902373
v     0.2231947968   -0.02969039559 -0.0002138015192
v     0.2231312137   -0.02964275535   0.001210688955
v     0.2230692254   -0.02958602605   0.002629379167
v     0.2230088756   -0.02952080719   0.004042096728
v     0.2229502083   -0.02944769826   0.005448669248
v     0.2228932673   -0.02936729875   0.006848924338
v     0.2228380966   -0.02928020816   0.008242689608
v       0.22278474   -0.02918702598    0.00962979267
v     0.2227332413    -0.0290883517    0.01101006113
v     0.2226836445   -0.02898478481    0.01238332261
v     0.2226359934   -0.02887692481     0.0137494047
v     0.2225903319   -0.02876537119    0.01510813504
v     0.2225467039   -0.02865072345    0.01645934121
v     0.2225051336    -0.0285335263    0.01780291165
v     0.2224655665   -0.02841410538    0.01913897802
v     0.2224279285   -0.02829273152     0.0204677328
v     0.2223921454    -0.0281696756    0.02178936846
v      0.222358143   -0.02804520846    0.02310407748
v     0.2223258473   -0.02791960096    0.02441205233
v     0.2222951841   -0.02779312395     0.0257134855
v     0.2222660791   -0.02766604829    0.02700856945
v     0.2222384584   -0.02753864483    0.02829749666
v     0.2222122477   -0.02741118442    0.02958045962
v     0.2221873728   -0.02728393791    0.03085765079
v     0.2221637597   -0.02715717617    0.03212926265
v     0.2221413357   -0.02703116324    0.03339548733
v     0.2221200617   -0.02690600657    0.03465650871
v     0.2220999211   -0.02678170377    0.03591203483
v     0.2220808598   -0.02663256159      0.036992051
v       0.22206283   -0.02643362666     0.0380590472
v     0.2220457875   -0.02618615982     0.0391108927
v     0.2220296882   -0.02589141938    0.04014498249
v     0.2220144899   -0.02555064997    0.04115861836
v      0.222000154   -0.02514299585    0.04207390719
v     0.2219866424   -0.02464893139    0.04295427399
v      0.221973918   -0.02407166659    0.04379236199
v     0.2219619466   -0.02341439058    0.04458071641
v     0.2219506952   -0.02268028442    0.04531187858
v     0.2219401248   -0.02202701975    0.04584406662
v     0.2219302031   -0.02133636214    0.04631657477
v     0.2219209082   -0.02061405689    0.04672712792
v     0.2219122181   -0.01986584931    0.04707345096
v     0.2219041109   -0.01909739398    0.04735326858
v     0.2218965647   -0.01824356636     0.0475870485
v     0.2218895576   -0.01738056058    0.04779659156
v     0.2218830675   -0.01650938057    0.04798162438
v     0.2218770727   -0.01563093952    0.04814187336
v     0.2218715511   -0.01474615067    0.04827706491
v     0.2218664809   -0.01385592722    0.04838692544
v       0.22186184   -0.01296118239    0.04847118135
v     0.2218576071   -0.01206282747    0.04852955597
v     0.2218537703   -0.01116172928    0.04856170148
v     0.2218503237   -0.01017500612    0.04857376114
v     0.2218472532  -0.009155262764    0.04858363079
v     0.2218445464   -0.00813624427     0.0485923953
v     0.2218421919  -0.007117861752    0.04860009197
v     0.2218401787  -0.006100025916    0.04860675755
v     0.2218384963  -0.005082651435    0.04861241488
v      0.221837137  -0.004065660679    0.04861705982
v     0.2218360931  -0.003048976902    0.04862068513
v      0.221835357   -0.00203252336     0.0486232836
v     0.2218349209  -0.001016223307    0.04862484798
v     0.2218347773  2.314707049e-19    0.04862537105
v     0.2218349209   0.001016223307    0.04862484798
v      0.221835357    0.00203252336     0.0486232836
v     0.2218360931   0.003048976902    0.04862068513
v      0.221837137   0.004065660679    0.04861705982
v     0.2218384963   0.005082651435    0.04861241488
v     0.2218401787   0.006100025916    0.04860675755
v     0.2218421919   0.007117861752    0.04860009197
v     0.2218445464    0.00813624427     0.0485923953
v     0.2218472532   0.009155262764    0.04858363079
v     0.2218503237    0.01017500612    0.04857376114
v     0.2218537702     0.0111617294    0.04856170164
v      0.221857606    0.01206283257    0.04852956269
v     0.2218618434    0.01296116532    0.04847115889
v     0.2218664971    0.01385584482    0.04838681721
v     0.2218715855     0.0147459762    0.04827683641
v     0.2218771269     0.0156306641    0.04814151401
v     0.2218831397    0.01650901314    0.04798114754
v     0.2218896422    0.01738012795    0.04779603451
v     0.2218966529    0.01824311305    0.04758647235
v     0.2219041921    0.01909697246    0.04735274363
v     0.2219122844    0.01986550081    0.04707302832
v     0.2219209547    0.02061380924    0.04672683625
v     0.2219302284    0.02133622602    0.04631641838
v     0.2219401325    0.02202697813    0.04584401992
v     0.2219506952    0.02268028442    0.04531187858
v     0.2219619444    0.02341440592    0.04458072256
v      0.221973912    0.02407170818    0.04379237821
v     0.2219866342    0.02464898903    0.04295429596
v     0.2220001468    0.02514304629    0.04207392623
v      0.222014486    0.02555067758    0.04115862874
v     0.2220296876    0.02589142357    0.04014498406
v     0.2220457885    0.02618615336    0.03911089028
v     0.2220628308    0.02643362132    0.03805904519
v     0.2220808599    0.02663256076    0.03699205069
v     0.2220999211    0.02678170377    0.03591203483
v     0.2221200617    0.02690600657    0.03465650871
v     0.2221413357    0.02703116324    0.03339548733
v     0.2221637597    0.02715717617    0.03212926265
v     0.2221873728    0.02728393791    0.03085765079
v     0.2222122477    0.02741118442    0.02958045962
v     0.2222384584    0.02753864483    0.02829749666
v     0.2222660791    0.02766604829    0.02700856945
v     0.2222951841    0.02779312395     0.0257134855
v     0.2223258473    0.02791960096    0.02441205233
v      0.222358143    0.02804520846    0.02310407748
v     0.2223921454     0.0281696756    0.02178936846
v     0.2224279285    0.02829273152     0.0204677328
v     0.2224655665    0.02841410538    0.01913897802
v     0.2225051336     0.0285335263    0.01780291165
v     0.2261654292    0.02706722039    0.01734703502
v     0.2262079174    0.02717887296    0.01604476381
v      0.226252386    0.02728751224    0.01473516502
v     0.2262987922     0.0273925544    0.01341840652
v     0.2263470933     0.0274934156     0.0120946562
v     0.2263972465    0.02758951201    0.01076408196
v     0.2264492092    0.02768025981   0.009426851671
v     0.2265029386    0.02776507516   0.008083133223
v      0.226558392    0.02784337423   0.006733094503
v     0.2266155266    0.02791457319   0.005376903395
v     0.2266742997    0.02797808821   0.004014727785
v     0.2267346687    0.02803333545   0.002646735559
v     0.2267965906    0.02807973109   0.001273094604
v     0.2268600197    0.02811669811 -0.0001060101606
v     0.2269248356    0.02814381615  -0.001490001995
v     0.2269908656    0.02816078259  -0.002877530131
v     0.2270580096    0.02813992952  -0.004088737474
v     0.2271261507    0.02805445563  -0.005294126533
v       0.22719516    0.02790526671  -0.006490655202
v     0.2272649074    0.02769327425  -0.007674776938
v     0.2273352557    0.02741943004  -0.008842855511
v     0.2274060539    0.02706822445  -0.009934873525
v     0.2274771495    0.02662515581   -0.01099669681
v     0.2275483862    0.02609278994   -0.01202114887
v     0.2276195969    0.02547376658   -0.01300096165
v     0.2276906105    0.02477075769    -0.0139288608
v     0.2277612666    0.02414792211   -0.01465670716
v     0.2278313874    0.02347831565   -0.01533208213
v     0.2279007723    0.02276686312   -0.01595239681
v     0.2279692205    0.02201848931   -0.01651506228
v     0.2280365316    0.02123805105   -0.01701748949
v      0.228102505    0.02037737136   -0.01747413038
v     0.2281669399    0.01949416135   -0.01790043582
v     0.2282296358    0.01858979316   -0.01829531675
v     0.2282903921    0.01766557098   -0.01865768395
v     0.2283490082    0.01672279898   -0.01898644824
v     0.2284052835    0.01576278134   -0.01928052039
v     0.2284590172    0.01478682226   -0.01953881121
v     0.2285100085    0.01379624058   -0.01976023704
v     0.2285580448     0.0127926927   -0.01994384202
v      0.228602909    0.01168979744   -0.02009564255
v     0.2286443996    0.01054363938   -0.02023390357
v     0.2286823165   0.009390511638   -0.02035923761
v     0.2287164586   0.008231066096   -0.02047117624
v     0.2287466244   0.007065955522   -0.02056925235
v      0.228772622   0.005895888111   -0.02065305388
v     0.2287942776   0.004721679694   -0.02072227562
v     0.2288114195   0.003544158474   -0.02077662464
v     0.2288238763   0.002364152651   -0.02081580804
v     0.2288314762   0.001182490426   -0.02083953289
v     0.2288340476  2.705082393e-19   -0.02084750626
v     0.2288314762  -0.001182490426   -0.02083953289
v     0.2288238763  -0.002364152651   -0.02081580804
v     0.2288114195  -0.003544158474   -0.02077662464
v     0.2287942776  -0.004721679695   -0.02072227562
v      0.228772622  -0.005895888111   -0.02065305388
v     0.2287466244  -0.007065955523   -0.02056925235
v     0.2287164586  -0.008231066095   -0.02047117624
v     0.2286823165  -0.009390511638   -0.02035923761
v     0.2286443996   -0.01054363938   -0.02023390357
v      0.228602909   -0.01168979744   -0.02009564255
v     0.2285580449   -0.01279269188   -0.01994384178
v     0.2285100102    -0.0137962065   -0.01976022717
v     0.2284590115   -0.01478693615   -0.01953884417
v     0.2284052556   -0.01576333052   -0.01928067883
v      0.228348949   -0.01672395967   -0.01898678159
v     0.2282902983   -0.01766739894    -0.0186582057
v       0.22822951   -0.01859222363    -0.0182960044
v     0.2281667906   -0.01949700905   -0.01790123092
v     0.2281023466   -0.02038033111   -0.01747493871
v     0.2280363817   -0.02124076877   -0.01701820554
v     0.2279690937    -0.0220206999   -0.01651561684
v       0.22790068   -0.02276840637   -0.01595276236
v     0.2278313358   -0.02347915137   -0.01533227016
v     0.2277612506    -0.0241481741     -0.014656761
v     0.2276906105   -0.02477075769    -0.0139288608
v     0.2276196048   -0.02547370923   -0.01300097708
v     0.2275484077     -0.026092636   -0.01202119208
v     0.2274771793   -0.02662494416   -0.01099675819
v     0.2274060799   -0.02706803986  -0.009934927804
v     0.2273352699   -0.02741932911  -0.008842885361
v     0.2272649096   -0.02769325895  -0.007674781475
v     0.2271951567   -0.02790529031  -0.006490648201
v     0.2271261479   -0.02805447514  -0.005294120748
v     0.2270580092   -0.02813993257  -0.004088736569
v     0.2269908656   -0.02816078259  -0.002877530131
v     0.2269248356   -0.02814381615  -0.001490001995
v     0.2268600197   -0.02811669811 -0.0001060101606
v     0.2267965906   -0.02807973109   0.001273094604
v     0.2267346687   -0.02803333545   0.002646735559
v     0.2266742997   -0.02797808821   0.004014727785
v     0.2266155266   -0.02791457319   0.005376903395
v      0.226558392   -0.02784337423   0.006733094503
v     0.2265029386   -0.02776507516   0.008083133223
v     0.2264492092   -0.02768025981   0.009426851671
v     0.2263972465   -0.02758951201    0.01076408196
v     0.2263470933    -0.0274934156     0.0120946562
v     0.2262987922    -0.0273925544    0.01341840652
v      0.226252386   -0.02728751224    0.01473516502
v     0.2262079174   -0.02717887296    0.01604476381
v     0.2261654292   -0.02706722039    0.01734703502
v     0.2261249449   -0.02695308502    0.01864186998
v     0.2260864115   -0.02683678396    0.01992939691
v     0.2260497568     -0.026718581    0.02120980326
v     0.2260149085   -0.02659873992    0.02248327649
v     0.2259817944   -0.02647752448    0.02375000403
v     0.2259503424   -0.02635519848    0.02501017333
v     0.2259204803   -0.02623202568    0.02626397185
v     0.2258921357   -0.02610826987    0.02751158703
v     0.2258652365   -0.02598419482    0.02875320632
v     0.2258397106   -0.02586006431    0.02998901716
v     0.2258154856   -0.02573614213    0.03121920701
v     0.2257924894   -0.02561269204    0.03244396331
v     0.2257706512   -0.02548997119    0.03366347316
v     0.2257499329   -0.02536808424    0.03487791565
v     0.2257303186   -0.02524702884    0.03608696848
v     0.2257117552   -0.02509971363    0.03711143115
v     0.2256941965   -0.02489982979    0.03812254084
v     0.2256775992   -0.02464869836    0.03911803566
v     0.2256619205   -0.02434763787    0.04009515385
v     0.2256471192   -0.02399795361    0.04105106331
v     0.2256331579   -0.02358438548    0.04192658834
v     0.2256199993   -0.02309266934    0.04276844082
v     0.2256076073   -0.02252557486    0.04357029626
v     0.2255959486   -0.02188585148    0.04432575506
v     0.2255849912   -0.02117624072    0.04502841388
v      0.225574697   -0.02056121035    0.04553110493
v     0.2255650345   -0.01991387007    0.04598232373
v     0.2255559824   -0.01923880698    0.04638027219
v     0.2255475193   -0.01854060813    0.04672315221
v     0.2255396239   -0.01782379265    0.04700916557
v     0.2255322749   -0.01703984583    0.04725355504
v     0.2255254508   -0.01624614106     0.0474725623
v     0.2255191303   -0.01544371274    0.04766588913
v     0.2255132921   -0.01463352736    0.04783323713
v     0.2255079147   -0.01381655136    0.04797430794
v     0.2255029769    -0.0129937512    0.04808880316
v     0.2254984573   -0.01216609334    0.04817642443
v      0.225494335   -0.01133454238    0.04823687034
v     0.2254905984   -0.01050001958    0.04826977023
v     0.2254872419   -0.00957518292     0.0482815981
v     0.2254842516  -0.008615480476    0.04829120991
v     0.2254816155  -0.007656483957    0.04829974544
v     0.2254793226  -0.006698106798    0.04830724105
v     0.2254773619  -0.005740262041    0.04831373249
v     0.2254757235  -0.004782866584    0.04831924202
v     0.2254743997  -0.003825844828     0.0483237656
v     0.2254733831  -0.002869122031    0.04832729621
v     0.2254726662  -0.001912623454    0.04832982679
v     0.2254722415 -0.0009562743571     0.0483313503
v     0.2254721016  2.254235328e-19     0.0483318597
v     0.2254722415   0.000956274357     0.0483313503
v     0.2254726662   0.001912623454    0.04832982679
v     0.2254733831   0.002869122031    0.04832729621
v     0.2254743997   0.003825844828     0.0483237656
v     0.2254757235   0.004782866584    0.04831924202
v     0.2254773619   0.005740262041    0.04831373249
v     0.2254793226   0.006698106798    0.04830724105
v     0.2254816155   0.007656483957    0.04829974544
v     0.2254842516   0.008615480476    0.04829120992
v     0.2254872419    0.00957518292     0.0482815981
v     0.2254905984     0.0105000197    0.04826977039
v      0.225494334    0.01133454735    0.04823687688
v     0.2254984606    0.01216607672    0.04817640255
v     0.2255029928    0.01299367095    0.04808869777
v     0.2255079483    0.01381638145    0.04797408541
v     0.2255133449    0.01463325913    0.04783288717
v     0.2255192006    0.01544335492    0.04766542474
v     0.2255255332    0.01624571972     0.0474720198
v     0.2255323607    0.01703940437    0.04725299394
v      0.225539703    0.01782338214    0.04700865433
v     0.2255475839    0.01854026874    0.04672274062
v     0.2255560277     0.0192385658    0.04637998814
v     0.2255650591    0.01991373751    0.04598217143
v     0.2255747044    0.02056116981    0.04553105944
v     0.2255849912    0.02117624072    0.04502841388
v     0.2255959465    0.02188586642    0.04432576105
v     0.2256076015    0.02252561537    0.04357031205
v     0.2256199912    0.02309272547    0.04276846222
v     0.2256331509     0.0235844346    0.04192660688
v     0.2256471154     0.0239979805    0.04105107342
v     0.2256619199    0.02434764195    0.04009515538
v     0.2256776001    0.02464869207     0.0391180333
v     0.2256941972    0.02489982459    0.03812253889
v     0.2257117553    0.02509971281    0.03711143085
v     0.2257303186    0.02524702884    0.03608696848
v     0.2257499329    0.02536808424    0.03487791565
v     0.2257706512    0.02548997119    0.03366347316
v     0.2257924894    0.02561269204    0.03244396331
v     0.2258154856    0.02573614213    0.03121920701
v     0.2258397106    0.02586006431    0.02998901716
v     0.2258652365    0.02598419482    0.02875320632
v     0.2258921357    0.02610826987    0.02751158703
v     0.2259204803    0.02623202568    0.02626397185
v     0.2259503424    0.02635519848    0.02501017333
v     0.2259817944    0.02647752448    0.02375000403
v     0.2260149085    0.02659873992    0.02248327649
v     0.2260497568      0.026718581    0.02120980326
v     0.2260864115    0.02683678396    0.01992939691
v     0.2261249449    0.02695308502    0.01864186998
v     0.2296362033    0.02556419954     0.0181073347
v     0.2296765289    0.02567016909    0.01685171214
v     0.2297187341    0.02577327871    0.01558913497
v     0.2297627782    0.02587297431    0.01431976252
v     0.2298086208    0.02596870176    0.01304375413
v     0.2298562213    0.02605990695    0.01176126914
v     0.2299055392    0.02614603576     0.0104724669
v     0.2299565338    0.02622653407   0.009177506733
v     0.2300091646    0.02630084779   0.007876547994
v     0.2300633911    0.02636842278   0.006569750019
v     0.2301191728    0.02642870493   0.005257272149
v      0.230176469    0.02648114013   0.003939273725
v     0.2302352392    0.02652517427   0.002615914086
v     0.2302954398    0.02656025969   0.001287368741
v     0.2303569566    0.02658599745 -4.581492584e-05
v     0.2304196257     0.0266021003  -0.001382307552
v     0.2304833521    0.02657972799  -0.002534412331
v     0.2305480249     0.0264909401  -0.003680155495
v     0.2306135217    0.02633671242    -0.0048164168
v      0.230679719    0.02611802619  -0.005939549893
v     0.2307464866    0.02583590089  -0.007045839314
v     0.2308136813     0.0254796307  -0.008091336483
v     0.2308811582      0.025039231  -0.009107630366
v      0.230948769    0.02451689963   -0.01008846673
v     0.2310163551    0.02391490465   -0.01102752047
v     0.2310837542    0.02323554466   -0.01191846047
v     0.2311508139    0.02264881371   -0.01260857802
v     0.2312173656    0.02202035653   -0.01325337678
v     0.2312832188    0.02135409009   -0.01385071323
v     0.2313481832    0.02065393133   -0.01439844388
v     0.2314120682    0.01992374873    -0.0148944251
v     0.2314746835    0.01912957561   -0.01534867061
v     0.2315358388     0.0183129875   -0.01577190673
v     0.2315953435    0.01747536683   -0.01616305999
v     0.2316530074    0.01661804754   -0.01652105679
v       0.23170864    0.01574236359   -0.01684482353
v     0.2317620508    0.01484964893   -0.01713328663
v     0.2318130496    0.01394123752   -0.01738537248
v     0.2318614454    0.01301847723   -0.01760001277
v     0.2319070368     0.0120830363   -0.01777626046
v     0.2319496174    0.01104466772   -0.01792043832
v     0.2319889962   0.009961861028   -0.01805166196
v     0.2320249832   0.008872439403    -0.0181706166
v     0.2320573874    0.00777702155   -0.01827685764
v     0.2320860178   0.006676227011   -0.01836994176
v     0.2321106921   0.005570727932   -0.01844947786
v     0.2321312454   0.004461298623   -0.01851517627
v     0.2321475149   0.003348725129   -0.01856675897
v     0.2321593376   0.002233793496   -0.01860394797
v     0.2321665507   0.001117289771   -0.01862646524
v     0.2321689913  2.567395902e-19   -0.01863403277
v     0.2321665507  -0.001117289771   -0.01862646524
v     0.2321593376  -0.002233793497   -0.01860394797
v     0.2321475149  -0.003348725129   -0.01856675897
v     0.2321312454  -0.004461298623   -0.01851517627
v     0.2321106921  -0.005570727933   -0.01844947786
v     0.2320860178  -0.006676227011   -0.01836994176
v     0.2320573874  -0.007777021549   -0.01827685764
v     0.2320249832  -0.008872439403    -0.0181706166
v     0.2319889962  -0.009961861028   -0.01805166196
v     0.2319496174   -0.01104466772   -0.01792043832
v     0.2319070368   -0.01208303553   -0.01777626023
v     0.2318614471   -0.01301844488    -0.0176000034
v     0.2318130441   -0.01394134561   -0.01738540376
v     0.2317620243   -0.01485017015     -0.017133437
v     0.2317085837   -0.01574346521   -0.01684513992
v     0.2316529183   -0.01661978246   -0.01652155198
v     0.2315952241   -0.01747767358   -0.01616371264
v     0.2315356971   -0.01831569026   -0.01577266136
v     0.2314745333   -0.01913238472   -0.01534943779
v     0.2314119259   -0.01992632812   -0.01489510471
v     0.2313480628   -0.02065602941   -0.01439897021
v     0.2312831313   -0.02135555479   -0.01385106017
v     0.2312173166   -0.02202114971   -0.01325355524
v     0.2311507987   -0.02264905287   -0.01260862913
v     0.2310837542   -0.02323554466   -0.01191846047
v     0.2310163626   -0.02391485022   -0.01102753511
v     0.2309487893   -0.02451675353   -0.01008850774
v     0.2308811864   -0.02503903012  -0.009107688621
v      0.230813706    -0.0254794555  -0.008091387999
v     0.2307465001    -0.0258358051  -0.007045867644
v     0.2306797211   -0.02611801167  -0.005939554199
v     0.2306135185   -0.02633673483  -0.004816410156
v     0.2305480223   -0.02649095861  -0.003680150005
v     0.2304833517   -0.02657973089  -0.002534411473
v     0.2304196257    -0.0266021003  -0.001382307552
v     0.2303569566   -0.02658599745 -4.581492583e-05
v     0.2302954398   -0.02656025969   0.001287368741
v     0.2302352392   -0.02652517427   0.002615914086
v      0.230176469   -0.02648114013   0.003939273725
v     0.2301191728   -0.02642870493   0.005257272149
v     0.2300633911   -0.02636842278   0.006569750019
v     0.2300091646   -0.02630084779   0.007876547994
v     0.2299565338   -0.02622653407   0.009177506733
v     0.2299055392   -0.02614603576     0.0104724669
v     0.2298562213   -0.02605990695    0.01176126914
v     0.2298086208   -0.02596870176    0.01304375413
v     0.2297627782   -0.02587297431    0.01431976252
v     0.2297187341   -0.02577327871    0.01558913497
v     0.2296765289   -0.02567016909    0.01685171214
v     0.2296362033   -0.02556419954     0.0181073347
v     0.2295977797   -0.02545587356     0.0193558995
v     0.2295612076   -0.02534549214    0.02059752825
v     0.2295264185   -0.02523330561    0.02183239885
v      0.229493344   -0.02511956434    0.02306068921
v     0.2294619154   -0.02500451867    0.02428257725
v     0.2294320643   -0.02488841896    0.02549824085
v     0.2294037221   -0.02477151556    0.02670785793
v     0.2293768203   -0.02465405882    0.02791160641
v     0.2293512902   -0.02453629909    0.02910966417
v     0.2293270635   -0.02441848672    0.03030220914
v     0.2293040716   -0.02430087208    0.03148941922
v     0.2292822459    -0.0241837055    0.03267147231
v     0.2292615192   -0.02406723104    0.03384854599
v     0.2292418555   -0.02395154803    0.03502081023
v     0.2292232395   -0.02383665424     0.0361879118
v      0.229205621   -0.02369425661    0.03716277707
v      0.229188956   -0.02349688215    0.03812412952
v     0.2291732035   -0.02324590075    0.03906958943
v     0.2291583228   -0.02294267998    0.03999625529
v     0.2291442749   -0.02258857483    0.04090117483
v     0.2291310242   -0.02217311629    0.04174119833
v     0.2291185353   -0.02168654521    0.04254871775
v     0.2291067741    -0.0211312529    0.04331828748
v     0.2290957089   -0.02050961151    0.04404440667
v     0.2290853092   -0.01982398568    0.04472157089
v     0.2290755389   -0.01924466265    0.04519799336
v     0.2290663682   -0.01863733833    0.04563004531
v     0.2290577768   -0.01800560913     0.0460163338
v     0.2290497445   -0.01735307148     0.0463554659
v      0.229042251    -0.0166832733    0.04664604856
v      0.229035276   -0.01596192742    0.04689884607
v     0.2290287993    -0.0152302888    0.04712533532
v     0.2290228005   -0.01448941934    0.04732519342
v     0.2290172594   -0.01374033247    0.04749809734
v     0.2290121558    -0.0129840416    0.04764372405
v     0.2290074694   -0.01222156017    0.04776175053
v     0.2290031798   -0.01145390157    0.04785185378
v     0.2289992672   -0.01068207746    0.04791370789
v     0.2289957209  -0.009907058379    0.04794692126
v     0.2289925352  -0.009037685358    0.04795825095
v     0.2289896971  -0.008131843841    0.04796737353
v     0.2289871952  -0.007226672319    0.04797547461
v      0.228985019  -0.006322088632    0.04798258869
v     0.2289831581  -0.005418010248    0.04798874972
v     0.2289816031  -0.004514358295    0.04799397882
v     0.2289803467  -0.003611061022    0.04799827216
v     0.2289793818  -0.002708047491    0.04800162306
v     0.2289787014  -0.001805246768    0.04800402484
v     0.2289782983 -0.0009025879161     0.0480054708
v     0.2289781655  2.139496585e-19    0.04800595428
v     0.2289782983   0.000902587916     0.0480054708
v     0.2289787014   0.001805246768    0.04800402484
v     0.2289793818   0.002708047491    0.04800162306
v     0.2289803467   0.003611061022    0.04799827216
v     0.2289816031   0.004514358295    0.04799397882
v     0.2289831581   0.005418010248    0.04798874972
v      0.228985019   0.006322088632    0.04798258869
v     0.2289871952   0.007226672319    0.04797547461
v     0.2289896971   0.008131843841    0.04796737353
v     0.2289925352   0.009037685358    0.04795825095
v     0.2289957209   0.009907058493    0.04794692141
v     0.2289992663    0.01068208218    0.04791371411
v     0.2290031829     0.0114538858    0.04785183302
v     0.2290074844      0.012221484     0.0477616505
v     0.2290121876    0.01298388034    0.04764351284
v     0.2290173096     0.0137400779    0.04749776519
v     0.2290228672    0.01448907973    0.04732475267
v     0.2290288775    0.01522988891    0.04712482044
v     0.2290353575    0.01596150842    0.04689831353
v     0.2290423261    0.01668288369    0.04664556335
v     0.2290498059    0.01735274936    0.04635507525
v     0.2290578199    0.01800538023    0.04601606421
v     0.2290663916    0.01863721252    0.04562990076
v      0.229075546    0.01924462418    0.04519795019
v     0.2290853092    0.01982398568    0.04472157089
v     0.2290957068    0.02050962569    0.04404441235
v     0.2291067686    0.02113129135    0.04331830247
v     0.2291185277    0.02168659848    0.04254873806
v     0.2291310175    0.02217316291    0.04174121593
v     0.2291442713    0.02258860035    0.04090118443
v     0.2291583223    0.02294268386    0.03999625675
v     0.2291732044    0.02324589478    0.03906958719
v     0.2291889567    0.02349687721    0.03812412766
v     0.2292056211    0.02369425584    0.03716277678
v     0.2292232395    0.02383665424     0.0361879118
v     0.2292418555    0.02395154803    0.03502081023
v     0.2292615192    0.02406723104    0.03384854599
v     0.2292822459     0.0241837055    0.03267147231
v     0.2293040716    0.02430087208    0.03148941922
v     0.2293270635    0.02441848672    0.03030220914
v     0.2293512902    0.02453629909    0.02910966417
v     0.2293768203    0.02465405882    0.02791160641
v     0.2294037221    0.02477151556    0.02670785793
v     0.2294320643    0.02488841896    0.02549824085
v     0.2294619154    0.02500451867    0.02428257725
v      0.229493344    0.02511956434    0.02306068921
v     0.2295264185    0.02523330561    0.02183239885
v     0.2295612076    0.02534549214    0.02059752825
v     0.2295977797    0.02545587356     0.0193558995
v     0.2329515038    0.02415178579    0.01873292715
v     0.2329886297    0.02424934709    0.01752135805
v     0.2330274861     0.0243442754    0.01630338614
v     0.2330680355    0.02443606057    0.01507915814
v     0.2331102407    0.02452419245    0.01384882073
v     0.2331540643    0.02460816088    0.01261252061
v      0.233199469    0.02468745573    0.01137040448
v     0.2332464174    0.02476156685    0.01012261905
v     0.2332948722    0.02482998407   0.008869310995
v     0.2333447961    0.02489219727   0.007610627025
v     0.2333961517    0.02494769629   0.006346713837
v     0.2334489016    0.02499597098   0.005077718126
v     0.2335030087    0.02503651119   0.003803786591
v     0.2335584326    0.02506881273   0.002525080815
v     0.2336150683    0.02509250831   0.001242104748
v     0.2336727649    0.02510733344 -4.385830528e-05
v     0.2337314349    0.02508349749  -0.001138676083
v     0.2337909762    0.02499213527  -0.002226583441
v     0.2338512761     0.0248342909  -0.003304415318
v     0.2339122209    0.02461101347  -0.004368462864
v     0.2339736908    0.02432338735  -0.005414965784
v     0.2340355538    0.02396466591  -0.006413219065
v     0.2340976767    0.02352858751  -0.007383086265
v     0.2341599229    0.02301705256  -0.008319094221
v     0.2342221463    0.02243202613  -0.009215716696
v     0.2342841975    0.02177550141   -0.01006742194
v     0.2343459364    0.02122228258   -0.01071776652
v     0.2344072075    0.02063191792   -0.01132879718
v     0.2344678355    0.02000748545   -0.01189875926
v     0.2345276452    0.01935206318    -0.0124258981
v     0.2345864612    0.01866869665   -0.01290845897
v     0.2346441083    0.01793510215   -0.01335282603
v     0.2347004111    0.01717956874   -0.01376586052
v     0.2347551944    0.01640347768   -0.01414652413
v     0.2348082829    0.01560817775   -0.01449377845
v     0.2348595013    0.01479501772    -0.0148065851
v     0.2349086742    0.01396534638   -0.01508390569
v     0.2349556265    0.01312051252   -0.01532470181
v     0.2350001823    0.01226187774   -0.01552793994
v     0.2350421561    0.01139109858   -0.01569269818
v     0.2350813582    0.01041471895   -0.01582556646
v     0.2351176124   0.009393188501   -0.01594637806
v      0.235150744   0.008365567983   -0.01605589414
v     0.2351805771   0.007332427013    -0.0161537054
v     0.2352069358   0.006294335974   -0.01623940369
v     0.2352296523   0.005251913681   -0.01631262893
v     0.2352485748   0.004205873005   -0.01637311444
v     0.2352635533   0.003156937623   -0.01642060427
v      0.235274438    0.00210583121   -0.01645484248
v     0.2352810787   0.001053277443    -0.0164755731
v     0.2352833256   2.36368377e-19   -0.01648254018
v     0.2352810787  -0.001053277443    -0.0164755731
v      0.235274438   -0.00210583121   -0.01645484248
v     0.2352635533  -0.003156937623   -0.01642060427
v     0.2352485748  -0.004205873006   -0.01637311444
v     0.2352296523  -0.005251913682   -0.01631262893
v     0.2352069358  -0.006294335974   -0.01623940369
v     0.2351805771  -0.007332427012    -0.0161537054
v      0.235150744  -0.008365567983   -0.01605589414
v     0.2351176124  -0.009393188501   -0.01594637806
v     0.2350813582   -0.01041471896   -0.01582556646
v     0.2350421562   -0.01139109787   -0.01569269798
v     0.2350001838   -0.01226184796   -0.01552793132
v     0.2349556214   -0.01312061204   -0.01532473061
v     0.2349086498   -0.01396582625   -0.01508404413
v     0.2348594495   -0.01479603193   -0.01480687639
v     0.2348082009   -0.01560977501   -0.01449423435
v     0.2347550845    -0.0164056014   -0.01414712499
v     0.2347002807   -0.01718205704   -0.01376655527
v       0.23464397   -0.01793768836   -0.01335353234
v     0.2345863302   -0.01867107138   -0.01290908465
v     0.2345275344   -0.01935399478   -0.01242638267
v     0.2344677549   -0.02000883393   -0.01189907867
v     0.2344071624   -0.02063264816   -0.01132896148
v     0.2343459224   -0.02122250277   -0.01071781357
v     0.2342841975   -0.02177550141   -0.01006742194
v     0.2342221532   -0.02243197602  -0.009215730177
v     0.2341599416   -0.02301691806  -0.008319131976
v     0.2340977027   -0.02352840257  -0.007383139896
v     0.2340355765   -0.02396450461  -0.006413266494
v     0.2339737032   -0.02432329916  -0.005414991867
v     0.2339122228    -0.0246110001  -0.004368466829
v     0.2338512731   -0.02483431153  -0.003304409201
v     0.2337909737   -0.02499215231  -0.002226578387
v     0.2337314345   -0.02508350016  -0.001138675292
v     0.2336727649   -0.02510733344 -4.385830527e-05
v     0.2336150683   -0.02509250831   0.001242104748
v     0.2335584326   -0.02506881273   0.002525080815
v     0.2335030087   -0.02503651119   0.003803786591
v     0.2334489016   -0.02499597098   0.005077718126
v     0.2333961517   -0.02494769629   0.006346713837
v     0.2333447961   -0.02489219727   0.007610627025
v     0.2332948722   -0.02482998407   0.008869310995
v     0.2332464174   -0.02476156685    0.01012261905
v      0.233199469   -0.02468745573    0.01137040448
v     0.2331540643   -0.02460816088    0.01261252061
v     0.2331102407   -0.02452419245    0.01384882073
v     0.2330680355   -0.02443606057    0.01507915814
v     0.2330274861    -0.0243442754    0.01630338614
v     0.2329886297   -0.02424934709    0.01752135805
v     0.2329515038   -0.02415178579    0.01873292715
v     0.2329161289   -0.02405205503    0.01993799851
v     0.2328824587    -0.0239504319    0.02113668416
v       0.23285043   -0.02384714691    0.02232914789
v     0.2328199798   -0.02374243053     0.0235155535
v     0.2327910449   -0.02363651326    0.02469606477
v     0.2327635624   -0.02352962557     0.0258708455
v      0.232737469   -0.02342199797    0.02704005948
v     0.2327127017   -0.02331386093    0.02820387049
v     0.2326891974   -0.02320544494    0.02936244233
v      0.232666893   -0.02309698049    0.03051593879
v     0.2326457254   -0.02298869808    0.03166452366
v     0.2326256314   -0.02288082817    0.03280836073
v     0.2326065493   -0.02277359548    0.03394761349
v     0.2325884458   -0.02266709144    0.03508243842
v     0.2325713069   -0.02256131396    0.03621245089
v     0.2325550864   -0.02242697621    0.03714409236
v     0.2325397437    -0.0222356433    0.03806223964
v     0.2325252411   -0.02198872221    0.03896440942
v     0.2325115411   -0.02168761771    0.03984757859
v     0.2324986079   -0.02133372303    0.04070868949
v     0.2324864085   -0.02092050959    0.04151777258
v     0.2324749106   -0.02044192332    0.04229543069
v     0.2324640826   -0.01990004275    0.04303693514
v     0.2324538953   -0.01929692876    0.04373751853
v     0.2324443208   -0.01863463537    0.04439241021
v     0.2324353258   -0.01808823668    0.04484601552
v     0.2324268827   -0.01751732807    0.04526117994
v     0.2324189731   -0.01692469246    0.04563683983
v     0.2324115781   -0.01631311275    0.04597193155
v     0.2324046792   -0.01568533941    0.04626539137
v     0.2323982576   -0.01501879359    0.04652429449
v     0.2323922948   -0.01434146929    0.04675619315
v      0.232386772   -0.01365445264    0.04696074007
v     0.2323816706   -0.01295879734    0.04713758786
v     0.2323769719   -0.01225555705    0.04728638915
v     0.2323726573   -0.01154578547    0.04740679655
v     0.2323687081   -0.01083053629    0.04749846271
v     0.2323651059   -0.01011086153    0.04756103761
v      0.232361841  -0.009387775411    0.04759411071
v     0.2323589081  -0.008566982251    0.04760467176
v     0.2323562951  -0.007708375528     0.0476130705
v     0.2323539917  -0.006850385637    0.04762052879
v     0.2323519882   -0.00599293694     0.0476270784
v      0.232350275  -0.005135953451    0.04763275058
v     0.2323488434  -0.004279362559    0.04763756477
v     0.2323476867  -0.003423098203    0.04764151746
v     0.2323467984  -0.002567095077    0.04764460248
v     0.2323461719  -0.001711287873    0.04764681368
v     0.2323458008 -0.0008556112826    0.04764814492
v     0.2323456786  1.969736475e-19    0.04764859003
v     0.2323458008  0.0008556112826    0.04764814492
v     0.2323461719   0.001711287872    0.04764681368
v     0.2323467984   0.002567095077    0.04764460248
v     0.2323476867   0.003423098203    0.04764151746
v     0.2323488434   0.004279362559    0.04763756477
v      0.232350275   0.005135953451    0.04763275058
v     0.2323519882    0.00599293694     0.0476270784
v     0.2323539917   0.006850385637    0.04762052879
v     0.2323562951   0.007708375528     0.0476130705
v     0.2323589081   0.008566982251    0.04760467176
v      0.232361841   0.009387775516    0.04759411084
v     0.2323651051    0.01011086587    0.04756104333
v     0.2323687109    0.01083052176     0.0474984436
v     0.2323726711    0.01154571535    0.04740670446
v     0.2323770012    0.01225540859     0.0472861947
v     0.2323817167    0.01295856296    0.04713728206
v     0.2323868334    0.01365413998    0.04696033429
v     0.2323923668    0.01434110113    0.04675571912
v     0.2323983326    0.01501840784     0.0465238042
v     0.2324047483    0.01568498071    0.04626494466
v     0.2324116345     0.0163128162     0.0459715719
v     0.2324190127    0.01692448172    0.04563659163
v     0.2324269043    0.01751721224    0.04526104686
v     0.2324353323    0.01808820126    0.04484597577
v     0.2324443208    0.01863463537    0.04439241021
v     0.2324538934    0.01929694182    0.04373752377
v     0.2324640775    0.01990007814    0.04303694894
v     0.2324749036    0.02044197237    0.04229544939
v     0.2324864024    0.02092055251    0.04151778878
v     0.2324986045    0.02133374653    0.04070869832
v     0.2325115406    0.02168762128    0.03984757993
v     0.2325252419    0.02198871671    0.03896440736
v     0.2325397443    0.02223563875    0.03806223794
v     0.2325550865    0.02242697549     0.0371440921
v     0.2325713069    0.02256131396    0.03621245089
v     0.2325884458    0.02266709144    0.03508243842
v     0.2326065493    0.02277359548    0.03394761349
v     0.2326256314    0.02288082817    0.03280836073
v     0.2326457254    0.02298869808    0.03166452366
v      0.232666893    0.02309698049    0.03051593879
v     0.2326891974    0.02320544494    0.02936244233
v     0.2327127017    0.02331386093    0.02820387049
v      0.232737469    0.02342199797    0.02704005948
v     0.2327635624    0.02352962557     0.0258708455
v     0.2327910449    0.02363651326    0.02469606477
v     0.2328199798    0.02374243053     0.0235155535
v       0.23285043    0.02384714691    0.02232914789
v     0.2328824587     0.0239504319    0.02113668416
v     0.2329161289    0.02405205503    0.01993799851
v     0.2361097205    0.02283562769    0.01922176471
v     0.2361426284    0.02292210485    0.01805147656
v     0.2361770702    0.02300624815    0.01687551305
v     0.2362130128     0.0230876054    0.01569400421
v     0.2362504229    0.02316572442    0.01450708006
v     0.2362892676    0.02324015303    0.01331487065
v     0.2363295138    0.02331043902    0.01211750599
v     0.2363711283     0.0233761302    0.01091511612
v      0.236414078     0.0234367744    0.00970783108
v     0.2364583299    0.02349191943   0.008495780889
v     0.2365038509    0.02354111308   0.007279095581
v     0.2365506079    0.02358390318   0.006057905188
v     0.2365985677    0.02361983753    0.00483233974
v     0.2366476948    0.02364846922   0.003602542463
v      0.236697896    0.02366947269   0.002368960052
v     0.2367490375    0.02368261348   0.001132805419
v     0.2368010419    0.02365737553  9.322104747e-05
v     0.2368538185    0.02356418619 -0.0009389010191
v     0.2369072676    0.02340415592  -0.001960384251
v     0.2369612884    0.02317839956  -0.002967494707
v     0.2370157746    0.02288806322  -0.003956461679
v     0.2370706092     0.0225295019  -0.004906954995
v     0.2371256742    0.02209937062   -0.00582970251
v     0.2371808484    0.02159934384  -0.006719868257
v     0.2372360026    0.02103115332  -0.007572578061
v      0.237291004     0.0203965558  -0.008382952859
v     0.2373457286    0.01987412468  -0.008991661417
v     0.2374000385    0.01931864637  -0.009565892882
v     0.2374537785    0.01873253166   -0.01010422347
v      0.237506793    0.01811819132    -0.0106052294
v     0.2375589268    0.01747801618   -0.01106748685
v     0.2376100245    0.01679883984   -0.01149457089
v     0.2376599307    0.01609855771   -0.01189034962
v     0.2377084899     0.0153785384   -0.01225383925
v     0.2377555469    0.01464013059   -0.01258405591
v     0.2378009462    0.01388468297   -0.01288001577
v     0.2378445325    0.01311354421   -0.01314073496
v     0.2378861504      0.012328063   -0.01336522964
v     0.2379256441    0.01152959939   -0.01355252026
v     0.2379628493    0.01071977484   -0.01370172624
v     0.2379975975    0.00980259162   -0.01381966446
v     0.2380297328   0.008840008309   -0.01392675039
v     0.2380591002    0.00787202684   -0.01402382411
v     0.2380855439   0.006899152109   -0.01411052282
v     0.2381089079   0.005921889697   -0.01418648474
v     0.2381290436   0.004940788115    -0.0142513907
v     0.2381458162   0.003956479241   -0.01430500433
v      0.238159093   0.002969604535   -0.01434709874
v     0.2381687411   0.001980805454   -0.01437744706
v     0.2381746273  0.0009907234559   -0.01439582243
v      0.238176619  2.095140552e-19   -0.01440199797
v     0.2381746273  -0.000990723456   -0.01439582243
v     0.2381687411  -0.001980805454   -0.01437744706
v      0.238159093  -0.002969604535   -0.01434709874
v     0.2381458162  -0.003956479241   -0.01430500433
v     0.2381290436  -0.004940788115    -0.0142513907
v     0.2381089079  -0.005921889697   -0.01418648474
v     0.2380855439  -0.006899152108   -0.01411052282
v     0.2380591002   -0.00787202684   -0.01402382411
v     0.2380297328  -0.008840008309   -0.01392675039
v     0.2379975975   -0.00980259162   -0.01381966446
v     0.2379628493   -0.01071977421   -0.01370172606
v     0.2379256455   -0.01152957299   -0.01355251261
v     0.2378861459   -0.01232815121   -0.01336525517
v     0.2378445109   -0.01311396956   -0.01314085767
v     0.2378009003   -0.01388558195   -0.01288027396
v     0.2377554742   -0.01464154638   -0.01258446002
v     0.2377083924   -0.01538042084   -0.01225437185
v      0.237659815   -0.01610076331   -0.01189096544
v     0.2376099019   -0.01680113223   -0.01149519695
v     0.2375588107    -0.0174801211   -0.01106804145
v     0.2375066948   -0.01811990347   -0.01060565892
v      0.237453707   -0.01873372694    -0.0101045066
v     0.2373999985   -0.01931929365  -0.009566038516
v     0.2373457161   -0.01987431985  -0.008991703125
v      0.237291004    -0.0203965558  -0.008382952859
v     0.2372360087   -0.02103110891   -0.00757259001
v      0.237180865   -0.02159922461  -0.006719901723
v     0.2371256972   -0.02209920669  -0.005829750048
v     0.2370706294   -0.02252935893  -0.004906997035
v     0.2370157856   -0.02288798505  -0.003956484798
v     0.2369612901   -0.02317838771  -0.002967498221
v     0.2369072651    -0.0234041742  -0.001960378829
v     0.2368538164   -0.02356420129 -0.0009388965392
v     0.2368010416   -0.02365737789  9.322174829e-05
v     0.2367490375   -0.02368261348   0.001132805419
v      0.236697896   -0.02366947269   0.002368960052
v     0.2366476948   -0.02364846922   0.003602542463
v     0.2365985677   -0.02361983753    0.00483233974
v     0.2365506079   -0.02358390318   0.006057905188
v     0.2365038509   -0.02354111308   0.007279095581
v     0.2364583299   -0.02349191943   0.008495780889
v      0.236414078    -0.0234367744    0.00970783108
v     0.2363711283    -0.0233761302    0.01091511612
v     0.2363295138   -0.02331043902    0.01211750599
v     0.2362892676   -0.02324015303    0.01331487065
v     0.2362504229   -0.02316572442    0.01450708006
v     0.2362130128    -0.0230876054    0.01569400421
v     0.2361770702   -0.02300624815    0.01687551305
v     0.2361426284   -0.02292210485    0.01805147656
v     0.2361097205   -0.02283562769    0.01922176471
v     0.2360783646   -0.02274722756    0.02038629333
v     0.2360485197   -0.02265715006    0.02154516174
v     0.2360201299   -0.02256559949    0.02269851512
v     0.2359931392   -0.02247278017    0.02384649865
v     0.2359674917   -0.02237889638    0.02498925752
v     0.2359431315   -0.02228415244     0.0261269369
v     0.2359200026   -0.02218875264    0.02725968197
v     0.2358980492   -0.02209290128    0.02838763793
v     0.2358772153   -0.02199680267    0.02951094995
v     0.2358574449    -0.0219006611    0.03062976321
v     0.2358386822   -0.02180468089     0.0317442229
v     0.2358208711   -0.02170906632     0.0328544742
v      0.235803957   -0.02161401656    0.03396066201
v     0.2357879103   -0.02151961267    0.03506292506
v     0.2357727186   -0.02142585277    0.03616084699
v     0.2357583409   -0.02130266736    0.03705579387
v     0.2357447413   -0.02112086522    0.03793744266
v     0.2357318864   -0.02088187844    0.03880322115
v     0.2357197429    -0.0205871371    0.03965000321
v      0.235708279   -0.02023806112    0.04047464095
v     0.2356974657   -0.01983119876    0.04125745611
v     0.2356872741   -0.01936338902    0.04200983182
v     0.2356776762   -0.01883646424    0.04272759203
v     0.2356686464   -0.01825224114    0.04340653517
v     0.2356601596   -0.01761253034    0.04404245682
v     0.2356521865    -0.0170961445    0.04447677808
v     0.2356447027    -0.0165579118    0.04487739609
v     0.2356376917   -0.01599998144    0.04524349959
v     0.2356311369   -0.01542450262    0.04557427728
v     0.2356250217   -0.01483360459    0.04586891786
v     0.2356193298    -0.0142138594    0.04613160891
v     0.2356140444   -0.01358290086    0.04636683106
v      0.235609149   -0.01294183603    0.04657421299
v     0.2356046272   -0.01229175201    0.04675338337
v     0.2356004623   -0.01163373591    0.04690397086
v     0.2355966379   -0.01096887484    0.04702560412
v     0.2355931374   -0.01029825591    0.04711791181
v     0.2355899445  -0.009622964767    0.04718052025
v     0.2355870505   -0.00894405354    0.04721300213
v     0.2355844508  -0.008164780274    0.04722252871
v     0.2355821347  -0.007346610577    0.04722997325
v      0.235580093  -0.006528987633    0.04723658419
v     0.2355783171  -0.005711844396    0.04724238968
v     0.2355767985  -0.004895113514    0.04724741743
v     0.2355755296  -0.004078730626    0.04725168467
v     0.2355745043  -0.003262637175    0.04725518828
v     0.2355737169  -0.002446775275    0.04725792281
v     0.2355731616  -0.001631087037    0.04725988279
v     0.2355728327 -0.0008155145748    0.04726106278
v     0.2355727243   1.74595046e-19    0.04726145733
v     0.2355728327  0.0008155145748    0.04726106278
v     0.2355731616   0.001631087037    0.04725988279
v     0.2355737169   0.002446775275    0.04725792281
v     0.2355745043   0.003262637175    0.04725518828
v     0.2355755296   0.004078730626    0.04725168467
v     0.2355767985   0.004895113514    0.04724741743
v     0.2355783171   0.005711844396    0.04724238968
v      0.235580093   0.006528987633    0.04723658419
v     0.2355821347   0.007346610577    0.04722997325
v     0.2355844508   0.008164780274    0.04722252871
v     0.2355870505   0.008944053633    0.04721300225
v     0.2355899438   0.009622968619    0.04718052533
v     0.2355931399    0.01029824304    0.04711789487
v     0.2355966502    0.01096881269    0.04702552249
v     0.2356004883    0.01163360432    0.04690379851
v     0.2356046681    0.01229154427    0.04675311232
v     0.2356092035    0.01294155889    0.04657385331
v     0.2356141082    0.01358257453    0.04636641088
v     0.2356193963    0.01421351747    0.04613117433
v      0.235625083    0.01483328664     0.0458685219
v     0.2356311869    0.01542423975    0.04557395849
v     0.2356377268    0.01599979464    0.04524327958
v     0.2356447218    0.01655780913    0.04487727813
v     0.2356521923    0.01709611311    0.04447674285
v     0.2356601596    0.01761253034    0.04404245682
v     0.2356686447    0.01825225271    0.04340653981
v     0.2356776717    0.01883649561    0.04272760426
v     0.2356872678    0.01936343249     0.0420098484
v     0.2356974602     0.0198312368    0.04125747047
v      0.235708276    0.02023808195    0.04047464878
v     0.2357197425    0.02058714026     0.0396500044
v     0.2357318871    0.02088187356    0.03880321932
v     0.2357447419    0.02112086119    0.03793744115
v      0.235758341    0.02130266673    0.03705579363
v     0.2357727186    0.02142585277    0.03616084699
v     0.2357879103    0.02151961267    0.03506292506
v      0.235803957    0.02161401656    0.03396066201
v     0.2358208711    0.02170906632     0.0328544742
v     0.2358386822    0.02180468089     0.0317442229
v     0.2358574449     0.0219006611    0.03062976321
v     0.2358772153    0.02199680267    0.02951094995
v     0.2358980492    0.02209290128    0.02838763793
v     0.2359200026    0.02218875264    0.02725968197
v     0.2359431315    0.02228415244     0.0261269369
v     0.2359674917    0.02237889638    0.02498925752
v     0.2359931392    0.02247278017    0.02384649865
v     0.2360201299    0.02256559949    0.02269851512
v     0.2360485197    0.02265715006    0.02154516174
v     0.2360783646    0.02274722756    0.02038629333
v     0.2391159328    0.02161623852    0.01957776719
v     0.2391436601    0.02168910182    0.01844596138
v     0.2391726799    0.02175999868    0.01730937366
v     0.2392029641     0.0218285481    0.01616811359
v     0.2392344849    0.02189436907    0.01502229073
v     0.2392672144    0.02195708059    0.01387201465
v     0.2393011247    0.02201630165     0.0127173949
v     0.2393361879    0.02207165127    0.01155854105
v     0.2393723762    0.02212274842    0.01039556265
v     0.2394096617    0.02216921212   0.009228569272
v     0.2394480164    0.02221066136   0.008057670468
v     0.2394874125    0.02224671514   0.006882975802
v     0.2395278222    0.02227699245   0.005704594833
v     0.2395692153    0.02230111673    0.00452264824
v     0.2396115135    0.02231881369   0.003337512395
v      0.239654604    0.02232988572   0.002150306712
v     0.2396984214     0.0223033096   0.001163799795
v     0.2397428896     0.0222090161  0.0001853081688
v     0.2397879244    0.02204817987  -0.000782012204
v     0.2398334408    0.02182197922  -0.001734438256
v     0.2398793494    0.02153161882  -0.002668221923
v     0.2399255515    0.02117572218  -0.003570620971
v     0.2399719478    0.02075307766  -0.004445742617
v     0.2400184361    0.02026520308  -0.005289247927
v     0.2400649075    0.01971366458  -0.006096771752
v     0.2401112502    0.01910004932  -0.006863944828
v     0.2401573597    0.01860568873  -0.007429370304
v     0.2402031198    0.01808190366  -0.007964018703
v     0.2402483996    0.01753060461  -0.008466740403
v     0.2402930682    0.01695370207  -0.008936385782
v     0.2403369947    0.01635309572  -0.009371805193
v     0.2403800483    0.01572224465  -0.009774561158
v     0.2404220978    0.01507146054   -0.01014637517
v     0.2404630125    0.01440208848   -0.01048633632
v     0.2405026615    0.01371546272   -0.01079353368
v     0.2405409137    0.01301291752    -0.0110670563
v     0.2405776383    0.01229578713   -0.01130599325
v     0.2406127044    0.01156540582    -0.0115094336
v     0.2406459808     0.0108231174   -0.01167647003
v     0.2406773288    0.01007048599   -0.01180627863
v     0.2407066067   0.009209621013   -0.01190586389
v      0.240733683   0.008303552104   -0.01199609159
v     0.2407584272   0.007392934854   -0.01207788328
v      0.240780708   0.006478194673   -0.01215093326
v     0.2408003939   0.005559757552   -0.01221493671
v     0.2408173596   0.004638085651   -0.01226962471
v     0.2408314918   0.003713711372    -0.0123147981
v     0.2408426785   0.002787175193   -0.01235026571
v     0.2408508077   0.001859017587   -0.01237583638
v     0.2408557673  0.0009297790314   -0.01239131897
v     0.2408574454  1.765308576e-19   -0.01239652231
v     0.2408557673 -0.0009297790314   -0.01239131897
v     0.2408508077  -0.001859017588   -0.01237583638
v     0.2408426785  -0.002787175193   -0.01235026571
v     0.2408314918  -0.003713711373    -0.0123147981
v     0.2408173596  -0.004638085651   -0.01226962471
v     0.2408003939  -0.005559757552   -0.01221493671
v      0.240780708  -0.006478194673   -0.01215093326
v     0.2407584272  -0.007392934853   -0.01207788328
v      0.240733683  -0.008303552104   -0.01199609159
v     0.2407066067  -0.009209621013   -0.01190586389
v     0.2406773288   -0.01007048546   -0.01180627847
v     0.2406459819   -0.01082309516   -0.01167646359
v     0.2406127007   -0.01156548014   -0.01150945511
v     0.2405776201   -0.01229614552   -0.01130609665
v      0.240540875   -0.01301367498   -0.01106727385
v     0.2405026002   -0.01371665563   -0.01079387417
v     0.2404629304   -0.01440367458   -0.01048678508
v     0.2404220004   -0.01507331892   -0.01014689404
v     0.2403799449   -0.01572417615  -0.009775088662
v     0.2403368969   -0.01635486928  -0.009372272484
v     0.2402929855   -0.01695514469  -0.008936747679
v     0.2402483394   -0.01753161172  -0.008466978957
v     0.2402030861   -0.01808244904   -0.00796414141
v     0.2401573492   -0.01860585318  -0.007429405446
v     0.2401112502   -0.01910004932  -0.006863944828
v     0.2400649126   -0.01971362716  -0.006096781821
v     0.2400184501   -0.02026510262  -0.005289276125
v     0.2399719672   -0.02075293953  -0.004445782672
v     0.2399255685   -0.02117560172  -0.003570656393
v     0.2398793587   -0.02153155296  -0.002668241403
v     0.2398334422   -0.02182196923  -0.001734441217
v     0.2397879222   -0.02204819527 -0.0007820076354
v     0.2397428878   -0.02220902883  0.0001853119435
v     0.2396984212    -0.0223033116   0.001163800385
v      0.239654604   -0.02232988572   0.002150306712
v     0.2396115135   -0.02231881369   0.003337512395
v     0.2395692153   -0.02230111673    0.00452264824
v     0.2395278222   -0.02227699245   0.005704594833
v     0.2394874125   -0.02224671514   0.006882975802
v     0.2394480164   -0.02221066136   0.008057670468
v     0.2394096617   -0.02216921212   0.009228569272
v     0.2393723762   -0.02212274842    0.01039556265
v     0.2393361879   -0.02207165127    0.01155854105
v     0.2393011247   -0.02201630165     0.0127173949
v     0.2392672144   -0.02195708059    0.01387201465
v     0.2392344849   -0.02189436907    0.01502229073
v     0.2392029641    -0.0218285481    0.01616811359
v     0.2391726799   -0.02175999868    0.01730937366
v     0.2391436601   -0.02168910182    0.01844596138
v     0.2391159328   -0.02161623852    0.01957776719
v     0.2390895132   -0.02154175496    0.02070472019
v     0.2390643667    -0.0214658581    0.02182690404
v     0.2390404462   -0.02138872008    0.02294444108
v     0.2390177045   -0.02131051304    0.02405745363
v     0.2389960947   -0.02123140911    0.02516606402
v     0.2389755694   -0.02115158044    0.02627039458
v     0.2389560817   -0.02107119915    0.02737056762
v     0.2389375843    -0.0209904374    0.02846670548
v     0.2389200302   -0.02090946732    0.02955893048
v     0.2389033722   -0.02082846104    0.03064736496
v     0.2388875633   -0.02074759071    0.03173213123
v     0.2388725562   -0.02066702847    0.03281335162
v     0.2388583048   -0.02058694213    0.03389114824
v     0.2388447843   -0.02050739997    0.03496563795
v     0.2388319841   -0.02042840039    0.03603637251
v     0.2388198699    -0.0203192964     0.0369010118
v     0.2388084112   -0.02015034016    0.03775271873
v       0.23879758    -0.0199229773    0.03858884651
v     0.2387873483   -0.01963865179    0.03940618421
v     0.2387776891   -0.01929879897    0.04020150852
v     0.2387685781   -0.01890220517     0.0409626265
v     0.2387599909    -0.0184478138     0.0416941975
v      0.238751904    -0.0179372757    0.04239243857
v     0.2387442957   -0.01737222858    0.04305355133
v      0.238737145   -0.01675430502    0.04367373491
v     0.2387304271   -0.01626503802    0.04409222638
v     0.2387241214   -0.01575578363     0.0444805928
v     0.2387182141   -0.01522823195    0.04483820062
v     0.2387126912   -0.01468407307     0.0451644163
v     0.2387075388   -0.01412498628    0.04545860629
v     0.2387027429   -0.01354421027    0.04572284919
v     0.2386982895   -0.01295183635    0.04595938258
v     0.2386941649   -0.01234898919    0.04616781162
v     0.2386903549   -0.01173678266    0.04634774148
v     0.2386868457   -0.01111633061    0.04649877729
v     0.2386836234   -0.01048874692    0.04662052422
v     0.2386806739  -0.009855145441    0.04671258739
v     0.2386779837  -0.009216638808       0.04677457
v     0.2386755453  -0.008574311409    0.04680603003
v     0.2386733548  -0.007829645616     0.0468142706
v     0.2386714034  -0.007045255699    0.04682054317
v     0.2386696831  -0.006261326462    0.04682611336
v     0.2386681868  -0.005477801413    0.04683100491
v     0.2386669072  -0.004694623803    0.04683524116
v      0.238665838  -0.003911739403    0.04683883662
v     0.2386649742  -0.003129098875    0.04684178867
v     0.2386643107  -0.002346653446     0.0468440927
v     0.2386638429   -0.00156435434    0.04684574413
v     0.2386635657 -0.0007821527826    0.04684673836
v     0.2386634744   1.47109048e-19    0.04684707079
v     0.2386635657  0.0007821527826    0.04684673836
v     0.2386638429    0.00156435434    0.04684574413
v     0.2386643107   0.002346653446     0.0468440927
v     0.2386649742   0.003129098875    0.04684178867
v      0.238665838   0.003911739403    0.04683883662
v     0.2386669072   0.004694623803    0.04683524116
v     0.2386681868   0.005477801413    0.04683100491
v     0.2386696831   0.006261326462    0.04682611336
v     0.2386714034   0.007045255699    0.04682054317
v     0.2386733548   0.007829645616     0.0468142706
v     0.2386755452   0.008574311487    0.04680603013
v      0.238677983   0.009216642054    0.04677457428
v      0.238680676   0.009855134593    0.04671257312
v     0.2386836337    0.01048869455    0.04662045544
v     0.2386868676    0.01111621973    0.04649863207
v     0.2386903894    0.01173660762     0.0463475131
v     0.2386942107    0.01234875568    0.04616750857
v     0.2386983433    0.01295156139    0.04595902855
v     0.2387027989    0.01354392218    0.04572248302
v     0.2387075904    0.01412471839    0.04545827267
v     0.2387127334    0.01468385159     0.0451641477
v     0.2387182437    0.01522807455    0.04483801525
v     0.2387241375    0.01575569712    0.04448049341
v      0.238730432    0.01626501157     0.0440921967
v      0.238737145    0.01675430502    0.04367373491
v     0.2387442943    0.01737223833    0.04305355524
v     0.2387519002    0.01793730213    0.04239244888
v     0.2387599857    0.01844785043    0.04169421146
v     0.2387685735    0.01890223723     0.0409626386
v     0.2387776866    0.01929881652    0.04020151512
v     0.2387873479    0.01963865445    0.03940618521
v     0.2387975806     0.0199229732    0.03858884497
v     0.2388084117    0.02015033676    0.03775271746
v     0.2388198699    0.02031929587     0.0369010116
v     0.2388319841    0.02042840039    0.03603637251
v     0.2388447843    0.02050739997    0.03496563795
v     0.2388583048    0.02058694213    0.03389114824
v     0.2388725562    0.02066702847    0.03281335162
v     0.2388875633    0.02074759071    0.03173213123
v     0.2389033722    0.02082846104    0.03064736496
v     0.2389200302    0.02090946732    0.02955893048
v     0.2389375843     0.0209904374    0.02846670548
v     0.2389560817    0.02107119915    0.02737056762
v     0.2389755694    0.02115158044    0.02627039458
v     0.2389960947    0.02123140911    0.02516606402
v     0.2390177045    0.02131051304    0.02405745363
v     0.2390404462    0.02138872008    0.02294444108
v     0.2390643667     0.0214658581    0.02182690404
v     0.2390895132    0.02154175496    0.02070472019
v     0.2419826873     0.0204883373    0.01981152397
v     0.2420043678     0.0205453104    0.01871554643
v     0.2420270589    0.02060074591    0.01761582984
v     0.2420507386    0.02065434591    0.01651245986
v     0.2420753853    0.02070581248    0.01540552216
v      0.242100977    0.02075484773     0.0142951024
v     0.2421274921    0.02080115373    0.01318128625
v     0.2421549087    0.02084443257    0.01206415938
v     0.2421832049    0.02088438634    0.01094380746
v     0.2422123591    0.02092071712   0.009820316151
v     0.2422423493    0.02095312701   0.008693771121
v     0.2422731539     0.0209813181    0.00756425804
v     0.2423047509    0.02100499246   0.006431862573
v     0.2423371169    0.02102385567   0.005296679081
v     0.2423701906    0.02103769323   0.004159001858
v     0.2424038838     0.0210463506   0.003019835944
v     0.2424381455    0.02101849803   0.002084302517
v     0.2424729159    0.02092376357    0.00115733697
v     0.2425081294    0.02076338396  0.0002420454875
v     0.2425437195    0.02053859877 -0.0006578925651
v     0.2425796162    0.02025066817  -0.001538781905
v     0.2426157425    0.01989971734  -0.002392903198
v     0.2426520206    0.01948594703  -0.003220057291
v     0.2426883706    0.01901078218  -0.004016272984
v     0.2427247074     0.0184756855  -0.004777562205
v     0.2427609436    0.01788213614  -0.005499933665
v     0.2427969974    0.01741329283  -0.006020681184
v      0.242832778    0.01691820379  -0.006513303804
v     0.2428681831    0.01639843302  -0.006976873557
v     0.2429031103    0.01585554453  -0.007410462475
v     0.2429374572     0.0152910975  -0.007813142579
v     0.2429711215    0.01470288339  -0.008185196543
v     0.2430040008    0.01409621633  -0.008526978008
v     0.2430359927    0.01347240793  -0.008837665562
v     0.2430669949    0.01283276497   -0.00911643778
v      0.243096905    0.01217859424  -0.009362473238
v     0.2431256207    0.01151120252  -0.009574950512
v     0.2431530395    0.01083189659  -0.009753048178
v     0.2431790589    0.01014199072  -0.009895947648
v     0.2432035704   0.009442971423   -0.01000289554
v     0.2432264634   0.008635652773    -0.0100810476
v     0.2432476348   0.007783732746   -0.01015159824
v     0.2432669827   0.006928256291    -0.0102155526
v     0.2432844044   0.006069556043   -0.01027267167
v     0.2432997972   0.005207965092    -0.0103227171
v      0.243313063    0.00434384481   -0.01036547861
v     0.2433241132   0.003477611491   -0.01040080048
v     0.2433328603   0.002609687743   -0.01042853323
v     0.2433392166   0.001740496174   -0.01044852739
v     0.2433430946  0.0008704593907    -0.0104606335
v     0.2433444068  1.380325948e-19   -0.01046470209
v     0.2433430946 -0.0008704593907    -0.0104606335
v     0.2433392166  -0.001740496174   -0.01044852739
v     0.2433328603  -0.002609687743   -0.01042853323
v     0.2433241132  -0.003477611491   -0.01040080048
v      0.243313063   -0.00434384481   -0.01036547861
v     0.2432997972  -0.005207965093    -0.0103227171
v     0.2432844044  -0.006069556043   -0.01027267167
v     0.2432669827   -0.00692825629    -0.0102155526
v     0.2432476348  -0.007783732746   -0.01015159824
v     0.2432264634  -0.008635652773    -0.0100810476
v     0.2432035705  -0.009442971006   -0.01000289542
v     0.2431790597   -0.01014197333  -0.009895942612
v     0.2431530365    -0.0108319547  -0.009753064997
v     0.2431256064   -0.01151148274  -0.009575031359
v     0.2430968748   -0.01217918651   -0.00936264334
v      0.243066947   -0.01283369772  -0.009116704013
v     0.2430359285   -0.01347364812   -0.00883801645
v     0.2430039246   -0.01409766943  -0.008527383723
v     0.2429710407   -0.01470439367  -0.008185609008
v     0.2429373807   -0.01529248428  -0.007813507962
v     0.2429030456   -0.01585667254   -0.00741074545
v      0.242868136    -0.0163992205  -0.006977060088
v     0.2428327516   -0.01691863023  -0.006513399751
v     0.2427969892   -0.01741342141  -0.006020708661
v     0.2427609436   -0.01788213614  -0.005499933665
v     0.2427247114   -0.01847565624  -0.004777570077
v     0.2426883815   -0.01901070363  -0.004016295032
v     0.2426520357   -0.01948583903  -0.003220088611
v     0.2426157558   -0.01989962315  -0.002392930895
v     0.2425796235   -0.02025061667  -0.001538797137
v     0.2425437206   -0.02053859097 -0.0006578948804
v     0.2425081277   -0.02076339601  0.0002420490597
v     0.2424729145   -0.02092377352   0.001157339922
v     0.2424381453   -0.02101849959   0.002084302978
v     0.2424038838    -0.0210463506   0.003019835944
v     0.2423701906   -0.02103769323   0.004159001858
v     0.2423371169   -0.02102385567   0.005296679081
v     0.2423047509   -0.02100499246   0.006431862573
v     0.2422731539    -0.0209813181    0.00756425804
v     0.2422423493   -0.02095312701   0.008693771121
v     0.2422123591   -0.02092071712   0.009820316151
v     0.2421832049   -0.02088438634    0.01094380746
v     0.2421549087   -0.02084443257    0.01206415938
v     0.2421274921   -0.02080115373    0.01318128625
v      0.242100977   -0.02075484773     0.0142951024
v     0.2420753853   -0.02070581248    0.01540552216
v     0.2420507386   -0.02065434591    0.01651245986
v     0.2420270589   -0.02060074591    0.01761582984
v     0.2420043678    -0.0205453104    0.01871554643
v     0.2419826873    -0.0204883373    0.01981152397
v     0.2419620293   -0.02043009729    0.02090370699
v     0.2419423668    -0.0203707522    0.02199216094
v      0.241923663   -0.02031043662    0.02307698147
v     0.2419058809   -0.02024928515    0.02415826421
v     0.2418889838   -0.02018743239    0.02523610483
v     0.2418729347   -0.02012501294    0.02631059897
v     0.2418576969   -0.02006216139    0.02738184228
v     0.2418432335   -0.01999901235    0.02844993041
v     0.2418295076   -0.01993570041    0.02951495901
v     0.2418164824   -0.01987236018    0.03057702372
v     0.2418041211   -0.01980912624     0.0316362202
v     0.2417923868    -0.0197461332     0.0326926441
v     0.2417812434   -0.01968351227    0.03374639088
v     0.2417706715   -0.01962131686    0.03479755194
v     0.2417606628   -0.01955954564    0.03584564702
v     0.2417511905   -0.01946716307    0.03668589001
v     0.2417422308    -0.0193140485    0.03751372036
v     0.2417337617   -0.01910165055    0.03832643004
v     0.2417257613    -0.0188314165    0.03912074012
v     0.2417182086    -0.0185047869    0.03989336564
v     0.2417110845   -0.01812201425    0.04063701678
v     0.2417043701   -0.01768342051    0.04135192608
v     0.2416980468   -0.01719053466     0.0420345571
v     0.2416920977   -0.01664487535    0.04268136492
v     0.2416865065   -0.01604795725     0.0432888027
v     0.2416812536   -0.01558309671    0.04369465993
v     0.2416763231   -0.01509936946    0.04407290209
v     0.2416717041   -0.01459816718    0.04442300473
v     0.2416673856   -0.01408088154    0.04474444344
v     0.2416633568   -0.01354889938    0.04503669377
v     0.2416596068   -0.01299983985    0.04530044192
v     0.2416561247   -0.01243884474    0.04553644507
v     0.2416528995   -0.01186705334    0.04574428535
v     0.2416499204   -0.01128560009    0.04592354486
v     0.2416471765   -0.01069561944    0.04607380572
v     0.2416446569   -0.01009824587    0.04619465004
v     0.2416423507  -0.009494613801    0.04628565993
v     0.2416402472  -0.008885856743    0.04634641596
v     0.2416383405  -0.008273086098    0.04637646337
v     0.2416366278  -0.007556625642     0.0463831914
v     0.2416351019  -0.006799848568    0.04638809604
v     0.2416337568  -0.006043431707    0.04639245147
v     0.2416325868  -0.005287330887    0.04639627626
v     0.2416315863  -0.004531501737    0.04639958866
v     0.2416307503  -0.003775901853    0.04640240001
v     0.2416300748  -0.003020492656    0.04640470827
v      0.241629556   -0.00226523601    0.04640650984
v     0.2416291902  -0.001510093777    0.04640780112
v     0.2416289735 -0.0007550278199    0.04640857852
v     0.2416289021  1.150271623e-19    0.04640883846
v     0.2416289735  0.0007550278199    0.04640857852
v     0.2416291902   0.001510093777    0.04640780112
v      0.241629556    0.00226523601    0.04640650984
v     0.2416300748   0.003020492656    0.04640470827
v     0.2416307503   0.003775901852    0.04640240001
v     0.2416315863   0.004531501737    0.04639958866
v     0.2416325868   0.005287330887    0.04639627626
v     0.2416337568   0.006043431707    0.04639245147
v     0.2416351019   0.006799848568    0.04638809604
v     0.2416366278   0.007556625642     0.0463831914
v     0.2416383405   0.008273086158    0.04637646345
v     0.2416402467   0.008885859281     0.0463464193
v     0.2416423524   0.009494605319    0.04628564877
v      0.241644665    0.01009820492    0.04619459626
v     0.2416471936    0.01069553275    0.04607369217
v     0.2416499474    0.01128546322    0.04592336628
v     0.2416529354    0.01186687075    0.04574404838
v     0.2416561667    0.01243862975    0.04553616825
v     0.2416596506    0.01299961458     0.0453001556
v     0.2416633972    0.01354868991     0.0450364329
v     0.2416674186    0.01408070836    0.04474423342
v     0.2416717272    0.01459804411    0.04442285979
v     0.2416763357    0.01509930182    0.04407282437
v     0.2416812574    0.01558307602    0.04369463672
v     0.2416865065    0.01604795725     0.0432888027
v     0.2416920966    0.01664488297    0.04268136798
v     0.2416980438    0.01719055533    0.04203456516
v      0.241704366    0.01768344916      0.041351937
v     0.2417110809    0.01812203931    0.04063702624
v     0.2417182066    0.01850480062     0.0398933708
v      0.241725761    0.01883141859     0.0391207409
v     0.2417337621    0.01910164734    0.03832642883
v     0.2417422312    0.01931404584    0.03751371936
v     0.2417511905    0.01946716266    0.03668588985
v     0.2417606628    0.01955954564    0.03584564702
v     0.2417706715    0.01962131686    0.03479755194
v     0.2417812434    0.01968351227    0.03374639088
v     0.2417923868     0.0197461332     0.0326926441
v     0.2418041211    0.01980912624     0.0316362202
v     0.2418164824    0.01987236018    0.03057702372
v     0.2418295076    0.01993570041    0.02951495901
v     0.2418432335    0.01999901235    0.02844993041
v     0.2418576969    0.02006216139    0.02738184228
v     0.2418729347    0.02012501294    0.02631059897
v     0.2418889838    0.02018743239    0.02523610483
v     0.2419058809    0.02024928515    0.02415826421
v      0.241923663    0.02031043662    0.02307698147
v     0.2419423668     0.0203707522    0.02199216094
v     0.2419620293    0.02043009729    0.02090370699
v      0.244730775    0.01944018986    0.01994099599
v     0.2447456835    0.01947936715    0.01887852753
v     0.2447612869    0.01951748711    0.01781348793
v     0.2447775701    0.01955434489    0.01674593608
v     0.2447945183    0.01958973564    0.01567593091
v     0.2448121164    0.01962345449    0.01460353132
v     0.2448303493    0.01965529659    0.01352879622
v     0.2448492022    0.01968505708    0.01245178452
v       0.24486866     0.0197125311    0.01137255513
v     0.2448887077    0.01973751379    0.01029116695
v     0.2449093304     0.0197598003   0.009207678894
v      0.244930513    0.01977918576   0.008122149873
v     0.2449522405    0.01979546532   0.007034638793
v     0.2449744968    0.01980843652   0.005945210541
v     0.2449972398    0.01981795185   0.004854067486
v     0.2450204088    0.01982390498   0.003762082771
v     0.2450439686    0.01979483068   0.002875643859
v     0.2450678784    0.01970021955   0.001998324089
v     0.2450920928    0.01954136852   0.001133155137
v     0.2451165661    0.01931957639   0.000283744854
v     0.2451412503    0.01903615612 -0.0005462897726
v     0.2451660924     0.0186920804  -0.001352063925
v     0.2451910388    0.01828834726  -0.002131046113
v     0.2452160348    0.01782634306   -0.00287952235
v     0.2452410216    0.01730748014  -0.003593768856
v     0.2452659392    0.01673318213  -0.004270059638
v     0.2452907314      0.016287641   -0.00474502411
v     0.2453153358    0.01581864999  -0.005193620817
v      0.245339682     0.0153275579  -0.005615098432
v     0.2453636995    0.01481571352  -0.006008705632
v      0.245387318    0.01428446415  -0.006373691088
v     0.2454104671    0.01373397755  -0.006709682478
v     0.2454330764    0.01316677653  -0.007016329694
v     0.2454550755    0.01258413087  -0.007292914771
v      0.245476394    0.01198730885  -0.007538719737
v     0.2454969615    0.01137757874  -0.007753026622
v     0.2455167077    0.01075620881  -0.007935117457
v     0.2455355621    0.01012446733   -0.00808427427
v     0.2455534542   0.009483627723  -0.008199781042
v     0.2455703095   0.008835081848  -0.008280966588
v     0.2455860517   0.008078858419  -0.008335106734
v     0.2456006101   0.007278980378   -0.00838362054
v     0.2456139146   0.006476656776  -0.008427598452
v     0.2456258946   0.005672116348  -0.008466876109
v     0.2456364793   0.004865588143  -0.008501289609
v     0.2456456015   0.004057320654  -0.008530694361
v     0.2456532001   0.003247600146  -0.008554983274
v      0.245659215   0.002436717223  -0.008574053567
v     0.2456635859   0.001624962488  -0.008587802459
v     0.2456662526  0.0008126265461  -0.008596127166
v     0.2456671549  9.491745594e-20  -0.008598924909
v     0.2456662526 -0.0008126265461  -0.008596127166
v     0.2456635859  -0.001624962488  -0.008587802459
v      0.245659215  -0.002436717223  -0.008574053567
v     0.2456532001  -0.003247600146  -0.008554983275
v     0.2456456015  -0.004057320654  -0.008530694361
v     0.2456364793  -0.004865588143  -0.008501289609
v     0.2456258946  -0.005672116348  -0.008466876109
v     0.2456139146  -0.006476656776  -0.008427598452
v     0.2456006101  -0.007278980378  -0.008383620539
v     0.2455860517  -0.008078858419  -0.008335106734
v     0.2455703095  -0.008835081562  -0.008280966505
v     0.2455534548  -0.009483615764  -0.008199777579
v     0.2455355601   -0.01012450729  -0.008084285836
v     0.2455166979    -0.0107564015  -0.007935173051
v     0.2454969407   -0.01137798601  -0.007753143592
v      0.245476361   -0.01198795026  -0.007538902811
v     0.2454550313   -0.01258498368  -0.007293156057
v      0.245433024   -0.01316777574  -0.007016608682
v     0.2454104115   -0.01373501608  -0.006709966108
v     0.2453872654   -0.01428541775  -0.006373942342
v      0.245363655   -0.01481648919  -0.006008900218
v     0.2453396496    -0.0153280994  -0.005615226699
v     0.2453153177   -0.01581894323  -0.005193686794
v     0.2452907258   -0.01628772942  -0.004745043005
v     0.2452659392   -0.01673318213  -0.004270059638
v     0.2452410243   -0.01730746001  -0.003593774269
v     0.2452160423   -0.01782628904  -0.002879537511
v     0.2451910493   -0.01828827299   -0.00213106765
v     0.2451661015   -0.01869201563   -0.00135208297
v     0.2451412553   -0.01903612071 -0.0005463002463
v     0.2451165669   -0.01931957102  0.0002837432619
v     0.2450920916    -0.0195413768   0.001133157594
v     0.2450678774    -0.0197002264   0.001998326119
v     0.2450439685   -0.01979483175   0.002875644176
v     0.2450204088   -0.01982390498   0.003762082771
v     0.2449972398   -0.01981795185   0.004854067486
v     0.2449744968   -0.01980843652   0.005945210541
v     0.2449522405   -0.01979546532   0.007034638793
v      0.244930513   -0.01977918576   0.008122149873
v     0.2449093304    -0.0197598003   0.009207678894
v     0.2448887077   -0.01973751379    0.01029116695
v       0.24486866    -0.0197125311    0.01137255513
v     0.2448492022   -0.01968505708    0.01245178452
v     0.2448303493   -0.01965529659    0.01352879622
v     0.2448121164   -0.01962345449    0.01460353132
v     0.2447945183   -0.01958973564    0.01567593091
v     0.2447775701   -0.01955434489    0.01674593608
v     0.2447612869   -0.01951748711    0.01781348793
v     0.2447456835   -0.01947936715    0.01887852753
v      0.244730775   -0.01944018986    0.01994099599
v     0.2447165696    -0.0194001414    0.02100085518
v     0.2447030488   -0.01935933303    0.02205815008
v     0.2446901872   -0.01931785731    0.02311294648
v     0.2446779594   -0.01927580679    0.02416531014
v     0.2446663402   -0.01923327404    0.02521530684
v     0.2446553041    -0.0191903516    0.02626300235
v     0.2446448259   -0.01914713203    0.02730846244
v     0.2446348802    -0.0191037079    0.02835175288
v     0.2446254417   -0.01906017174    0.02939293946
v      0.244616485   -0.01901661613    0.03043208793
v     0.2446079848   -0.01897313362    0.03146926408
v     0.2445999158   -0.01892981675    0.03250453367
v     0.2445922531   -0.01888675577    0.03353796236
v     0.2445849833   -0.01884398739    0.03456961298
v     0.2445781009   -0.01880151064    0.03559897328
v     0.2445715873   -0.01872806259    0.03641988617
v     0.2445654262   -0.01859330665    0.03722903609
v     0.2445596025   -0.01839868546    0.03802366516
v      0.244554101   -0.01814564063    0.03880044087
v     0.2445489075   -0.01783560919     0.0395560284
v     0.2445440086   -0.01746965134    0.04028583827
v     0.2445393915   -0.01704884849    0.04098763587
v     0.2445350433   -0.01657465852    0.04165800615
v     0.2445309524   -0.01604853226    0.04229353006
v     0.2445271076   -0.01547191776    0.04289078725
v     0.2445234955   -0.01502911536    0.04328674796
v     0.2445201051   -0.01456793723    0.04365669148
v     0.2445169289   -0.01408961367    0.04400014398
v     0.2445139593   -0.01359537497    0.04431663163
v     0.2445111889   -0.01308644991    0.04460568057
v     0.2445086102   -0.01256288777    0.04486719598
v     0.2445062158   -0.01202709285    0.04510110525
v      0.244503998   -0.01148021644    0.04530696788
v     0.2445019494   -0.01092340829    0.04548434341
v     0.2445000626   -0.01035781819    0.04563279135
v       0.24449833    -0.0097845959    0.04575187122
v     0.2444967442  -0.009204891193    0.04584114254
v     0.2444952977  -0.008619853179    0.04590016377
v     0.2444939866   -0.00803061578    0.04592846907
v     0.2444928088  -0.007336870555    0.04593349482
v     0.2444917596  -0.006602417112    0.04593686746
v     0.2444908346  -0.005868211368    0.04593986246
v       0.24449003  -0.005134222948    0.04594249256
v     0.2444893421  -0.004400421341    0.04594477031
v     0.2444887672  -0.003666777387    0.04594670353
v     0.2444883027  -0.002933264558    0.04594829079
v      0.244487946  -0.002199856631    0.04594952963
v     0.2444876944  -0.001466527378    0.04595041757
v     0.2444875454 -0.0007332505766    0.04595095215
v     0.2444874963  7.909787995e-20    0.04595113089
v     0.2444875454  0.0007332505766    0.04595095215
v     0.2444876944   0.001466527378    0.04595041757
v      0.244487946   0.002199856631    0.04594952963
v     0.2444883027   0.002933264558    0.04594829079
v     0.2444887672   0.003666777387    0.04594670353
v     0.2444893421   0.004400421341    0.04594477031
v       0.24449003   0.005134222948    0.04594249256
v     0.2444908346   0.005868211368    0.04593986246
v     0.2444917596   0.006602417112    0.04593686746
v     0.2444928088   0.007336870555    0.04593349482
v     0.2444939866   0.008030615822    0.04592846912
v     0.2444952973   0.008619854924    0.04590016607
v     0.2444967453    0.00920488536    0.04584113487
v     0.2444983356   0.009784567741    0.04575183424
v     0.2445000744    0.01035775857    0.04563271327
v      0.244501968    0.01092331418    0.04548422062
v     0.2445040227    0.01148009088    0.04530680494
v     0.2445062447    0.01202694501    0.04510091489
v     0.2445086404    0.01256273287     0.0448669991
v     0.2445112167    0.01308630587    0.04460550119
v      0.244513982    0.01359525588     0.0443164872
v     0.2445169448    0.01408952904    0.04400004432
v     0.2445201138    0.01456789072    0.04365663804
v     0.2445234982    0.01502910114      0.043286732
v     0.2445271076    0.01547191776    0.04289078725
v     0.2445309517     0.0160485375    0.04229353216
v     0.2445350413    0.01657467274    0.04165801169
v     0.2445393887    0.01704886819    0.04098764337
v     0.2445440062    0.01746966857    0.04028584478
v     0.2445489061    0.01783561862    0.03955603195
v     0.2445541008    0.01814564207    0.03880044141
v     0.2445596028    0.01839868325    0.03802366433
v     0.2445654265    0.01859330483    0.03722903541
v     0.2445715874    0.01872806231    0.03641988606
v     0.2445781009    0.01880151064    0.03559897328
v     0.2445849833    0.01884398739    0.03456961298
v     0.2445922531    0.01888675577    0.03353796236
v     0.2445999158    0.01892981675    0.03250453367
v     0.2446079848    0.01897313362    0.03146926408
v      0.244616485    0.01901661613    0.03043208793
v     0.2446254417    0.01906017174    0.02939293946
v     0.2446348802     0.0191037079    0.02835175288
v     0.2446448259    0.01914713203    0.02730846244
v     0.2446553041     0.0191903516    0.02626300235
v     0.2446663402    0.01923327404    0.02521530684
v     0.2446779594    0.01927580679    0.02416531014
v     0.2446901872    0.01931785731    0.02311294648
v     0.2447030488    0.01935933303    0.02205815008
v     0.2447165696     0.0194001414    0.02100085518
v     0.2473900086     0.0184529499    0.01999221789
v     0.2473976096    0.01847292409    0.01896148394
v     0.2474055648    0.01849235921    0.01792943911
v     0.2474138667    0.01851115081    0.01689611344
v     0.2474225076    0.01852919447    0.01586153696
v     0.2474314798    0.01854638572    0.01482573971
v     0.2474407757    0.01856262013    0.01378875172
v     0.2474503876    0.01857779324    0.01275060303
v      0.247460308    0.01859180062    0.01171132366
v     0.2474705292    0.01860453783    0.01067094366
v     0.2474810434     0.0186159004   0.009629493059
v     0.2474918432     0.0186257839   0.008587001887
v     0.2475029208    0.01863408389    0.00754350018
v      0.247514268    0.01864069714    0.00649902102
v     0.2475258633    0.01864554845   0.005453667583
v     0.2475376758    0.01864858349   0.004408168133
v     0.2475496876    0.01861832981   0.003569361416
v     0.2475618777     0.0185242645   0.002740223492
v     0.2475742232    0.01836774317   0.001923693089
v     0.2475867007    0.01815012229   0.001123285792
v     0.2475992857    0.01787276556  0.0003425212745
v     0.2476119513    0.01753700219 -0.0004149079783
v       0.24762467    0.01714416597   -0.00114561922
v     0.2476374139    0.01669564539  -0.001846072616
v     0.2476501532    0.01619284219   -0.00251272391
v     0.2476628573     0.0156371639  -0.003142027716
v     0.2476754973     0.0152132398  -0.003570432807
v     0.2476880417    0.01476837177  -0.003973554943
v     0.2477004543    0.01430379196  -0.004350785533
v     0.2477126994    0.01382073252  -0.004701515988
v     0.2477247411    0.01332042543  -0.005025137716
v     0.2477365435    0.01280394706  -0.005321092116
v     0.2477480706    0.01227268443  -0.005588823513
v     0.2477592867    0.01172785926  -0.005827727718
v     0.2477701557    0.01117069311   -0.00603720054
v     0.2477806419    0.01060240749  -0.006216637787
v     0.2477907093    0.01002422396   -0.00636543527
v     0.2478003221   0.009437364057  -0.006482988796
v     0.2478094442   0.008843051937   -0.00656869517
v     0.2478180377    0.00824257215  -0.006621974053
v     0.2478260637   0.007535550874  -0.006650197842
v     0.2478334862   0.006786078492  -0.006674932168
v     0.2478402694   0.006035359262   -0.00669735391
v     0.2478463773   0.005283509804  -0.006717379269
v     0.2478517738   0.004530646895  -0.006734924682
v     0.2478564246   0.003776897229  -0.006749916429
v     0.2478602987   0.003022406753  -0.006762299913
v     0.2478633654   0.002267323631  -0.006772022729
v     0.2478655938   0.001511796024  -0.006779032478
v     0.2478669534  0.0007559720927  -0.006783276755
v     0.2478674134  4.839280871e-20  -0.006784703159
v     0.2478669534 -0.0007559720927  -0.006783276755
v     0.2478655938  -0.001511796024  -0.006779032478
v     0.2478633654  -0.002267323631  -0.006772022729
v     0.2478602987  -0.003022406754  -0.006762299913
v     0.2478564246  -0.003776897229  -0.006749916429
v     0.2478517738  -0.004530646895  -0.006734924682
v     0.2478463773  -0.005283509804  -0.006717379269
v     0.2478402694  -0.006035359262   -0.00669735391
v     0.2478334862  -0.006786078492  -0.006674932168
v     0.2478260637  -0.007535550874  -0.006650197842
v     0.2478180377  -0.008242572004  -0.006621974011
v     0.2478094445  -0.008843045839  -0.006568693404
v      0.247800321  -0.009437384432  -0.006482994693
v     0.2477907043   -0.01002432221  -0.006365463614
v     0.2477806313   -0.01060261514  -0.006216697423
v     0.2477701389   -0.01117102012  -0.006037293878
v     0.2477592641   -0.01172829406  -0.005827850736
v     0.2477480439   -0.01227319387  -0.005588965752
v     0.2477365152   -0.01280447655  -0.005321236722
v     0.2477247143   -0.01332091162  -0.005025265816
v     0.2477126768   -0.01382112799  -0.004701615195
v     0.2477004378   -0.01430406804  -0.004350850929
v     0.2476880324   -0.01476852128  -0.003973588581
v     0.2476754945   -0.01521328488  -0.003570442441
v     0.2476628573    -0.0156371639  -0.003142027716
v     0.2476501546   -0.01619283193   -0.00251272667
v     0.2476374178   -0.01669561785  -0.001846080346
v     0.2476246753   -0.01714412811  -0.001145630201
v     0.2476119559   -0.01753696917 -0.0004149176885
v     0.2475992883    -0.0178727475  0.0003425159346
v     0.2475867011   -0.01815011955    0.00112328498
v     0.2475742226   -0.01836774739   0.001923694341
v     0.2475618772   -0.01852426799   0.002740224527
v     0.2475496875   -0.01861833036   0.003569361578
v     0.2475376758   -0.01864858349   0.004408168133
v     0.2475258633   -0.01864554845   0.005453667583
v      0.247514268   -0.01864069714    0.00649902102
v     0.2475029208   -0.01863408389    0.00754350018
v     0.2474918432    -0.0186257839   0.008587001887
v     0.2474810434    -0.0186159004   0.009629493059
v     0.2474705292   -0.01860453783    0.01067094366
v      0.247460308   -0.01859180062    0.01171132366
v     0.2474503876   -0.01857779324    0.01275060303
v     0.2474407757   -0.01856262013    0.01378875172
v     0.2474314798   -0.01854638572    0.01482573971
v     0.2474225076   -0.01852919447    0.01586153696
v     0.2474138667   -0.01851115081    0.01689611344
v     0.2474055648   -0.01849235921    0.01792943911
v     0.2473976096   -0.01847292409    0.01896148394
v     0.2473900086    -0.0184529499    0.01999221789
v     0.2473827661   -0.01843253155    0.02102162153
v     0.2473758727   -0.01841172578    0.02204971779
v     0.2473693153   -0.01839057975    0.02307654021
v     0.2473630811   -0.01836914068    0.02410212233
v     0.2473571571   -0.01834745574    0.02512649766
v     0.2473515305   -0.01832557212    0.02614969976
v     0.2473461883   -0.01830353701    0.02717176215
v     0.2473411175   -0.01828139761    0.02819271837
v     0.2473363054   -0.01825920109    0.02921260194
v     0.2473317389   -0.01823699466    0.03023144641
v     0.2473274051   -0.01821482549     0.0312492853
v     0.2473232912   -0.01819274078    0.03226615216
v     0.2473193844   -0.01817078652    0.03328208045
v      0.247315678   -0.01814898145    0.03429710221
v     0.2473121691   -0.01812732495    0.03531067316
v     0.2473088482   -0.01807444772    0.03611607203
v      0.247305707   -0.01795991494    0.03691045417
v     0.2473027378   -0.01778515652    0.03769102045
v      0.247299933   -0.01755160174    0.03845439566
v     0.2472972851   -0.01726067753      0.039197204
v     0.2472947875   -0.01691375776    0.03991590355
v     0.2472924334    -0.0165122187    0.04060726292
v     0.2472902166   -0.01605748532     0.0412678947
v     0.2472881309   -0.01555097898    0.04189440999
v     0.2472861706   -0.01499411963    0.04248341923
v      0.247284329   -0.01457159186    0.04287154497
v     0.2472826005   -0.01413070715    0.04323456649
v     0.2472809811   -0.01367263726    0.04357201668
v     0.2472794671   -0.01319855392    0.04388342842
v     0.2472780546   -0.01270962868    0.04416833461
v     0.2472767399   -0.01220687751     0.0444263181
v     0.2472755191   -0.01169162699    0.04465696471
v     0.2472743884   -0.01116503845    0.04485981172
v      0.247273344     -0.010628273    0.04503439641
v      0.247272382   -0.01008249177    0.04518025607
v     0.2472714986  -0.009528855887    0.04529692798
v     0.2472706901  -0.008968526459    0.04538394942
v     0.2472699526  -0.008402664277    0.04544085715
v     0.2472692842  -0.007832422382    0.04546717552
v     0.2472686837  -0.007157255055    0.04547035877
v     0.2472681487  -0.006441138814    0.04547207829
v     0.2472676771  -0.005725148859    0.04547360526
v      0.247267267  -0.005009269706    0.04547494619
v     0.2472669162  -0.004293485797    0.04547610748
v     0.2472666231  -0.003577782267    0.04547709311
v     0.2472663863  -0.002862145589    0.04547790237
v     0.2472662044  -0.002146562395    0.04547853398
v     0.2472660762  -0.001431019312    0.04547898669
v     0.2472660002 -0.0007155029707    0.04547925924
v     0.2472659752  4.032734059e-20    0.04547935037
v     0.2472660002  0.0007155029707    0.04547925924
v     0.2472660762   0.001431019312    0.04547898669
v     0.2472662044   0.002146562395    0.04547853398
v     0.2472663863   0.002862145589    0.04547790237
v     0.2472666231   0.003577782267    0.04547709311
v     0.2472669162   0.004293485797    0.04547610748
v      0.247267267   0.005009269706    0.04547494619
v     0.2472676771   0.005725148859    0.04547360526
v     0.2472681487   0.006441138814    0.04547207829
v     0.2472686837   0.007157255055    0.04547035877
v     0.2472692842   0.007832422403    0.04546717555
v     0.2472699524   0.008402665167    0.04544085832
v     0.2472706907   0.008968523486    0.04538394551
v     0.2472715015    0.00952884153    0.04529690912
v      0.247272388    0.01008246138    0.04518021626
v     0.2472733534    0.01062822502     0.0450343338
v      0.247274401    0.01116497443    0.04485972864
v     0.2472755339    0.01169155161    0.04465686766
v     0.2472767553    0.01220679853    0.04442621772
v     0.2472780688    0.01270955524    0.04416824315
v     0.2472794786    0.01319849321    0.04388335479
v     0.2472809892    0.01367259412    0.04357196586
v     0.2472826049    0.01413068344    0.04323453924
v     0.2472843304    0.01457158461    0.04287153683
v     0.2472861706    0.01499411963    0.04248341923
v     0.2472881305    0.01555098165    0.04189441107
v     0.2472902155    0.01605749257    0.04126789753
v      0.247292432    0.01651222875    0.04060726675
v     0.2472947862    0.01691376655    0.03991590687
v     0.2472972844    0.01726068234    0.03919720581
v     0.2472999329    0.01755160247    0.03845439594
v      0.247302738    0.01778515539    0.03769102003
v     0.2473057072    0.01795991401    0.03691045382
v     0.2473088482    0.01807444758    0.03611607197
v     0.2473121691    0.01812732495    0.03531067316
v      0.247315678    0.01814898145    0.03429710221
v     0.2473193844    0.01817078652    0.03328208045
v     0.2473232912    0.01819274078    0.03226615216
v     0.2473274051    0.01821482549     0.0312492853
v     0.2473317389    0.01823699466    0.03023144641
v     0.2473363054    0.01825920109    0.02921260194
v     0.2473411175    0.01828139761    0.02819271837
v     0.2473461883    0.01830353701    0.02717176215
v     0.2473515305    0.01832557212    0.02614969976
v     0.2473571571    0.01834745574    0.02512649766
v     0.2473630811    0.01836914068    0.02410212233
v     0.2473693153    0.01839057975    0.02307654021
v     0.2473758727    0.01841172578    0.02204971779
v     0.2473827661    0.01843253155    0.02102162153
v             0.25           0.0175             0.02
v             0.25           0.0175            0.019
v             0.25           0.0175            0.018
v             0.25           0.0175            0.017
v             0.25           0.0175            0.016
v             0.25           0.0175            0.015
v             0.25           0.0175            0.014
v             0.25           0.0175            0.013
v             0.25           0.0175            0.012
v             0.25           0.0175            0.011
v             0.25           0.0175             0.01
v             0.25           0.0175            0.009
v             0.25           0.0175            0.008
v             0.25           0.0175            0.007
v             0.25           0.0175            0.006
v             0.25    0.01749999978   0.005000576255
v             0.25    0.01746859082   0.004208566398
v             0.25    0.01737530545   0.003426773812
v             0.25    0.01722155712   0.002658034095
v             0.25    0.01700875907   0.001905759102
v             0.25    0.01673832453   0.001173360687
v             0.25    0.01641166674  0.0004642507041
v             0.25    0.01603019894 -0.0002181589913
v             0.25    0.01559533436 -0.0008704565453
v             0.25    0.01510848624  -0.001489230104
v             0.25    0.01457106781  -0.002071067812
v             0.25    0.01416781492  -0.002452506289
v             0.25    0.01374596192  -0.002809373063
v             0.25    0.01330667907  -0.003141183393
v             0.25    0.01285113665   -0.00344745254
v             0.25    0.01238050492  -0.003727695763
v             0.25    0.01189595414  -0.003981428322
v             0.25    0.01139865459  -0.004208165478
v             0.25    0.01088977652   -0.00440742249
v             0.25     0.0103704902  -0.004578714617
v             0.25   0.009841965905  -0.004721557121
v             0.25   0.009305373894  -0.004835465261
v             0.25   0.008761884434  -0.004919954297
v             0.25   0.008212667792  -0.004974539488
v             0.25   0.007658894233  -0.004998736096
v             0.25            0.007           -0.005
v             0.25           0.0063           -0.005
v             0.25           0.0056           -0.005
v             0.25           0.0049           -0.005
v             0.25           0.0042           -0.005
v             0.25           0.0035           -0.005
v             0.25           0.0028           -0.005
v             0.25           0.0021           -0.005
v             0.25           0.0014           -0.005
v             0.25           0.0007           -0.005
v             0.25                0           -0.005
v             0.25          -0.0007           -0.005
v             0.25          -0.0014           -0.005
v             0.25          -0.0021           -0.005
v             0.25          -0.0028           -0.005
v             0.25          -0.0035           -0.005
v             0.25          -0.0042           -0.005
v             0.25          -0.0049           -0.005
v             0.25          -0.0056           -0.005
v             0.25          -0.0063           -0.005
v             0.25           -0.007           -0.005
v             0.25  -0.007658894233  -0.004998736096
v             0.25  -0.008212667792  -0.004974539488
v             0.25  -0.008761884434  -0.004919954297
v             0.25  -0.009305373894  -0.004835465261
v             0.25  -0.009841965905  -0.004721557121
v             0.25    -0.0103704902  -0.004578714617
v             0.25   -0.01088977652   -0.00440742249
v             0.25   -0.01139865459  -0.004208165478
v             0.25   -0.01189595414  -0.003981428322
v             0.25   -0.01238050492  -0.003727695763
v             0.25   -0.01285113665   -0.00344745254
v             0.25   -0.01330667907  -0.003141183393
v             0.25   -0.01374596192  -0.002809373063
v             0.25   -0.01416781492  -0.002452506289
v             0.25   -0.01457106781  -0.002071067812
v             0.25   -0.01510848624  -0.001489230104
v             0.25   -0.01559533436 -0.0008704565453
v             0.25   -0.01603019894 -0.0002181589913
v             0.25   -0.01641166674  0.0004642507041
v             0.25   -0.01673832453   0.001173360687
v             0.25   -0.01700875907   0.001905759102
v             0.25   -0.01722155712   0.002658034095
v             0.25   -0.01737530545   0.003426773812
v             0.25   -0.01746859082   0.004208566398
v             0.25   -0.01749999978   0.005000576255
v             0.25          -0.0175            0.006
v             0.25          -0.0175            0.007
v             0.25          -0.0175            0.008
v             0.25          -0.0175            0.009
v             0.25          -0.0175             0.01
v             0.25          -0.0175            0.011
v             0.25          -0.0175            0.012
v             0.25          -0.0175            0.013
v             0.25          -0.0175            0.014
v             0.25          -0.0175            0.015
v             0.25          -0.0175            0.016
v             0.25          -0.0175            0.017
v             0.25          -0.0175            0.018
v             0.25          -0.0175            0.019
v             0.25          -0.0175             0.02
v             0.25          -0.0175            0.021
v             0.25          -0.0175            0.022
v             0.25          -0.0175            0.023
v             0.25          -0.0175            0.024
v             0.25          -0.0175            0.025
v             0.25          -0.0175            0.026
v             0.25          -0.0175            0.027
v             0.25          -0.0175            0.028
v             0.25          -0.0175            0.029
v             0.25          -0.0175             0.03
v             0.25          -0.0175            0.031
v             0.25          -0.0175            0.032
v             0.25          -0.0175            0.033
v             0.25          -0.0175            0.034
v             0.25   -0.01749999978    0.03499942374
v             0.25   -0.01746859082     0.0357914336
v             0.25   -0.01737530545    0.03657322619
v             0.25   -0.01722155712    0.03734196591
v             0.25   -0.01700875907     0.0380942409
v             0.25   -0.01673832453    0.03882663931
v             0.25   -0.01641166674     0.0395357493
v             0.25   -0.01603019894    0.04021815899
v             0.25   -0.01559533436    0.04087045655
v             0.25   -0.01510848624     0.0414892301
v             0.25   -0.01457106781    0.04207106781
v             0.25   -0.01416781492    0.04245250629
v             0.25   -0.01374596192    0.04280937306
v             0.25   -0.01330667907    0.04314118339
v             0.25   -0.01285113665    0.04344745254
v             0.25   -0.01238050492    0.04372769576
v             0.25   -0.01189595414    0.04398142832
v             0.25   -0.01139865459    0.04420816548
v             0.25   -0.01088977652    0.04440742249
v             0.25    -0.0103704902    0.04457871462
v             0.25  -0.009841965905    0.04472155712
v             0.25  -0.009305373894    0.04483546526
v             0.25  -0.008761884434     0.0449199543
v             0.25  -0.008212667792    0.04497453949
v             0.25  -0.007658894233     0.0449987361
v             0.25           -0.007            0.045
v             0.25          -0.0063            0.045
v             0.25          -0.0056            0.045
v             0.25          -0.0049            0.045
v             0.25          -0.0042            0.045
v             0.25          -0.0035            0.045
v             0.25          -0.0028            0.045
v             0.25          -0.0021            0.045
v             0.25          -0.0014            0.045
v             0.25          -0.0007            0.045
v             0.25                0            0.045
v             0.25           0.0007            0.045
v             0.25           0.0014            0.045
v             0.25           0.0021            0.045
v             0.25           0.0028            0.045
v             0.25           0.0035            0.045
v             0.25           0.0042            0.045
v             0.25           0.0049            0.045
v             0.25           0.0056            0.045
v             0.25           0.0063            0.045
v             0.25            0.007            0.045
v             0.25   0.007658894233     0.0449987361
v             0.25   0.008212667792    0.04497453949
v             0.25   0.008761884434     0.0449199543
v             0.25   0.009305373894    0.04483546526
v             0.25   0.009841965905    0.04472155712
v             0.25     0.0103704902    0.04457871462
v             0.25    0.01088977652    0.04440742249
v             0.25    0.01139865459    0.04420816548
v             0.25    0.01189595414    0.04398142832
v             0.25    0.01238050492    0.04372769576
v             0.25    0.01285113665    0.04344745254
v             0.25    0.01330667907    0.04314118339
v             0.25    0.01374596192    0.04280937306
v             0.25    0.01416781492    0.04245250629
v             0.25    0.01457106781    0.04207106781
v             0.25    0.01510848624     0.0414892301
v             0.25    0.01559533436    0.04087045655
v             0.25    0.01603019894    0.04021815899
v             0.25    0.01641166674     0.0395357493
v             0.25    0.01673832453    0.03882663931
v             0.25    0.01700875907     0.0380942409
v             0.25    0.01722155712    0.03734196591
v             0.25    0.01737530545    0.03657322619
v             0.25    0.01746859082     0.0357914336
v             0.25    0.01749999978    0.03499942374
v             0.25           0.0175            0.034
v             0.25           0.0175            0.033
v             0.25           0.0175            0.032
v             0.25           0.0175            0.031
v             0.25           0.0175             0.03
v             0.25           0.0175            0.029
v             0.25           0.0175            0.028
v             0.25           0.0175            0.027
v             0.25           0.0175            0.026
v             0.25           0.0175            0.025
v             0.25           0.0175            0.024
v             0.25           0.0175            0.023
v             0.25           0.0175            0.022
v             0.25           0.0175            0.021
g MeshGeom
f 1 2 3
f 1 3 4
f 4 3 5
f 4 5 6
f 6 5 7
f 6 7 8
f 8 7 9
f 8 9 10
f 10 9 11
f 10 11 12
f 12 11 13
f 12 13 14
f 14 13 15
f 14 15 16
f 16 15 17
f 16 17 18
f 18 17 19
f 18 19 20
f 20 19 21
f 20 21 22
f 22 21 23
f 22 23 24
f 24 23 25
f 24 25 26
f 26 25 27
f 26 27 28
f 28 27 29
f 28 29 30
f 30 29 31
f 30 31 32
f 32 31 33
f 32 33 34
f 34 33 35
f 34 35 36
f 36 35 37
f 36 37 38
f 38 37 39
f 38 39 40
f 40 39 41
f 40 41 42
f 42 41 43
f 42 43 44
f 44 43 45
f 44 45 46
f 46 45 47
f 46 47 48
f 48 47 49
f 48 49 50
f 50 49 51
f 50 51 52
f 52 51 53
f 52 53 54
f 54 53 55
f 54 55 56
f 56 55 57
f 56 57 58
f 58 57 59
f 58 59 60
f 60 59 61
f 60 61 62
f 62 61 63
f 62 63 64
f 64 63 65
f 64 65 66
f 66 65 67
f 66 67 68
f 68 67 69
f 68 69 70
f 70 69 71
f 70 71 72
f 72 71 73
f 72 73 74
f 74 73 75
f 74 75 76
f 76 75 77
f 76 77 78
f 78 77 79
f 78 79 80
f 80 79 81
f 80 81 82
f 82 81 83
f 82 83 84
f 84 83 85
f 84 85 86
f 86 85 87
f 86 87 88
f 88 87 89
f 88 89 90
f 90 89 91
f 90 91 92
f 92 91 93
f 92 93 94
f 94 93 95
f 94 95 96
f 96 95 97
f 96 97 98
f 98 97 99
f 98 99 100
f 100 99 101
f 100 101 102
f 102 101 103
f 101 104 103
f 103 104 105
f 104 106 105
f 105 106 107
f 106 108 107
f 107 108 109
f 108 110 109
f 109 110 111
f 110 112 111
f 111 112 113
f 112 114 113
f 113 114 115
f 114 116 115
f 115 116 117
f 116 118 117
f 117 118 119
f 118 120 119
f 119 120 121
f 120 122 121
f 121 122 123
f 122 124 123
f 123 124 125
f 124 126 125
f 125 126 127
f 126 128 127
f 127 128 129
f 128 130 129
f 129 130 131
f 130 132 131
f 131 132 133
f 132 134 133
f 133 134 135
f 134 136 135
f 135 136 137
f 136 138 137
f 137 138 139
f 138 140 139
f 139 140 141
f 140 142 141
f 141 142 143
f 142 144 143
f 143 144 145
f 144 146 145
f 145 146 147
f 146 148 147
f 147 148 149
f 148 150 149
f 149 150 151
f 150 152 151
f 151 152 153
f 152 154 153
f 153 154 155
f 154 156 155
f 155 156 157
f 156 158 157
f 157 158 159
f 158 160 159
f 159 160 161
f 160 162 161
f 161 162 163
f 162 164 163
f 163 164 165
f 164 166 165
f 165 166 167
f 166 168 167
f 167 168 169
f 168 170 169
f 169 170 171
f 170 172 171
f 171 172 173
f 172 174 173
f 173 174 175
f 174 176 175
f 175 176 177
f 176 178 177
f 177 178 179
f 178 180 179
f 179 180 181
f 180 182 181
f 181 182 183
f 182 184 183
f 183 184 185
f 184 186 185
f 185 186 187
f 186 188 187
f 187 188 189
f 188 190 189
f 189 190 191
f 190 192 191
f 191 192 193
f 192 194 193
f 193 194 195
f 194 196 195
f 195 196 197
f 196 198 197
f 197 198 199
f 198 200 199
f 199 200 201
f 200 202 201
f 201 202 203
f 201 203 204
f 204 203 205
f 204 205 206
f 206 205 207
f 206 207 208
f 208 207 209
f 208 209 210
f 210 209 211
f 210 211 212
f 212 211 213
f 212 213 214
f 214 213 215
f 214 215 216
f 216 215 217
f 216 217 218
f 218 217 219
f 218 219 220
f 220 219 221
f 220 221 222
f 222 221 223
f 222 223 224
f 224 223 225
f 224 225 226
f 226 225 227
f 226 227 228
f 228 227 229
f 228 229 230
f 230 229 231
f 230 231 232
f 232 231 233
f 232 233 234
f 234 233 235
f 234 235 236
f 236 235 237
f 236 237 238
f 238 237 239
f 238 239 240
f 240 239 241
f 240 241 242
f 242 241 243
f 242 243 244
f 244 243 245
f 244 245 246
f 246 245 247
f 246 247 248
f 248 247 249
f 248 249 250
f 250 249 251
f 250 251 252
f 252 251 253
f 252 253 254
f 254 253 255
f 254 255 256
f 256 255 257
f 256 257 258
f 258 257 259
f 258 259 260
f 260 259 261
f 260 261 262
f 262 261 263
f 262 263 264
f 264 263 265
f 264 265 266
f 266 265 267
f 266 267 268
f 268 267 269
f 268 269 270
f 270 269 271
f 270 271 272
f 272 271 273
f 272 273 274
f 274 273 275
f 274 275 276
f 276 275 277
f 276 277 278
f 278 277 279
f 278 279 280
f 280 279 281
f 280 281 282
f 282 281 283
f 282 283 284
f 284 283 285
f 284 285 286
f 286 285 287
f 286 287 288
f 288 287 289
f 288 289 290
f 290 289 291
f 290 291 292
f 292 291 293
f 292 293 294
f 294 293 295
f 294 295 296
f 296 295 297
f 296 297 298
f 298 297 299
f 298 299 300
f 300 299 301
f 300 301 302
f 302 301 303
f 301 304 303
f 303 304 305
f 304 306 305
f 305 306 307
f 306 308 307
f 307 308 309
f 308 310 309
f 309 310 311
f 310 312 311
f 311 312 313
f 312 314 313
f 313 314 315
f 314 316 315
f 315 316 317
f 316 318 317
f 317 318 319
f 318 320 319
f 319 320 321
f 320 322 321
f 321 322 323
f 322 324 323
f 323 324 325
f 324 326 325
f 325 326 327
f 326 328 327
f 327 328 329
f 328 330 329
f 329 330 331
f 330 332 331
f 331 332 333
f 332 334 333
f 333 334 335
f 334 336 335
f 335 336 337
f 336 338 337
f 337 338 339
f 338 340 339
f 339 340 341
f 340 342 341
f 341 342 343
f 342 344 343
f 343 344 345
f 344 346 345
f 345 346 347
f 346 348 347
f 347 348 349
f 348 350 349
f 349 350 351
f 350 352 351
f 351 352 353
f 352 354 353
f 353 354 355
f 354 356 355
f 355 356 357
f 356 358 357
f 357 358 359
f 358 360 359
f 359 360 361
f 360 362 361
f 361 362 363
f 362 364 363
f 363 364 365
f 364 366 365
f 365 366 367
f 366 368 367
f 367 368 369
f 368 370 369
f 369 370 371
f 370 372 371
f 371 372 373
f 372 374 373
f 373 374 375
f 374 376 375
f 375 376 377
f 376 378 377
f 377 378 379
f 378 380 379
f 379 380 381
f 380 382 381
f 381 382 383
f 382 384 383
f 383 384 385
f 384 386 385
f 385 386 387
f 386 388 387
f 387 388 389
f 388 390 389
f 389 390 391
f 390 392 391
f 391 392 393
f 392 394 393
f 393 394 395
f 394 396 395
f 395 396 397
f 396 398 397
f 397 398 399
f 398 400 399
f 399 400 1
f 400 2 1
f 2 401 402
f 2 402 3
f 3 402 403
f 3 403 5
f 5 403 404
f 5 404 7
f 7 404 405
f 7 405 9
f 9 405 406
f 9 406 11
f 11 406 407
f 11 407 13
f 13 407 408
f 13 408 15
f 15 408 409
f 15 409 17
f 17 409 410
f 17 410 19
f 19 410 411
f 19 411 21
f 21 411 412
f 21 412 23
f 23 412 413
f 23 413 25
f 25 413 414
f 25 414 27
f 27 414 415
f 27 415 29
f 29 415 416
f 29 416 31
f 31 416 417
f 31 417 33
f 33 417 418
f 33 418 35
f 35 418 419
f 35 419 37
f 37 419 420
f 37 420 39
f 39 420 421
f 39 421 41
f 41 421 422
f 41 422 43
f 43 422 423
f 43 423 45
f 45 423 424
f 45 424 47
f 47 424 425
f 47 425 49
f 49 425 426
f 49 426 51
f 51 426 427
f 51 427 53
f 53 427 428
f 53 428 55
f 55 428 429
f 55 429 57
f 57 429 430
f 57 430 59
f 59 430 431
f 59 431 61
f 61 431 432
f 61 432 63
f 63 432 433
f 63 433 65
f 65 433 434
f 65 434 67
f 67 434 435
f 67 435 69
f 69 435 436
f 69 436 71
f 71 436 437
f 71 437 73
f 73 437 438
f 73 438 75
f 75 438 439
f 75 439 77
f 77 439 440
f 77 440 79
f 79 440 441
f 79 441 81
f 81 441 442
f 81 442 83
f 83 442 443
f 83 443 85
f 85 443 444
f 85 444 87
f 87 444 445
f 87 445 89
f 89 445 446
f 89 446 91
f 91 446 447
f 91 447 93
f 93 447 448
f 93 448 95
f 95 448 449
f 95 449 97
f 97 449 450
f 97 450 99
f 99 450 451
f 99 451 101
f 101 451 104
f 451 452 104
f 104 452 106
f 452 453 106
f 106 453 108
f 453 454 108
f 108 454 110
f 454 455 110
f 110 455 112
f 455 456 112
f 112 456 114
f 456 457 114
f 114 457 116
f 457 458 116
f 116 458 118
f 458 459 118
f 118 459 120
f 459 460 120
f 120 460 122
f 460 461 122
f 122 461 124
f 461 462 124
f 124 462 126
f 462 463 126
f 126 463 128
f 463 464 128
f 128 464 130
f 464 465 130
f 130 465 132
f 465 466 132
f 132 466 134
f 466 467 134
f 134 467 136
f 467 468 136
f 136 468 138
f 468 469 138
f 138 469 140
f 469 470 140
f 140 470 142
f 470 471 142
f 142 471 144
f 471 472 144
f 144 472 146
f 472 473 146
f 146 473 148
f 473 474 148
f 148 474 150
f 474 475 150
f 150 475 152
f 475 476 152
f 152 476 154
f 476 477 154
f 154 477 156
f 477 478 156
f 156 478 158
f 478 479 158
f 158 479 160
f 479 480 160
f 160 480 162
f 480 481 162
f 162 481 164
f 481 482 164
f 164 482 166
f 482 483 166
f 166 483 168
f 483 484 168
f 168 484 170
f 484 485 170
f 170 485 172
f 485 486 172
f 172 486 174
f 486 487 174
f 174 487 176
f 487 488 176
f 176 488 178
f 488 489 178
f 178 489 180
f 489 490 180
f 180 490 182
f 490 491 182
f 182 491 184
f 491 492 184
f 184 492 186
f 492 493 186
f 186 493 188
f 493 494 188
f 188 494 190
f 494 495 190
f 190 495 192
f 495 496 192
f 192 496 194
f 496 497 194
f 194 497 196
f 497 498 196
f 196 498 198
f 498 499 198
f 198 499 200
f 499 500 200
f 200 500 202
f 500 501 202
f 202 501 502
f 202 502 203
f 203 502 503
f 203 503 205
f 205 503 504
f 205 504 207
f 207 504 505
f 207 505 209
f 209 505 506
f 209 506 211
f 211 506 507
f 211 507 213
f 213 507 508
f 213 508 215
f 215 508 509
f 215 509 217
f 217 509 510
f 217 510 219
f 219 510 511
f 219 511 221
f 221 511 512
f 221 512 223
f 223 512 513
f 223 513 225
f 225 513 514
f 225 514 227
f 227 514 515
f 227 515 229
f 229 515 516
f 229 516 231
f 231 516 517
f 231 517 233
f 233 517 518
f 233 518 235
f 235 518 519
f 235 519 237
f 237 519 520
f 237 520 239
f 239 520 521
f 239 521 241
f 241 521 522
f 241 522 243
f 243 522 523
f 243 523 245
f 245 523 524
f 245 524 247
f 247 524 525
f 247 525 249
f 249 525 526
f 249 526 251
f 251 526 527
f 251 527 253
f 253 527 528
f 253 528 255
f 255 528 529
f 255 529 257
f 257 529 530
f 257 530 259
f 259 530 531
f 259 531 261
f 261 531 532
f 261 532 263
f 263 532 533
f 263 533 265
f 265 533 534
f 265 534 267
f 267 534 535
f 267 535 269
f 269 535 536
f 269 536 271
f 271 536 537
f 271 537 273
f 273 537 538
f 273 538 275
f 275 538 539
f 275 539 277
f 277 539 540
f 277 540 279
f 279 540 541
f 279 541 281
f 281 541 542
f 281 542 283
f 283 542 543
f 283 543 285
f 285 543 544
f 285 544 287
f 287 544 545
f 287 545 289
f 289 545 546
f 289 546 291
f 291 546 547
f 291 547 293
f 293 547 548
f 293 548 295
f 295 548 549
f 295 549 297
f 297 549 550
f 297 550 299
f 299 550 551
f 299 551 301
f 301 551 304
f 551 552 304
f 304 552 306
f 552 553 306
f 306 553 308
f 553 554 308
f 308 554 310
f 554 555 310
f 310 555 312
f 555 556 312
f 312 556 314
f 556 557 314
f 314 557 316
f 557 558 316
f 316 558 318
f 558 559 318
f 318 559 320
f 559 560 320
f 320 560 322
f 560 561 322
f 322 561 324
f 561 562 324
f 324 562 326
f 562 563 326
f 326 563 328
f 563 564 328
f 328 564 330
f 564 565 330
f 330 565 332
f 565 566 332
f 332 566 334
f 566 567 334
f 334 567 336
f 567 568 336
f 336 568 338
f 568 569 338
f 338 569 340
f 569 570 340
f 340 570 342
f 570 571 342
f 342 571 344
f 571 572 344
f 344 572 346
f 572 573 346
f 346 573 348
f 573 574 348
f 348 574 350
f 574 575 350
f 350 575 352
f 575 576 352
f 352 576 354
f 576 577 354
f 354 577 356
f 577 578 356
f 356 578 358
f 578 579 358
f 358 579 360
f 579 580 360
f 360 580 362
f 580 581 362
f 362 581 364
f 581 582 364
f 364 582 366
f 582 583 366
f 366 583 368
f 583 584 368
f 368 584 370
f 584 585 370
f 370 585 372
f 585 586 372
f 372 586 374
f 586 587 374
f 374 587 376
f 587 588 376
f 376 588 378
f 588 589 378
f 378 589 380
f 589 590 380
f 380 590 382
f 590 591 382
f 382 591 384
f 591 592 384
f 384 592 386
f 592 593 386
f 386 593 388
f 593 594 388
f 388 594 390
f 594 595 390
f 390 595 392
f 595 596 392
f 392 596 394
f 596 597 394
f 394 597 396
f 597 598 396
f 396 598 398
f 598 599 398
f 398 599 400
f 599 600 400
f 400 600 2
f 600 401 2
f 401 601 602
f 401 602 402
f 402 602 603
f 402 603 403
f 403 603 604
f 403 604 404
f 404 604 605
f 404 605 405
f 405 605 606
f 405 606 406
f 406 606 607
f 406 607 407
f 407 607 608
f 407 608 408
f 408 608 609
f 408 609 409
f 409 609 610
f 409 610 410
f 410 610 611
f 410 611 411
f 411 611 612
f 411 612 412
f 412 612 613
f 412 613 413
f 413 613 614
f 413 614 414
f 414 614 615
f 414 615 415
f 415 615 616
f 415 616 416
f 416 616 617
f 416 617 417
f 417 617 618
f 417 618 418
f 418 618 619
f 418 619 419
f 419 619 620
f 419 620 420
f 420 620 621
f 420 621 421
f 421 621 622
f 421 622 422
f 422 622 623
f 422 623 423
f 423 623 624
f 423 624 424
f 424 624 625
f 424 625 425
f 425 625 626
f 425 626 426
f 426 626 627
f 426 627 427
f 427 627 628
f 427 628 428
f 428 628 629
f 428 629 429
f 429 629 630
f 429 630 430
f 430 630 631
f 430 631 431
f 431 631 632
f 431 632 432
f 432 632 633
f 432 633 433
f 433 633 634
f 433 634 434
f 434 634 635
f 434 635 435
f 435 635 636
f 435 636 436
f 436 636 637
f 436 637 437
f 437 637 638
f 437 638 438
f 438 638 639
f 438 639 439
f 439 639 640
f 439 640 440
f 440 640 641
f 440 641 441
f 441 641 642
f 441 642 442
f 442 642 643
f 442 643 443
f 443 643 644
f 443 644 444
f 444 644 645
f 444 645 445
f 445 645 646
f 445 646 446
f 446 646 647
f 446 647 447
f 447 647 648
f 447 648 448
f 448 648 649
f 448 649 449
f 449 649 650
f 449 650 450
f 450 650 651
f 450 651 451
f 451 651 452
f 651 652 452
f 452 652 453
f 652 653 453
f 453 653 454
f 653 654 454
f 454 654 455
f 654 655 455
f 455 655 456
f 655 656 456
f 456 656 457
f 656 657 457
f 457 657 458
f 657 658 458
f 458 658 459
f 658 659 459
f 459 659 460
f 659 660 460
f 460 660 461
f 660 661 461
f 461 661 462
f 661 662 462
f 462 662 463
f 662 663 463
f 463 663 464
f 663 664 464
f 464 664 465
f 664 665 465
f 465 665 466
f 665 666 466
f 466 666 467
f 666 667 467
f 467 667 468
f 667 668 468
f 468 668 469
f 668 669 469
f 469 669 470
f 669 670 470
f 470 670 471
f 670 671 471
f 471 671 472
f 671 672 472
f 472 672 473
f 672 673 473
f 473 673 474
f 673 674 474
f 474 674 475
f 674 675 475
f 475 675 476
f 675 676 476
f 476 676 477
f 676 677 477
f 477 677 478
f 677 678 478
f 478 678 479
f 678 679 479
f 479 679 480
f 679 680 480
f 480 680 481
f 680 681 481
f 481 681 482
f 681 682 482
f 482 682 483
f 682 683 483
f 483 683 484
f 683 684 484
f 484 684 485
f 684 685 485
f 485 685 486
f 685 686 486
f 486 686 487
f 686 687 487
f 487 687 488
f 687 688 488
f 488 688 489
f 688 689 489
f 489 689 490
f 689 690 490
f 490 690 491
f 690 691 491
f 491 691 492
f 691 692 492
f 492 692 493
f 692 693 493
f 493 693 494
f 693 694 494
f 494 694 495
f 694 695 495
f 495 695 496
f 695 696 496
f 496 696 497
f 696 697 497
f 497 697 498
f 697 698 498
f 498 698 499
f 698 699 499
f 499 699 500
f 699 700 500
f 500 700 501
f 700 701 501
f 501 701 702
f 501 702 502
f 502 702 703
f 502 703 503
f 503 703 704
f 503 704 504
f 504 704 705
f 504 705 505
f 505 705 706
f 505 706 506
f 506 706 707
f 506 707 507
f 507 707 708
f 507 708 508
f 508 708 709
f 508 709 509
f 509 709 710
f 509 710 510
f 510 710 711
f 510 711 511
f 511 711 712
f 511 712 512
f 512 712 713
f 512 713 513
f 513 713 714
f 513 714 514
f 514 714 715
f 514 715 515
f 515 715 716
f 515 716 516
f 516 716 717
f 516 717 517
f 517 717 718
f 517 718 518
f 518 718 719
f 518 719 519
f 519 719 720
f 519 720 520
f 520 720 721
f 520 721 521
f 521 721 722
f 521 722 522
f 522 722 723
f 522 723 523
f 523 723 724
f 523 724 524
f 524 724 725
f 524 725 525
f 525 725 726
f 525 726 526
f 526 726 727
f 526 727 527
f 527 727 728
f 527 728 528
f 528 728 729
f 528 729 529
f 529 729 730
f 529 730 530
f 530 730 731
f 530 731 531
f 531 731 732
f 531 732 532
f 532 732 733
f 532 733 533
f 533 733 734
f 533 734 534
f 534 734 735
f 534 735 535
f 535 735 736
f 535 736 536
f 536 736 737
f 536 737 537
f 537 737 738
f 537 738 538
f 538 738 739
f 538 739 539
f 539 739 740
f 539 740 540
f 540 740 741
f 540 741 541
f 541 741 742
f 541 742 542
f 542 742 743
f 542 743 543
f 543 743 744
f 543 744 544
f 544 744 745
f 544 745 545
f 545 745 746
f 545 746 546
f 546 746 747
f 546 747 547
f 547 747 748
f 547 748 548
f 548 748 749
f 548 749 549
f 549 749 750
f 549 750 550
f 550 750 751
f 550 751 551
f 551 751 552
f 751 752 552
f 552 752 553
f 752 753 553
f 553 753 554
f 753 754 554
f 554 754 555
f 754 755 555
f 555 755 556
f 755 756 556
f 556 756 557
f 756 757 557
f 557 757 558
f 757 758 558
f 558 758 559
f 758 759 559
f 559 759 560
f 759 760 560
f 560 760 561
f 760 761 561
f 561 761 562
f 761 762 562
f 562 762 563
f 762 763 563
f 563 763 564
f 763 764 564
f 564 764 565
f 764 765 565
f 565 765 566
f 765 766 566
f 566 766 567
f 766 767 567
f 567 767 568
f 767 768 568
f 568 768 569
f 768 769 569
f 569 769 570
f 769 770 570
f 570 770 571
f 770 771 571
f 571 771 572
f 771 772 572
f 572 772 573
f 772 773 573
f 573 773 574
f 773 774 574
f 574 774 575
f 774 775 575
f 575 775 576
f 775 776 576
f 576 776 577
f 776 777 577
f 577 777 578
f 777 778 578
f 578 778 579
f 778 779 579
f 579 779 580
f 779 780 580
f 580 780 581
f 780 781 581
f 581 781 582
f 781 782 582
f 582 782 583
f 782 783 583
f 583 783 584
f 783 784 584
f 584 784 585
f 784 785 585
f 585 785 586
f 785 786 586
f 586 786 587
f 786 787 587
f 587 787 588
f 787 788 588
f 588 788 589
f 788 789 589
f 589 789 590
f 789 790 590
f 590 790 591
f 790 791 591
f 591 791 592
f 791 792 592
f 592 792 593
f 792 793 593
f 593 793 594
f 793 794 594
f 594 794 595
f 794 795 595
f 595 795 596
f 795 796 596
f 596 796 597
f 796 797 597
f 597 797 598
f 797 798 598
f 598 798 599
f 798 799 599
f 599 799 600
f 799 800 600
f 600 800 401
f 800 601 401
f 601 801 802
f 601 802 602
f 602 802 803
f 602 803 603
f 603 803 804
f 603 804 604
f 604 804 805
f 604 805 605
f 605 805 806
f 605 806 606
f 606 806 807
f 606 807 607
f 607 807 808
f 607 808 608
f 608 808 809
f 608 809 609
f 609 809 810
f 609 810 610
f 610 810 811
f 610 811 611
f 611 811 812
f 611 812 612
f 612 812 813
f 612 813 613
f 613 813 814
f 613 814 614
f 614 814 815
f 614 815 615
f 615 815 816
f 615 816 616
f 616 816 817
f 616 817 617
f 617 817 818
f 617 818 618
f 618 818 819
f 618 819 619
f 619 819 820
f 619 820 620
f 620 820 821
f 620 821 621
f 621 821 822
f 621 822 622
f 622 822 823
f 622 823 623
f 623 823 824
f 623 824 624
f 624 824 825
f 624 825 625
f 625 825 826
f 625 826 626
f 626 826 827
f 626 827 627
f 627 827 828
f 627 828 628
f 628 828 829
f 628 829 629
f 629 829 830
f 629 830 630
f 630 830 831
f 630 831 631
f 631 831 832
f 631 832 632
f 632 832 833
f 632 833 633
f 633 833 834
f 633 834 634
f 634 834 835
f 634 835 635
f 635 835 836
f 635 836 636
f 636 836 837
f 636 837 637
f 637 837 838
f 637 838 638
f 638 838 839
f 638 839 639
f 639 839 840
f 639 840 640
f 640 840 841
f 640 841 641
f 641 841 842
f 641 842 642
f 642 842 843
f 642 843 643
f 643 843 844
f 643 844 644
f 644 844 845
f 644 845 645
f 645 845 846
f 645 846 646
f 646 846 847
f 646 847 647
f 647 847 848
f 647 848 648
f 648 848 849
f 648 849 649
f 649 849 850
f 649 850 650
f 650 850 851
f 650 851 651
f 651 851 652
f 851 852 652
f 652 852 653
f 852 853 653
f 653 853 654
f 853 854 654
f 654 854 655
f 854 855 655
f 655 855 656
f 855 856 656
f 656 856 657
f 856 857 657
f 657 857 658
f 857 858 658
f 658 858 659
f 858 859 659
f 659 859 660
f 859 860 660
f 660 860 661
f 860 861 661
f 661 861 662
f 861 862 662
f 662 862 663
f 862 863 663
f 663 863 664
f 863 864 664
f 664 864 665
f 864 865 665
f 665 865 666
f 865 866 666
f 666 866 667
f 866 867 667
f 667 867 668
f 867 868 668
f 668 868 669
f 868 869 669
f 669 869 670
f 869 870 670
f 670 870 671
f 870 871 671
f 671 871 672
f 871 872 672
f 672 872 673
f 872 873 673
f 673 873 674
f 873 874 674
f 674 874 675
f 874 875 675
f 675 875 676
f 875 876 676
f 676 876 677
f 876 877 677
f 677 877 678
f 877 878 678
f 678 878 679
f 878 879 679
f 679 879 680
f 879 880 680
f 680 880 681
f 880 881 681
f 681 881 682
f 881 882 682
f 682 882 683
f 882 883 683
f 683 883 684
f 883 884 684
f 684 884 685
f 884 885 685
f 685 885 686
f 885 886 686
f 686 886 687
f 886 887 687
f 687 887 688
f 887 888 688
f 688 888 689
f 888 889 689
f 689 889 690
f 889 890 690
f 690 890 691
f 890 891 691
f 691 891 692
f 891 892 692
f 692 892 693
f 892 893 693
f 693 893 694
f 893 894 694
f 694 894 695
f 894 895 695
f 695 895 696
f 895 896 696
f 696 896 697
f 896 897 697
f 697 897 698
f 897 898 698
f 698 898 699
f 898 899 699
f 699 899 700
f 899 900 700
f 700 900 701
f 900 901 701
f 701 901 902
f 701 902 702
f 702 902 903
f 702 903 703
f 703 903 904
f 703 904 704
f 704 904 905
f 704 905 705
f 705 905 906
f 705 906 706
f 706 906 907
f 706 907 707
f 707 907 908
f 707 908 708
f 708 908 909
f 708 909 709
f 709 909 910
f 709 910 710
f 710 910 911
f 710 911 711
f 711 911 912
f 711 912 712
f 712 912 913
f 712 913 713
f 713 913 914
f 713 914 714
f 714 914 915
f 714 915 715
f 715 915 916
f 715 916 716
f 716 916 917
f 716 917 717
f 717 917 918
f 717 918 718
f 718 918 919
f 718 919 719
f 719 919 920
f 719 920 720
f 720 920 921
f 720 921 721
f 721 921 922
f 721 922 722
f 722 922 923
f 722 923 723
f 723 923 924
f 723 924 724
f 724 924 925
f 724 925 725
f 725 925 926
f 725 926 726
f 726 926 927
f 726 927 727
f 727 927 928
f 727 928 728
f 728 928 929
f 728 929 729
f 729 929 930
f 729 930 730
f 730 930 931
f 730 931 731
f 731 931 932
f 731 932 732
f 732 932 933
f 732 933 733
f 733 933 934
f 733 934 734
f 734 934 935
f 734 935 735
f 735 935 936
f 735 936 736
f 736 936 937
f 736 937 737
f 737 937 938
f 737 938 738
f 738 938 939
f 738 939 739
f 739 939 940
f 739 940 740
f 740 940 941
f 740 941 741
f 741 941 942
f 741 942 742
f 742 942 943
f 742 943 743
f 743 943 944
f 743 944 744
f 744 944 945
f 744 945 745
f 745 945 946
f 745 946 746
f 746 946 947
f 746 947 747
f 747 947 948
f 747 948 748
f 748 948 949
f 748 949 749
f 749 949 950
f 749 950 750
f 750 950 951
f 750 951 751
f 751 951 752
f 951 952 752
f 752 952 753
f 952 953 753
f 753 953 754
f 953 954 754
f 754 954 755
f 954 955 755
f 755 955 756
f 955 956 756
f 756 956 757
f 956 957 757
f 757 957 758
f 957 958 758
f 758 958 759
f 958 959 759
f 759 959 760
f 959 960 760
f 760 960 761
f 960 961 761
f 761 961 762
f 961 962 762
f 762 962 763
f 962 963 763
f 763 963 764
f 963 964 764
f 764 964 765
f 964 965 765
f 765 965 766
f 965 966 766
f 766 966 767
f 966 967 767
f 767 967 768
f 967 968 768
f 768 968 769
f 968 969 769
f 769 969 770
f 969 970 770
f 770 970 771
f 970 971 771
f 771 971 772
f 971 972 772
f 772 972 773
f 972 973 773
f 773 973 774
f 973 974 774
f 774 974 775
f 974 975 775
f 775 975 776
f 975 976 776
f 776 976 777
f 976 977 777
f 777 977 778
f 977 978 778
f 778 978 779
f 978 979 779
f 779 979 780
f 979 980 780
f 780 980 781
f 980 981 781
f 781 981 782
f 981 982 782
f 782 982 783
f 982 983 783
f 783 983 784
f 983 984 784
f 784 984 785
f 984 985 785
f 785 985 786
f 985 986 786
f 786 986 787
f 986 987 787
f 787 987 788
f 987 988 788
f 788 988 789
f 988 989 789
f 789 989 790
f 989 990 790
f 790 990 791
f 990 991 791
f 791 991 792
f 991 992 792
f 792 992 793
f 992 993 793
f 793 993 794
f 993 994 794
f 794 994 795
f 994 995 795
f 795 995 796
f 995 996 796
f 796 996 797
f 996 997 797
f 797 997 798
f 997 998 798
f 798 998 799
f 998 999 799
f 799 999 800
f 999 1000 800
f 800 1000 601
f 1000 801 601
f 801 1001 1002
f 801 1002 802
f 802 1002 1003
f 802 1003 803
f 803 1003 1004
f 803 1004 804
f 804 1004 1005
f 804 1005 805
f 805 1005 1006
f 805 1006 806
f 806 1006 1007
f 806 1007 807
f 807 1007 1008
f 807 1008 808
f 808 1008 1009
f 808 1009 809
f 809 1009 1010
f 809 1010 810
f 810 1010 1011
f 810 1011 811
f 811 1011 1012
f 811 1012 812
f 812 1012 1013
f 812 1013 813
f 813 1013 1014
f 813 1014 814
f 814 1014 1015
f 814 1015 815
f 815 1015 1016
f 815 1016 816
f 816 1016 1017
f 816 1017 817
f 817 1017 1018
f 817 1018 818
f 818 1018 1019
f 818 1019 819
f 819 1019 1020
f 819 1020 820
f 820 1020 1021
f 820 1021 821
f 821 1021 1022
f 821 1022 822
f 822 1022 1023
f 822 1023 823
f 823 1023 1024
f 823 1024 824
f 824 1024 1025
f 824 1025 825
f 825 1025 1026
f 825 1026 826
f 826 1026 1027
f 826 1027 827
f 827 1027 1028
f 827 1028 828
f 828 1028 1029
f 828 1029 829
f 829 1029 1030
f 829 1030 830
f 830 1030 1031
f 830 1031 831
f 831 1031 1032
f 831 1032 832
f 832 1032 1033
f 832 1033 833
f 833 1033 1034
f 833 1034 834
f 834 1034 1035
f 834 1035 835
f 835 1035 1036
f 835 1036 836
f 836 1036 1037
f 836 1037 837
f 837 1037 1038
f 837 1038 838
f 838 1038 1039
f 838 1039 839
f 839 1039 1040
f 839 1040 840
f 840 1040 1041
f 840 1041 841
f 841 1041 1042
f 841 1042 842
f 842 1042 1043
f 842 1043 843
f 843 1043 1044
f 843 1044 844
f 844 1044 1045
f 844 1045 845
f 845 1045 1046
f 845 1046 846
f 846 1046 1047
f 846 1047 847
f 847 1047 1048
f 847 1048 848
f 848 1048 1049
f 848 1049 849
f 849 1049 1050
f 849 1050 850
f 850 1050 1051
f 850 1051 851
f 851 1051 852
f 1051 1052 852
f 852 1052 853
f 1052 1053 853
f 853 1053 854
f 1053 1054 854
f 854 1054 855
f 1054 1055 855
f 855 1055 856
f 1055 1056 856
f 856 1056 857
f 1056 1057 857
f 857 1057 858
f 1057 1058 858
f 858 1058 859
f 1058 1059 859
f 859 1059 860
f 1059 1060 860
f 860 1060 861
f 1060 1061 861
f 861 1061 862
f 1061 1062 862
f 862 1062 863
f 1062 1063 863
f 863 1063 864
f 1063 1064 864
f 864 1064 865
f 1064 1065 865
f 865 1065 866
f 1065 1066 866
f 866 1066 867
f 1066 1067 867
f 867 1067 868
f 1067 1068 868
f 868 1068 869
f 1068 1069 869
f 869 1069 870
f 1069 1070 870
f 870 1070 871
f 1070 1071 871
f 871 1071 872
f 1071 1072 872
f 872 1072 873
f 1072 1073 873
f 873 1073 874
f 1073 1074 874
f 874 1074 875
f 1074 1075 875
f 875 1075 876
f 1075 1076 876
f 876 1076 877
f 1076 1077 877
f 877 1077 878
f 1077 1078 878
f 878 1078 879
f 1078 1079 879
f 879 1079 880
f 1079 1080 880
f 880 1080 881
f 1080 1081 881
f 881 1081 882
f 1081 1082 882
f 882 1082 883
f 1082 1083 883
f 883 1083 884
f 1083 1084 884
f 884 1084 885
f 1084 1085 885
f 885 1085 886
f 1085 1086 886
f 886 1086 887
f 1086 1087 887
f 887 1087 888
f 1087 1088 888
f 888 1088 889
f 1088 1089 889
f 889 1089 890
f 1089 1090 890
f 890 1090 891
f 1090 1091 891
f 891 1091 892
f 1091 1092 892
f 892 1092 893
f 1092 1093 893
f 893 1093 894
f 1093 1094 894
f 894 1094 895
f 1094 1095 895
f 895 1095 896
f 1095 1096 896
f 896 1096 897
f 1096 1097 897
f 897 1097 898
f 1097 1098 898
f 898 1098 899
f 1098 1099 899
f 899 1099 900
f 1099 1100 900
f 900 1100 901
f 1100 1101 901
f 901 1101 1102
f 901 1102 902
f 902 1102 1103
f 902 1103 903
f 903 1103 1104
f 903 1104 904
f 904 1104 1105
f 904 1105 905
f 905 1105 1106
f 905 1106 906
f 906 1106 1107
f 906 1107 907
f 907 1107 1108
f 907 1108 908
f 908 1108 1109
f 908 1109 909
f 909 1109 1110
f 909 1110 910
f 910 1110 1111
f 910 1111 911
f 911 1111 1112
f 911 1112 912
f 912 1112 1113
f 912 1113 913
f 913 1113 1114
f 913 1114 914
f 914 1114 1115
f 914 1115 915
f 915 1115 1116
f 915 1116 916
f 916 1116 1117
f 916 1117 917
f 917 1117 1118
f 917 1118 918
f 918 1118 1119
f 918 1119 919
f 919 1119 1120
f 919 1120 920
f 920 1120 1121
f 920 1121 921
f 921 1121 1122
f 921 1122 922
f 922 1122 1123
f 922 1123 923
f 923 1123 1124
f 923 1124 924
f 924 1124 1125
f 924 1125 925
f 925 1125 1126
f 925 1126 926
f 926 1126 1127
f 926 1127 927
f 927 1127 1128
f 927 1128 928
f 928 1128 1129
f 928 1129 929
f 929 1129 1130
f 929 1130 930
f 930 1130 1131
f 930 1131 931
f 931 1131 1132
f 931 1132 932
f 932 1132 1133
f 932 1133 933
f 933 1133 1134
f 933 1134 934
f 934 1134 1135
f 934 1135 935
f 935 1135 1136
f 935 1136 936
f 936 1136 1137
f 936 1137 937
f 937 1137 1138
f 937 1138 938
f 938 1138 1139
f 938 1139 939
f 939 1139 1140
f 939 1140 940
f 940 1140 1141
f 940 1141 941
f 941 1141 1142
f 941 1142 942
f 942 1142 1143
f 942 1143 943
f 943 1143 1144
f 943 1144 944
f 944 1144 1145
f 944 1145 945
f 945 1145 1146
f 945 1146 946
f 946 1146 1147
f 946 1147 947
f 947 1147 1148
f 947 1148 948
f 948 1148 1149
f 948 1149 949
f 949 1149 1150
f 949 1150 950
f 950 1150 1151
f 950 1151 951
f 951 1151 952
f 1151 1152 952
f 952 1152 953
f 1152 1153 953
f 953 1153 954
f 1153 1154 954
f 954 1154 955
f 1154 1155 955
f 955 1155 956
f 1155 1156 956
f 956 1156 957
f 1156 1157 957
f 957 1157 958
f 1157 1158 958
f 958 1158 959
f 1158 1159 959
f 959 1159 960
f 1159 1160 960
f 960 1160 961
f 1160 1161 961
f 961 1161 962
f 1161 1162 962
f 962 1162 963
f 1162 1163 963
f 963 1163 964
f 1163 1164 964
f 964 1164 965
f 1164 1165 965
f 965 1165 966
f 1165 1166 966
f 966 1166 967
f 1166 1167 967
f 967 1167 968
f 1167 1168 968
f 968 1168 969
f 1168 1169 969
f 969 1169 970
f 1169 1170 970
f 970 1170 971
f 1170 1171 971
f 971 1171 972
f 1171 1172 972
f 972 1172 973
f 1172 1173 973
f 973 1173 974
f 1173 1174 974
f 974 1174 975
f 1174 1175 975
f 975 1175 976
f 1175 1176 976
f 976 1176 977
f 1176 1177 977
f 977 1177 978
f 1177 1178 978
f 978 1178 979
f 1178 1179 979
f 979 1179 980
f 1179 1180 980
f 980 1180 981
f 1180 1181 981
f 981 1181 982
f 1181 1182 982
f 982 1182 983
f 1182 1183 983
f 983 1183 984
f 1183 1184 984
f 984 1184 985
f 1184 1185 985
f 985 1185 986
f 1185 1186 986
f 986 1186 987
f 1186 1187 987
f 987 1187 988
f 1187 1188 988
f 988 1188 989
f 1188 1189 989
f 989 1189 990
f 1189 1190 990
f 990 1190 991
f 1190 1191 991
f 991 1191 992
f 1191 1192 992
f 992 1192 993
f 1192 1193 993
f 993 1193 994
f 1193 1194 994
f 994 1194 995
f 1194 1195 995
f 995 1195 996
f 1195 1196 996
f 996 1196 997
f 1196 1197 997
f 997 1197 998
f 1197 1198 998
f 998 1198 999
f 1198 1199 999
f 999 1199 1000
f 1199 1200 1000
f 1000 1200 801
f 1200 1001 801
f 1001 1201 1202
f 1001 1202 1002
f 1002 1202 1203
f 1002 1203 1003
f 1003 1203 1204
f 1003 1204 1004
f 1004 1204 1205
f 1004 1205 1005
f 1005 1205 1206
f 1005 1206 1006
f 1006 1206 1207
f 1006 1207 1007
f 1007 1207 1208
f 1007 1208 1008
f 1008 1208 1209
f 1008 1209 1009
f 1009 1209 1210
f 1009 1210 1010
f 1010 1210 1211
f 1010 1211 1011
f 1011 1211 1212
f 1011 1212 1012
f 1012 1212 1213
f 1012 1213 1013
f 1013 1213 1214
f 1013 1214 1014
f 1014 1214 1215
f 1014 1215 1015
f 1015 1215 1216
f 1015 1216 1016
f 1016 1216 1217
f 1016 1217 1017
f 1017 1217 1218
f 1017 1218 1018
f 1018 1218 1219
f 1018 1219 1019
f 1019 1219 1220
f 1019 1220 1020
f 1020 1220 1221
f 1020 1221 1021
f 1021 1221 1222
f 1021 1222 1022
f 1022 1222 1223
f 1022 1223 1023
f 1023 1223 1224
f 1023 1224 1024
f 1024 1224 1225
f 1024 1225 1025
f 1025 1225 1226
f 1025 1226 1026
f 1026 1226 1227
f 1026 1227 1027
f 1027 1227 1228
f 1027 1228 1028
f 1028 1228 1229
f 1028 1229 1029
f 1029 1229 1230
f 1029 1230 1030
f 1030 1230 1231
f 1030 1231 1031
f 1031 1231 1232
f 1031 1232 1032
f 1032 1232 1233
f 1032 1233 1033
f 1033 1233 1234
f 1033 1234 1034
f 1034 1234 1235
f 1034 1235 1035
f 1035 1235 1236
f 1035 1236 1036
f 1036 1236 1237
f 1036 1237 1037
f 1037 1237 1238
f 1037 1238 1038
f 1038 1238 1239
f 1038 1239 1039
f 1039 1239 1240
f 1039 1240 1040
f 1040 1240 1241
f 1040 1241 1041
f 1041 1241 1242
f 1041 1242 1042
f 1042 1242 1243
f 1042 1243 1043
f 1043 1243 1244
f 1043 1244 1044
f 1044 1244 1245
f 1044 1245 1045
f 1045 1245 1246
f 1045 1246 1046
f 1046 1246 1247
f 1046 1247 1047
f 1047 1247 1248
f 1047 1248 1048
f 1048 1248 1249
f 1048 1249 1049
f 1049 1249 1250
f 1049 1250 1050
f 1050 1250 1251
f 1050 1251 1051
f 1051 1251 1052
f 1251 1252 1052
f 1052 1252 1053
f 1252 1253 1053
f 1053 1253 1054
f 1253 1254 1054
f 1054 1254 1055
f 1254 1255 1055
f 1055 1255 1056
f 1255 1256 1056
f 1056 1256 1057
f 1256 1257 1057
f 1057 1257 1058
f 1257 1258 1058
f 1058 1258 1059
f 1258 1259 1059
f 1059 1259 1060
f 1259 1260 1060
f 1060 1260 1061
f 1260 1261 1061
f 1061 1261 1062
f 1261 1262 1062
f 1062 1262 1063
f 1262 1263 1063
f 1063 1263 1064
f 1263 1264 1064
f 1064 1264 1065
f 1264 1265 1065
f 1065 1265 1066
f 1265 1266 1066
f 1066 1266 1067
f 1266 1267 1067
f 1067 1267 1068
f 1267 1268 1068
f 1068 1268 1069
f 1268 1269 1069
f 1069 1269 1070
f 1269 1270 1070
f 1070 1270 1071
f 1270 1271 1071
f 1071 1271 1072
f 1271 1272 1072
f 1072 1272 1073
f 1272 1273 1073
f 1073 1273 1074
f 1273 1274 1074
f 1074 1274 1075
f 1274 1275 1075
f 1075 1275 1076
f 1275 1276 1076
f 1076 1276 1077
f 1276 1277 1077
f 1077 1277 1078
f 1277 1278 1078
f 1078 1278 1079
f 1278 1279 1079
f 1079 1279 1080
f 1279 1280 1080
f 1080 1280 1081
f 1280 1281 1081
f 1081 1281 1082
f 1281 1282 1082
f 1082 1282 1083
f 1282 1283 1083
f 1083 1283 1084
f 1283 1284 1084
f 1084 1284 1085
f 1284 1285 1085
f 1085 1285 1086
f 1285 1286 1086
f 1086 1286 1087
f 1286 1287 1087
f 1087 1287 1088
f 1287 1288 1088
f 1088 1288 1089
f 1288 1289 1089
f 1089 1289 1090
f 1289 1290 1090
f 1090 1290 1091
f 1290 1291 1091
f 1091 1291 1092
f 1291 1292 1092
f 1092 1292 1093
f 1292 1293 1093
f 1093 1293 1094
f 1293 1294 1094
f 1094 1294 1095
f 1294 1295 1095
f 1095 1295 1096
f 1295 1296 1096
f 1096 1296 1097
f 1296 1297 1097
f 1097 1297 1098
f 1297 1298 1098
f 1098 1298 1099
f 1298 1299 1099
f 1099 1299 1100
f 1299 1300 1100
f 1100 1300 1101
f 1300 1301 1101
f 1101 1301 1302
f 1101 1302 1102
f 1102 1302 1303
f 1102 1303 1103
f 1103 1303 1304
f 1103 1304 1104
f 1104 1304 1305
f 1104 1305 1105
f 1105 1305 1306
f 1105 1306 1106
f 1106 1306 1307
f 1106 1307 1107
f 1107 1307 1308
f 1107 1308 1108
f 1108 1308 1309
f 1108 1309 1109
f 1109 1309 1310
f 1109 1310 1110
f 1110 1310 1311
f 1110 1311 1111
f 1111 1311 1312
f 1111 1312 1112
f 1112 1312 1313
f 1112 1313 1113
f 1113 1313 1314
f 1113 1314 1114
f 1114 1314 1315
f 1114 1315 1115
f 1115 1315 1316
f 1115 1316 1116
f 1116 1316 1317
f 1116 1317 1117
f 1117 1317 1318
f 1117 1318 1118
f 1118 1318 1319
f 1118 1319 1119
f 1119 1319 1320
f 1119 1320 1120
f 1120 1320 1321
f 1120 1321 1121
f 1121 1321 1322
f 1121 1322 1122
f 1122 1322 1323
f 1122 1323 1123
f 1123 1323 1324
f 1123 1324 1124
f 1124 1324 1325
f 1124 1325 1125
f 1125 1325 1326
f 1125 1326 1126
f 1126 1326 1327
f 1126 1327 1127
f 1127 1327 1328
f 1127 1328 1128
f 1128 1328 1329
f 1128 1329 1129
f 1129 1329 1330
f 1129 1330 1130
f 1130 1330 1331
f 1130 1331 1131
f 1131 1331 1332
f 1131 1332 1132
f 1132 1332 1333
f 1132 1333 1133
f 1133 1333 1334
f 1133 1334 1134
f 1134 1334 1335
f 1134 1335 1135
f 1135 1335 1336
f 1135 1336 1136
f 1136 1336 1337
f 1136 1337 1137
f 1137 1337 1338
f 1137 1338 1138
f 1138 1338 1339
f 1138 1339 1139
f 1139 1339 1340
f 1139 1340 1140
f 1140 1340 1341
f 1140 1341 1141
f 1141 1341 1342
f 1141 1342 1142
f 1142 1342 1343
f 1142 1343 1143
f 1143 1343 1344
f 1143 1344 1144
f 1144 1344 1345
f 1144 1345 1145
f 1145 1345 1346
f 1145 1346 1146
f 1146 1346 1347
f 1146 1347 1147
f 1147 1347 1348
f 1147 1348 1148
f 1148 1348 1349
f 1148 1349 1149
f 1149 1349 1350
f 1149 1350 1150
f 1150 1350 1351
f 1150 1351 1151
f 1151 1351 1152
f 1351 1352 1152
f 1152 1352 1153
f 1352 1353 1153
f 1153 1353 1154
f 1353 1354 1154
f 1154 1354 1155
f 1354 1355 1155
f 1155 1355 1156
f 1355 1356 1156
f 1156 1356 1157
f 1356 1357 1157
f 1157 1357 1158
f 1357 1358 1158
f 1158 1358 1159
f 1358 1359 1159
f 1159 1359 1160
f 1359 1360 1160
f 1160 1360 1161
f 1360 1361 1161
f 1161 1361 1162
f 1361 1362 1162
f 1162 1362 1163
f 1362 1363 1163
f 1163 1363 1164
f 1363 1364 1164
f 1164 1364 1165
f 1364 1365 1165
f 1165 1365 1166
f 1365 1366 1166
f 1166 1366 1167
f 1366 1367 1167
f 1167 1367 1168
f 1367 1368 1168
f 1168 1368 1169
f 1368 1369 1169
f 1169 1369 1170
f 1369 1370 1170
f 1170 1370 1171
f 1370 1371 1171
f 1171 1371 1172
f 1371 1372 1172
f 1172 1372 1173
f 1372 1373 1173
f 1173 1373 1174
f 1373 1374 1174
f 1174 1374 1175
f 1374 1375 1175
f 1175 1375 1176
f 1375 1376 1176
f 1176 1376 1177
f 1376 1377 1177
f 1177 1377 1178
f 1377 1378 1178
f 1178 1378 1179
f 1378 1379 1179
f 1179 1379 1180
f 1379 1380 1180
f 1180 1380 1181
f 1380 1381 1181
f 1181 1381 1182
f 1381 1382 1182
f 1182 1382 1183
f 1382 1383 1183
f 1183 1383 1184
f 1383 1384 1184
f 1184 1384 1185
f 1384 1385 1185
f 1185 1385 1186
f 1385 1386 1186
f 1186 1386 1187
f 1386 1387 1187
f 1187 1387 1188
f 1387 1388 1188
f 1188 1388 1189
f 1388 1389 1189
f 1189 1389 1190
f 1389 1390 1190
f 1190 1390 1191
f 1390 1391 1191
f 1191 1391 1192
f 1391 1392 1192
f 1192 1392 1193
f 1392 1393 1193
f 1193 1393 1194
f 1393 1394 1194
f 1194 1394 1195
f 1394 1395 1195
f 1195 1395 1196
f 1395 1396 1196
f 1196 1396 1197
f 1396 1397 1197
f 1197 1397 1198
f 1397 1398 1198
f 1198 1398 1199
f 1398 1399 1199
f 1199 1399 1200
f 1399 1400 1200
f 1200 1400 1001
f 1400 1201 1001
f 1201 1401 1402
f 1201 1402 1202
f 1202 1402 1403
f 1202 1403 1203
f 1203 1403 1404
f 1203 1404 1204
f 1204 1404 1405
f 1204 1405 1205
f 1205 1405 1406
f 1205 1406 1206
f 1206 1406 1407
f 1206 1407 1207
f 1207 1407 1408
f 1207 1408 1208
f 1208 1408 1409
f 1208 1409 1209
f 1209 1409 1410
f 1209 1410 1210
f 1210 1410 1411
f 1210 1411 1211
f 1211 1411 1412
f 1211 1412 1212
f 1212 1412 1413
f 1212 1413 1213
f 1213 1413 1414
f 1213 1414 1214
f 1214 1414 1415
f 1214 1415 1215
f 1215 1415 1416
f 1215 1416 1216
f 1216 1416 1417
f 1216 1417 1217
f 1217 1417 1418
f 1217 1418 1218
f 1218 1418 1419
f 1218 1419 1219
f 1219 1419 1420
f 1219 1420 1220
f 1220 1420 1421
f 1220 1421 1221
f 1221 1421 1422
f 1221 1422 1222
f 1222 1422 1423
f 1222 1423 1223
f 1223 1423 1424
f 1223 1424 1224
f 1224 1424 1425
f 1224 1425 1225
f 1225 1425 1426
f 1225 1426 1226
f 1226 1426 1427
f 1226 1427 1227
f 1227 1427 1428
f 1227 1428 1228
f 1228 1428 1429
f 1228 1429 1229
f 1229 1429 1430
f 1229 1430 1230
f 1230 1430 1431
f 1230 1431 1231
f 1231 1431 1432
f 1231 1432 1232
f 1232 1432 1433
f 1232 1433 1233
f 1233 1433 1434
f 1233 1434 1234
f 1234 1434 1435
f 1234 1435 1235
f 1235 1435 1436
f 1235 1436 1236
f 1236 1436 1437
f 1236 1437 1237
f 1237 1437 1438
f 1237 1438 1238
f 1238 1438 1439
f 1238 1439 1239
f 1239 1439 1440
f 1239 1440 1240
f 1240 1440 1441
f 1240 1441 1241
f 1241 1441 1442
f 1241 1442 1242
f 1242 1442 1443
f 1242 1443 1243
f 1243 1443 1444
f 1243 1444 1244
f 1244 1444 1445
f 1244 1445 1245
f 1245 1445 1446
f 1245 1446 1246
f 1246 1446 1447
f 1246 1447 1247
f 1247 1447 1448
f 1247 1448 1248
f 1248 1448 1449
f 1248 1449 1249
f 1249 1449 1450
f 1249 1450 1250
f 1250 1450 1451
f 1250 1451 1251
f 1251 1451 1252
f 1451 1452 1252
f 1252 1452 1253
f 1452 1453 1253
f 1253 1453 1254
f 1453 1454 1254
f 1254 1454 1255
f 1454 1455 1255
f 1255 1455 1256
f 1455 1456 1256
f 1256 1456 1257
f 1456 1457 1257
f 1257 1457 1258
f 1457 1458 1258
f 1258 1458 1259
f 1458 1459 1259
f 1259 1459 1260
f 1459 1460 1260
f 1260 1460 1261
f 1460 1461 1261
f 1261 1461 1262
f 1461 1462 1262
f 1262 1462 1263
f 1462 1463 1263
f 1263 1463 1264
f 1463 1464 1264
f 1264 1464 1265
f 1464 1465 1265
f 1265 1465 1266
f 1465 1466 1266
f 1266 1466 1267
f 1466 1467 1267
f 1267 1467 1268
f 1467 1468 1268
f 1268 1468 1269
f 1468 1469 1269
f 1269 1469 1270
f 1469 1470 1270
f 1270 1470 1271
f 1470 1471 1271
f 1271 1471 1272
f 1471 1472 1272
f 1272 1472 1273
f 1472 1473 1273
f 1273 1473 1274
f 1473 1474 1274
f 1274 1474 1275
f 1474 1475 1275
f 1275 1475 1276
f 1475 1476 1276
f 1276 1476 1277
f 1476 1477 1277
f 1277 1477 1278
f 1477 1478 1278
f 1278 1478 1279
f 1478 1479 1279
f 1279 1479 1280
f 1479 1480 1280
f 1280 1480 1281
f 1480 1481 1281
f 1281 1481 1282
f 1481 1482 1282
f 1282 1482 1283
f 1482 1483 1283
f 1283 1483 1284
f 1483 1484 1284
f 1284 1484 1285
f 1484 1485 1285
f 1285 1485 1286
f 1485 1486 1286
f 1286 1486 1287
f 1486 1487 1287
f 1287 1487 1288
f 1487 1488 1288
f 1288 1488 1289
f 1488 1489 1289
f 1289 1489 1290
f 1489 1490 1290
f 1290 1490 1291
f 1490 1491 1291
f 1291 1491 1292
f 1491 1492 1292
f 1292 1492 1293
f 1492 1493 1293
f 1293 1493 1294
f 1493 1494 1294
f 1294 1494 1295
f 1494 1495 1295
f 1295 1495 1296
f 1495 1496 1296
f 1296 1496 1297
f 1496 1497 1297
f 1297 1497 1298
f 1497 1498 1298
f 1298 1498 1299
f 1498 1499 1299
f 1299 1499 1300
f 1499 1500 1300
f 1300 1500 1301
f 1500 1501 1301
f 1301 1501 1502
f 1301 1502 1302
f 1302 1502 1503
f 1302 1503 1303
f 1303 1503 1504
f 1303 1504 1304
f 1304 1504 1505
f 1304 1505 1305
f 1305 1505 1506
f 1305 1506 1306
f 1306 1506 1507
f 1306 1507 1307
f 1307 1507 1508
f 1307 1508 1308
f 1308 1508 1509
f 1308 1509 1309
f 1309 1509 1510
f 1309 1510 1310
f 1310 1510 1511
f 1310 1511 1311
f 1311 1511 1512
f 1311 1512 1312
f 1312 1512 1513
f 1312 1513 1313
f 1313 1513 1514
f 1313 1514 1314
f 1314 1514 1515
f 1314 1515 1315
f 1315 1515 1516
f 1315 1516 1316
f 1316 1516 1517
f 1316 1517 1317
f 1317 1517 1518
f 1317 1518 1318
f 1318 1518 1519
f 1318 1519 1319
f 1319 1519 1520
f 1319 1520 1320
f 1320 1520 1521
f 1320 1521 1321
f 1321 1521 1522
f 1321 1522 1322
f 1322 1522 1523
f 1322 1523 1323
f 1323 1523 1524
f 1323 1524 1324
f 1324 1524 1525
f 1324 1525 1325
f 1325 1525 1526
f 1325 1526 1326
f 1326 1526 1527
f 1326 1527 1327
f 1327 1527 1528
f 1327 1528 1328
f 1328 1528 1529
f 1328 1529 1329
f 1329 1529 1530
f 1329 1530 1330
f 1330 1530 1531
f 1330 1531 1331
f 1331 1531 1532
f 1331 1532 1332
f 1332 1532 1533
f 1332 1533 1333
f 1333 1533 1534
f 1333 1534 1334
f 1334 1534 1535
f 1334 1535 1335
f 1335 1535 1536
f 1335 1536 1336
f 1336 1536 1537
f 1336 1537 1337
f 1337 1537 1538
f 1337 1538 1338
f 1338 1538 1539
f 1338 1539 1339
f 1339 1539 1540
f 1339 1540 1340
f 1340 1540 1541
f 1340 1541 1341
f 1341 1541 1542
f 1341 1542 1342
f 1342 1542 1543
f 1342 1543 1343
f 1343 1543 1544
f 1343 1544 1344
f 1344 1544 1545
f 1344 1545 1345
f 1345 1545 1546
f 1345 1546 1346
f 1346 1546 1547
f 1346 1547 1347
f 1347 1547 1548
f 1347 1548 1348
f 1348 1548 1549
f 1348 1549 1349
f 1349 1549 1550
f 1349 1550 1350
f 1350 1550 1551
f 1350 1551 1351
f 1351 1551 1352
f 1551 1552 1352
f 1352 1552 1353
f 1552 1553 1353
f 1353 1553 1354
f 1553 1554 1354
f 1354 1554 1355
f 1554 1555 1355
f 1355 1555 1356
f 1555 1556 1356
f 1356 1556 1357
f 1556 1557 1357
f 1357 1557 1358
f 1557 1558 1358
f 1358 1558 1359
f 1558 1559 1359
f 1359 1559 1360
f 1559 1560 1360
f 1360 1560 1361
f 1560 1561 1361
f 1361 1561 1362
f 1561 1562 1362
f 1362 1562 1363
f 1562 1563 1363
f 1363 1563 1364
f 1563 1564 1364
f 1364 1564 1365
f 1564 1565 1365
f 1365 1565 1366
f 1565 1566 1366
f 1366 1566 1367
f 1566 1567 1367
f 1367 1567 1368
f 1567 1568 1368
f 1368 1568 1369
f 1568 1569 1369
f 1369 1569 1370
f 1569 1570 1370
f 1370 1570 1371
f 1570 1571 1371
f 1371 1571 1372
f 1571 1572 1372
f 1372 1572 1373
f 1572 1573 1373
f 1373 1573 1374
f 1573 1574 1374
f 1374 1574 1375
f 1574 1575 1375
f 1375 1575 1376
f 1575 1576 1376
f 1376 1576 1377
f 1576 1577 1377
f 1377 1577 1378
f 1577 1578 1378
f 1378 1578 1379
f 1578 1579 1379
f 1379 1579 1380
f 1579 1580 1380
f 1380 1580 1381
f 1580 1581 1381
f 1381 1581 1382
f 1581 1582 1382
f 1382 1582 1383
f 1582 1583 1383
f 1383 1583 1384
f 1583 1584 1384
f 1384 1584 1385
f 1584 1585 1385
f 1385 1585 1386
f 1585 1586 1386
f 1386 1586 1387
f 1586 1587 1387
f 1387 1587 1388
f 1587 1588 1388
f 1388 1588 1389
f 1588 1589 1389
f 1389 1589 1390
f 1589 1590 1390
f 1390 1590 1391
f 1590 1591 1391
f 1391 1591 1392
f 1591 1592 1392
f 1392 1592 1393
f 1592 1593 1393
f 1393 1593 1394
f 1593 1594 1394
f 1394 1594 1395
f 1594 1595 1395
f 1395 1595 1396
f 1595 1596 1396
f 1396 1596 1397
f 1596 1597 1397
f 1397 1597 1398
f 1597 1598 1398
f 1398 1598 1399
f 1598 1599 1399
f 1399 1599 1400
f 1599 1600 1400
f 1400 1600 1201
f 1600 1401 1201
f 1401 1601 1602
f 1401 1602 1402
f 1402 1602 1603
f 1402 1603 1403
f 1403 1603 1604
f 1403 1604 1404
f 1404 1604 1605
f 1404 1605 1405
f 1405 1605 1606
f 1405 1606 1406
f 1406 1606 1607
f 1406 1607 1407
f 1407 1607 1608
f 1407 1608 1408
f 1408 1608 1609
f 1408 1609 1409
f 1409 1609 1610
f 1409 1610 1410
f 1410 1610 1611
f 1410 1611 1411
f 1411 1611 1612
f 1411 1612 1412
f 1412 1612 1613
f 1412 1613 1413
f 1413 1613 1614
f 1413 1614 1414
f 1414 1614 1615
f 1414 1615 1415
f 1415 1615 1616
f 1415 1616 1416
f 1416 1616 1617
f 1416 1617 1417
f 1417 1617 1618
f 1417 1618 1418
f 1418 1618 1619
f 1418 1619 1419
f 1419 1619 1620
f 1419 1620 1420
f 1420 1620 1621
f 1420 1621 1421
f 1421 1621 1622
f 1421 1622 1422
f 1422 1622 1623
f 1422 1623 1423
f 1423 1623 1624
f 1423 1624 1424
f 1424 1624 1625
f 1424 1625 1425
f 1425 1625 1626
f 1425 1626 1426
f 1426 1626 1627
f 1426 1627 1427
f 1427 1627 1628
f 1427 1628 1428
f 1428 1628 1629
f 1428 1629 1429
f 1429 1629 1630
f 1429 1630 1430
f 1430 1630 1631
f 1430 1631 1431
f 1431 1631 1632
f 1431 1632 1432
f 1432 1632 1633
f 1432 1633 1433
f 1433 1633 1634
f 1433 1634 1434
f 1434 1634 1635
f 1434 1635 1435
f 1435 1635 1636
f 1435 1636 1436
f 1436 1636 1637
f 1436 1637 1437
f 1437 1637 1638
f 1437 1638 1438
f 1438 1638 1639
f 1438 1639 1439
f 1439 1639 1640
f 1439 1640 1440
f 1440 1640 1641
f 1440 1641 1441
f 1441 1641 1642
f 1441 1642 1442
f 1442 1642 1643
f 1442 1643 1443
f 1443 1643 1644
f 1443 1644 1444
f 1444 1644 1645
f 1444 1645 1445
f 1445 1645 1646
f 1445 1646 1446
f 1446 1646 1647
f 1446 1647 1447
f 1447 1647 1648
f 1447 1648 1448
f 1448 1648 1649
f 1448 1649 1449
f 1449 1649 1650
f 1449 1650 1450
f 1450 1650 1651
f 1450 1651 1451
f 1451 1651 1452
f 1651 1652 1452
f 1452 1652 1453
f 1652 1653 1453
f 1453 1653 1454
f 1653 1654 1454
f 1454 1654 1455
f 1654 1655 1455
f 1455 1655 1456
f 1655 1656 1456
f 1456 1656 1457
f 1656 1657 1457
f 1457 1657 1458
f 1657 1658 1458
f 1458 1658 1459
f 1658 1659 1459
f 1459 1659 1460
f 1659 1660 1460
f 1460 1660 1461
f 1660 1661 1461
f 1461 1661 1462
f 1661 1662 1462
f 1462 1662 1463
f 1662 1663 1463
f 1463 1663 1464
f 1663 1664 1464
f 1464 1664 1465
f 1664 1665 1465
f 1465 1665 1466
f 1665 1666 1466
f 1466 1666 1467
f 1666 1667 1467
f 1467 1667 1468
f 1667 1668 1468
f 1468 1668 1469
f 1668 1669 1469
f 1469 1669 1470
f 1669 1670 1470
f 1470 1670 1471
f 1670 1671 1471
f 1471 1671 1472
f 1671 1672 1472
f 1472 1672 1473
f 1672 1673 1473
f 1473 1673 1474
f 1673 1674 1474
f 1474 1674 1475
f 1674 1675 1475
f 1475 1675 1476
f 1675 1676 1476
f 1476 1676 1477
f 1676 1677 1477
f 1477 1677 1478
f 1677 1678 1478
f 1478 1678 1479
f 1678 1679 1479
f 1479 1679 1480
f 1679 1680 1480
f 1480 1680 1481
f 1680 1681 1481
f 1481 1681 1482
f 1681 1682 1482
f 1482 1682 1483
f 1682 1683 1483
f 1483 1683 1484
f 1683 1684 1484
f 1484 1684 1485
f 1684 1685 1485
f 1485 1685 1486
f 1685 1686 1486
f 1486 1686 1487
f 1686 1687 1487
f 1487 1687 1488
f 1687 1688 1488
f 1488 1688 1489
f 1688 1689 1489
f 1489 1689 1490
f 1689 1690 1490
f 1490 1690 1491
f 1690 1691 1491
f 1491 1691 1492
f 1691 1692 1492
f 1492 1692 1493
f 1692 1693 1493
f 1493 1693 1494
f 1693 1694 1494
f 1494 1694 1495
f 1694 1695 1495
f 1495 1695 1496
f 1695 1696 1496
f 1496 1696 1497
f 1696 1697 1497
f 1497 1697 1498
f 1697 1698 1498
f 1498 1698 1499
f 1698 1699 1499
f 1499 1699 1500
f 1699 1700 1500
f 1500 1700 1501
f 1700 1701 1501
f 1501 1701 1702
f 1501 1702 1502
f 1502 1702 1703
f 1502 1703 1503
f 1503 1703 1704
f 1503 1704 1504
f 1504 1704 1705
f 1504 1705 1505
f 1505 1705 1706
f 1505 1706 1506
f 1506 1706 1707
f 1506 1707 1507
f 1507 1707 1708
f 1507 1708 1508
f 1508 1708 1709
f 1508 1709 1509
f 1509 1709 1710
f 1509 1710 1510
f 1510 1710 1711
f 1510 1711 1511
f 1511 1711 1712
f 1511 1712 1512
f 1512 1712 1713
f 1512 1713 1513
f 1513 1713 1714
f 1513 1714 1514
f 1514 1714 1715
f 1514 1715 1515
f 1515 1715 1716
f 1515 1716 1516
f 1516 1716 1717
f 1516 1717 1517
f 1517 1717 1718
f 1517 1718 1518
f 1518 1718 1719
f 1518 1719 1519
f 1519 1719 1720
f 1519 1720 1520
f 1520 1720 1721
f 1520 1721 1521
f 1521 1721 1722
f 1521 1722 1522
f 1522 1722 1723
f 1522 1723 1523
f 1523 1723 1724
f 1523 1724 1524
f 1524 1724 1725
f 1524 1725 1525
f 1525 1725 1726
f 1525 1726 1526
f 1526 1726 1727
f 1526 1727 1527
f 1527 1727 1728
f 1527 1728 1528
f 1528 1728 1729
f 1528 1729 1529
f 1529 1729 1730
f 1529 1730 1530
f 1530 1730 1731
f 1530 1731 1531
f 1531 1731 1732
f 1531 1732 1532
f 1532 1732 1733
f 1532 1733 1533
f 1533 1733 1734
f 1533 1734 1534
f 1534 1734 1735
f 1534 1735 1535
f 1535 1735 1736
f 1535 1736 1536
f 1536 1736 1737
f 1536 1737 1537
f 1537 1737 1738
f 1537 1738 1538
f 1538 1738 1739
f 1538 1739 1539
f 1539 1739 1740
f 1539 1740 1540
f 1540 1740 1741
f 1540 1741 1541
f 1541 1741 1742
f 1541 1742 1542
f 1542 1742 1743
f 1542 1743 1543
f 1543 1743 1744
f 1543 1744 1544
f 1544 1744 1745
f 1544 1745 1545
f 1545 1745 1746
f 1545 1746 1546
f 1546 1746 1747
f 1546 1747 1547
f 1547 1747 1748
f 1547 1748 1548
f 1548 1748 1749
f 1548 1749 1549
f 1549 1749 1750
f 1549 1750 1550
f 1550 1750 1751
f 1550 1751 1551
f 1551 1751 1552
f 1751 1752 1552
f 1552 1752 1553
f 1752 1753 1553
f 1553 1753 1554
f 1753 1754 1554
f 1554 1754 1555
f 1754 1755 1555
f 1555 1755 1556
f 1755 1756 1556
f 1556 1756 1557
f 1756 1757 1557
f 1557 1757 1558
f 1757 1758 1558
f 1558 1758 1559
f 1758 1759 1559
f 1559 1759 1560
f 1759 1760 1560
f 1560 1760 1561
f 1760 1761 1561
f 1561 1761 1562
f 1761 1762 1562
f 1562 1762 1563
f 1762 1763 1563
f 1563 1763 1564
f 1763 1764 1564
f 1564 1764 1565
f 1764 1765 1565
f 1565 1765 1566
f 1765 1766 1566
f 1566 1766 1567
f 1766 1767 1567
f 1567 1767 1568
f 1767 1768 1568
f 1568 1768 1569
f 1768 1769 1569
f 1569 1769 1570
f 1769 1770 1570
f 1570 1770 1571
f 1770 1771 1571
f 1571 1771 1572
f 1771 1772 1572
f 1572 1772 1573
f 1772 1773 1573
f 1573 1773 1574
f 1773 1774 1574
f 1574 1774 1575
f 1774 1775 1575
f 1575 1775 1576
f 1775 1776 1576
f 1576 1776 1577
f 1776 1777 1577
f 1577 1777 1578
f 1777 1778 1578
f 1578 1778 1579
f 1778 1779 1579
f 1579 1779 1580
f 1779 1780 1580
f 1580 1780 1581
f 1780 1781 1581
f 1581 1781 1582
f 1781 1782 1582
f 1582 1782 1583
f 1782 1783 1583
f 1583 1783 1584
f 1783 1784 1584
f 1584 1784 1585
f 1784 1785 1585
f 1585 1785 1586
f 1785 1786 1586
f 1586 1786 1587
f 1786 1787 1587
f 1587 1787 1588
f 1787 1788 1588
f 1588 1788 1589
f 1788 1789 1589
f 1589 1789 1590
f 1789 1790 1590
f 1590 1790 1591
f 1790 1791 1591
f 1591 1791 1592
f 1791 1792 1592
f 1592 1792 1593
f 1792 1793 1593
f 1593 1793 1594
f 1793 1794 1594
f 1594 1794 1595
f 1794 1795 1595
f 1595 1795 1596
f 1795 1796 1596
f 1596 1796 1597
f 1796 1797 1597
f 1597 1797 1598
f 1797 1798 1598
f 1598 1798 1599
f 1798 1799 1599
f 1599 1799 1600
f 1799 1800 1600
f 1600 1800 1401
f 1800 1601 1401
f 1601 1801 1802
f 1601 1802 1602
f 1602 1802 1803
f 1602 1803 1603
f 1603 1803 1804
f 1603 1804 1604
f 1604 1804 1805
f 1604 1805 1605
f 1605 1805 1806
f 1605 1806 1606
f 1606 1806 1807
f 1606 1807 1607
f 1607 1807 1808
f 1607 1808 1608
f 1608 1808 1809
f 1608 1809 1609
f 1609 1809 1810
f 1609 1810 1610
f 1610 1810 1811
f 1610 1811 1611
f 1611 1811 1812
f 1611 1812 1612
f 1612 1812 1813
f 1612 1813 1613
f 1613 1813 1814
f 1613 1814 1614
f 1614 1814 1815
f 1614 1815 1615
f 1615 1815 1816
f 1615 1816 1616
f 1616 1816 1817
f 1616 1817 1617
f 1617 1817 1818
f 1617 1818 1618
f 1618 1818 1819
f 1618 1819 1619
f 1619 1819 1820
f 1619 1820 1620
f 1620 1820 1821
f 1620 1821 1621
f 1621 1821 1822
f 1621 1822 1622
f 1622 1822 1823
f 1622 1823 1623
f 1623 1823 1824
f 1623 1824 1624
f 1624 1824 1825
f 1624 1825 1625
f 1625 1825 1826
f 1625 1826 1626
f 1626 1826 1827
f 1626 1827 1627
f 1627 1827 1828
f 1627 1828 1628
f 1628 1828 1829
f 1628 1829 1629
f 1629 1829 1830
f 1629 1830 1630
f 1630 1830 1831
f 1630 1831 1631
f 1631 1831 1832
f 1631 1832 1632
f 1632 1832 1833
f 1632 1833 1633
f 1633 1833 1834
f 1633 1834 1634
f 1634 1834 1835
f 1634 1835 1635
f 1635 1835 1836
f 1635 1836 1636
f 1636 1836 1837
f 1636 1837 1637
f 1637 1837 1838
f 1637 1838 1638
f 1638 1838 1839
f 1638 1839 1639
f 1639 1839 1840
f 1639 1840 1640
f 1640 1840 1841
f 1640 1841 1641
f 1641 1841 1842
f 1641 1842 1642
f 1642 1842 1843
f 1642 1843 1643
f 1643 1843 1844
f 1643 1844 1644
f 1644 1844 1845
f 1644 1845 1645
f 1645 1845 1846
f 1645 1846 1646
f 1646 1846 1847
f 1646 1847 1647
f 1647 1847 1848
f 1647 1848 1648
f 1648 1848 1849
f 1648 1849 1649
f 1649 1849 1850
f 1649 1850 1650
f 1650 1850 1851
f 1650 1851 1651
f 1651 1851 1652
f 1851 1852 1652
f 1652 1852 1653
f 1852 1853 1653
f 1653 1853 1654
f 1853 1854 1654
f 1654 1854 1655
f 1854 1855 1655
f 1655 1855 1656
f 1855 1856 1656
f 1656 1856 1657
f 1856 1857 1657
f 1657 1857 1658
f 1857 1858 1658
f 1658 1858 1659
f 1858 1859 1659
f 1659 1859 1660
f 1859 1860 1660
f 1660 1860 1661
f 1860 1861 1661
f 1661 1861 1662
f 1861 1862 1662
f 1662 1862 1663
f 1862 1863 1663
f 1663 1863 1664
f 1863 1864 1664
f 1664 1864 1665
f 1864 1865 1665
f 1665 1865 1666
f 1865 1866 1666
f 1666 1866 1667
f 1866 1867 1667
f 1667 1867 1668
f 1867 1868 1668
f 1668 1868 1669
f 1868 1869 1669
f 1669 1869 1670
f 1869 1870 1670
f 1670 1870 1671
f 1870 1871 1671
f 1671 1871 1672
f 1871 1872 1672
f 1672 1872 1673
f 1872 1873 1673
f 1673 1873 1674
f 1873 1874 1674
f 1674 1874 1675
f 1874 1875 1675
f 1675 1875 1676
f 1875 1876 1676
f 1676 1876 1677
f 1876 1877 1677
f 1677 1877 1678
f 1877 1878 1678
f 1678 1878 1679
f 1878 1879 1679
f 1679 1879 1680
f 1879 1880 1680
f 1680 1880 1681
f 1880 1881 1681
f 1681 1881 1682
f 1881 1882 1682
f 1682 1882 1683
f 1882 1883 1683
f 1683 1883 1684
f 1883 1884 1684
f 1684 1884 1685
f 1884 1885 1685
f 1685 1885 1686
f 1885 1886 1686
f 1686 1886 1687
f 1886 1887 1687
f 1687 1887 1688
f 1887 1888 1688
f 1688 1888 1689
f 1888 1889 1689
f 1689 1889 1690
f 1889 1890 1690
f 1690 1890 1691
f 1890 1891 1691
f 1691 1891 1692
f 1891 1892 1692
f 1692 1892 1693
f 1892 1893 1693
f 1693 1893 1694
f 1893 1894 1694
f 1694 1894 1695
f 1894 1895 1695
f 1695 1895 1696
f 1895 1896 1696
f 1696 1896 1697
f 1896 1897 1697
f 1697 1897 1698
f 1897 1898 1698
f 1698 1898 1699
f 1898 1899 1699
f 1699 1899 1700
f 1899 1900 1700
f 1700 1900 1701
f 1900 1901 1701
f 1701 1901 1902
f 1701 1902 1702
f 1702 1902 1903
f 1702 1903 1703
f 1703 1903 1904
f 1703 1904 1704
f 1704 1904 1905
f 1704 1905 1705
f 1705 1905 1906
f 1705 1906 1706
f 1706 1906 1907
f 1706 1907 1707
f 1707 1907 1908
f 1707 1908 1708
f 1708 1908 1909
f 1708 1909 1709
f 1709 1909 1910
f 1709 1910 1710
f 1710 1910 1911
f 1710 1911 1711
f 1711 1911 1912
f 1711 1912 1712
f 1712 1912 1913
f 1712 1913 1713
f 1713 1913 1914
f 1713 1914 1714
f 1714 1914 1915
f 1714 1915 1715
f 1715 1915 1916
f 1715 1916 1716
f 1716 1916 1917
f 1716 1917 1717
f 1717 1917 1918
f 1717 1918 1718
f 1718 1918 1919
f 1718 1919 1719
f 1719 1919 1920
f 1719 1920 1720
f 1720 1920 1921
f 1720 1921 1721
f 1721 1921 1922
f 1721 1922 1722
f 1722 1922 1923
f 1722 1923 1723
f 1723 1923 1924
f 1723 1924 1724
f 1724 1924 1925
f 1724 1925 1725
f 1725 1925 1926
f 1725 1926 1726
f 1726 1926 1927
f 1726 1927 1727
f 1727 1927 1928
f 1727 1928 1728
f 1728 1928 1929
f 1728 1929 1729
f 1729 1929 1930
f 1729 1930 1730
f 1730 1930 1931
f 1730 1931 1731
f 1731 1931 1932
f 1731 1932 1732
f 1732 1932 1933
f 1732 1933 1733
f 1733 1933 1934
f 1733 1934 1734
f 1734 1934 1935
f 1734 1935 1735
f 1735 1935 1936
f 1735 1936 1736
f 1736 1936 1937
f 1736 1937 1737
f 1737 1937 1938
f 1737 1938 1738
f 1738 1938 1939
f 1738 1939 1739
f 1739 1939 1940
f 1739 1940 1740
f 1740 1940 1941
f 1740 1941 1741
f 1741 1941 1942
f 1741 1942 1742
f 1742 1942 1943
f 1742 1943 1743
f 1743 1943 1944
f 1743 1944 1744
f 1744 1944 1945
f 1744 1945 1745
f 1745 1945 1946
f 1745 1946 1746
f 1746 1946 1947
f 1746 1947 1747
f 1747 1947 1948
f 1747 1948 1748
f 1748 1948 1949
f 1748 1949 1749
f 1749 1949 1950
f 1749 1950 1750
f 1750 1950 1951
f 1750 1951 1751
f 1751 1951 1752
f 1951 1952 1752
f 1752 1952 1753
f 1952 1953 1753
f 1753 1953 1754
f 1953 1954 1754
f 1754 1954 1755
f 1954 1955 1755
f 1755 1955 1756
f 1955 1956 1756
f 1756 1956 1757
f 1956 1957 1757
f 1757 1957 1758
f 1957 1958 1758
f 1758 1958 1759
f 1958 1959 1759
f 1759 1959 1760
f 1959 1960 1760
f 1760 1960 1761
f 1960 1961 1761
f 1761 1961 1762
f 1961 1962 1762
f 1762 1962 1763
f 1962 1963 1763
f 1763 1963 1764
f 1963 1964 1764
f 1764 1964 1765
f 1964 1965 1765
f 1765 1965 1766
f 1965 1966 1766
f 1766 1966 1767
f 1966 1967 1767
f 1767 1967 1768
f 1967 1968 1768
f 1768 1968 1769
f 1968 1969 1769
f 1769 1969 1770
f 1969 1970 1770
f 1770 1970 1771
f 1970 1971 1771
f 1771 1971 1772
f 1971 1972 1772
f 1772 1972 1773
f 1972 1973 1773
f 1773 1973 1774
f 1973 1974 1774
f 1774 1974 1775
f 1974 1975 1775
f 1775 1975 1776
f 1975 1976 1776
f 1776 1976 1777
f 1976 1977 1777
f 1777 1977 1778
f 1977 1978 1778
f 1778 1978 1779
f 1978 1979 1779
f 1779 1979 1780
f 1979 1980 1780
f 1780 1980 1781
f 1980 1981 1781
f 1781 1981 1782
f 1981 1982 1782
f 1782 1982 1783
f 1982 1983 1783
f 1783 1983 1784
f 1983 1984 1784
f 1784 1984 1785
f 1984 1985 1785
f 1785 1985 1786
f 1985 1986 1786
f 1786 1986 1787
f 1986 1987 1787
f 1787 1987 1788
f 1987 1988 1788
f 1788 1988 1789
f 1988 1989 1789
f 1789 1989 1790
f 1989 1990 1790
f 1790 1990 1791
f 1990 1991 1791
f 1791 1991 1792
f 1991 1992 1792
f 1792 1992 1793
f 1992 1993 1793
f 1793 1993 1794
f 1993 1994 1794
f 1794 1994 1795
f 1994 1995 1795
f 1795 1995 1796
f 1995 1996 1796
f 1796 1996 1797
f 1996 1997 1797
f 1797 1997 1798
f 1997 1998 1798
f 1798 1998 1799
f 1998 1999 1799
f 1799 1999 1800
f 1999 2000 1800
f 1800 2000 1601
f 2000 1801 1601
f 1801 2001 2002
f 1801 2002 1802
f 1802 2002 2003
f 1802 2003 1803
f 1803 2003 2004
f 1803 2004 1804
f 1804 2004 2005
f 1804 2005 1805
f 1805 2005 2006
f 1805 2006 1806
f 1806 2006 2007
f 1806 2007 1807
f 1807 2007 2008
f 1807 2008 1808
f 1808 2008 2009
f 1808 2009 1809
f 1809 2009 2010
f 1809 2010 1810
f 1810 2010 2011
f 1810 2011 1811
f 1811 2011 2012
f 1811 2012 1812
f 1812 2012 2013
f 1812 2013 1813
f 1813 2013 2014
f 1813 2014 1814
f 1814 2014 2015
f 1814 2015 1815
f 1815 2015 2016
f 1815 2016 1816
f 1816 2016 2017
f 1816 2017 1817
f 1817 2017 2018
f 1817 2018 1818
f 1818 2018 2019
f 1818 2019 1819
f 1819 2019 2020
f 1819 2020 1820
f 1820 2020 2021
f 1820 2021 1821
f 1821 2021 2022
f 1821 2022 1822
f 1822 2022 2023
f 1822 2023 1823
f 1823 2023 2024
f 1823 2024 1824
f 1824 2024 2025
f 1824 2025 1825
f 1825 2025 2026
f 1825 2026 1826
f 1826 2026 2027
f 1826 2027 1827
f 1827 2027 2028
f 1827 2028 1828
f 1828 2028 2029
f 1828 2029 1829
f 1829 2029 2030
f 1829 2030 1830
f 1830 2030 2031
f 1830 2031 1831
f 1831 2031 2032
f 1831 2032 1832
f 1832 2032 2033
f 1832 2033 1833
f 1833 2033 2034
f 1833 2034 1834
f 1834 2034 2035
f 1834 2035 1835
f 1835 2035 2036
f 1835 2036 1836
f 1836 2036 2037
f 1836 2037 1837
f 1837 2037 2038
f 1837 2038 1838
f 1838 2038 2039
f 1838 2039 1839
f 1839 2039 2040
f 1839 2040 1840
f 1840 2040 2041
f 1840 2041 1841
f 1841 2041 2042
f 1841 2042 1842
f 1842 2042 2043
f 1842 2043 1843
f 1843 2043 2044
f 1843 2044 1844
f 1844 2044 2045
f 1844 2045 1845
f 1845 2045 2046
f 1845 2046 1846
f 1846 2046 2047
f 1846 2047 1847
f 1847 2047 2048
f 1847 2048 1848
f 1848 2048 2049
f 1848 2049 1849
f 1849 2049 2050
f 1849 2050 1850
f 1850 2050 2051
f 1850 2051 1851
f 1851 2051 1852
f 2051 2052 1852
f 1852 2052 1853
f 2052 2053 1853
f 1853 2053 1854
f 2053 2054 1854
f 1854 2054 1855
f 2054 2055 1855
f 1855 2055 1856
f 2055 2056 1856
f 1856 2056 1857
f 2056 2057 1857
f 1857 2057 1858
f 2057 2058 1858
f 1858 2058 1859
f 2058 2059 1859
f 1859 2059 1860
f 2059 2060 1860
f 1860 2060 1861
f 2060 2061 1861
f 1861 2061 1862
f 2061 2062 1862
f 1862 2062 1863
f 2062 2063 1863
f 1863 2063 1864
f 2063 2064 1864
f 1864 2064 1865
f 2064 2065 1865
f 1865 2065 1866
f 2065 2066 1866
f 1866 2066 1867
f 2066 2067 1867
f 1867 2067 1868
f 2067 2068 1868
f 1868 2068 1869
f 2068 2069 1869
f 1869 2069 1870
f 2069 2070 1870
f 1870 2070 1871
f 2070 2071 1871
f 1871 2071 1872
f 2071 2072 1872
f 1872 2072 1873
f 2072 2073 1873
f 1873 2073 1874
f 2073 2074 1874
f 1874 2074 1875
f 2074 2075 1875
f 1875 2075 1876
f 2075 2076 1876
f 1876 2076 1877
f 2076 2077 1877
f 1877 2077 1878
f 2077 2078 1878
f 1878 2078 1879
f 2078 2079 1879
f 1879 2079 1880
f 2079 2080 1880
f 1880 2080 1881
f 2080 2081 1881
f 1881 2081 1882
f 2081 2082 1882
f 1882 2082 1883
f 2082 2083 1883
f 1883 2083 1884
f 2083 2084 1884
f 1884 2084 1885
f 2084 2085 1885
f 1885 2085 1886
f 2085 2086 1886
f 1886 2086 1887
f 2086 2087 1887
f 1887 2087 1888
f 2087 2088 1888
f 1888 2088 1889
f 2088 2089 1889
f 1889 2089 1890
f 2089 2090 1890
f 1890 2090 1891
f 2090 2091 1891
f 1891 2091 1892
f 2091 2092 1892
f 1892 2092 1893
f 2092 2093 1893
f 1893 2093 1894
f 2093 2094 1894
f 1894 2094 1895
f 2094 2095 1895
f 1895 2095 1896
f 2095 2096 1896
f 1896 2096 1897
f 2096 2097 1897
f 1897 2097 1898
f 2097 2098 1898
f 1898 2098 1899
f 2098 2099 1899
f 1899 2099 1900
f 2099 2100 1900
f 1900 2100 1901
f 2100 2101 1901
f 1901 2101 2102
f 1901 2102 1902
f 1902 2102 2103
f 1902 2103 1903
f 1903 2103 2104
f 1903 2104 1904
f 1904 2104 2105
f 1904 2105 1905
f 1905 2105 2106
f 1905 2106 1906
f 1906 2106 2107
f 1906 2107 1907
f 1907 2107 2108
f 1907 2108 1908
f 1908 2108 2109
f 1908 2109 1909
f 1909 2109 2110
f 1909 2110 1910
f 1910 2110 2111
f 1910 2111 1911
f 1911 2111 2112
f 1911 2112 1912
f 1912 2112 2113
f 1912 2113 1913
f 1913 2113 2114
f 1913 2114 1914
f 1914 2114 2115
f 1914 2115 1915
f 1915 2115 2116
f 1915 2116 1916
f 1916 2116 2117
f 1916 2117 1917
f 1917 2117 2118
f 1917 2118 1918
f 1918 2118 2119
f 1918 2119 1919
f 1919 2119 2120
f 1919 2120 1920
f 1920 2120 2121
f 1920 2121 1921
f 1921 2121 2122
f 1921 2122 1922
f 1922 2122 2123
f 1922 2123 1923
f 1923 2123 2124
f 1923 2124 1924
f 1924 2124 2125
f 1924 2125 1925
f 1925 2125 2126
f 1925 2126 1926
f 1926 2126 2127
f 1926 2127 1927
f 1927 2127 2128
f 1927 2128 1928
f 1928 2128 2129
f 1928 2129 1929
f 1929 2129 2130
f 1929 2130 1930
f 1930 2130 2131
f 1930 2131 1931
f 1931 2131 2132
f 1931 2132 1932
f 1932 2132 2133
f 1932 2133 1933
f 1933 2133 2134
f 1933 2134 1934
f 1934 2134 2135
f 1934 2135 1935
f 1935 2135 2136
f 1935 2136 1936
f 1936 2136 2137
f 1936 2137 1937
f 1937 2137 2138
f 1937 2138 1938
f 1938 2138 2139
f 1938 2139 1939
f 1939 2139 2140
f 1939 2140 1940
f 1940 2140 2141
f 1940 2141 1941
f 1941 2141 2142
f 1941 2142 1942
f 1942 2142 2143
f 1942 2143 1943
f 1943 2143 2144
f 1943 2144 1944
f 1944 2144 2145
f 1944 2145 1945
f 1945 2145 2146
f 1945 2146 1946
f 1946 2146 2147
f 1946 2147 1947
f 1947 2147 2148
f 1947 2148 1948
f 1948 2148 2149
f 1948 2149 1949
f 1949 2149 2150
f 1949 2150 1950
f 1950 2150 2151
f 1950 2151 1951
f 1951 2151 1952
f 2151 2152 1952
f 1952 2152 1953
f 2152 2153 1953
f 1953 2153 1954
f 2153 2154 1954
f 1954 2154 1955
f 2154 2155 1955
f 1955 2155 1956
f 2155 2156 1956
f 1956 2156 1957
f 2156 2157 1957
f 1957 2157 1958
f 2157 2158 1958
f 1958 2158 1959
f 2158 2159 1959
f 1959 2159 1960
f 2159 2160 1960
f 1960 2160 1961
f 2160 2161 1961
f 1961 2161 1962
f 2161 2162 1962
f 1962 2162 1963
f 2162 2163 1963
f 1963 2163 1964
f 2163 2164 1964
f 1964 2164 1965
f 2164 2165 1965
f 1965 2165 1966
f 2165 2166 1966
f 1966 2166 1967
f 2166 2167 1967
f 1967 2167 1968
f 2167 2168 1968
f 1968 2168 1969
f 2168 2169 1969
f 1969 2169 1970
f 2169 2170 1970
f 1970 2170 1971
f 2170 2171 1971
f 1971 2171 1972
f 2171 2172 1972
f 1972 2172 1973
f 2172 2173 1973
f 1973 2173 1974
f 2173 2174 1974
f 1974 2174 1975
f 2174 2175 1975
f 1975 2175 1976
f 2175 2176 1976
f 1976 2176 1977
f 2176 2177 1977
f 1977 2177 1978
f 2177 2178 1978
f 1978 2178 1979
f 2178 2179 1979
f 1979 2179 1980
f 2179 2180 1980
f 1980 2180 1981
f 2180 2181 1981
f 1981 2181 1982
f 2181 2182 1982
f 1982 2182 1983
f 2182 2183 1983
f 1983 2183 1984
f 2183 2184 1984
f 1984 2184 1985
f 2184 2185 1985
f 1985 2185 1986
f 2185 2186 1986
f 1986 2186 1987
f 2186 2187 1987
f 1987 2187 1988
f 2187 2188 1988
f 1988 2188 1989
f 2188 2189 1989
f 1989 2189 1990
f 2189 2190 1990
f 1990 2190 1991
f 2190 2191 1991
f 1991 2191 1992
f 2191 2192 1992
f 1992 2192 1993
f 2192 2193 1993
f 1993 2193 1994
f 2193 2194 1994
f 1994 2194 1995
f 2194 2195 1995
f 1995 2195 1996
f 2195 2196 1996
f 1996 2196 1997
f 2196 2197 1997
f 1997 2197 1998
f 2197 2198 1998
f 1998 2198 1999
f 2198 2199 1999
f 1999 2199 2000
f 2199 2200 2000
f 2000 2200 1801
f 2200 2001 1801
f 2001 2201 2202
f 2001 2202 2002
f 2002 2202 2203
f 2002 2203 2003
f 2003 2203 2204
f 2003 2204 2004
f 2004 2204 2205
f 2004 2205 2005
f 2005 2205 2206
f 2005 2206 2006
f 2006 2206 2207
f 2006 2207 2007
f 2007 2207 2208
f 2007 2208 2008
f 2008 2208 2209
f 2008 2209 2009
f 2009 2209 2210
f 2009 2210 2010
f 2010 2210 2211
f 2010 2211 2011
f 2011 2211 2212
f 2011 2212 2012
f 2012 2212 2213
f 2012 2213 2013
f 2013 2213 2214
f 2013 2214 2014
f 2014 2214 2215
f 2014 2215 2015
f 2015 2215 2216
f 2015 2216 2016
f 2016 2216 2217
f 2016 2217 2017
f 2017 2217 2218
f 2017 2218 2018
f 2018 2218 2219
f 2018 2219 2019
f 2019 2219 2220
f 2019 2220 2020
f 2020 2220 2221
f 2020 2221 2021
f 2021 2221 2222
f 2021 2222 2022
f 2022 2222 2223
f 2022 2223 2023
f 2023 2223 2224
f 2023 2224 2024
f 2024 2224 2225
f 2024 2225 2025
f 2025 2225 2226
f 2025 2226 2026
f 2026 2226 2227
f 2026 2227 2027
f 2027 2227 2228
f 2027 2228 2028
f 2028 2228 2229
f 2028 2229 2029
f 2029 2229 2230
f 2029 2230 2030
f 2030 2230 2231
f 2030 2231 2031
f 2031 2231 2232
f 2031 2232 2032
f 2032 2232 2233
f 2032 2233 2033
f 2033 2233 2234
f 2033 2234 2034
f 2034 2234 2235
f 2034 2235 2035
f 2035 2235 2236
f 2035 2236 2036
f 2036 2236 2237
f 2036 2237 2037
f 2037 2237 2238
f 2037 2238 2038
f 2038 2238 2239
f 2038 2239 2039
f 2039 2239 2240
f 2039 2240 2040
f 2040 2240 2241
f 2040 2241 2041
f 2041 2241 2242
f 2041 2242 2042
f 2042 2242 2243
f 2042 2243 2043
f 2043 2243 2244
f 2043 2244 2044
f 2044 2244 2245
f 2044 2245 2045
f 2045 2245 2246
f 2045 2246 2046
f 2046 2246 2247
f 2046 2247 2047
f 2047 2247 2248
f 2047 2248 2048
f 2048 2248 2249
f 2048 2249 2049
f 2049 2249 2250
f 2049 2250 2050
f 2050 2250 2251
f 2050 2251 2051
f 2051 2251 2052
f 2251 2252 2052
f 2052 2252 2053
f 2252 2253 2053
f 2053 2253 2054
f 2253 2254 2054
f 2054 2254 2055
f 2254 2255 2055
f 2055 2255 2056
f 2255 2256 2056
f 2056 2256 2057
f 2256 2257 2057
f 2057 2257 2058
f 2257 2258 2058
f 2058 2258 2059
f 2258 2259 2059
f 2059 2259 2060
f 2259 2260 2060
f 2060 2260 2061
f 2260 2261 2061
f 2061 2261 2062
f 2261 2262 2062
f 2062 2262 2063
f 2262 2263 2063
f 2063 2263 2064
f 2263 2264 2064
f 2064 2264 2065
f 2264 2265 2065
f 2065 2265 2066
f 2265 2266 2066
f 2066 2266 2067
f 2266 2267 2067
f 2067 2267 2068
f 2267 2268 2068
f 2068 2268 2069
f 2268 2269 2069
f 2069 2269 2070
f 2269 2270 2070
f 2070 2270 2071
f 2270 2271 2071
f 2071 2271 2072
f 2271 2272 2072
f 2072 2272 2073
f 2272 2273 2073
f 2073 2273 2074
f 2273 2274 2074
f 2074 2274 2075
f 2274 2275 2075
f 2075 2275 2076
f 2275 2276 2076
f 2076 2276 2077
f 2276 2277 2077
f 2077 2277 2078
f 2277 2278 2078
f 2078 2278 2079
f 2278 2279 2079
f 2079 2279 2080
f 2279 2280 2080
f 2080 2280 2081
f 2280 2281 2081
f 2081 2281 2082
f 2281 2282 2082
f 2082 2282 2083
f 2282 2283 2083
f 2083 2283 2084
f 2283 2284 2084
f 2084 2284 2085
f 2284 2285 2085
f 2085 2285 2086
f 2285 2286 2086
f 2086 2286 2087
f 2286 2287 2087
f 2087 2287 2088
f 2287 2288 2088
f 2088 2288 2089
f 2288 2289 2089
f 2089 2289 2090
f 2289 2290 2090
f 2090 2290 2091
f 2290 2291 2091
f 2091 2291 2092
f 2291 2292 2092
f 2092 2292 2093
f 2292 2293 2093
f 2093 2293 2094
f 2293 2294 2094
f 2094 2294 2095
f 2294 2295 2095
f 2095 2295 2096
f 2295 2296 2096
f 2096 2296 2097
f 2296 2297 2097
f 2097 2297 2098
f 2297 2298 2098
f 2098 2298 2099
f 2298 2299 2099
f 2099 2299 2100
f 2299 2300 2100
f 2100 2300 2101
f 2300 2301 2101
f 2101 2301 2302
f 2101 2302 2102
f 2102 2302 2303
f 2102 2303 2103
f 2103 2303 2304
f 2103 2304 2104
f 2104 2304 2305
f 2104 2305 2105
f 2105 2305 2306
f 2105 2306 2106
f 2106 2306 2307
f 2106 2307 2107
f 2107 2307 2308
f 2107 2308 2108
f 2108 2308 2309
f 2108 2309 2109
f 2109 2309 2310
f 2109 2310 2110
f 2110 2310 2311
f 2110 2311 2111
f 2111 2311 2312
f 2111 2312 2112
f 2112 2312 2313
f 2112 2313 2113
f 2113 2313 2314
f 2113 2314 2114
f 2114 2314 2315
f 2114 2315 2115
f 2115 2315 2316
f 2115 2316 2116
f 2116 2316 2317
f 2116 2317 2117
f 2117 2317 2318
f 2117 2318 2118
f 2118 2318 2319
f 2118 2319 2119
f 2119 2319 2320
f 2119 2320 2120
f 2120 2320 2321
f 2120 2321 2121
f 2121 2321 2322
f 2121 2322 2122
f 2122 2322 2323
f 2122 2323 2123
f 2123 2323 2324
f 2123 2324 2124
f 2124 2324 2325
f 2124 2325 2125
f 2125 2325 2326
f 2125 2326 2126
f 2126 2326 2327
f 2126 2327 2127
f 2127 2327 2328
f 2127 2328 2128
f 2128 2328 2329
f 2128 2329 2129
f 2129 2329 2330
f 2129 2330 2130
f 2130 2330 2331
f 2130 2331 2131
f 2131 2331 2332
f 2131 2332 2132
f 2132 2332 2333
f 2132 2333 2133
f 2133 2333 2334
f 2133 2334 2134
f 2134 2334 2335
f 2134 2335 2135
f 2135 2335 2336
f 2135 2336 2136
f 2136 2336 2337
f 2136 2337 2137
f 2137 2337 2338
f 2137 2338 2138
f 2138 2338 2339
f 2138 2339 2139
f 2139 2339 2340
f 2139 2340 2140
f 2140 2340 2341
f 2140 2341 2141
f 2141 2341 2342
f 2141 2342 2142
f 2142 2342 2343
f 2142 2343 2143
f 2143 2343 2344
f 2143 2344 2144
f 2144 2344 2345
f 2144 2345 2145
f 2145 2345 2346
f 2145 2346 2146
f 2146 2346 2347
f 2146 2347 2147
f 2147 2347 2348
f 2147 2348 2148
f 2148 2348 2349
f 2148 2349 2149
f 2149 2349 2350
f 2149 2350 2150
f 2150 2350 2351
f 2150 2351 2151
f 2151 2351 2152
f 2351 2352 2152
f 2152 2352 2153
f 2352 2353 2153
f 2153 2353 2154
f 2353 2354 2154
f 2154 2354 2155
f 2354 2355 2155
f 2155 2355 2156
f 2355 2356 2156
f 2156 2356 2157
f 2356 2357 2157
f 2157 2357 2158
f 2357 2358 2158
f 2158 2358 2159
f 2358 2359 2159
f 2159 2359 2160
f 2359 2360 2160
f 2160 2360 2161
f 2360 2361 2161
f 2161 2361 2162
f 2361 2362 2162
f 2162 2362 2163
f 2362 2363 2163
f 2163 2363 2164
f 2363 2364 2164
f 2164 2364 2165
f 2364 2365 2165
f 2165 2365 2166
f 2365 2366 2166
f 2166 2366 2167
f 2366 2367 2167
f 2167 2367 2168
f 2367 2368 2168
f 2168 2368 2169
f 2368 2369 2169
f 2169 2369 2170
f 2369 2370 2170
f 2170 2370 2171
f 2370 2371 2171
f 2171 2371 2172
f 2371 2372 2172
f 2172 2372 2173
f 2372 2373 2173
f 2173 2373 2174
f 2373 2374 2174
f 2174 2374 2175
f 2374 2375 2175
f 2175 2375 2176
f 2375 2376 2176
f 2176 2376 2177
f 2376 2377 2177
f 2177 2377 2178
f 2377 2378 2178
f 2178 2378 2179
f 2378 2379 2179
f 2179 2379 2180
f 2379 2380 2180
f 2180 2380 2181
f 2380 2381 2181
f 2181 2381 2182
f 2381 2382 2182
f 2182 2382 2183
f 2382 2383 2183
f 2183 2383 2184
f 2383 2384 2184
f 2184 2384 2185
f 2384 2385 2185
f 2185 2385 2186
f 2385 2386 2186
f 2186 2386 2187
f 2386 2387 2187
f 2187 2387 2188
f 2387 2388 2188
f 2188 2388 2189
f 2388 2389 2189
f 2189 2389 2190
f 2389 2390 2190
f 2190 2390 2191
f 2390 2391 2191
f 2191 2391 2192
f 2391 2392 2192
f 2192 2392 2193
f 2392 2393 2193
f 2193 2393 2194
f 2393 2394 2194
f 2194 2394 2195
f 2394 2395 2195
f 2195 2395 2196
f 2395 2396 2196
f 2196 2396 2197
f 2396 2397 2197
f 2197 2397 2198
f 2397 2398 2198
f 2198 2398 2199
f 2398 2399 2199
f 2199 2399 2200
f 2399 2400 2200
f 2200 2400 2001
f 2400 2201 2001
f 2201 2401 2402
f 2201 2402 2202
f 2202 2402 2403
f 2202 2403 2203
f 2203 2403 2404
f 2203 2404 2204
f 2204 2404 2405
f 2204 2405 2205
f 2205 2405 2406
f 2205 2406 2206
f 2206 2406 2407
f 2206 2407 2207
f 2207 2407 2408
f 2207 2408 2208
f 2208 2408 2409
f 2208 2409 2209
f 2209 2409 2410
f 2209 2410 2210
f 2210 2410 2411
f 2210 2411 2211
f 2211 2411 2412
f 2211 2412 2212
f 2212 2412 2413
f 2212 2413 2213
f 2213 2413 2414
f 2213 2414 2214
f 2214 2414 2415
f 2214 2415 2215
f 2215 2415 2416
f 2215 2416 2216
f 2216 2416 2417
f 2216 2417 2217
f 2217 2417 2418
f 2217 2418 2218
f 2218 2418 2419
f 2218 2419 2219
f 2219 2419 2420
f 2219 2420 2220
f 2220 2420 2421
f 2220 2421 2221
f 2221 2421 2422
f 2221 2422 2222
f 2222 2422 2423
f 2222 2423 2223
f 2223 2423 2424
f 2223 2424 2224
f 2224 2424 2425
f 2224 2425 2225
f 2225 2425 2426
f 2225 2426 2226
f 2226 2426 2427
f 2226 2427 2227
f 2227 2427 2428
f 2227 2428 2228
f 2228 2428 2429
f 2228 2429 2229
f 2229 2429 2430
f 2229 2430 2230
f 2230 2430 2431
f 2230 2431 2231
f 2231 2431 2432
f 2231 2432 2232
f 2232 2432 2433
f 2232 2433 2233
f 2233 2433 2434
f 2233 2434 2234
f 2234 2434 2435
f 2234 2435 2235
f 2235 2435 2436
f 2235 2436 2236
f 2236 2436 2437
f 2236 2437 2237
f 2237 2437 2438
f 2237 2438 2238
f 2238 2438 2439
f 2238 2439 2239
f 2239 2439 2440
f 2239 2440 2240
f 2240 2440 2441
f 2240 2441 2241
f 2241 2441 2442
f 2241 2442 2242
f 2242 2442 2443
f 2242 2443 2243
f 2243 2443 2444
f 2243 2444 2244
f 2244 2444 2445
f 2244 2445 2245
f 2245 2445 2446
f 2245 2446 2246
f 2246 2446 2447
f 2246 2447 2247
f 2247 2447 2448
f 2247 2448 2248
f 2248 2448 2449
f 2248 2449 2249
f 2249 2449 2450
f 2249 2450 2250
f 2250 2450 2451
f 2250 2451 2251
f 2251 2451 2252
f 2451 2452 2252
f 2252 2452 2253
f 2452 2453 2253
f 2253 2453 2254
f 2453 2454 2254
f 2254 2454 2255
f 2454 2455 2255
f 2255 2455 2256
f 2455 2456 2256
f 2256 2456 2257
f 2456 2457 2257
f 2257 2457 2258
f 2457 2458 2258
f 2258 2458 2259
f 2458 2459 2259
f 2259 2459 2260
f 2459 2460 2260
f 2260 2460 2261
f 2460 2461 2261
f 2261 2461 2262
f 2461 2462 2262
f 2262 2462 2263
f 2462 2463 2263
f 2263 2463 2264
f 2463 2464 2264
f 2264 2464 2265
f 2464 2465 2265
f 2265 2465 2266
f 2465 2466 2266
f 2266 2466 2267
f 2466 2467 2267
f 2267 2467 2268
f 2467 2468 2268
f 2268 2468 2269
f 2468 2469 2269
f 2269 2469 2270
f 2469 2470 2270
f 2270 2470 2271
f 2470 2471 2271
f 2271 2471 2272
f 2471 2472 2272
f 2272 2472 2273
f 2472 2473 2273
f 2273 2473 2274
f 2473 2474 2274
f 2274 2474 2275
f 2474 2475 2275
f 2275 2475 2276
f 2475 2476 2276
f 2276 2476 2277
f 2476 2477 2277
f 2277 2477 2278
f 2477 2478 2278
f 2278 2478 2279
f 2478 2479 2279
f 2279 2479 2280
f 2479 2480 2280
f 2280 2480 2281
f 2480 2481 2281
f 2281 2481 2282
f 2481 2482 2282
f 2282 2482 2283
f 2482 2483 2283
f 2283 2483 2284
f 2483 2484 2284
f 2284 2484 2285
f 2484 2485 2285
f 2285 2485 2286
f 2485 2486 2286
f 2286 2486 2287
f 2486 2487 2287
f 2287 2487 2288
f 2487 2488 2288
f 2288 2488 2289
f 2488 2489 2289
f 2289 2489 2290
f 2489 2490 2290
f 2290 2490 2291
f 2490 2491 2291
f 2291 2491 2292
f 2491 2492 2292
f 2292 2492 2293
f 2492 2493 2293
f 2293 2493 2294
f 2493 2494 2294
f 2294 2494 2295
f 2494 2495 2295
f 2295 2495 2296
f 2495 2496 2296
f 2296 2496 2297
f 2496 2497 2297
f 2297 2497 2298
f 2497 2498 2298
f 2298 2498 2299
f 2498 2499 2299
f 2299 2499 2300
f 2499 2500 2300
f 2300 2500 2301
f 2500 2501 2301
f 2301 2501 2502
f 2301 2502 2302
f 2302 2502 2503
f 2302 2503 2303
f 2303 2503 2504
f 2303 2504 2304
f 2304 2504 2505
f 2304 2505 2305
f 2305 2505 2506
f 2305 2506 2306
f 2306 2506 2507
f 2306 2507 2307
f 2307 2507 2508
f 2307 2508 2308
f 2308 2508 2509
f 2308 2509 2309
f 2309 2509 2510
f 2309 2510 2310
f 2310 2510 2511
f 2310 2511 2311
f 2311 2511 2512
f 2311 2512 2312
f 2312 2512 2513
f 2312 2513 2313
f 2313 2513 2514
f 2313 2514 2314
f 2314 2514 2515
f 2314 2515 2315
f 2315 2515 2516
f 2315 2516 2316
f 2316 2516 2517
f 2316 2517 2317
f 2317 2517 2518
f 2317 2518 2318
f 2318 2518 2519
f 2318 2519 2319
f 2319 2519 2520
f 2319 2520 2320
f 2320 2520 2521
f 2320 2521 2321
f 2321 2521 2522
f 2321 2522 2322
f 2322 2522 2523
f 2322 2523 2323
f 2323 2523 2524
f 2323 2524 2324
f 2324 2524 2525
f 2324 2525 2325
f 2325 2525 2526
f 2325 2526 2326
f 2326 2526 2527
f 2326 2527 2327
f 2327 2527 2528
f 2327 2528 2328
f 2328 2528 2529
f 2328 2529 2329
f 2329 2529 2530
f 2329 2530 2330
f 2330 2530 2531
f 2330 2531 2331
f 2331 2531 2532
f 2331 2532 2332
f 2332 2532 2533
f 2332 2533 2333
f 2333 2533 2534
f 2333 2534 2334
f 2334 2534 2535
f 2334 2535 2335
f 2335 2535 2536
f 2335 2536 2336
f 2336 2536 2537
f 2336 2537 2337
f 2337 2537 2538
f 2337 2538 2338
f 2338 2538 2539
f 2338 2539 2339
f 2339 2539 2540
f 2339 2540 2340
f 2340 2540 2541
f 2340 2541 2341
f 2341 2541 2542
f 2341 2542 2342
f 2342 2542 2543
f 2342 2543 2343
f 2343 2543 2544
f 2343 2544 2344
f 2344 2544 2545
f 2344 2545 2345
f 2345 2545 2546
f 2345 2546 2346
f 2346 2546 2547
f 2346 2547 2347
f 2347 2547 2548
f 2347 2548 2348
f 2348 2548 2549
f 2348 2549 2349
f 2349 2549 2550
f 2349 2550 2350
f 2350 2550 2551
f 2350 2551 2351
f 2351 2551 2352
f 2551 2552 2352
f 2352 2552 2353
f 2552 2553 2353
f 2353 2553 2354
f 2553 2554 2354
f 2354 2554 2355
f 2554 2555 2355
f 2355 2555 2356
f 2555 2556 2356
f 2356 2556 2357
f 2556 2557 2357
f 2357 2557 2358
f 2557 2558 2358
f 2358 2558 2359
f 2558 2559 2359
f 2359 2559 2360
f 2559 2560 2360
f 2360 2560 2361
f 2560 2561 2361
f 2361 2561 2362
f 2561 2562 2362
f 2362 2562 2363
f 2562 2563 2363
f 2363 2563 2364
f 2563 2564 2364
f 2364 2564 2365
f 2564 2565 2365
f 2365 2565 2366
f 2565 2566 2366
f 2366 2566 2367
f 2566 2567 2367
f 2367 2567 2368
f 2567 2568 2368
f 2368 2568 2369
f 2568 2569 2369
f 2369 2569 2370
f 2569 2570 2370
f 2370 2570 2371
f 2570 2571 2371
f 2371 2571 2372
f 2571 2572 2372
f 2372 2572 2373
f 2572 2573 2373
f 2373 2573 2374
f 2573 2574 2374
f 2374 2574 2375
f 2574 2575 2375
f 2375 2575 2376
f 2575 2576 2376
f 2376 2576 2377
f 2576 2577 2377
f 2377 2577 2378
f 2577 2578 2378
f 2378 2578 2379
f 2578 2579 2379
f 2379 2579 2380
f 2579 2580 2380
f 2380 2580 2381
f 2580 2581 2381
f 2381 2581 2382
f 2581 2582 2382
f 2382 2582 2383
f 2582 2583 2383
f 2383 2583 2384
f 2583 2584 2384
f 2384 2584 2385
f 2584 2585 2385
f 2385 2585 2386
f 2585 2586 2386
f 2386 2586 2387
f 2586 2587 2387
f 2387 2587 2388
f 2587 2588 2388
f 2388 2588 2389
f 2588 2589 2389
f 2389 2589 2390
f 2589 2590 2390
f 2390 2590 2391
f 2590 2591 2391
f 2391 2591 2392
f 2591 2592 2392
f 2392 2592 2393
f 2592 2593 2393
f 2393 2593 2394
f 2593 2594 2394
f 2394 2594 2395
f 2594 2595 2395
f 2395 2595 2396
f 2595 2596 2396
f 2396 2596 2397
f 2596 2597 2397
f 2397 2597 2398
f 2597 2598 2398
f 2398 2598 2399
f 2598 2599 2399
f 2399 2599 2400
f 2599 2600 2400
f 2400 2600 2201
f 2600 2401 2201
f 2401 2601 2602
f 2401 2602 2402
f 2402 2602 2603
f 2402 2603 2403
f 2403 2603 2604
f 2403 2604 2404
f 2404 2604 2605
f 2404 2605 2405
f 2405 2605 2606
f 2405 2606 2406
f 2406 2606 2607
f 2406 2607 2407
f 2407 2607 2608
f 2407 2608 2408
f 2408 2608 2609
f 2408 2609 2409
f 2409 2609 2610
f 2409 2610 2410
f 2410 2610 2611
f 2410 2611 2411
f 2411 2611 2612
f 2411 2612 2412
f 2412 2612 2613
f 2412 2613 2413
f 2413 2613 2614
f 2413 2614 2414
f 2414 2614 2615
f 2414 2615 2415
f 2415 2615 2616
f 2415 2616 2416
f 2416 2616 2617
f 2416 2617 2417
f 2417 2617 2618
f 2417 2618 2418
f 2418 2618 2619
f 2418 2619 2419
f 2419 2619 2620
f 2419 2620 2420
f 2420 2620 2621
f 2420 2621 2421
f 2421 2621 2622
f 2421 2622 2422
f 2422 2622 2623
f 2422 2623 2423
f 2423 2623 2624
f 2423 2624 2424
f 2424 2624 2625
f 2424 2625 2425
f 2425 2625 2626
f 2425 2626 2426
f 2426 2626 2627
f 2426 2627 2427
f 2427 2627 2628
f 2427 2628 2428
f 2428 2628 2629
f 2428 2629 2429
f 2429 2629 2630
f 2429 2630 2430
f 2430 2630 2631
f 2430 2631 2431
f 2431 2631 2632
f 2431 2632 2432
f 2432 2632 2633
f 2432 2633 2433
f 2433 2633 2634
f 2433 2634 2434
f 2434 2634 2635
f 2434 2635 2435
f 2435 2635 2636
f 2435 2636 2436
f 2436 2636 2637
f 2436 2637 2437
f 2437 2637 2638
f 2437 2638 2438
f 2438 2638 2639
f 2438 2639 2439
f 2439 2639 2640
f 2439 2640 2440
f 2440 2640 2641
f 2440 2641 2441
f 2441 2641 2642
f 2441 2642 2442
f 2442 2642 2643
f 2442 2643 2443
f 2443 2643 2644
f 2443 2644 2444
f 2444 2644 2645
f 2444 2645 2445
f 2445 2645 2646
f 2445 2646 2446
f 2446 2646 2647
f 2446 2647 2447
f 2447 2647 2648
f 2447 2648 2448
f 2448 2648 2649
f 2448 2649 2449
f 2449 2649 2650
f 2449 2650 2450
f 2450 2650 2651
f 2450 2651 2451
f 2451 2651 2452
f 2651 2652 2452
f 2452 2652 2453
f 2652 2653 2453
f 2453 2653 2454
f 2653 2654 2454
f 2454 2654 2455
f 2654 2655 2455
f 2455 2655 2456
f 2655 2656 2456
f 2456 2656 2457
f 2656 2657 2457
f 2457 2657 2458
f 2657 2658 2458
f 2458 2658 2459
f 2658 2659 2459
f 2459 2659 2460
f 2659 2660 2460
f 2460 2660 2461
f 2660 2661 2461
f 2461 2661 2462
f 2661 2662 2462
f 2462 2662 2463
f 2662 2663 2463
f 2463 2663 2464
f 2663 2664 2464
f 2464 2664 2465
f 2664 2665 2465
f 2465 2665 2466
f 2665 2666 2466
f 2466 2666 2467
f 2666 2667 2467
f 2467 2667 2468
f 2667 2668 2468
f 2468 2668 2469
f 2668 2669 2469
f 2469 2669 2470
f 2669 2670 2470
f 2470 2670 2471
f 2670 2671 2471
f 2471 2671 2472
f 2671 2672 2472
f 2472 2672 2473
f 2672 2673 2473
f 2473 2673 2474
f 2673 2674 2474
f 2474 2674 2475
f 2674 2675 2475
f 2475 2675 2476
f 2675 2676 2476
f 2476 2676 2477
f 2676 2677 2477
f 2477 2677 2478
f 2677 2678 2478
f 2478 2678 2479
f 2678 2679 2479
f 2479 2679 2480
f 2679 2680 2480
f 2480 2680 2481
f 2680 2681 2481
f 2481 2681 2482
f 2681 2682 2482
f 2482 2682 2483
f 2682 2683 2483
f 2483 2683 2484
f 2683 2684 2484
f 2484 2684 2485
f 2684 2685 2485
f 2485 2685 2486
f 2685 2686 2486
f 2486 2686 2487
f 2686 2687 2487
f 2487 2687 2488
f 2687 2688 2488
f 2488 2688 2489
f 2688 2689 2489
f 2489 2689 2490
f 2689 2690 2490
f 2490 2690 2491
f 2690 2691 2491
f 2491 2691 2492
f 2691 2692 2492
f 2492 2692 2493
f 2692 2693 2493
f 2493 2693 2494
f 2693 2694 2494
f 2494 2694 2495
f 2694 2695 2495
f 2495 2695 2496
f 2695 2696 2496
f 2496 2696 2497
f 2696 2697 2497
f 2497 2697 2498
f 2697 2698 2498
f 2498 2698 2499
f 2698 2699 2499
f 2499 2699 2500
f 2699 2700 2500
f 2500 2700 2501
f 2700 2701 2501
f 2501 2701 2702
f 2501 2702 2502
f 2502 2702 2703
f 2502 2703 2503
f 2503 2703 2704
f 2503 2704 2504
f 2504 2704 2705
f 2504 2705 2505
f 2505 2705 2706
f 2505 2706 2506
f 2506 2706 2707
f 2506 2707 2507
f 2507 2707 2708
f 2507 2708 2508
f 2508 2708 2709
f 2508 2709 2509
f 2509 2709 2710
f 2509 2710 2510
f 2510 2710 2711
f 2510 2711 2511
f 2511 2711 2712
f 2511 2712 2512
f 2512 2712 2713
f 2512 2713 2513
f 2513 2713 2714
f 2513 2714 2514
f 2514 2714 2715
f 2514 2715 2515
f 2515 2715 2716
f 2515 2716 2516
f 2516 2716 2717
f 2516 2717 2517
f 2517 2717 2718
f 2517 2718 2518
f 2518 2718 2719
f 2518 2719 2519
f 2519 2719 2720
f 2519 2720 2520
f 2520 2720 2721
f 2520 2721 2521
f 2521 2721 2722
f 2521 2722 2522
f 2522 2722 2723
f 2522 2723 2523
f 2523 2723 2724
f 2523 2724 2524
f 2524 2724 2725
f 2524 2725 2525
f 2525 2725 2726
f 2525 2726 2526
f 2526 2726 2727
f 2526 2727 2527
f 2527 2727 2728
f 2527 2728 2528
f 2528 2728 2729
f 2528 2729 2529
f 2529 2729 2730
f 2529 2730 2530
f 2530 2730 2731
f 2530 2731 2531
f 2531 2731 2732
f 2531 2732 2532
f 2532 2732 2733
f 2532 2733 2533
f 2533 2733 2734
f 2533 2734 2534
f 2534 2734 2735
f 2534 2735 2535
f 2535 2735 2736
f 2535 2736 2536
f 2536 2736 2737
f 2536 2737 2537
f 2537 2737 2738
f 2537 2738 2538
f 2538 2738 2739
f 2538 2739 2539
f 2539 2739 2740
f 2539 2740 2540
f 2540 2740 2741
f 2540 2741 2541
f 2541 2741 2742
f 2541 2742 2542
f 2542 2742 2743
f 2542 2743 2543
f 2543 2743 2744
f 2543 2744 2544
f 2544 2744 2745
f 2544 2745 2545
f 2545 2745 2746
f 2545 2746 2546
f 2546 2746 2747
f 2546 2747 2547
f 2547 2747 2748
f 2547 2748 2548
f 2548 2748 2749
f 2548 2749 2549
f 2549 2749 2750
f 2549 2750 2550
f 2550 2750 2751
f 2550 2751 2551
f 2551 2751 2552
f 2751 2752 2552
f 2552 2752 2553
f 2752 2753 2553
f 2553 2753 2554
f 2753 2754 2554
f 2554 2754 2555
f 2754 2755 2555
f 2555 2755 2556
f 2755 2756 2556
f 2556 2756 2557
f 2756 2757 2557
f 2557 2757 2558
f 2757 2758 2558
f 2558 2758 2559
f 2758 2759 2559
f 2559 2759 2560
f 2759 2760 2560
f 2560 2760 2561
f 2760 2761 2561
f 2561 2761 2562
f 2761 2762 2562
f 2562 2762 2563
f 2762 2763 2563
f 2563 2763 2564
f 2763 2764 2564
f 2564 2764 2565
f 2764 2765 2565
f 2565 2765 2566
f 2765 2766 2566
f 2566 2766 2567
f 2766 2767 2567
f 2567 2767 2568
f 2767 2768 2568
f 2568 2768 2569
f 2768 2769 2569
f 2569 2769 2570
f 2769 2770 2570
f 2570 2770 2571
f 2770 2771 2571
f 2571 2771 2572
f 2771 2772 2572
f 2572 2772 2573
f 2772 2773 2573
f 2573 2773 2574
f 2773 2774 2574
f 2574 2774 2575
f 2774 2775 2575
f 2575 2775 2576
f 2775 2776 2576
f 2576 2776 2577
f 2776 2777 2577
f 2577 2777 2578
f 2777 2778 2578
f 2578 2778 2579
f 2778 2779 2579
f 2579 2779 2580
f 2779 2780 2580
f 2580 2780 2581
f 2780 2781 2581
f 2581 2781 2582
f 2781 2782 2582
f 2582 2782 2583
f 2782 2783 2583
f 2583 2783 2584
f 2783 2784 2584
f 2584 2784 2585
f 2784 2785 2585
f 2585 2785 2586
f 2785 2786 2586
f 2586 2786 2587
f 2786 2787 2587
f 2587 2787 2588
f 2787 2788 2588
f 2588 2788 2589
f 2788 2789 2589
f 2589 2789 2590
f 2789 2790 2590
f 2590 2790 2591
f 2790 2791 2591
f 2591 2791 2592
f 2791 2792 2592
f 2592 2792 2593
f 2792 2793 2593
f 2593 2793 2594
f 2793 2794 2594
f 2594 2794 2595
f 2794 2795 2595
f 2595 2795 2596
f 2795 2796 2596
f 2596 2796 2597
f 2796 2797 2597
f 2597 2797 2598
f 2797 2798 2598
f 2598 2798 2599
f 2798 2799 2599
f 2599 2799 2600
f 2799 2800 2600
f 2600 2800 2401
f 2800 2601 2401
f 2601 2801 2802
f 2601 2802 2602
f 2602 2802 2803
f 2602 2803 2603
f 2603 2803 2804
f 2603 2804 2604
f 2604 2804 2805
f 2604 2805 2605
f 2605 2805 2806
f 2605 2806 2606
f 2606 2806 2807
f 2606 2807 2607
f 2607 2807 2808
f 2607 2808 2608
f 2608 2808 2809
f 2608 2809 2609
f 2609 2809 2810
f 2609 2810 2610
f 2610 2810 2811
f 2610 2811 2611
f 2611 2811 2812
f 2611 2812 2612
f 2612 2812 2813
f 2612 2813 2613
f 2613 2813 2814
f 2613 2814 2614
f 2614 2814 2815
f 2614 2815 2615
f 2615 2815 2816
f 2615 2816 2616
f 2616 2816 2817
f 2616 2817 2617
f 2617 2817 2818
f 2617 2818 2618
f 2618 2818 2819
f 2618 2819 2619
f 2619 2819 2820
f 2619 2820 2620
f 2620 2820 2821
f 2620 2821 2621
f 2621 2821 2822
f 2621 2822 2622
f 2622 2822 2823
f 2622 2823 2623
f 2623 2823 2824
f 2623 2824 2624
f 2624 2824 2825
f 2624 2825 2625
f 2625 2825 2826
f 2625 2826 2626
f 2626 2826 2827
f 2626 2827 2627
f 2627 2827 2828
f 2627 2828 2628
f 2628 2828 2829
f 2628 2829 2629
f 2629 2829 2830
f 2629 2830 2630
f 2630 2830 2831
f 2630 2831 2631
f 2631 2831 2832
f 2631 2832 2632
f 2632 2832 2833
f 2632 2833 2633
f 2633 2833 2834
f 2633 2834 2634
f 2634 2834 2835
f 2634 2835 2635
f 2635 2835 2836
f 2635 2836 2636
f 2636 2836 2837
f 2636 2837 2637
f 2637 2837 2838
f 2637 2838 2638
f 2638 2838 2839
f 2638 2839 2639
f 2639 2839 2840
f 2639 2840 2640
f 2640 2840 2841
f 2640 2841 2641
f 2641 2841 2842
f 2641 2842 2642
f 2642 2842 2843
f 2642 2843 2643
f 2643 2843 2844
f 2643 2844 2644
f 2644 2844 2845
f 2644 2845 2645
f 2645 2845 2846
f 2645 2846 2646
f 2646 2846 2847
f 2646 2847 2647
f 2647 2847 2848
f 2647 2848 2648
f 2648 2848 2849
f 2648 2849 2649
f 2649 2849 2850
f 2649 2850 2650
f 2650 2850 2851
f 2650 2851 2651
f 2651 2851 2652
f 2851 2852 2652
f 2652 2852 2653
f 2852 2853 2653
f 2653 2853 2654
f 2853 2854 2654
f 2654 2854 2655
f 2854 2855 2655
f 2655 2855 2656
f 2855 2856 2656
f 2656 2856 2657
f 2856 2857 2657
f 2657 2857 2658
f 2857 2858 2658
f 2658 2858 2659
f 2858 2859 2659
f 2659 2859 2660
f 2859 2860 2660
f 2660 2860 2661
f 2860 2861 2661
f 2661 2861 2662
f 2861 2862 2662
f 2662 2862 2663
f 2862 2863 2663
f 2663 2863 2664
f 2863 2864 2664
f 2664 2864 2665
f 2864 2865 2665
f 2665 2865 2666
f 2865 2866 2666
f 2666 2866 2667
f 2866 2867 2667
f 2667 2867 2668
f 2867 2868 2668
f 2668 2868 2669
f 2868 2869 2669
f 2669 2869 2670
f 2869 2870 2670
f 2670 2870 2671
f 2870 2871 2671
f 2671 2871 2672
f 2871 2872 2672
f 2672 2872 2673
f 2872 2873 2673
f 2673 2873 2674
f 2873 2874 2674
f 2674 2874 2675
f 2874 2875 2675
f 2675 2875 2676
f 2875 2876 2676
f 2676 2876 2677
f 2876 2877 2677
f 2677 2877 2678
f 2877 2878 2678
f 2678 2878 2679
f 2878 2879 2679
f 2679 2879 2680
f 2879 2880 2680
f 2680 2880 2681
f 2880 2881 2681
f 2681 2881 2682
f 2881 2882 2682
f 2682 2882 2683
f 2882 2883 2683
f 2683 2883 2684
f 2883 2884 2684
f 2684 2884 2685
f 2884 2885 2685
f 2685 2885 2686
f 2885 2886 2686
f 2686 2886 2687
f 2886 2887 2687
f 2687 2887 2688
f 2887 2888 2688
f 2688 2888 2689
f 2888 2889 2689
f 2689 2889 2690
f 2889 2890 2690
f 2690 2890 2691
f 2890 2891 2691
f 2691 2891 2692
f 2891 2892 2692
f 2692 2892 2693
f 2892 2893 2693
f 2693 2893 2694
f 2893 2894 2694
f 2694 2894 2695
f 2894 2895 2695
f 2695 2895 2696
f 2895 2896 2696
f 2696 2896 2697
f 2896 2897 2697
f 2697 2897 2698
f 2897 2898 2698
f 2698 2898 2699
f 2898 2899 2699
f 2699 2899 2700
f 2899 2900 2700
f 2700 2900 2701
f 2900 2901 2701
f 2701 2901 2902
f 2701 2902 2702
f 2702 2902 2903
f 2702 2903 2703
f 2703 2903 2904
f 2703 2904 2704
f 2704 2904 2905
f 2704 2905 2705
f 2705 2905 2906
f 2705 2906 2706
f 2706 2906 2907
f 2706 2907 2707
f 2707 2907 2908
f 2707 2908 2708
f 2708 2908 2909
f 2708 2909 2709
f 2709 2909 2910
f 2709 2910 2710
f 2710 2910 2911
f 2710 2911 2711
f 2711 2911 2912
f 2711 2912 2712
f 2712 2912 2913
f 2712 2913 2713
f 2713 2913 2914
f 2713 2914 2714
f 2714 2914 2915
f 2714 2915 2715
f 2715 2915 2916
f 2715 2916 2716
f 2716 2916 2917
f 2716 2917 2717
f 2717 2917 2918
f 2717 2918 2718
f 2718 2918 2919
f 2718 2919 2719
f 2719 2919 2920
f 2719 2920 2720
f 2720 2920 2921
f 2720 2921 2721
f 2721 2921 2922
f 2721 2922 2722
f 2722 2922 2923
f 2722 2923 2723
f 2723 2923 2924
f 2723 2924 2724
f 2724 2924 2925
f 2724 2925 2725
f 2725 2925 2926
f 2725 2926 2726
f 2726 2926 2927
f 2726 2927 2727
f 2727 2927 2928
f 2727 2928 2728
f 2728 2928 2929
f 2728 2929 2729
f 2729 2929 2930
f 2729 2930 2730
f 2730 2930 2931
f 2730 2931 2731
f 2731 2931 2932
f 2731 2932 2732
f 2732 2932 2933
f 2732 2933 2733
f 2733 2933 2934
f 2733 2934 2734
f 2734 2934 2935
f 2734 2935 2735
f 2735 2935 2936
f 2735 2936 2736
f 2736 2936 2937
f 2736 2937 2737
f 2737 2937 2938
f 2737 2938 2738
f 2738 2938 2939
f 2738 2939 2739
f 2739 2939 2940
f 2739 2940 2740
f 2740 2940 2941
f 2740 2941 2741
f 2741 2941 2942
f 2741 2942 2742
f 2742 2942 2943
f 2742 2943 2743
f 2743 2943 2944
f 2743 2944 2744
f 2744 2944 2945
f 2744 2945 2745
f 2745 2945 2946
f 2745 2946 2746
f 2746 2946 2947
f 2746 2947 2747
f 2747 2947 2948
f 2747 2948 2748
f 2748 2948 2949
f 2748 2949 2749
f 2749 2949 2950
f 2749 2950 2750
f 2750 2950 2951
f 2750 2951 2751
f 2751 2951 2752
f 2951 2952 2752
f 2752 2952 2753
f 2952 2953 2753
f 2753 2953 2754
f 2953 2954 2754
f 2754 2954 2755
f 2954 2955 2755
f 2755 2955 2756
f 2955 2956 2756
f 2756 2956 2757
f 2956 2957 2757
f 2757 2957 2758
f 2957 2958 2758
f 2758 2958 2759
f 2958 2959 2759
f 2759 2959 2760
f 2959 2960 2760
f 2760 2960 2761
f 2960 2961 2761
f 2761 2961 2762
f 2961 2962 2762
f 2762 2962 2763
f 2962 2963 2763
f 2763 2963 2764
f 2963 2964 2764
f 2764 2964 2765
f 2964 2965 2765
f 2765 2965 2766
f 2965 2966 2766
f 2766 2966 2767
f 2966 2967 2767
f 2767 2967 2768
f 2967 2968 2768
f 2768 2968 2769
f 2968 2969 2769
f 2769 2969 2770
f 2969 2970 2770
f 2770 2970 2771
f 2970 2971 2771
f 2771 2971 2772
f 2971 2972 2772
f 2772 2972 2773
f 2972 2973 2773
f 2773 2973 2774
f 2973 2974 2774
f 2774 2974 2775
f 2974 2975 2775
f 2775 2975 2776
f 2975 2976 2776
f 2776 2976 2777
f 2976 2977 2777
f 2777 2977 2778
f 2977 2978 2778
f 2778 2978 2779
f 2978 2979 2779
f 2779 2979 2780
f 2979 2980 2780
f 2780 2980 2781
f 2980 2981 2781
f 2781 2981 2782
f 2981 2982 2782
f 2782 2982 2783
f 2982 2983 2783
f 2783 2983 2784
f 2983 2984 2784
f 2784 2984 2785
f 2984 2985 2785
f 2785 2985 2786
f 2985 2986 2786
f 2786 2986 2787
f 2986 2987 2787
f 2787 2987 2788
f 2987 2988 2788
f 2788 2988 2789
f 2988 2989 2789
f 2789 2989 2790
f 2989 2990 2790
f 2790 2990 2791
f 2990 2991 2791
f 2791 2991 2792
f 2991 2992 2792
f 2792 2992 2793
f 2992 2993 2793
f 2793 2993 2794
f 2993 2994 2794
f 2794 2994 2795
f 2994 2995 2795
f 2795 2995 2796
f 2995 2996 2796
f 2796 2996 2797
f 2996 2997 2797
f 2797 2997 2798
f 2997 2998 2798
f 2798 2998 2799
f 2998 2999 2799
f 2799 2999 2800
f 2999 3000 2800
f 2800 3000 2601
f 3000 2801 2601
f 2801 3001 3002
f 2801 3002 2802
f 2802 3002 3003
f 2802 3003 2803
f 2803 3003 3004
f 2803 3004 2804
f 2804 3004 3005
f 2804 3005 2805
f 2805 3005 3006
f 2805 3006 2806
f 2806 3006 3007
f 2806 3007 2807
f 2807 3007 3008
f 2807 3008 2808
f 2808 3008 3009
f 2808 3009 2809
f 2809 3009 3010
f 2809 3010 2810
f 2810 3010 3011
f 2810 3011 2811
f 2811 3011 3012
f 2811 3012 2812
f 2812 3012 3013
f 2812 3013 2813
f 2813 3013 3014
f 2813 3014 2814
f 2814 3014 3015
f 2814 3015 2815
f 2815 3015 3016
f 2815 3016 2816
f 2816 3016 3017
f 2816 3017 2817
f 2817 3017 3018
f 2817 3018 2818
f 2818 3018 3019
f 2818 3019 2819
f 2819 3019 3020
f 2819 3020 2820
f 2820 3020 3021
f 2820 3021 2821
f 2821 3021 3022
f 2821 3022 2822
f 2822 3022 3023
f 2822 3023 2823
f 2823 3023 3024
f 2823 3024 2824
f 2824 3024 3025
f 2824 3025 2825
f 2825 3025 3026
f 2825 3026 2826
f 2826 3026 3027
f 2826 3027 2827
f 2827 3027 3028
f 2827 3028 2828
f 2828 3028 3029
f 2828 3029 2829
f 2829 3029 3030
f 2829 3030 2830
f 2830 3030 3031
f 2830 3031 2831
f 2831 3031 3032
f 2831 3032 2832
f 2832 3032 3033
f 2832 3033 2833
f 2833 3033 3034
f 2833 3034 2834
f 2834 3034 3035
f 2834 3035 2835
f 2835 3035 3036
f 2835 3036 2836
f 2836 3036 3037
f 2836 3037 2837
f 2837 3037 3038
f 2837 3038 2838
f 2838 3038 3039
f 2838 3039 2839
f 2839 3039 3040
f 2839 3040 2840
f 2840 3040 3041
f 2840 3041 2841
f 2841 3041 3042
f 2841 3042 2842
f 2842 3042 3043
f 2842 3043 2843
f 2843 3043 3044
f 2843 3044 2844
f 2844 3044 3045
f 2844 3045 2845
f 2845 3045 3046
f 2845 3046 2846
f 2846 3046 3047
f 2846 3047 2847
f 2847 3047 3048
f 2847 3048 2848
f 2848 3048 3049
f 2848 3049 2849
f 2849 3049 3050
f 2849 3050 2850
f 2850 3050 3051
f 2850 3051 2851
f 2851 3051 2852
f 3051 3052 2852
f 2852 3052 2853
f 3052 3053 2853
f 2853 3053 2854
f 3053 3054 2854
f 2854 3054 2855
f 3054 3055 2855
f 2855 3055 2856
f 3055 3056 2856
f 2856 3056 2857
f 3056 3057 2857
f 2857 3057 2858
f 3057 3058 2858
f 2858 3058 2859
f 3058 3059 2859
f 2859 3059 2860
f 3059 3060 2860
f 2860 3060 2861
f 3060 3061 2861
f 2861 3061 2862
f 3061 3062 2862
f 2862 3062 2863
f 3062 3063 2863
f 2863 3063 2864
f 3063 3064 2864
f 2864 3064 2865
f 3064 3065 2865
f 2865 3065 2866
f 3065 3066 2866
f 2866 3066 2867
f 3066 3067 2867
f 2867 3067 2868
f 3067 3068 2868
f 2868 3068 2869
f 3068 3069 2869
f 2869 3069 2870
f 3069 3070 2870
f 2870 3070 2871
f 3070 3071 2871
f 2871 3071 2872
f 3071 3072 2872
f 2872 3072 2873
f 3072 3073 2873
f 2873 3073 2874
f 3073 3074 2874
f 2874 3074 2875
f 3074 3075 2875
f 2875 3075 2876
f 3075 3076 2876
f 2876 3076 2877
f 3076 3077 2877
f 2877 3077 2878
f 3077 3078 2878
f 2878 3078 2879
f 3078 3079 2879
f 2879 3079 2880
f 3079 3080 2880
f 2880 3080 2881
f 3080 3081 2881
f 2881 3081 2882
f 3081 3082 2882
f 2882 3082 2883
f 3082 3083 2883
f 2883 3083 2884
f 3083 3084 2884
f 2884 3084 2885
f 3084 3085 2885
f 2885 3085 2886
f 3085 3086 2886
f 2886 3086 2887
f 3086 3087 2887
f 2887 3087 2888
f 3087 3088 2888
f 2888 3088 2889
f 3088 3089 2889
f 2889 3089 2890
f 3089 3090 2890
f 2890 3090 2891
f 3090 3091 2891
f 2891 3091 2892
f 3091 3092 2892
f 2892 3092 2893
f 3092 3093 2893
f 2893 3093 2894
f 3093 3094 2894
f 2894 3094 2895
f 3094 3095 2895
f 2895 3095 2896
f 3095 3096 2896
f 2896 3096 2897
f 3096 3097 2897
f 2897 3097 2898
f 3097 3098 2898
f 2898 3098 2899
f 3098 3099 2899
f 2899 3099 2900
f 3099 3100 2900
f 2900 3100 2901
f 3100 3101 2901
f 2901 3101 3102
f 2901 3102 2902
f 2902 3102 3103
f 2902 3103 2903
f 2903 3103 3104
f 2903 3104 2904
f 2904 3104 3105
f 2904 3105 2905
f 2905 3105 3106
f 2905 3106 2906
f 2906 3106 3107
f 2906 3107 2907
f 2907 3107 3108
f 2907 3108 2908
f 2908 3108 3109
f 2908 3109 2909
f 2909 3109 3110
f 2909 3110 2910
f 2910 3110 3111
f 2910 3111 2911
f 2911 3111 3112
f 2911 3112 2912
f 2912 3112 3113
f 2912 3113 2913
f 2913 3113 3114
f 2913 3114 2914
f 2914 3114 3115
f 2914 3115 2915
f 2915 3115 3116
f 2915 3116 2916
f 2916 3116 3117
f 2916 3117 2917
f 2917 3117 3118
f 2917 3118 2918
f 2918 3118 3119
f 2918 3119 2919
f 2919 3119 3120
f 2919 3120 2920
f 2920 3120 3121
f 2920 3121 2921
f 2921 3121 3122
f 2921 3122 2922
f 2922 3122 3123
f 2922 3123 2923
f 2923 3123 3124
f 2923 3124 2924
f 2924 3124 3125
f 2924 3125 2925
f 2925 3125 3126
f 2925 3126 2926
f 2926 3126 3127
f 2926 3127 2927
f 2927 3127 3128
f 2927 3128 2928
f 2928 3128 3129
f 2928 3129 2929
f 2929 3129 3130
f 2929 3130 2930
f 2930 3130 3131
f 2930 3131 2931
f 2931 3131 3132
f 2931 3132 2932
f 2932 3132 3133
f 2932 3133 2933
f 2933 3133 3134
f 2933 3134 2934
f 2934 3134 3135
f 2934 3135 2935
f 2935 3135 3136
f 2935 3136 2936
f 2936 3136 3137
f 2936 3137 2937
f 2937 3137 3138
f 2937 3138 2938
f 2938 3138 3139
f 2938 3139 2939
f 2939 3139 3140
f 2939 3140 2940
f 2940 3140 3141
f 2940 3141 2941
f 2941 3141 3142
f 2941 3142 2942
f 2942 3142 3143
f 2942 3143 2943
f 2943 3143 3144
f 2943 3144 2944
f 2944 3144 3145
f 2944 3145 2945
f 2945 3145 3146
f 2945 3146 2946
f 2946 3146 3147
f 2946 3147 2947
f 2947 3147 3148
f 2947 3148 2948
f 2948 3148 3149
f 2948 3149 2949
f 2949 3149 3150
f 2949 3150 2950
f 2950 3150 3151
f 2950 3151 2951
f 2951 3151 2952
f 3151 3152 2952
f 2952 3152 2953
f 3152 3153 2953
f 2953 3153 2954
f 3153 3154 2954
f 2954 3154 2955
f 3154 3155 2955
f 2955 3155 2956
f 3155 3156 2956
f 2956 3156 2957
f 3156 3157 2957
f 2957 3157 2958
f 3157 3158 2958
f 2958 3158 2959
f 3158 3159 2959
f 2959 3159 2960
f 3159 3160 2960
f 2960 3160 2961
f 3160 3161 2961
f 2961 3161 2962
f 3161 3162 2962
f 2962 3162 2963
f 3162 3163 2963
f 2963 3163 2964
f 3163 3164 2964
f 2964 3164 2965
f 3164 3165 2965
f 2965 3165 2966
f 3165 3166 2966
f 2966 3166 2967
f 3166 3167 2967
f 2967 3167 2968
f 3167 3168 2968
f 2968 3168 2969
f 3168 3169 2969
f 2969 3169 2970
f 3169 3170 2970
f 2970 3170 2971
f 3170 3171 2971
f 2971 3171 2972
f 3171 3172 2972
f 2972 3172 2973
f 3172 3173 2973
f 2973 3173 2974
f 3173 3174 2974
f 2974 3174 2975
f 3174 3175 2975
f 2975 3175 2976
f 3175 3176 2976
f 2976 3176 2977
f 3176 3177 2977
f 2977 3177 2978
f 3177 3178 2978
f 2978 3178 2979
f 3178 3179 2979
f 2979 3179 2980
f 3179 3180 2980
f 2980 3180 2981
f 3180 3181 2981
f 2981 3181 2982
f 3181 3182 2982
f 2982 3182 2983
f 3182 3183 2983
f 2983 3183 2984
f 3183 3184 2984
f 2984 3184 2985
f 3184 3185 2985
f 2985 3185 2986
f 3185 3186 2986
f 2986 3186 2987
f 3186 3187 2987
f 2987 3187 2988
f 3187 3188 2988
f 2988 3188 2989
f 3188 3189 2989
f 2989 3189 2990
f 3189 3190 2990
f 2990 3190 2991
f 3190 3191 2991
f 2991 3191 2992
f 3191 3192 2992
f 2992 3192 2993
f 3192 3193 2993
f 2993 3193 2994
f 3193 3194 2994
f 2994 3194 2995
f 3194 3195 2995
f 2995 3195 2996
f 3195 3196 2996
f 2996 3196 2997
f 3196 3197 2997
f 2997 3197 2998
f 3197 3198 2998
f 2998 3198 2999
f 3198 3199 2999
f 2999 3199 3000
f 3199 3200 3000
f 3000 3200 2801
f 3200 3001 2801
f 3001 3201 3202
f 3001 3202 3002
f 3002 3202 3203
f 3002 3203 3003
f 3003 3203 3204
f 3003 3204 3004
f 3004 3204 3205
f 3004 3205 3005
f 3005 3205 3206
f 3005 3206 3006
f 3006 3206 3207
f 3006 3207 3007
f 3007 3207 3208
f 3007 3208 3008
f 3008 3208 3209
f 3008 3209 3009
f 3009 3209 3210
f 3009 3210 3010
f 3010 3210 3211
f 3010 3211 3011
f 3011 3211 3212
f 3011 3212 3012
f 3012 3212 3213
f 3012 3213 3013
f 3013 3213 3214
f 3013 3214 3014
f 3014 3214 3215
f 3014 3215 3015
f 3015 3215 3216
f 3015 3216 3016
f 3016 3216 3217
f 3016 3217 3017
f 3017 3217 3218
f 3017 3218 3018
f 3018 3218 3219
f 3018 3219 3019
f 3019 3219 3220
f 3019 3220 3020
f 3020 3220 3221
f 3020 3221 3021
f 3021 3221 3222
f 3021 3222 3022
f 3022 3222 3223
f 3022 3223 3023
f 3023 3223 3224
f 3023 3224 3024
f 3024 3224 3225
f 3024 3225 3025
f 3025 3225 3226
f 3025 3226 3026
f 3026 3226 3227
f 3026 3227 3027
f 3027 3227 3228
f 3027 3228 3028
f 3028 3228 3229
f 3028 3229 3029
f 3029 3229 3230
f 3029 3230 3030
f 3030 3230 3231
f 3030 3231 3031
f 3031 3231 3232
f 3031 3232 3032
f 3032 3232 3233
f 3032 3233 3033
f 3033 3233 3234
f 3033 3234 3034
f 3034 3234 3235
f 3034 3235 3035
f 3035 3235 3236
f 3035 3236 3036
f 3036 3236 3237
f 3036 3237 3037
f 3037 3237 3238
f 3037 3238 3038
f 3038 3238 3239
f 3038 3239 3039
f 3039 3239 3240
f 3039 3240 3040
f 3040 3240 3241
f 3040 3241 3041
f 3041 3241 3242
f 3041 3242 3042
f 3042 3242 3243
f 3042 3243 3043
f 3043 3243 3244
f 3043 3244 3044
f 3044 3244 3245
f 3044 3245 3045
f 3045 3245 3246
f 3045 3246 3046
f 3046 3246 3247
f 3046 3247 3047
f 3047 3247 3248
f 3047 3248 3048
f 3048 3248 3249
f 3048 3249 3049
f 3049 3249 3250
f 3049 3250 3050
f 3050 3250 3251
f 3050 3251 3051
f 3051 3251 3052
f 3251 3252 3052
f 3052 3252 3053
f 3252 3253 3053
f 3053 3253 3054
f 3253 3254 3054
f 3054 3254 3055
f 3254 3255 3055
f 3055 3255 3056
f 3255 3256 3056
f 3056 3256 3057
f 3256 3257 3057
f 3057 3257 3058
f 3257 3258 3058
f 3058 3258 3059
f 3258 3259 3059
f 3059 3259 3060
f 3259 3260 3060
f 3060 3260 3061
f 3260 3261 3061
f 3061 3261 3062
f 3261 3262 3062
f 3062 3262 3063
f 3262 3263 3063
f 3063 3263 3064
f 3263 3264 3064
f 3064 3264 3065
f 3264 3265 3065
f 3065 3265 3066
f 3265 3266 3066
f 3066 3266 3067
f 3266 3267 3067
f 3067 3267 3068
f 3267 3268 3068
f 3068 3268 3069
f 3268 3269 3069
f 3069 3269 3070
f 3269 3270 3070
f 3070 3270 3071
f 3270 3271 3071
f 3071 3271 3072
f 3271 3272 3072
f 3072 3272 3073
f 3272 3273 3073
f 3073 3273 3074
f 3273 3274 3074
f 3074 3274 3075
f 3274 3275 3075
f 3075 3275 3076
f 3275 3276 3076
f 3076 3276 3077
f 3276 3277 3077
f 3077 3277 3078
f 3277 3278 3078
f 3078 3278 3079
f 3278 3279 3079
f 3079 3279 3080
f 3279 3280 3080
f 3080 3280 3081
f 3280 3281 3081
f 3081 3281 3082
f 3281 3282 3082
f 3082 3282 3083
f 3282 3283 3083
f 3083 3283 3084
f 3283 3284 3084
f 3084 3284 3085
f 3284 3285 3085
f 3085 3285 3086
f 3285 3286 3086
f 3086 3286 3087
f 3286 3287 3087
f 3087 3287 3088
f 3287 3288 3088
f 3088 3288 3089
f 3288 3289 3089
f 3089 3289 3090
f 3289 3290 3090
f 3090 3290 3091
f 3290 3291 3091
f 3091 3291 3092
f 3291 3292 3092
f 3092 3292 3093
f 3292 3293 3093
f 3093 3293 3094
f 3293 3294 3094
f 3094 3294 3095
f 3294 3295 3095
f 3095 3295 3096
f 3295 3296 3096
f 3096 3296 3097
f 3296 3297 3097
f 3097 3297 3098
f 3297 3298 3098
f 3098 3298 3099
f 3298 3299 3099
f 3099 3299 3100
f 3299 3300 3100
f 3100 3300 3101
f 3300 3301 3101
f 3101 3301 3302
f 3101 3302 3102
f 3102 3302 3303
f 3102 3303 3103
f 3103 3303 3304
f 3103 3304 3104
f 3104 3304 3305
f 3104 3305 3105
f 3105 3305 3306
f 3105 3306 3106
f 3106 3306 3307
f 3106 3307 3107
f 3107 3307 3308
f 3107 3308 3108
f 3108 3308 3309
f 3108 3309 3109
f 3109 3309 3310
f 3109 3310 3110
f 3110 3310 3311
f 3110 3311 3111
f 3111 3311 3312
f 3111 3312 3112
f 3112 3312 3313
f 3112 3313 3113
f 3113 3313 3314
f 3113 3314 3114
f 3114 3314 3315
f 3114 3315 3115
f 3115 3315 3316
f 3115 3316 3116
f 3116 3316 3317
f 3116 3317 3117
f 3117 3317 3318
f 3117 3318 3118
f 3118 3318 3319
f 3118 3319 3119
f 3119 3319 3320
f 3119 3320 3120
f 3120 3320 3321
f 3120 3321 3121
f 3121 3321 3322
f 3121 3322 3122
f 3122 3322 3323
f 3122 3323 3123
f 3123 3323 3324
f 3123 3324 3124
f 3124 3324 3325
f 3124 3325 3125
f 3125 3325 3326
f 3125 3326 3126
f 3126 3326 3327
f 3126 3327 3127
f 3127 3327 3328
f 3127 3328 3128
f 3128 3328 3329
f 3128 3329 3129
f 3129 3329 3330
f 3129 3330 3130
f 3130 3330 3331
f 3130 3331 3131
f 3131 3331 3332
f 3131 3332 3132
f 3132 3332 3333
f 3132 3333 3133
f 3133 3333 3334
f 3133 3334 3134
f 3134 3334 3335
f 3134 3335 3135
f 3135 3335 3336
f 3135 3336 3136
f 3136 3336 3337
f 3136 3337 3137
f 3137 3337 3338
f 3137 3338 3138
f 3138 3338 3339
f 3138 3339 3139
f 3139 3339 3340
f 3139 3340 3140
f 3140 3340 3341
f 3140 3341 3141
f 3141 3341 3342
f 3141 3342 3142
f 3142 3342 3343
f 3142 3343 3143
f 3143 3343 3344
f 3143 3344 3144
f 3144 3344 3345
f 3144 3345 3145
f 3145 3345 3346
f 3145 3346 3146
f 3146 3346 3347
f 3146 3347 3147
f 3147 3347 3348
f 3147 3348 3148
f 3148 3348 3349
f 3148 3349 3149
f 3149 3349 3350
f 3149 3350 3150
f 3150 3350 3351
f 3150 3351 3151
f 3151 3351 3152
f 3351 3352 3152
f 3152 3352 3153
f 3352 3353 3153
f 3153 3353 3154
f 3353 3354 3154
f 3154 3354 3155
f 3354 3355 3155
f 3155 3355 3156
f 3355 3356 3156
f 3156 3356 3157
f 3356 3357 3157
f 3157 3357 3158
f 3357 3358 3158
f 3158 3358 3159
f 3358 3359 3159
f 3159 3359 3160
f 3359 3360 3160
f 3160 3360 3161
f 3360 3361 3161
f 3161 3361 3162
f 3361 3362 3162
f 3162 3362 3163
f 3362 3363 3163
f 3163 3363 3164
f 3363 3364 3164
f 3164 3364 3165
f 3364 3365 3165
f 3165 3365 3166
f 3365 3366 3166
f 3166 3366 3167
f 3366 3367 3167
f 3167 3367 3168
f 3367 3368 3168
f 3168 3368 3169
f 3368 3369 3169
f 3169 3369 3170
f 3369 3370 3170
f 3170 3370 3171
f 3370 3371 3171
f 3171 3371 3172
f 3371 3372 3172
f 3172 3372 3173
f 3372 3373 3173
f 3173 3373 3174
f 3373 3374 3174
f 3174 3374 3175
f 3374 3375 3175
f 3175 3375 3176
f 3375 3376 3176
f 3176 3376 3177
f 3376 3377 3177
f 3177 3377 3178
f 3377 3378 3178
f 3178 3378 3179
f 3378 3379 3179
f 3179 3379 3180
f 3379 3380 3180
f 3180 3380 3181
f 3380 3381 3181
f 3181 3381 3182
f 3381 3382 3182
f 3182 3382 3183
f 3382 3383 3183
f 3183 3383 3184
f 3383 3384 3184
f 3184 3384 3185
f 3384 3385 3185
f 3185 3385 3186
f 3385 3386 3186
f 3186 3386 3187
f 3386 3387 3187
f 3187 3387 3188
f 3387 3388 3188
f 3188 3388 3189
f 3388 3389 3189
f 3189 3389 3190
f 3389 3390 3190
f 3190 3390 3191
f 3390 3391 3191
f 3191 3391 3192
f 3391 3392 3192
f 3192 3392 3193
f 3392 3393 3193
f 3193 3393 3194
f 3393 3394 3194
f 3194 3394 3195
f 3394 3395 3195
f 3195 3395 3196
f 3395 3396 3196
f 3196 3396 3197
f 3396 3397 3197
f 3197 3397 3198
f 3397 3398 3198
f 3198 3398 3199
f 3398 3399 3199
f 3199 3399 3200
f 3399 3400 3200
f 3200 3400 3001
f 3400 3201 3001
f 3201 3401 3402
f 3201 3402 3202
f 3202 3402 3403
f 3202 3403 3203
f 3203 3403 3404
f 3203 3404 3204
f 3204 3404 3405
f 3204 3405 3205
f 3205 3405 3406
f 3205 3406 3206
f 3206 3406 3407
f 3206 3407 3207
f 3207 3407 3408
f 3207 3408 3208
f 3208 3408 3409
f 3208 3409 3209
f 3209 3409 3410
f 3209 3410 3210
f 3210 3410 3411
f 3210 3411 3211
f 3211 3411 3412
f 3211 3412 3212
f 3212 3412 3413
f 3212 3413 3213
f 3213 3413 3414
f 3213 3414 3214
f 3214 3414 3415
f 3214 3415 3215
f 3215 3415 3416
f 3215 3416 3216
f 3216 3416 3417
f 3216 3417 3217
f 3217 3417 3418
f 3217 3418 3218
f 3218 3418 3419
f 3218 3419 3219
f 3219 3419 3420
f 3219 3420 3220
f 3220 3420 3421
f 3220 3421 3221
f 3221 3421 3422
f 3221 3422 3222
f 3222 3422 3423
f 3222 3423 3223
f 3223 3423 3424
f 3223 3424 3224
f 3224 3424 3425
f 3224 3425 3225
f 3225 3425 3426
f 3225 3426 3226
f 3226 3426 3427
f 3226 3427 3227
f 3227 3427 3428
f 3227 3428 3228
f 3228 3428 3429
f 3228 3429 3229
f 3229 3429 3430
f 3229 3430 3230
f 3230 3430 3431
f 3230 3431 3231
f 3231 3431 3432
f 3231 3432 3232
f 3232 3432 3433
f 3232 3433 3233
f 3233 3433 3434
f 3233 3434 3234
f 3234 3434 3435
f 3234 3435 3235
f 3235 3435 3436
f 3235 3436 3236
f 3236 3436 3437
f 3236 3437 3237
f 3237 3437 3438
f 3237 3438 3238
f 3238 3438 3439
f 3238 3439 3239
f 3239 3439 3440
f 3239 3440 3240
f 3240 3440 3441
f 3240 3441 3241
f 3241 3441 3442
f 3241 3442 3242
f 3242 3442 3443
f 3242 3443 3243
f 3243 3443 3444
f 3243 3444 3244
f 3244 3444 3445
f 3244 3445 3245
f 3245 3445 3446
f 3245 3446 3246
f 3246 3446 3447
f 3246 3447 3247
f 3247 3447 3448
f 3247 3448 3248
f 3248 3448 3449
f 3248 3449 3249
f 3249 3449 3450
f 3249 3450 3250
f 3250 3450 3451
f 3250 3451 3251
f 3251 3451 3252
f 3451 3452 3252
f 3252 3452 3253
f 3452 3453 3253
f 3253 3453 3254
f 3453 3454 3254
f 3254 3454 3255
f 3454 3455 3255
f 3255 3455 3256
f 3455 3456 3256
f 3256 3456 3257
f 3456 3457 3257
f 3257 3457 3258
f 3457 3458 3258
f 3258 3458 3259
f 3458 3459 3259
f 3259 3459 3260
f 3459 3460 3260
f 3260 3460 3261
f 3460 3461 3261
f 3261 3461 3262
f 3461 3462 3262
f 3262 3462 3263
f 3462 3463 3263
f 3263 3463 3264
f 3463 3464 3264
f 3264 3464 3265
f 3464 3465 3265
f 3265 3465 3266
f 3465 3466 3266
f 3266 3466 3267
f 3466 3467 3267
f 3267 3467 3268
f 3467 3468 3268
f 3268 3468 3269
f 3468 3469 3269
f 3269 3469 3270
f 3469 3470 3270
f 3270 3470 3271
f 3470 3471 3271
f 3271 3471 3272
f 3471 3472 3272
f 3272 3472 3273
f 3472 3473 3273
f 3273 3473 3274
f 3473 3474 3274
f 3274 3474 3275
f 3474 3475 3275
f 3275 3475 3276
f 3475 3476 3276
f 3276 3476 3277
f 3476 3477 3277
f 3277 3477 3278
f 3477 3478 3278
f 3278 3478 3279
f 3478 3479 3279
f 3279 3479 3280
f 3479 3480 3280
f 3280 3480 3281
f 3480 3481 3281
f 3281 3481 3282
f 3481 3482 3282
f 3282 3482 3283
f 3482 3483 3283
f 3283 3483 3284
f 3483 3484 3284
f 3284 3484 3285
f 3484 3485 3285
f 3285 3485 3286
f 3485 3486 3286
f 3286 3486 3287
f 3486 3487 3287
f 3287 3487 3288
f 3487 3488 3288
f 3288 3488 3289
f 3488 3489 3289
f 3289 3489 3290
f 3489 3490 3290
f 3290 3490 3291
f 3490 3491 3291
f 3291 3491 3292
f 3491 3492 3292
f 3292 3492 3293
f 3492 3493 3293
f 3293 3493 3294
f 3493 3494 3294
f 3294 3494 3295
f 3494 3495 3295
f 3295 3495 3296
f 3495 3496 3296
f 3296 3496 3297
f 3496 3497 3297
f 3297 3497 3298
f 3497 3498 3298
f 3298 3498 3299
f 3498 3499 3299
f 3299 3499 3300
f 3499 3500 3300
f 3300 3500 3301
f 3500 3501 3301
f 3301 3501 3502
f 3301 3502 3302
f 3302 3502 3503
f 3302 3503 3303
f 3303 3503 3504
f 3303 3504 3304
f 3304 3504 3505
f 3304 3505 3305
f 3305 3505 3506
f 3305 3506 3306
f 3306 3506 3507
f 3306 3507 3307
f 3307 3507 3508
f 3307 3508 3308
f 3308 3508 3509
f 3308 3509 3309
f 3309 3509 3510
f 3309 3510 3310
f 3310 3510 3511
f 3310 3511 3311
f 3311 3511 3512
f 3311 3512 3312
f 3312 3512 3513
f 3312 3513 3313
f 3313 3513 3514
f 3313 3514 3314
f 3314 3514 3515
f 3314 3515 3315
f 3315 3515 3516
f 3315 3516 3316
f 3316 3516 3517
f 3316 3517 3317
f 3317 3517 3518
f 3317 3518 3318
f 3318 3518 3519
f 3318 3519 3319
f 3319 3519 3520
f 3319 3520 3320
f 3320 3520 3521
f 3320 3521 3321
f 3321 3521 3522
f 3321 3522 3322
f 3322 3522 3523
f 3322 3523 3323
f 3323 3523 3524
f 3323 3524 3324
f 3324 3524 3525
f 3324 3525 3325
f 3325 3525 3526
f 3325 3526 3326
f 3326 3526 3527
f 3326 3527 3327
f 3327 3527 3528
f 3327 3528 3328
f 3328 3528 3529
f 3328 3529 3329
f 3329 3529 3530
f 3329 3530 3330
f 3330 3530 3531
f 3330 3531 3331
f 3331 3531 3532
f 3331 3532 3332
f 3332 3532 3533
f 3332 3533 3333
f 3333 3533 3534
f 3333 3534 3334
f 3334 3534 3535
f 3334 3535 3335
f 3335 3535 3536
f 3335 3536 3336
f 3336 3536 3537
f 3336 3537 3337
f 3337 3537 3538
f 3337 3538 3338
f 3338 3538 3539
f 3338 3539 3339
f 3339 3539 3540
f 3339 3540 3340
f 3340 3540 3541
f 3340 3541 3341
f 3341 3541 3542
f 3341 3542 3342
f 3342 3542 3543
f 3342 3543 3343
f 3343 3543 3544
f 3343 3544 3344
f 3344 3544 3545
f 3344 3545 3345
f 3345 3545 3546
f 3345 3546 3346
f 3346 3546 3547
f 3346 3547 3347
f 3347 3547 3548
f 3347 3548 3348
f 3348 3548 3549
f 3348 3549 3349
f 3349 3549 3550
f 3349 3550 3350
f 3350 3550 3551
f 3350 3551 3351
f 3351 3551 3352
f 3551 3552 3352
f 3352 3552 3353
f 3552 3553 3353
f 3353 3553 3354
f 3553 3554 3354
f 3354 3554 3355
f 3554 3555 3355
f 3355 3555 3356
f 3555 3556 3356
f 3356 3556 3357
f 3556 3557 3357
f 3357 3557 3358
f 3557 3558 3358
f 3358 3558 3359
f 3558 3559 3359
f 3359 3559 3360
f 3559 3560 3360
f 3360 3560 3361
f 3560 3561 3361
f 3361 3561 3362
f 3561 3562 3362
f 3362 3562 3363
f 3562 3563 3363
f 3363 3563 3364
f 3563 3564 3364
f 3364 3564 3365
f 3564 3565 3365
f 3365 3565 3366
f 3565 3566 3366
f 3366 3566 3367
f 3566 3567 3367
f 3367 3567 3368
f 3567 3568 3368
f 3368 3568 3369
f 3568 3569 3369
f 3369 3569 3370
f 3569 3570 3370
f 3370 3570 3371
f 3570 3571 3371
f 3371 3571 3372
f 3571 3572 3372
f 3372 3572 3373
f 3572 3573 3373
f 3373 3573 3374
f 3573 3574 3374
f 3374 3574 3375
f 3574 3575 3375
f 3375 3575 3376
f 3575 3576 3376
f 3376 3576 3377
f 3576 3577 3377
f 3377 3577 3378
f 3577 3578 3378
f 3378 3578 3379
f 3578 3579 3379
f 3379 3579 3380
f 3579 3580 3380
f 3380 3580 3381
f 3580 3581 3381
f 3381 3581 3382
f 3581 3582 3382
f 3382 3582 3383
f 3582 3583 3383
f 3383 3583 3384
f 3583 3584 3384
f 3384 3584 3385
f 3584 3585 3385
f 3385 3585 3386
f 3585 3586 3386
f 3386 3586 3387
f 3586 3587 3387
f 3387 3587 3388
f 3587 3588 3388
f 3388 3588 3389
f 3588 3589 3389
f 3389 3589 3390
f 3589 3590 3390
f 3390 3590 3391
f 3590 3591 3391
f 3391 3591 3392
f 3591 3592 3392
f 3392 3592 3393
f 3592 3593 3393
f 3393 3593 3394
f 3593 3594 3394
f 3394 3594 3395
f 3594 3595 3395
f 3395 3595 3396
f 3595 3596 3396
f 3396 3596 3397
f 3596 3597 3397
f 3397 3597 3398
f 3597 3598 3398
f 3398 3598 3399
f 3598 3599 3399
f 3399 3599 3400
f 3599 3600 3400
f 3400 3600 3201
f 3600 3401 3201
f 3401 3601 3602
f 3401 3602 3402
f 3402 3602 3603
f 3402 3603 3403
f 3403 3603 3604
f 3403 3604 3404
f 3404 3604 3605
f 3404 3605 3405
f 3405 3605 3606
f 3405 3606 3406
f 3406 3606 3607
f 3406 3607 3407
f 3407 3607 3608
f 3407 3608 3408
f 3408 3608 3609
f 3408 3609 3409
f 3409 3609 3610
f 3409 3610 3410
f 3410 3610 3611
f 3410 3611 3411
f 3411 3611 3612
f 3411 3612 3412
f 3412 3612 3613
f 3412 3613 3413
f 3413 3613 3614
f 3413 3614 3414
f 3414 3614 3615
f 3414 3615 3415
f 3415 3615 3616
f 3415 3616 3416
f 3416 3616 3617
f 3416 3617 3417
f 3417 3617 3618
f 3417 3618 3418
f 3418 3618 3619
f 3418 3619 3419
f 3419 3619 3620
f 3419 3620 3420
f 3420 3620 3621
f 3420 3621 3421
f 3421 3621 3622
f 3421 3622 3422
f 3422 3622 3623
f 3422 3623 3423
f 3423 3623 3624
f 3423 3624 3424
f 3424 3624 3625
f 3424 3625 3425
f 3425 3625 3626
f 3425 3626 3426
f 3426 3626 3627
f 3426 3627 3427
f 3427 3627 3628
f 3427 3628 3428
f 3428 3628 3629
f 3428 3629 3429
f 3429 3629 3630
f 3429 3630 3430
f 3430 3630 3631
f 3430 3631 3431
f 3431 3631 3632
f 3431 3632 3432
f 3432 3632 3633
f 3432 3633 3433
f 3433 3633 3634
f 3433 3634 3434
f 3434 3634 3635
f 3434 3635 3435
f 3435 3635 3636
f 3435 3636 3436
f 3436 3636 3637
f 3436 3637 3437
f 3437 3637 3638
f 3437 3638 3438
f 3438 3638 3639
f 3438 3639 3439
f 3439 3639 3640
f 3439 3640 3440
f 3440 3640 3641
f 3440 3641 3441
f 3441 3641 3642
f 3441 3642 3442
f 3442 3642 3643
f 3442 3643 3443
f 3443 3643 3644
f 3443 3644 3444
f 3444 3644 3645
f 3444 3645 3445
f 3445 3645 3646
f 3445 3646 3446
f 3446 3646 3647
f 3446 3647 3447
f 3447 3647 3648
f 3447 3648 3448
f 3448 3648 3649
f 3448 3649 3449
f 3449 3649 3650
f 3449 3650 3450
f 3450 3650 3651
f 3450 3651 3451
f 3451 3651 3452
f 3651 3652 3452
f 3452 3652 3453
f 3652 3653 3453
f 3453 3653 3454
f 3653 3654 3454
f 3454 3654 3455
f 3654 3655 3455
f 3455 3655 3456
f 3655 3656 3456
f 3456 3656 3457
f 3656 3657 3457
f 3457 3657 3458
f 3657 3658 3458
f 3458 3658 3459
f 3658 3659 3459
f 3459 3659 3460
f 3659 3660 3460
f 3460 3660 3461
f 3660 3661 3461
f 3461 3661 3462
f 3661 3662 3462
f 3462 3662 3463
f 3662 3663 3463
f 3463 3663 3464
f 3663 3664 3464
f 3464 3664 3465
f 3664 3665 3465
f 3465 3665 3466
f 3665 3666 3466
f 3466 3666 3467
f 3666 3667 3467
f 3467 3667 3468
f 3667 3668 3468
f 3468 3668 3469
f 3668 3669 3469
f 3469 3669 3470
f 3669 3670 3470
f 3470 3670 3471
f 3670 3671 3471
f 3471 3671 3472
f 3671 3672 3472
f 3472 3672 3473
f 3672 3673 3473
f 3473 3673 3474
f 3673 3674 3474
f 3474 3674 3475
f 3674 3675 3475
f 3475 3675 3476
f 3675 3676 3476
f 3476 3676 3477
f 3676 3677 3477
f 3477 3677 3478
f 3677 3678 3478
f 3478 3678 3479
f 3678 3679 3479
f 3479 3679 3480
f 3679 3680 3480
f 3480 3680 3481
f 3680 3681 3481
f 3481 3681 3482
f 3681 3682 3482
f 3482 3682 3483
f 3682 3683 3483
f 3483 3683 3484
f 3683 3684 3484
f 3484 3684 3485
f 3684 3685 3485
f 3485 3685 3486
f 3685 3686 3486
f 3486 3686 3487
f 3686 3687 3487
f 3487 3687 3488
f 3687 3688 3488
f 3488 3688 3489
f 3688 3689 3489
f 3489 3689 3490
f 3689 3690 3490
f 3490 3690 3491
f 3690 3691 3491
f 3491 3691 3492
f 3691 3692 3492
f 3492 3692 3493
f 3692 3693 3493
f 3493 3693 3494
f 3693 3694 3494
f 3494 3694 3495
f 3694 3695 3495
f 3495 3695 3496
f 3695 3696 3496
f 3496 3696 3497
f 3696 3697 3497
f 3497 3697 3498
f 3697 3698 3498
f 3498 3698 3499
f 3698 3699 3499
f 3499 3699 3500
f 3699 3700 3500
f 3500 3700 3501
f 3700 3701 3501
f 3501 3701 3702
f 3501 3702 3502
f 3502 3702 3703
f 3502 3703 3503
f 3503 3703 3704
f 3503 3704 3504
f 3504 3704 3705
f 3504 3705 3505
f 3505 3705 3706
f 3505 3706 3506
f 3506 3706 3707
f 3506 3707 3507
f 3507 3707 3708
f 3507 3708 3508
f 3508 3708 3709
f 3508 3709 3509
f 3509 3709 3710
f 3509 3710 3510
f 3510 3710 3711
f 3510 3711 3511
f 3511 3711 3712
f 3511 3712 3512
f 3512 3712 3713
f 3512 3713 3513
f 3513 3713 3714
f 3513 3714 3514
f 3514 3714 3715
f 3514 3715 3515
f 3515 3715 3716
f 3515 3716 3516
f 3516 3716 3717
f 3516 3717 3517
f 3517 3717 3718
f 3517 3718 3518
f 3518 3718 3719
f 3518 3719 3519
f 3519 3719 3720
f 3519 3720 3520
f 3520 3720 3721
f 3520 3721 3521
f 3521 3721 3722
f 3521 3722 3522
f 3522 3722 3723
f 3522 3723 3523
f 3523 3723 3724
f 3523 3724 3524
f 3524 3724 3725
f 3524 3725 3525
f 3525 3725 3726
f 3525 3726 3526
f 3526 3726 3727
f 3526 3727 3527
f 3527 3727 3728
f 3527 3728 3528
f 3528 3728 3729
f 3528 3729 3529
f 3529 3729 3730
f 3529 3730 3530
f 3530 3730 3731
f 3530 3731 3531
f 3531 3731 3732
f 3531 3732 3532
f 3532 3732 3733
f 3532 3733 3533
f 3533 3733 3734
f 3533 3734 3534
f 3534 3734 3735
f 3534 3735 3535
f 3535 3735 3736
f 3535 3736 3536
f 3536 3736 3737
f 3536 3737 3537
f 3537 3737 3738
f 3537 3738 3538
f 3538 3738 3739
f 3538 3739 3539
f 3539 3739 3740
f 3539 3740 3540
f 3540 3740 3741
f 3540 3741 3541
f 3541 3741 3742
f 3541 3742 3542
f 3542 3742 3743
f 3542 3743 3543
f 3543 3743 3744
f 3543 3744 3544
f 3544 3744 3745
f 3544 3745 3545
f 3545 3745 3746
f 3545 3746 3546
f 3546 3746 3747
f 3546 3747 3547
f 3547 3747 3748
f 3547 3748 3548
f 3548 3748 3749
f 3548 3749 3549
f 3549 3749 3750
f 3549 3750 3550
f 3550 3750 3751
f 3550 3751 3551
f 3551 3751 3552
f 3751 3752 3552
f 3552 3752 3553
f 3752 3753 3553
f 3553 3753 3554
f 3753 3754 3554
f 3554 3754 3555
f 3754 3755 3555
f 3555 3755 3556
f 3755 3756 3556
f 3556 3756 3557
f 3756 3757 3557
f 3557 3757 3558
f 3757 3758 3558
f 3558 3758 3559
f 3758 3759 3559
f 3559 3759 3560
f 3759 3760 3560
f 3560 3760 3561
f 3760 3761 3561
f 3561 3761 3562
f 3761 3762 3562
f 3562 3762 3563
f 3762 3763 3563
f 3563 3763 3564
f 3763 3764 3564
f 3564 3764 3565
f 3764 3765 3565
f 3565 3765 3566
f 3765 3766 3566
f 3566 3766 3567
f 3766 3767 3567
f 3567 3767 3568
f 3767 3768 3568
f 3568 3768 3569
f 3768 3769 3569
f 3569 3769 3570
f 3769 3770 3570
f 3570 3770 3571
f 3770 3771 3571
f 3571 3771 3572
f 3771 3772 3572
f 3572 3772 3573
f 3772 3773 3573
f 3573 3773 3574
f 3773 3774 3574
f 3574 3774 3575
f 3774 3775 3575
f 3575 3775 3576
f 3775 3776 3576
f 3576 3776 3577
f 3776 3777 3577
f 3577 3777 3578
f 3777 3778 3578
f 3578 3778 3579
f 3778 3779 3579
f 3579 3779 3580
f 3779 3780 3580
f 3580 3780 3581
f 3780 3781 3581
f 3581 3781 3582
f 3781 3782 3582
f 3582 3782 3583
f 3782 3783 3583
f 3583 3783 3584
f 3783 3784 3584
f 3584 3784 3585
f 3784 3785 3585
f 3585 3785 3586
f 3785 3786 3586
f 3586 3786 3587
f 3786 3787 3587
f 3587 3787 3588
f 3787 3788 3588
f 3588 3788 3589
f 3788 3789 3589
f 3589 3789 3590
f 3789 3790 3590
f 3590 3790 3591
f 3790 3791 3591
f 3591 3791 3592
f 3791 3792 3592
f 3592 3792 3593
f 3792 3793 3593
f 3593 3793 3594
f 3793 3794 3594
f 3594 3794 3595
f 3794 3795 3595
f 3595 3795 3596
f 3795 3796 3596
f 3596 3796 3597
f 3796 3797 3597
f 3597 3797 3598
f 3797 3798 3598
f 3598 3798 3599
f 3798 3799 3599
f 3599 3799 3600
f 3799 3800 3600
f 3600 3800 3401
f 3800 3601 3401
f 3601 3801 3802
f 3601 3802 3602
f 3602 3802 3803
f 3602 3803 3603
f 3603 3803 3804
f 3603 3804 3604
f 3604 3804 3805
f 3604 3805 3605
f 3605 3805 3806
f 3605 3806 3606
f 3606 3806 3807
f 3606 3807 3607
f 3607 3807 3808
f 3607 3808 3608
f 3608 3808 3809
f 3608 3809 3609
f 3609 3809 3810
f 3609 3810 3610
f 3610 3810 3811
f 3610 3811 3611
f 3611 3811 3812
f 3611 3812 3612
f 3612 3812 3813
f 3612 3813 3613
f 3613 3813 3814
f 3613 3814 3614
f 3614 3814 3815
f 3614 3815 3615
f 3615 3815 3816
f 3615 3816 3616
f 3616 3816 3817
f 3616 3817 3617
f 3617 3817 3818
f 3617 3818 3618
f 3618 3818 3819
f 3618 3819 3619
f 3619 3819 3820
f 3619 3820 3620
f 3620 3820 3821
f 3620 3821 3621
f 3621 3821 3822
f 3621 3822 3622
f 3622 3822 3823
f 3622 3823 3623
f 3623 3823 3824
f 3623 3824 3624
f 3624 3824 3825
f 3624 3825 3625
f 3625 3825 3826
f 3625 3826 3626
f 3626 3826 3827
f 3626 3827 3627
f 3627 3827 3828
f 3627 3828 3628
f 3628 3828 3829
f 3628 3829 3629
f 3629 3829 3830
f 3629 3830 3630
f 3630 3830 3831
f 3630 3831 3631
f 3631 3831 3832
f 3631 3832 3632
f 3632 3832 3833
f 3632 3833 3633
f 3633 3833 3834
f 3633 3834 3634
f 3634 3834 3835
f 3634 3835 3635
f 3635 3835 3836
f 3635 3836 3636
f 3636 3836 3837
f 3636 3837 3637
f 3637 3837 3838
f 3637 3838 3638
f 3638 3838 3839
f 3638 3839 3639
f 3639 3839 3840
f 3639 3840 3640
f 3640 3840 3841
f 3640 3841 3641
f 3641 3841 3842
f 3641 3842 3642
f 3642 3842 3843
f 3642 3843 3643
f 3643 3843 3844
f 3643 3844 3644
f 3644 3844 3845
f 3644 3845 3645
f 3645 3845 3846
f 3645 3846 3646
f 3646 3846 3847
f 3646 3847 3647
f 3647 3847 3848
f 3647 3848 3648
f 3648 3848 3849
f 3648 3849 3649
f 3649 3849 3850
f 3649 3850 3650
f 3650 3850 3851
f 3650 3851 3651
f 3651 3851 3652
f 3851 3852 3652
f 3652 3852 3653
f 3852 3853 3653
f 3653 3853 3654
f 3853 3854 3654
f 3654 3854 3655
f 3854 3855 3655
f 3655 3855 3656
f 3855 3856 3656
f 3656 3856 3657
f 3856 3857 3657
f 3657 3857 3658
f 3857 3858 3658
f 3658 3858 3659
f 3858 3859 3659
f 3659 3859 3660
f 3859 3860 3660
f 3660 3860 3661
f 3860 3861 3661
f 3661 3861 3662
f 3861 3862 3662
f 3662 3862 3663
f 3862 3863 3663
f 3663 3863 3664
f 3863 3864 3664
f 3664 3864 3665
f 3864 3865 3665
f 3665 3865 3666
f 3865 3866 3666
f 3666 3866 3667
f 3866 3867 3667
f 3667 3867 3668
f 3867 3868 3668
f 3668 3868 3669
f 3868 3869 3669
f 3669 3869 3670
f 3869 3870 3670
f 3670 3870 3671
f 3870 3871 3671
f 3671 3871 3672
f 3871 3872 3672
f 3672 3872 3673
f 3872 3873 3673
f 3673 3873 3674
f 3873 3874 3674
f 3674 3874 3675
f 3874 3875 3675
f 3675 3875 3676
f 3875 3876 3676
f 3676 3876 3677
f 3876 3877 3677
f 3677 3877 3678
f 3877 3878 3678
f 3678 3878 3679
f 3878 3879 3679
f 3679 3879 3680
f 3879 3880 3680
f 3680 3880 3681
f 3880 3881 3681
f 3681 3881 3682
f 3881 3882 3682
f 3682 3882 3683
f 3882 3883 3683
f 3683 3883 3684
f 3883 3884 3684
f 3684 3884 3685
f 3884 3885 3685
f 3685 3885 3686
f 3885 3886 3686
f 3686 3886 3687
f 3886 3887 3687
f 3687 3887 3688
f 3887 3888 3688
f 3688 3888 3689
f 3888 3889 3689
f 3689 3889 3690
f 3889 3890 3690
f 3690 3890 3691
f 3890 3891 3691
f 3691 3891 3692
f 3891 3892 3692
f 3692 3892 3693
f 3892 3893 3693
f 3693 3893 3694
f 3893 3894 3694
f 3694 3894 3695
f 3894 3895 3695
f 3695 3895 3696
f 3895 3896 3696
f 3696 3896 3697
f 3896 3897 3697
f 3697 3897 3698
f 3897 3898 3698
f 3698 3898 3699
f 3898 3899 3699
f 3699 3899 3700
f 3899 3900 3700
f 3700 3900 3701
f 3900 3901 3701
f 3701 3901 3902
f 3701 3902 3702
f 3702 3902 3903
f 3702 3903 3703
f 3703 3903 3904
f 3703 3904 3704
f 3704 3904 3905
f 3704 3905 3705
f 3705 3905 3906
f 3705 3906 3706
f 3706 3906 3907
f 3706 3907 3707
f 3707 3907 3908
f 3707 3908 3708
f 3708 3908 3909
f 3708 3909 3709
f 3709 3909 3910
f 3709 3910 3710
f 3710 3910 3911
f 3710 3911 3711
f 3711 3911 3912
f 3711 3912 3712
f 3712 3912 3913
f 3712 3913 3713
f 3713 3913 3914
f 3713 3914 3714
f 3714 3914 3915
f 3714 3915 3715
f 3715 3915 3916
f 3715 3916 3716
f 3716 3916 3917
f 3716 3917 3717
f 3717 3917 3918
f 3717 3918 3718
f 3718 3918 3919
f 3718 3919 3719
f 3719 3919 3920
f 3719 3920 3720
f 3720 3920 3921
f 3720 3921 3721
f 3721 3921 3922
f 3721 3922 3722
f 3722 3922 3923
f 3722 3923 3723
f 3723 3923 3924
f 3723 3924 3724
f 3724 3924 3925
f 3724 3925 3725
f 3725 3925 3926
f 3725 3926 3726
f 3726 3926 3927
f 3726 3927 3727
f 3727 3927 3928
f 3727 3928 3728
f 3728 3928 3929
f 3728 3929 3729
f 3729 3929 3930
f 3729 3930 3730
f 3730 3930 3931
f 3730 3931 3731
f 3731 3931 3932
f 3731 3932 3732
f 3732 3932 3933
f 3732 3933 3733
f 3733 3933 3934
f 3733 3934 3734
f 3734 3934 3935
f 3734 3935 3735
f 3735 3935 3936
f 3735 3936 3736
f 3736 3936 3937
f 3736 3937 3737
f 3737 3937 3938
f 3737 3938 3738
f 3738 3938 3939
f 3738 3939 3739
f 3739 3939 3940
f 3739 3940 3740
f 3740 3940 3941
f 3740 3941 3741
f 3741 3941 3942
f 3741 3942 3742
f 3742 3942 3943
f 3742 3943 3743
f 3743 3943 3944
f 3743 3944 3744
f 3744 3944 3945
f 3744 3945 3745
f 3745 3945 3946
f 3745 3946 3746
f 3746 3946 3947
f 3746 3947 3747
f 3747 3947 3948
f 3747 3948 3748
f 3748 3948 3949
f 3748 3949 3749
f 3749 3949 3950
f 3749 3950 3750
f 3750 3950 3951
f 3750 3951 3751
f 3751 3951 3752
f 3951 3952 3752
f 3752 3952 3753
f 3952 3953 3753
f 3753 3953 3754
f 3953 3954 3754
f 3754 3954 3755
f 3954 3955 3755
f 3755 3955 3756
f 3955 3956 3756
f 3756 3956 3757
f 3956 3957 3757
f 3757 3957 3758
f 3957 3958 3758
f 3758 3958 3759
f 3958 3959 3759
f 3759 3959 3760
f 3959 3960 3760
f 3760 3960 3761
f 3960 3961 3761
f 3761 3961 3762
f 3961 3962 3762
f 3762 3962 3763
f 3962 3963 3763
f 3763 3963 3764
f 3963 3964 3764
f 3764 3964 3765
f 3964 3965 3765
f 3765 3965 3766
f 3965 3966 3766
f 3766 3966 3767
f 3966 3967 3767
f 3767 3967 3768
f 3967 3968 3768
f 3768 3968 3769
f 3968 3969 3769
f 3769 3969 3770
f 3969 3970 3770
f 3770 3970 3771
f 3970 3971 3771
f 3771 3971 3772
f 3971 3972 3772
f 3772 3972 3773
f 3972 3973 3773
f 3773 3973 3774
f 3973 3974 3774
f 3774 3974 3775
f 3974 3975 3775
f 3775 3975 3776
f 3975 3976 3776
f 3776 3976 3777
f 3976 3977 3777
f 3777 3977 3778
f 3977 3978 3778
f 3778 3978 3779
f 3978 3979 3779
f 3779 3979 3780
f 3979 3980 3780
f 3780 3980 3781
f 3980 3981 3781
f 3781 3981 3782
f 3981 3982 3782
f 3782 3982 3783
f 3982 3983 3783
f 3783 3983 3784
f 3983 3984 3784
f 3784 3984 3785
f 3984 3985 3785
f 3785 3985 3786
f 3985 3986 3786
f 3786 3986 3787
f 3986 3987 3787
f 3787 3987 3788
f 3987 3988 3788
f 3788 3988 3789
f 3988 3989 3789
f 3789 3989 3790
f 3989 3990 3790
f 3790 3990 3791
f 3990 3991 3791
f 3791 3991 3792
f 3991 3992 3792
f 3792 3992 3793
f 3992 3993 3793
f 3793 3993 3794
f 3993 3994 3794
f 3794 3994 3795
f 3994 3995 3795
f 3795 3995 3796
f 3995 3996 3796
f 3796 3996 3797
f 3996 3997 3797
f 3797 3997 3798
f 3997 3998 3798
f 3798 3998 3799
f 3998 3999 3799
f 3799 3999 3800
f 3999 4000 3800
f 3800 4000 3601
f 4000 3801 3601
f 3801 4001 4002
f 3801 4002 3802
f 3802 4002 4003
f 3802 4003 3803
f 3803 4003 4004
f 3803 4004 3804
f 3804 4004 4005
f 3804 4005 3805
f 3805 4005 4006
f 3805 4006 3806
f 3806 4006 4007
f 3806 4007 3807
f 3807 4007 4008
f 3807 4008 3808
f 3808 4008 4009
f 3808 4009 3809
f 3809 4009 4010
f 3809 4010 3810
f 3810 4010 4011
f 3810 4011 3811
f 3811 4011 4012
f 3811 4012 3812
f 3812 4012 4013
f 3812 4013 3813
f 3813 4013 4014
f 3813 4014 3814
f 3814 4014 4015
f 3814 4015 3815
f 3815 4015 4016
f 3815 4016 3816
f 3816 4016 4017
f 3816 4017 3817
f 3817 4017 4018
f 3817 4018 3818
f 3818 4018 4019
f 3818 4019 3819
f 3819 4019 4020
f 3819 4020 3820
f 3820 4020 4021
f 3820 4021 3821
f 3821 4021 4022
f 3821 4022 3822
f 3822 4022 4023
f 3822 4023 3823
f 3823 4023 4024
f 3823 4024 3824
f 3824 4024 4025
f 3824 4025 3825
f 3825 4025 4026
f 3825 4026 3826
f 3826 4026 4027
f 3826 4027 3827
f 3827 4027 4028
f 3827 4028 3828
f 3828 4028 4029
f 3828 4029 3829
f 3829 4029 4030
f 3829 4030 3830
f 3830 4030 4031
f 3830 4031 3831
f 3831 4031 4032
f 3831 4032 3832
f 3832 4032 4033
f 3832 4033 3833
f 3833 4033 4034
f 3833 4034 3834
f 3834 4034 4035
f 3834 4035 3835
f 3835 4035 4036
f 3835 4036 3836
f 3836 4036 4037
f 3836 4037 3837
f 3837 4037 4038
f 3837 4038 3838
f 3838 4038 4039
f 3838 4039 3839
f 3839 4039 4040
f 3839 4040 3840
f 3840 4040 4041
f 3840 4041 3841
f 3841 4041 4042
f 3841 4042 3842
f 3842 4042 4043
f 3842 4043 3843
f 3843 4043 4044
f 3843 4044 3844
f 3844 4044 4045
f 3844 4045 3845
f 3845 4045 4046
f 3845 4046 3846
f 3846 4046 4047
f 3846 4047 3847
f 3847 4047 4048
f 3847 4048 3848
f 3848 4048 4049
f 3848 4049 3849
f 3849 4049 4050
f 3849 4050 3850
f 3850 4050 4051
f 3850 4051 3851
f 3851 4051 3852
f 4051 4052 3852
f 3852 4052 3853
f 4052 4053 3853
f 3853 4053 3854
f 4053 4054 3854
f 3854 4054 3855
f 4054 4055 3855
f 3855 4055 3856
f 4055 4056 3856
f 3856 4056 3857
f 4056 4057 3857
f 3857 4057 3858
f 4057 4058 3858
f 3858 4058 3859
f 4058 4059 3859
f 3859 4059 3860
f 4059 4060 3860
f 3860 4060 3861
f 4060 4061 3861
f 3861 4061 3862
f 4061 4062 3862
f 3862 4062 3863
f 4062 4063 3863
f 3863 4063 3864
f 4063 4064 3864
f 3864 4064 3865
f 4064 4065 3865
f 3865 4065 3866
f 4065 4066 3866
f 3866 4066 3867
f 4066 4067 3867
f 3867 4067 3868
f 4067 4068 3868
f 3868 4068 3869
f 4068 4069 3869
f 3869 4069 3870
f 4069 4070 3870
f 3870 4070 3871
f 4070 4071 3871
f 3871 4071 3872
f 4071 4072 3872
f 3872 4072 3873
f 4072 4073 3873
f 3873 4073 3874
f 4073 4074 3874
f 3874 4074 3875
f 4074 4075 3875
f 3875 4075 3876
f 4075 4076 3876
f 3876 4076 3877
f 4076 4077 3877
f 3877 4077 3878
f 4077 4078 3878
f 3878 4078 3879
f 4078 4079 3879
f 3879 4079 3880
f 4079 4080 3880
f 3880 4080 3881
f 4080 4081 3881
f 3881 4081 3882
f 4081 4082 3882
f 3882 4082 3883
f 4082 4083 3883
f 3883 4083 3884
f 4083 4084 3884
f 3884 4084 3885
f 4084 4085 3885
f 3885 4085 3886
f 4085 4086 3886
f 3886 4086 3887
f 4086 4087 3887
f 3887 4087 3888
f 4087 4088 3888
f 3888 4088 3889
f 4088 4089 3889
f 3889 4089 3890
f 4089 4090 3890
f 3890 4090 3891
f 4090 4091 3891
f 3891 4091 3892
f 4091 4092 3892
f 3892 4092 3893
f 4092 4093 3893
f 3893 4093 3894
f 4093 4094 3894
f 3894 4094 3895
f 4094 4095 3895
f 3895 4095 3896
f 4095 4096 3896
f 3896 4096 3897
f 4096 4097 3897
f 3897 4097 3898
f 4097 4098 3898
f 3898 4098 3899
f 4098 4099 3899
f 3899 4099 3900
f 4099 4100 3900
f 3900 4100 3901
f 4100 4101 3901
f 3901 4101 4102
f 3901 4102 3902
f 3902 4102 4103
f 3902 4103 3903
f 3903 4103 4104
f 3903 4104 3904
f 3904 4104 4105
f 3904 4105 3905
f 3905 4105 4106
f 3905 4106 3906
f 3906 4106 4107
f 3906 4107 3907
f 3907 4107 4108
f 3907 4108 3908
f 3908 4108 4109
f 3908 4109 3909
f 3909 4109 4110
f 3909 4110 3910
f 3910 4110 4111
f 3910 4111 3911
f 3911 4111 4112
f 3911 4112 3912
f 3912 4112 4113
f 3912 4113 3913
f 3913 4113 4114
f 3913 4114 3914
f 3914 4114 4115
f 3914 4115 3915
f 3915 4115 4116
f 3915 4116 3916
f 3916 4116 4117
f 3916 4117 3917
f 3917 4117 4118
f 3917 4118 3918
f 3918 4118 4119
f 3918 4119 3919
f 3919 4119 4120
f 3919 4120 3920
f 3920 4120 4121
f 3920 4121 3921
f 3921 4121 4122
f 3921 4122 3922
f 3922 4122 4123
f 3922 4123 3923
f 3923 4123 4124
f 3923 4124 3924
f 3924 4124 4125
f 3924 4125 3925
f 3925 4125 4126
f 3925 4126 3926
f 3926 4126 4127
f 3926 4127 3927
f 3927 4127 4128
f 3927 4128 3928
f 3928 4128 4129
f 3928 4129 3929
f 3929 4129 4130
f 3929 4130 3930
f 3930 4130 4131
f 3930 4131 3931
f 3931 4131 4132
f 3931 4132 3932
f 3932 4132 4133
f 3932 4133 3933
f 3933 4133 4134
f 3933 4134 3934
f 3934 4134 4135
f 3934 4135 3935
f 3935 4135 4136
f 3935 4136 3936
f 3936 4136 4137
f 3936 4137 3937
f 3937 4137 4138
f 3937 4138 3938
f 3938 4138 4139
f 3938 4139 3939
f 3939 4139 4140
f 3939 4140 3940
f 3940 4140 4141
f 3940 4141 3941
f 3941 4141 4142
f 3941 4142 3942
f 3942 4142 4143
f 3942 4143 3943
f 3943 4143 4144
f 3943 4144 3944
f 3944 4144 4145
f 3944 4145 3945
f 3945 4145 4146
f 3945 4146 3946
f 3946 4146 4147
f 3946 4147 3947
f 3947 4147 4148
f 3947 4148 3948
f 3948 4148 4149
f 3948 4149 3949
f 3949 4149 4150
f 3949 4150 3950
f 3950 4150 4151
f 3950 4151 3951
f 3951 4151 3952
f 4151 4152 3952
f 3952 4152 3953
f 4152 4153 3953
f 3953 4153 3954
f 4153 4154 3954
f 3954 4154 3955
f 4154 4155 3955
f 3955 4155 3956
f 4155 4156 3956
f 3956 4156 3957
f 4156 4157 3957
f 3957 4157 3958
f 4157 4158 3958
f 3958 4158 3959
f 4158 4159 3959
f 3959 4159 3960
f 4159 4160 3960
f 3960 4160 3961
f 4160 4161 3961
f 3961 4161 3962
f 4161 4162 3962
f 3962 4162 3963
f 4162 4163 3963
f 3963 4163 3964
f 4163 4164 3964
f 3964 4164 3965
f 4164 4165 3965
f 3965 4165 3966
f 4165 4166 3966
f 3966 4166 3967
f 4166 4167 3967
f 3967 4167 3968
f 4167 4168 3968
f 3968 4168 3969
f 4168 4169 3969
f 3969 4169 3970
f 4169 4170 3970
f 3970 4170 3971
f 4170 4171 3971
f 3971 4171 3972
f 4171 4172 3972
f 3972 4172 3973
f 4172 4173 3973
f 3973 4173 3974
f 4173 4174 3974
f 3974 4174 3975
f 4174 4175 3975
f 3975 4175 3976
f 4175 4176 3976
f 3976 4176 3977
f 4176 4177 3977
f 3977 4177 3978
f 4177 4178 3978
f 3978 4178 3979
f 4178 4179 3979
f 3979 4179 3980
f 4179 4180 3980
f 3980 4180 3981
f 4180 4181 3981
f 3981 4181 3982
f 4181 4182 3982
f 3982 4182 3983
f 4182 4183 3983
f 3983 4183 3984
f 4183 4184 3984
f 3984 4184 3985
f 4184 4185 3985
f 3985 4185 3986
f 4185 4186 3986
f 3986 4186 3987
f 4186 4187 3987
f 3987 4187 3988
f 4187 4188 3988
f 3988 4188 3989
f 4188 4189 3989
f 3989 4189 3990
f 4189 4190 3990
f 3990 4190 3991
f 4190 4191 3991
f 3991 4191 3992
f 4191 4192 3992
f 3992 4192 3993
f 4192 4193 3993
f 3993 4193 3994
f 4193 4194 3994
f 3994 4194 3995
f 4194 4195 3995
f 3995 4195 3996
f 4195 4196 3996
f 3996 4196 3997
f 4196 4197 3997
f 3997 4197 3998
f 4197 4198 3998
f 3998 4198 3999
f 4198 4199 3999
f 3999 4199 4000
f 4199 4200 4000
f 4000 4200 3801
f 4200 4001 3801
f 4001 4201 4202
f 4001 4202 4002
f 4002 4202 4203
f 4002 4203 4003
f 4003 4203 4204
f 4003 4204 4004
f 4004 4204 4205
f 4004 4205 4005
f 4005 4205 4206
f 4005 4206 4006
f 4006 4206 4207
f 4006 4207 4007
f 4007 4207 4208
f 4007 4208 4008
f 4008 4208 4209
f 4008 4209 4009
f 4009 4209 4210
f 4009 4210 4010
f 4010 4210 4211
f 4010 4211 4011
f 4011 4211 4212
f 4011 4212 4012
f 4012 4212 4213
f 4012 4213 4013
f 4013 4213 4214
f 4013 4214 4014
f 4014 4214 4215
f 4014 4215 4015
f 4015 4215 4216
f 4015 4216 4016
f 4016 4216 4217
f 4016 4217 4017
f 4017 4217 4218
f 4017 4218 4018
f 4018 4218 4219
f 4018 4219 4019
f 4019 4219 4220
f 4019 4220 4020
f 4020 4220 4221
f 4020 4221 4021
f 4021 4221 4222
f 4021 4222 4022
f 4022 4222 4223
f 4022 4223 4023
f 4023 4223 4224
f 4023 4224 4024
f 4024 4224 4225
f 4024 4225 4025
f 4025 4225 4226
f 4025 4226 4026
f 4026 4226 4227
f 4026 4227 4027
f 4027 4227 4228
f 4027 4228 4028
f 4028 4228 4229
f 4028 4229 4029
f 4029 4229 4230
f 4029 4230 4030
f 4030 4230 4231
f 4030 4231 4031
f 4031 4231 4232
f 4031 4232 4032
f 4032 4232 4233
f 4032 4233 4033
f 4033 4233 4234
f 4033 4234 4034
f 4034 4234 4235
f 4034 4235 4035
f 4035 4235 4236
f 4035 4236 4036
f 4036 4236 4237
f 4036 4237 4037
f 4037 4237 4238
f 4037 4238 4038
f 4038 4238 4239
f 4038 4239 4039
f 4039 4239 4240
f 4039 4240 4040
f 4040 4240 4241
f 4040 4241 4041
f 4041 4241 4242
f 4041 4242 4042
f 4042 4242 4243
f 4042 4243 4043
f 4043 4243 4244
f 4043 4244 4044
f 4044 4244 4245
f 4044 4245 4045
f 4045 4245 4246
f 4045 4246 4046
f 4046 4246 4247
f 4046 4247 4047
f 4047 4247 4248
f 4047 4248 4048
f 4048 4248 4249
f 4048 4249 4049
f 4049 4249 4250
f 4049 4250 4050
f 4050 4250 4251
f 4050 4251 4051
f 4051 4251 4052
f 4251 4252 4052
f 4052 4252 4053
f 4252 4253 4053
f 4053 4253 4054
f 4253 4254 4054
f 4054 4254 4055
f 4254 4255 4055
f 4055 4255 4056
f 4255 4256 4056
f 4056 4256 4057
f 4256 4257 4057
f 4057 4257 4058
f 4257 4258 4058
f 4058 4258 4059
f 4258 4259 4059
f 4059 4259 4060
f 4259 4260 4060
f 4060 4260 4061
f 4260 4261 4061
f 4061 4261 4062
f 4261 4262 4062
f 4062 4262 4063
f 4262 4263 4063
f 4063 4263 4064
f 4263 4264 4064
f 4064 4264 4065
f 4264 4265 4065
f 4065 4265 4066
f 4265 4266 4066
f 4066 4266 4067
f 4266 4267 4067
f 4067 4267 4068
f 4267 4268 4068
f 4068 4268 4069
f 4268 4269 4069
f 4069 4269 4070
f 4269 4270 4070
f 4070 4270 4071
f 4270 4271 4071
f 4071 4271 4072
f 4271 4272 4072
f 4072 4272 4073
f 4272 4273 4073
f 4073 4273 4074
f 4273 4274 4074
f 4074 4274 4075
f 4274 4275 4075
f 4075 4275 4076
f 4275 4276 4076
f 4076 4276 4077
f 4276 4277 4077
f 4077 4277 4078
f 4277 4278 4078
f 4078 4278 4079
f 4278 4279 4079
f 4079 4279 4080
f 4279 4280 4080
f 4080 4280 4081
f 4280 4281 4081
f 4081 4281 4082
f 4281 4282 4082
f 4082 4282 4083
f 4282 4283 4083
f 4083 4283 4084
f 4283 4284 4084
f 4084 4284 4085
f 4284 4285 4085
f 4085 4285 4086
f 4285 4286 4086
f 4086 4286 4087
f 4286 4287 4087
f 4087 4287 4088
f 4287 4288 4088
f 4088 4288 4089
f 4288 4289 4089
f 4089 4289 4090
f 4289 4290 4090
f 4090 4290 4091
f 4290 4291 4091
f 4091 4291 4092
f 4291 4292 4092
f 4092 4292 4093
f 4292 4293 4093
f 4093 4293 4094
f 4293 4294 4094
f 4094 4294 4095
f 4294 4295 4095
f 4095 4295 4096
f 4295 4296 4096
f 4096 4296 4097
f 4296 4297 4097
f 4097 4297 4098
f 4297 4298 4098
f 4098 4298 4099
f 4298 4299 4099
f 4099 4299 4100
f 4299 4300 4100
f 4100 4300 4101
f 4300 4301 4101
f 4101 4301 4302
f 4101 4302 4102
f 4102 4302 4303
f 4102 4303 4103
f 4103 4303 4304
f 4103 4304 4104
f 4104 4304 4305
f 4104 4305 4105
f 4105 4305 4306
f 4105 4306 4106
f 4106 4306 4307
f 4106 4307 4107
f 4107 4307 4308
f 4107 4308 4108
f 4108 4308 4309
f 4108 4309 4109
f 4109 4309 4310
f 4109 4310 4110
f 4110 4310 4311
f 4110 4311 4111
f 4111 4311 4312
f 4111 4312 4112
f 4112 4312 4313
f 4112 4313 4113
f 4113 4313 4314
f 4113 4314 4114
f 4114 4314 4315
f 4114 4315 4115
f 4115 4315 4316
f 4115 4316 4116
f 4116 4316 4317
f 4116 4317 4117
f 4117 4317 4318
f 4117 4318 4118
f 4118 4318 4319
f 4118 4319 4119
f 4119 4319 4320
f 4119 4320 4120
f 4120 4320 4321
f 4120 4321 4121
f 4121 4321 4322
f 4121 4322 4122
f 4122 4322 4323
f 4122 4323 4123
f 4123 4323 4324
f 4123 4324 4124
f 4124 4324 4325
f 4124 4325 4125
f 4125 4325 4326
f 4125 4326 4126
f 4126 4326 4327
f 4126 4327 4127
f 4127 4327 4328
f 4127 4328 4128
f 4128 4328 4329
f 4128 4329 4129
f 4129 4329 4330
f 4129 4330 4130
f 4130 4330 4331
f 4130 4331 4131
f 4131 4331 4332
f 4131 4332 4132
f 4132 4332 4333
f 4132 4333 4133
f 4133 4333 4334
f 4133 4334 4134
f 4134 4334 4335
f 4134 4335 4135
f 4135 4335 4336
f 4135 4336 4136
f 4136 4336 4337
f 4136 4337 4137
f 4137 4337 4338
f 4137 4338 4138
f 4138 4338 4339
f 4138 4339 4139
f 4139 4339 4340
f 4139 4340 4140
f 4140 4340 4341
f 4140 4341 4141
f 4141 4341 4342
f 4141 4342 4142
f 4142 4342 4343
f 4142 4343 4143
f 4143 4343 4344
f 4143 4344 4144
f 4144 4344 4345
f 4144 4345 4145
f 4145 4345 4346
f 4145 4346 4146
f 4146 4346 4347
f 4146 4347 4147
f 4147 4347 4348
f 4147 4348 4148
f 4148 4348 4349
f 4148 4349 4149
f 4149 4349 4350
f 4149 4350 4150
f 4150 4350 4351
f 4150 4351 4151
f 4151 4351 4152
f 4351 4352 4152
f 4152 4352 4153
f 4352 4353 4153
f 4153 4353 4154
f 4353 4354 4154
f 4154 4354 4155
f 4354 4355 4155
f 4155 4355 4156
f 4355 4356 4156
f 4156 4356 4157
f 4356 4357 4157
f 4157 4357 4158
f 4357 4358 4158
f 4158 4358 4159
f 4358 4359 4159
f 4159 4359 4160
f 4359 4360 4160
f 4160 4360 4161
f 4360 4361 4161
f 4161 4361 4162
f 4361 4362 4162
f 4162 4362 4163
f 4362 4363 4163
f 4163 4363 4164
f 4363 4364 4164
f 4164 4364 4165
f 4364 4365 4165
f 4165 4365 4166
f 4365 4366 4166
f 4166 4366 4167
f 4366 4367 4167
f 4167 4367 4168
f 4367 4368 4168
f 4168 4368 4169
f 4368 4369 4169
f 4169 4369 4170
f 4369 4370 4170
f 4170 4370 4171
f 4370 4371 4171
f 4171 4371 4172
f 4371 4372 4172
f 4172 4372 4173
f 4372 4373 4173
f 4173 4373 4174
f 4373 4374 4174
f 4174 4374 4175
f 4374 4375 4175
f 4175 4375 4176
f 4375 4376 4176
f 4176 4376 4177
f 4376 4377 4177
f 4177 4377 4178
f 4377 4378 4178
f 4178 4378 4179
f 4378 4379 4179
f 4179 4379 4180
f 4379 4380 4180
f 4180 4380 4181
f 4380 4381 4181
f 4181 4381 4182
f 4381 4382 4182
f 4182 4382 4183
f 4382 4383 4183
f 4183 4383 4184
f 4383 4384 4184
f 4184 4384 4185
f 4384 4385 4185
f 4185 4385 4186
f 4385 4386 4186
f 4186 4386 4187
f 4386 4387 4187
f 4187 4387 4188
f 4387 4388 4188
f 4188 4388 4189
f 4388 4389 4189
f 4189 4389 4190
f 4389 4390 4190
f 4190 4390 4191
f 4390 4391 4191
f 4191 4391 4192
f 4391 4392 4192
f 4192 4392 4193
f 4392 4393 4193
f 4193 4393 4194
f 4393 4394 4194
f 4194 4394 4195
f 4394 4395 4195
f 4195 4395 4196
f 4395 4396 4196
f 4196 4396 4197
f 4396 4397 4197
f 4197 4397 4198
f 4397 4398 4198
f 4198 4398 4199
f 4398 4399 4199
f 4199 4399 4200
f 4399 4400 4200
f 4200 4400 4001
f 4400 4201 4001
f 4201 4401 4402
f 4201 4402 4202
f 4202 4402 4403
f 4202 4403 4203
f 4203 4403 4404
f 4203 4404 4204
f 4204 4404 4405
f 4204 4405 4205
f 4205 4405 4406
f 4205 4406 4206
f 4206 4406 4407
f 4206 4407 4207
f 4207 4407 4408
f 4207 4408 4208
f 4208 4408 4409
f 4208 4409 4209
f 4209 4409 4410
f 4209 4410 4210
f 4210 4410 4411
f 4210 4411 4211
f 4211 4411 4412
f 4211 4412 4212
f 4212 4412 4413
f 4212 4413 4213
f 4213 4413 4414
f 4213 4414 4214
f 4214 4414 4415
f 4214 4415 4215
f 4215 4415 4416
f 4215 4416 4216
f 4216 4416 4417
f 4216 4417 4217
f 4217 4417 4418
f 4217 4418 4218
f 4218 4418 4419
f 4218 4419 4219
f 4219 4419 4420
f 4219 4420 4220
f 4220 4420 4421
f 4220 4421 4221
f 4221 4421 4422
f 4221 4422 4222
f 4222 4422 4423
f 4222 4423 4223
f 4223 4423 4424
f 4223 4424 4224
f 4224 4424 4425
f 4224 4425 4225
f 4225 4425 4426
f 4225 4426 4226
f 4226 4426 4427
f 4226 4427 4227
f 4227 4427 4428
f 4227 4428 4228
f 4228 4428 4429
f 4228 4429 4229
f 4229 4429 4430
f 4229 4430 4230
f 4230 4430 4431
f 4230 4431 4231
f 4231 4431 4432
f 4231 4432 4232
f 4232 4432 4433
f 4232 4433 4233
f 4233 4433 4434
f 4233 4434 4234
f 4234 4434 4435
f 4234 4435 4235
f 4235 4435 4436
f 4235 4436 4236
f 4236 4436 4437
f 4236 4437 4237
f 4237 4437 4438
f 4237 4438 4238
f 4238 4438 4439
f 4238 4439 4239
f 4239 4439 4440
f 4239 4440 4240
f 4240 4440 4441
f 4240 4441 4241
f 4241 4441 4442
f 4241 4442 4242
f 4242 4442 4443
f 4242 4443 4243
f 4243 4443 4444
f 4243 4444 4244
f 4244 4444 4445
f 4244 4445 4245
f 4245 4445 4446
f 4245 4446 4246
f 4246 4446 4447
f 4246 4447 4247
f 4247 4447 4448
f 4247 4448 4248
f 4248 4448 4449
f 4248 4449 4249
f 4249 4449 4450
f 4249 4450 4250
f 4250 4450 4451
f 4250 4451 4251
f 4251 4451 4252
f 4451 4452 4252
f 4252 4452 4253
f 4452 4453 4253
f 4253 4453 4254
f 4453 4454 4254
f 4254 4454 4255
f 4454 4455 4255
f 4255 4455 4256
f 4455 4456 4256
f 4256 4456 4257
f 4456 4457 4257
f 4257 4457 4258
f 4457 4458 4258
f 4258 4458 4259
f 4458 4459 4259
f 4259 4459 4260
f 4459 4460 4260
f 4260 4460 4261
f 4460 4461 4261
f 4261 4461 4262
f 4461 4462 4262
f 4262 4462 4263
f 4462 4463 4263
f 4263 4463 4264
f 4463 4464 4264
f 4264 4464 4265
f 4464 4465 4265
f 4265 4465 4266
f 4465 4466 4266
f 4266 4466 4267
f 4466 4467 4267
f 4267 4467 4268
f 4467 4468 4268
f 4268 4468 4269
f 4468 4469 4269
f 4269 4469 4270
f 4469 4470 4270
f 4270 4470 4271
f 4470 4471 4271
f 4271 4471 4272
f 4471 4472 4272
f 4272 4472 4273
f 4472 4473 4273
f 4273 4473 4274
f 4473 4474 4274
f 4274 4474 4275
f 4474 4475 4275
f 4275 4475 4276
f 4475 4476 4276
f 4276 4476 4277
f 4476 4477 4277
f 4277 4477 4278
f 4477 4478 4278
f 4278 4478 4279
f 4478 4479 4279
f 4279 4479 4280
f 4479 4480 4280
f 4280 4480 4281
f 4480 4481 4281
f 4281 4481 4282
f 4481 4482 4282
f 4282 4482 4283
f 4482 4483 4283
f 4283 4483 4284
f 4483 4484 4284
f 4284 4484 4285
f 4484 4485 4285
f 4285 4485 4286
f 4485 4486 4286
f 4286 4486 4287
f 4486 4487 4287
f 4287 4487 4288
f 4487 4488 4288
f 4288 4488 4289
f 4488 4489 4289
f 4289 4489 4290
f 4489 4490 4290
f 4290 4490 4291
f 4490 4491 4291
f 4291 4491 4292
f 4491 4492 4292
f 4292 4492 4293
f 4492 4493 4293
f 4293 4493 4294
f 4493 4494 4294
f 4294 4494 4295
f 4494 4495 4295
f 4295 4495 4296
f 4495 4496 4296
f 4296 4496 4297
f 4496 4497 4297
f 4297 4497 4298
f 4497 4498 4298
f 4298 4498 4299
f 4498 4499 4299
f 4299 4499 4300
f 4499 4500 4300
f 4300 4500 4301
f 4500 4501 4301
f 4301 4501 4502
f 4301 4502 4302
f 4302 4502 4503
f 4302 4503 4303
f 4303 4503 4504
f 4303 4504 4304
f 4304 4504 4505
f 4304 4505 4305
f 4305 4505 4506
f 4305 4506 4306
f 4306 4506 4507
f 4306 4507 4307
f 4307 4507 4508
f 4307 4508 4308
f 4308 4508 4509
f 4308 4509 4309
f 4309 4509 4510
f 4309 4510 4310
f 4310 4510 4511
f 4310 4511 4311
f 4311 4511 4512
f 4311 4512 4312
f 4312 4512 4513
f 4312 4513 4313
f 4313 4513 4514
f 4313 4514 4314
f 4314 4514 4515
f 4314 4515 4315
f 4315 4515 4516
f 4315 4516 4316
f 4316 4516 4517
f 4316 4517 4317
f 4317 4517 4518
f 4317 4518 4318
f 4318 4518 4519
f 4318 4519 4319
f 4319 4519 4520
f 4319 4520 4320
f 4320 4520 4521
f 4320 4521 4321
f 4321 4521 4522
f 4321 4522 4322
f 4322 4522 4523
f 4322 4523 4323
f 4323 4523 4524
f 4323 4524 4324
f 4324 4524 4525
f 4324 4525 4325
f 4325 4525 4526
f 4325 4526 4326
f 4326 4526 4527
f 4326 4527 4327
f 4327 4527 4528
f 4327 4528 4328
f 4328 4528 4529
f 4328 4529 4329
f 4329 4529 4530
f 4329 4530 4330
f 4330 4530 4531
f 4330 4531 4331
f 4331 4531 4532
f 4331 4532 4332
f 4332 4532 4533
f 4332 4533 4333
f 4333 4533 4534
f 4333 4534 4334
f 4334 4534 4535
f 4334 4535 4335
f 4335 4535 4536
f 4335 4536 4336
f 4336 4536 4537
f 4336 4537 4337
f 4337 4537 4538
f 4337 4538 4338
f 4338 4538 4539
f 4338 4539 4339
f 4339 4539 4540
f 4339 4540 4340
f 4340 4540 4541
f 4340 4541 4341
f 4341 4541 4542
f 4341 4542 4342
f 4342 4542 4543
f 4342 4543 4343
f 4343 4543 4544
f 4343 4544 4344
f 4344 4544 4545
f 4344 4545 4345
f 4345 4545 4546
f 4345 4546 4346
f 4346 4546 4547
f 4346 4547 4347
f 4347 4547 4548
f 4347 4548 4348
f 4348 4548 4549
f 4348 4549 4349
f 4349 4549 4550
f 4349 4550 4350
f 4350 4550 4551
f 4350 4551 4351
f 4351 4551 4352
f 4551 4552 4352
f 4352 4552 4353
f 4552 4553 4353
f 4353 4553 4354
f 4553 4554 4354
f 4354 4554 4355
f 4554 4555 4355
f 4355 4555 4356
f 4555 4556 4356
f 4356 4556 4357
f 4556 4557 4357
f 4357 4557 4358
f 4557 4558 4358
f 4358 4558 4359
f 4558 4559 4359
f 4359 4559 4360
f 4559 4560 4360
f 4360 4560 4361
f 4560 4561 4361
f 4361 4561 4362
f 4561 4562 4362
f 4362 4562 4363
f 4562 4563 4363
f 4363 4563 4364
f 4563 4564 4364
f 4364 4564 4365
f 4564 4565 4365
f 4365 4565 4366
f 4565 4566 4366
f 4366 4566 4367
f 4566 4567 4367
f 4367 4567 4368
f 4567 4568 4368
f 4368 4568 4369
f 4568 4569 4369
f 4369 4569 4370
f 4569 4570 4370
f 4370 4570 4371
f 4570 4571 4371
f 4371 4571 4372
f 4571 4572 4372
f 4372 4572 4373
f 4572 4573 4373
f 4373 4573 4374
f 4573 4574 4374
f 4374 4574 4375
f 4574 4575 4375
f 4375 4575 4376
f 4575 4576 4376
f 4376 4576 4377
f 4576 4577 4377
f 4377 4577 4378
f 4577 4578 4378
f 4378 4578 4379
f 4578 4579 4379
f 4379 4579 4380
f 4579 4580 4380
f 4380 4580 4381
f 4580 4581 4381
f 4381 4581 4382
f 4581 4582 4382
f 4382 4582 4383
f 4582 4583 4383
f 4383 4583 4384
f 4583 4584 4384
f 4384 4584 4385
f 4584 4585 4385
f 4385 4585 4386
f 4585 4586 4386
f 4386 4586 4387
f 4586 4587 4387
f 4387 4587 4388
f 4587 4588 4388
f 4388 4588 4389
f 4588 4589 4389
f 4389 4589 4390
f 4589 4590 4390
f 4390 4590 4391
f 4590 4591 4391
f 4391 4591 4392
f 4591 4592 4392
f 4392 4592 4393
f 4592 4593 4393
f 4393 4593 4394
f 4593 4594 4394
f 4394 4594 4395
f 4594 4595 4395
f 4395 4595 4396
f 4595 4596 4396
f 4396 4596 4397
f 4596 4597 4397
f 4397 4597 4398
f 4597 4598 4398
f 4398 4598 4399
f 4598 4599 4399
f 4399 4599 4400
f 4599 4600 4400
f 4400 4600 4201
f 4600 4401 4201
f 4401 4601 4602
f 4401 4602 4402
f 4402 4602 4603
f 4402 4603 4403
f 4403 4603 4604
f 4403 4604 4404
f 4404 4604 4605
f 4404 4605 4405
f 4405 4605 4606
f 4405 4606 4406
f 4406 4606 4607
f 4406 4607 4407
f 4407 4607 4608
f 4407 4608 4408
f 4408 4608 4609
f 4408 4609 4409
f 4409 4609 4610
f 4409 4610 4410
f 4410 4610 4611
f 4410 4611 4411
f 4411 4611 4612
f 4411 4612 4412
f 4412 4612 4613
f 4412 4613 4413
f 4413 4613 4614
f 4413 4614 4414
f 4414 4614 4615
f 4414 4615 4415
f 4415 4615 4616
f 4415 4616 4416
f 4416 4616 4617
f 4416 4617 4417
f 4417 4617 4618
f 4417 4618 4418
f 4418 4618 4619
f 4418 4619 4419
f 4419 4619 4620
f 4419 4620 4420
f 4420 4620 4621
f 4420 4621 4421
f 4421 4621 4622
f 4421 4622 4422
f 4422 4622 4623
f 4422 4623 4423
f 4423 4623 4624
f 4423 4624 4424
f 4424 4624 4625
f 4424 4625 4425
f 4425 4625 4626
f 4425 4626 4426
f 4426 4626 4627
f 4426 4627 4427
f 4427 4627 4628
f 4427 4628 4428
f 4428 4628 4629
f 4428 4629 4429
f 4429 4629 4630
f 4429 4630 4430
f 4430 4630 4631
f 4430 4631 4431
f 4431 4631 4632
f 4431 4632 4432
f 4432 4632 4633
f 4432 4633 4433
f 4433 4633 4634
f 4433 4634 4434
f 4434 4634 4635
f 4434 4635 4435
f 4435 4635 4636
f 4435 4636 4436
f 4436 4636 4637
f 4436 4637 4437
f 4437 4637 4638
f 4437 4638 4438
f 4438 4638 4639
f 4438 4639 4439
f 4439 4639 4640
f 4439 4640 4440
f 4440 4640 4641
f 4440 4641 4441
f 4441 4641 4642
f 4441 4642 4442
f 4442 4642 4643
f 4442 4643 4443
f 4443 4643 4644
f 4443 4644 4444
f 4444 4644 4645
f 4444 4645 4445
f 4445 4645 4646
f 4445 4646 4446
f 4446 4646 4647
f 4446 4647 4447
f 4447 4647 4648
f 4447 4648 4448
f 4448 4648 4649
f 4448 4649 4449
f 4449 4649 4650
f 4449 4650 4450
f 4450 4650 4651
f 4450 4651 4451
f 4451 4651 4452
f 4651 4652 4452
f 4452 4652 4453
f 4652 4653 4453
f 4453 4653 4454
f 4653 4654 4454
f 4454 4654 4455
f 4654 4655 4455
f 4455 4655 4456
f 4655 4656 4456
f 4456 4656 4457
f 4656 4657 4457
f 4457 4657 4458
f 4657 4658 4458
f 4458 4658 4459
f 4658 4659 4459
f 4459 4659 4460
f 4659 4660 4460
f 4460 4660 4461
f 4660 4661 4461
f 4461 4661 4462
f 4661 4662 4462
f 4462 4662 4463
f 4662 4663 4463
f 4463 4663 4464
f 4663 4664 4464
f 4464 4664 4465
f 4664 4665 4465
f 4465 4665 4466
f 4665 4666 4466
f 4466 4666 4467
f 4666 4667 4467
f 4467 4667 4468
f 4667 4668 4468
f 4468 4668 4469
f 4668 4669 4469
f 4469 4669 4470
f 4669 4670 4470
f 4470 4670 4471
f 4670 4671 4471
f 4471 4671 4472
f 4671 4672 4472
f 4472 4672 4473
f 4672 4673 4473
f 4473 4673 4474
f 4673 4674 4474
f 4474 4674 4475
f 4674 4675 4475
f 4475 4675 4476
f 4675 4676 4476
f 4476 4676 4477
f 4676 4677 4477
f 4477 4677 4478
f 4677 4678 4478
f 4478 4678 4479
f 4678 4679 4479
f 4479 4679 4480
f 4679 4680 4480
f 4480 4680 4481
f 4680 4681 4481
f 4481 4681 4482
f 4681 4682 4482
f 4482 4682 4483
f 4682 4683 4483
f 4483 4683 4484
f 4683 4684 4484
f 4484 4684 4485
f 4684 4685 4485
f 4485 4685 4486
f 4685 4686 4486
f 4486 4686 4487
f 4686 4687 4487
f 4487 4687 4488
f 4687 4688 4488
f 4488 4688 4489
f 4688 4689 4489
f 4489 4689 4490
f 4689 4690 4490
f 4490 4690 4491
f 4690 4691 4491
f 4491 4691 4492
f 4691 4692 4492
f 4492 4692 4493
f 4692 4693 4493
f 4493 4693 4494
f 4693 4694 4494
f 4494 4694 4495
f 4694 4695 4495
f 4495 4695 4496
f 4695 4696 4496
f 4496 4696 4497
f 4696 4697 4497
f 4497 4697 4498
f 4697 4698 4498
f 4498 4698 4499
f 4698 4699 4499
f 4499 4699 4500
f 4699 4700 4500
f 4500 4700 4501
f 4700 4701 4501
f 4501 4701 4702
f 4501 4702 4502
f 4502 4702 4703
f 4502 4703 4503
f 4503 4703 4704
f 4503 4704 4504
f 4504 4704 4705
f 4504 4705 4505
f 4505 4705 4706
f 4505 4706 4506
f 4506 4706 4707
f 4506 4707 4507
f 4507 4707 4708
f 4507 4708 4508
f 4508 4708 4709
f 4508 4709 4509
f 4509 4709 4710
f 4509 4710 4510
f 4510 4710 4711
f 4510 4711 4511
f 4511 4711 4712
f 4511 4712 4512
f 4512 4712 4713
f 4512 4713 4513
f 4513 4713 4714
f 4513 4714 4514
f 4514 4714 4715
f 4514 4715 4515
f 4515 4715 4716
f 4515 4716 4516
f 4516 4716 4717
f 4516 4717 4517
f 4517 4717 4718
f 4517 4718 4518
f 4518 4718 4719
f 4518 4719 4519
f 4519 4719 4720
f 4519 4720 4520
f 4520 4720 4721
f 4520 4721 4521
f 4521 4721 4722
f 4521 4722 4522
f 4522 4722 4723
f 4522 4723 4523
f 4523 4723 4724
f 4523 4724 4524
f 4524 4724 4725
f 4524 4725 4525
f 4525 4725 4726
f 4525 4726 4526
f 4526 4726 4727
f 4526 4727 4527
f 4527 4727 4728
f 4527 4728 4528
f 4528 4728 4729
f 4528 4729 4529
f 4529 4729 4730
f 4529 4730 4530
f 4530 4730 4731
f 4530 4731 4531
f 4531 4731 4732
f 4531 4732 4532
f 4532 4732 4733
f 4532 4733 4533
f 4533 4733 4734
f 4533 4734 4534
f 4534 4734 4735
f 4534 4735 4535
f 4535 4735 4736
f 4535 4736 4536
f 4536 4736 4737
f 4536 4737 4537
f 4537 4737 4738
f 4537 4738 4538
f 4538 4738 4739
f 4538 4739 4539
f 4539 4739 4740
f 4539 4740 4540
f 4540 4740 4741
f 4540 4741 4541
f 4541 4741 4742
f 4541 4742 4542
f 4542 4742 4743
f 4542 4743 4543
f 4543 4743 4744
f 4543 4744 4544
f 4544 4744 4745
f 4544 4745 4545
f 4545 4745 4746
f 4545 4746 4546
f 4546 4746 4747
f 4546 4747 4547
f 4547 4747 4748
f 4547 4748 4548
f 4548 4748 4749
f 4548 4749 4549
f 4549 4749 4750
f 4549 4750 4550
f 4550 4750 4751
f 4550 4751 4551
f 4551 4751 4552
f 4751 4752 4552
f 4552 4752 4553
f 4752 4753 4553
f 4553 4753 4554
f 4753 4754 4554
f 4554 4754 4555
f 4754 4755 4555
f 4555 4755 4556
f 4755 4756 4556
f 4556 4756 4557
f 4756 4757 4557
f 4557 4757 4558
f 4757 4758 4558
f 4558 4758 4559
f 4758 4759 4559
f 4559 4759 4560
f 4759 4760 4560
f 4560 4760 4561
f 4760 4761 4561
f 4561 4761 4562
f 4761 4762 4562
f 4562 4762 4563
f 4762 4763 4563
f 4563 4763 4564
f 4763 4764 4564
f 4564 4764 4565
f 4764 4765 4565
f 4565 4765 4566
f 4765 4766 4566
f 4566 4766 4567
f 4766 4767 4567
f 4567 4767 4568
f 4767 4768 4568
f 4568 4768 4569
f 4768 4769 4569
f 4569 4769 4570
f 4769 4770 4570
f 4570 4770 4571
f 4770 4771 4571
f 4571 4771 4572
f 4771 4772 4572
f 4572 4772 4573
f 4772 4773 4573
f 4573 4773 4574
f 4773 4774 4574
f 4574 4774 4575
f 4774 4775 4575
f 4575 4775 4576
f 4775 4776 4576
f 4576 4776 4577
f 4776 4777 4577
f 4577 4777 4578
f 4777 4778 4578
f 4578 4778 4579
f 4778 4779 4579
f 4579 4779 4580
f 4779 4780 4580
f 4580 4780 4581
f 4780 4781 4581
f 4581 4781 4582
f 4781 4782 4582
f 4582 4782 4583
f 4782 4783 4583
f 4583 4783 4584
f 4783 4784 4584
f 4584 4784 4585
f 4784 4785 4585
f 4585 4785 4586
f 4785 4786 4586
f 4586 4786 4587
f 4786 4787 4587
f 4587 4787 4588
f 4787 4788 4588
f 4588 4788 4589
f 4788 4789 4589
f 4589 4789 4590
f 4789 4790 4590
f 4590 4790 4591
f 4790 4791 4591
f 4591 4791 4592
f 4791 4792 4592
f 4592 4792 4593
f 4792 4793 4593
f 4593 4793 4594
f 4793 4794 4594
f 4594 4794 4595
f 4794 4795 4595
f 4595 4795 4596
f 4795 4796 4596
f 4596 4796 4597
f 4796 4797 4597
f 4597 4797 4598
f 4797 4798 4598
f 4598 4798 4599
f 4798 4799 4599
f 4599 4799 4600
f 4799 4800 4600
f 4600 4800 4401
f 4800 4601 4401
f 4601 4801 4802
f 4601 4802 4602
f 4602 4802 4803
f 4602 4803 4603
f 4603 4803 4804
f 4603 4804 4604
f 4604 4804 4805
f 4604 4805 4605
f 4605 4805 4806
f 4605 4806 4606
f 4606 4806 4807
f 4606 4807 4607
f 4607 4807 4808
f 4607 4808 4608
f 4608 4808 4809
f 4608 4809 4609
f 4609 4809 4810
f 4609 4810 4610
f 4610 4810 4811
f 4610 4811 4611
f 4611 4811 4812
f 4611 4812 4612
f 4612 4812 4813
f 4612 4813 4613
f 4613 4813 4814
f 4613 4814 4614
f 4614 4814 4815
f 4614 4815 4615
f 4615 4815 4816
f 4615 4816 4616
f 4616 4816 4817
f 4616 4817 4617
f 4617 4817 4818
f 4617 4818 4618
f 4618 4818 4819
f 4618 4819 4619
f 4619 4819 4820
f 4619 4820 4620
f 4620 4820 4821
f 4620 4821 4621
f 4621 4821 4822
f 4621 4822 4622
f 4622 4822 4823
f 4622 4823 4623
f 4623 4823 4824
f 4623 4824 4624
f 4624 4824 4825
f 4624 4825 4625
f 4625 4825 4826
f 4625 4826 4626
f 4626 4826 4827
f 4626 4827 4627
f 4627 4827 4828
f 4627 4828 4628
f 4628 4828 4829
f 4628 4829 4629
f 4629 4829 4830
f 4629 4830 4630
f 4630 4830 4831
f 4630 4831 4631
f 4631 4831 4832
f 4631 4832 4632
f 4632 4832 4833
f 4632 4833 4633
f 4633 4833 4834
f 4633 4834 4634
f 4634 4834 4835
f 4634 4835 4635
f 4635 4835 4836
f 4635 4836 4636
f 4636 4836 4837
f 4636 4837 4637
f 4637 4837 4838
f 4637 4838 4638
f 4638 4838 4839
f 4638 4839 4639
f 4639 4839 4840
f 4639 4840 4640
f 4640 4840 4841
f 4640 4841 4641
f 4641 4841 4842
f 4641 4842 4642
f 4642 4842 4843
f 4642 4843 4643
f 4643 4843 4844
f 4643 4844 4644
f 4644 4844 4845
f 4644 4845 4645
f 4645 4845 4846
f 4645 4846 4646
f 4646 4846 4847
f 4646 4847 4647
f 4647 4847 4848
f 4647 4848 4648
f 4648 4848 4849
f 4648 4849 4649
f 4649 4849 4850
f 4649 4850 4650
f 4650 4850 4851
f 4650 4851 4651
f 4651 4851 4652
f 4851 4852 4652
f 4652 4852 4653
f 4852 4853 4653
f 4653 4853 4654
f 4853 4854 4654
f 4654 4854 4655
f 4854 4855 4655
f 4655 4855 4656
f 4855 4856 4656
f 4656 4856 4657
f 4856 4857 4657
f 4657 4857 4658
f 4857 4858 4658
f 4658 4858 4659
f 4858 4859 4659
f 4659 4859 4660
f 4859 4860 4660
f 4660 4860 4661
f 4860 4861 4661
f 4661 4861 4662
f 4861 4862 4662
f 4662 4862 4663
f 4862 4863 4663
f 4663 4863 4664
f 4863 4864 4664
f 4664 4864 4665
f 4864 4865 4665
f 4665 4865 4666
f 4865 4866 4666
f 4666 4866 4667
f 4866 4867 4667
f 4667 4867 4668
f 4867 4868 4668
f 4668 4868 4669
f 4868 4869 4669
f 4669 4869 4670
f 4869 4870 4670
f 4670 4870 4671
f 4870 4871 4671
f 4671 4871 4672
f 4871 4872 4672
f 4672 4872 4673
f 4872 4873 4673
f 4673 4873 4674
f 4873 4874 4674
f 4674 4874 4675
f 4874 4875 4675
f 4675 4875 4676
f 4875 4876 4676
f 4676 4876 4677
f 4876 4877 4677
f 4677 4877 4678
f 4877 4878 4678
f 4678 4878 4679
f 4878 4879 4679
f 4679 4879 4680
f 4879 4880 4680
f 4680 4880 4681
f 4880 4881 4681
f 4681 4881 4682
f 4881 4882 4682
f 4682 4882 4683
f 4882 4883 4683
f 4683 4883 4684
f 4883 4884 4684
f 4684 4884 4685
f 4884 4885 4685
f 4685 4885 4686
f 4885 4886 4686
f 4686 4886 4687
f 4886 4887 4687
f 4687 4887 4688
f 4887 4888 4688
f 4688 4888 4689
f 4888 4889 4689
f 4689 4889 4690
f 4889 4890 4690
f 4690 4890 4691
f 4890 4891 4691
f 4691 4891 4692
f 4891 4892 4692
f 4692 4892 4693
f 4892 4893 4693
f 4693 4893 4694
f 4893 4894 4694
f 4694 4894 4695
f 4894 4895 4695
f 4695 4895 4696
f 4895 4896 4696
f 4696 4896 4697
f 4896 4897 4697
f 4697 4897 4698
f 4897 4898 4698
f 4698 4898 4699
f 4898 4899 4699
f 4699 4899 4700
f 4899 4900 4700
f 4700 4900 4701
f 4900 4901 4701
f 4701 4901 4902
f 4701 4902 4702
f 4702 4902 4903
f 4702 4903 4703
f 4703 4903 4904
f 4703 4904 4704
f 4704 4904 4905
f 4704 4905 4705
f 4705 4905 4906
f 4705 4906 4706
f 4706 4906 4907
f 4706 4907 4707
f 4707 4907 4908
f 4707 4908 4708
f 4708 4908 4909
f 4708 4909 4709
f 4709 4909 4910
f 4709 4910 4710
f 4710 4910 4911
f 4710 4911 4711
f 4711 4911 4912
f 4711 4912 4712
f 4712 4912 4913
f 4712 4913 4713
f 4713 4913 4914
f 4713 4914 4714
f 4714 4914 4915
f 4714 4915 4715
f 4715 4915 4916
f 4715 4916 4716
f 4716 4916 4917
f 4716 4917 4717
f 4717 4917 4918
f 4717 4918 4718
f 4718 4918 4919
f 4718 4919 4719
f 4719 4919 4920
f 4719 4920 4720
f 4720 4920 4921
f 4720 4921 4721
f 4721 4921 4922
f 4721 4922 4722
f 4722 4922 4923
f 4722 4923 4723
f 4723 4923 4924
f 4723 4924 4724
f 4724 4924 4925
f 4724 4925 4725
f 4725 4925 4926
f 4725 4926 4726
f 4726 4926 4927
f 4726 4927 4727
f 4727 4927 4928
f 4727 4928 4728
f 4728 4928 4929
f 4728 4929 4729
f 4729 4929 4930
f 4729 4930 4730
f 4730 4930 4931
f 4730 4931 4731
f 4731 4931 4932
f 4731 4932 4732
f 4732 4932 4933
f 4732 4933 4733
f 4733 4933 4934
f 4733 4934 4734
f 4734 4934 4935
f 4734 4935 4735
f 4735 4935 4936
f 4735 4936 4736
f 4736 4936 4937
f 4736 4937 4737
f 4737 4937 4938
f 4737 4938 4738
f 4738 4938 4939
f 4738 4939 4739
f 4739 4939 4940
f 4739 4940 4740
f 4740 4940 4941
f 4740 4941 4741
f 4741 4941 4942
f 4741 4942 4742
f 4742 4942 4943
f 4742 4943 4743
f 4743 4943 4944
f 4743 4944 4744
f 4744 4944 4945
f 4744 4945 4745
f 4745 4945 4946
f 4745 4946 4746
f 4746 4946 4947
f 4746 4947 4747
f 4747 4947 4948
f 4747 4948 4748
f 4748 4948 4949
f 4748 4949 4749
f 4749 4949 4950
f 4749 4950 4750
f 4750 4950 4951
f 4750 4951 4751
f 4751 4951 4752
f 4951 4952 4752
f 4752 4952 4753
f 4952 4953 4753
f 4753 4953 4754
f 4953 4954 4754
f 4754 4954 4755
f 4954 4955 4755
f 4755 4955 4756
f 4955 4956 4756
f 4756 4956 4757
f 4956 4957 4757
f 4757 4957 4758
f 4957 4958 4758
f 4758 4958 4759
f 4958 4959 4759
f 4759 4959 4760
f 4959 4960 4760
f 4760 4960 4761
f 4960 4961 4761
f 4761 4961 4762
f 4961 4962 4762
f 4762 4962 4763
f 4962 4963 4763
f 4763 4963 4764
f 4963 4964 4764
f 4764 4964 4765
f 4964 4965 4765
f 4765 4965 4766
f 4965 4966 4766
f 4766 4966 4767
f 4966 4967 4767
f 4767 4967 4768
f 4967 4968 4768
f 4768 4968 4769
f 4968 4969 4769
f 4769 4969 4770
f 4969 4970 4770
f 4770 4970 4771
f 4970 4971 4771
f 4771 4971 4772
f 4971 4972 4772
f 4772 4972 4773
f 4972 4973 4773
f 4773 4973 4774
f 4973 4974 4774
f 4774 4974 4775
f 4974 4975 4775
f 4775 4975 4776
f 4975 4976 4776
f 4776 4976 4777
f 4976 4977 4777
f 4777 4977 4778
f 4977 4978 4778
f 4778 4978 4779
f 4978 4979 4779
f 4779 4979 4780
f 4979 4980 4780
f 4780 4980 4781
f 4980 4981 4781
f 4781 4981 4782
f 4981 4982 4782
f 4782 4982 4783
f 4982 4983 4783
f 4783 4983 4784
f 4983 4984 4784
f 4784 4984 4785
f 4984 4985 4785
f 4785 4985 4786
f 4985 4986 4786
f 4786 4986 4787
f 4986 4987 4787
f 4787 4987 4788
f 4987 4988 4788
f 4788 4988 4789
f 4988 4989 4789
f 4789 4989 4790
f 4989 4990 4790
f 4790 4990 4791
f 4990 4991 4791
f 4791 4991 4792
f 4991 4992 4792
f 4792 4992 4793
f 4992 4993 4793
f 4793 4993 4794
f 4993 4994 4794
f 4794 4994 4795
f 4994 4995 4795
f 4795 4995 4796
f 4995 4996 4796
f 4796 4996 4797
f 4996 4997 4797
f 4797 4997 4798
f 4997 4998 4798
f 4798 4998 4799
f 4998 4999 4799
f 4799 4999 4800
f 4999 5000 4800
f 4800 5000 4601
f 5000 4801 4601
f 4801 5001 5002
f 4801 5002 4802
f 4802 5002 5003
f 4802 5003 4803
f 4803 5003 5004
f 4803 5004 4804
f 4804 5004 5005
f 4804 5005 4805
f 4805 5005 5006
f 4805 5006 4806
f 4806 5006 5007
f 4806 5007 4807
f 4807 5007 5008
f 4807 5008 4808
f 4808 5008 5009
f 4808 5009 4809
f 4809 5009 5010
f 4809 5010 4810
f 4810 5010 5011
f 4810 5011 4811
f 4811 5011 5012
f 4811 5012 4812
f 4812 5012 5013
f 4812 5013 4813
f 4813 5013 5014
f 4813 5014 4814
f 4814 5014 5015
f 4814 5015 4815
f 4815 5015 5016
f 4815 5016 4816
f 4816 5016 5017
f 4816 5017 4817
f 4817 5017 5018
f 4817 5018 4818
f 4818 5018 5019
f 4818 5019 4819
f 4819 5019 5020
f 4819 5020 4820
f 4820 5020 5021
f 4820 5021 4821
f 4821 5021 5022
f 4821 5022 4822
f 4822 5022 5023
f 4822 5023 4823
f 4823 5023 5024
f 4823 5024 4824
f 4824 5024 5025
f 4824 5025 4825
f 4825 5025 5026
f 4825 5026 4826
f 4826 5026 5027
f 4826 5027 4827
f 4827 5027 5028
f 4827 5028 4828
f 4828 5028 5029
f 4828 5029 4829
f 4829 5029 5030
f 4829 5030 4830
f 4830 5030 5031
f 4830 5031 4831
f 4831 5031 5032
f 4831 5032 4832
f 4832 5032 5033
f 4832 5033 4833
f 4833 5033 5034
f 4833 5034 4834
f 4834 5034 5035
f 4834 5035 4835
f 4835 5035 5036
f 4835 5036 4836
f 4836 5036 5037
f 4836 5037 4837
f 4837 5037 5038
f 4837 5038 4838
f 4838 5038 5039
f 4838 5039 4839
f 4839 5039 5040
f 4839 5040 4840
f 4840 5040 5041
f 4840 5041 4841
f 4841 5041 5042
f 4841 5042 4842
f 4842 5042 5043
f 4842 5043 4843
f 4843 5043 5044
f 4843 5044 4844
f 4844 5044 5045
f 4844 5045 4845
f 4845 5045 5046
f 4845 5046 4846
f 4846 5046 5047
f 4846 5047 4847
f 4847 5047 5048
f 4847 5048 4848
f 4848 5048 5049
f 4848 5049 4849
f 4849 5049 5050
f 4849 5050 4850
f 4850 5050 5051
f 4850 5051 4851
f 4851 5051 4852
f 5051 5052 4852
f 4852 5052 4853
f 5052 5053 4853
f 4853 5053 4854
f 5053 5054 4854
f 4854 5054 4855
f 5054 5055 4855
f 4855 5055 4856
f 5055 5056 4856
f 4856 5056 4857
f 5056 5057 4857
f 4857 5057 4858
f 5057 5058 4858
f 4858 5058 4859
f 5058 5059 4859
f 4859 5059 4860
f 5059 5060 4860
f 4860 5060 4861
f 5060 5061 4861
f 4861 5061 4862
f 5061 5062 4862
f 4862 5062 4863
f 5062 5063 4863
f 4863 5063 4864
f 5063 5064 4864
f 4864 5064 4865
f 5064 5065 4865
f 4865 5065 4866
f 5065 5066 4866
f 4866 5066 4867
f 5066 5067 4867
f 4867 5067 4868
f 5067 5068 4868
f 4868 5068 4869
f 5068 5069 4869
f 4869 5069 4870
f 5069 5070 4870
f 4870 5070 4871
f 5070 5071 4871
f 4871 5071 4872
f 5071 5072 4872
f 4872 5072 4873
f 5072 5073 4873
f 4873 5073 4874
f 5073 5074 4874
f 4874 5074 4875
f 5074 5075 4875
f 4875 5075 4876
f 5075 5076 4876
f 4876 5076 4877
f 5076 5077 4877
f 4877 5077 4878
f 5077 5078 4878
f 4878 5078 4879
f 5078 5079 4879
f 4879 5079 4880
f 5079 5080 4880
f 4880 5080 4881
f 5080 5081 4881
f 4881 5081 4882
f 5081 5082 4882
f 4882 5082 4883
f 5082 5083 4883
f 4883 5083 4884
f 5083 5084 4884
f 4884 5084 4885
f 5084 5085 4885
f 4885 5085 4886
f 5085 5086 4886
f 4886 5086 4887
f 5086 5087 4887
f 4887 5087 4888
f 5087 5088 4888
f 4888 5088 4889
f 5088 5089 4889
f 4889 5089 4890
f 5089 5090 4890
f 4890 5090 4891
f 5090 5091 4891
f 4891 5091 4892
f 5091 5092 4892
f 4892 5092 4893
f 5092 5093 4893
f 4893 5093 4894
f 5093 5094 4894
f 4894 5094 4895
f 5094 5095 4895
f 4895 5095 4896
f 5095 5096 4896
f 4896 5096 4897
f 5096 5097 4897
f 4897 5097 4898
f 5097 5098 4898
f 4898 5098 4899
f 5098 5099 4899
f 4899 5099 4900
f 5099 5100 4900
f 4900 5100 4901
f 5100 5101 4901
f 4901 5101 5102
f 4901 5102 4902
f 4902 5102 5103
f 4902 5103 4903
f 4903 5103 5104
f 4903 5104 4904
f 4904 5104 5105
f 4904 5105 4905
f 4905 5105 5106
f 4905 5106 4906
f 4906 5106 5107
f 4906 5107 4907
f 4907 5107 5108
f 4907 5108 4908
f 4908 5108 5109
f 4908 5109 4909
f 4909 5109 5110
f 4909 5110 4910
f 4910 5110 5111
f 4910 5111 4911
f 4911 5111 5112
f 4911 5112 4912
f 4912 5112 5113
f 4912 5113 4913
f 4913 5113 5114
f 4913 5114 4914
f 4914 5114 5115
f 4914 5115 4915
f 4915 5115 5116
f 4915 5116 4916
f 4916 5116 5117
f 4916 5117 4917
f 4917 5117 5118
f 4917 5118 4918
f 4918 5118 5119
f 4918 5119 4919
f 4919 5119 5120
f 4919 5120 4920
f 4920 5120 5121
f 4920 5121 4921
f 4921 5121 5122
f 4921 5122 4922
f 4922 5122 5123
f 4922 5123 4923
f 4923 5123 5124
f 4923 5124 4924
f 4924 5124 5125
f 4924 5125 4925
f 4925 5125 5126
f 4925 5126 4926
f 4926 5126 5127
f 4926 5127 4927
f 4927 5127 5128
f 4927 5128 4928
f 4928 5128 5129
f 4928 5129 4929
f 4929 5129 5130
f 4929 5130 4930
f 4930 5130 5131
f 4930 5131 4931
f 4931 5131 5132
f 4931 5132 4932
f 4932 5132 5133
f 4932 5133 4933
f 4933 5133 5134
f 4933 5134 4934
f 4934 5134 5135
f 4934 5135 4935
f 4935 5135 5136
f 4935 5136 4936
f 4936 5136 5137
f 4936 5137 4937
f 4937 5137 5138
f 4937 5138 4938
f 4938 5138 5139
f 4938 5139 4939
f 4939 5139 5140
f 4939 5140 4940
f 4940 5140 5141
f 4940 5141 4941
f 4941 5141 5142
f 4941 5142 4942
f 4942 5142 5143
f 4942 5143 4943
f 4943 5143 5144
f 4943 5144 4944
f 4944 5144 5145
f 4944 5145 4945
f 4945 5145 5146
f 4945 5146 4946
f 4946 5146 5147
f 4946 5147 4947
f 4947 5147 5148
f 4947 5148 4948
f 4948 5148 5149
f 4948 5149 4949
f 4949 5149 5150
f 4949 5150 4950
f 4950 5150 5151
f 4950 5151 4951
f 4951 5151 4952
f 5151 5152 4952
f 4952 5152 4953
f 5152 5153 4953
f 4953 5153 4954
f 5153 5154 4954
f 4954 5154 4955
f 5154 5155 4955
f 4955 5155 4956
f 5155 5156 4956
f 4956 5156 4957
f 5156 5157 4957
f 4957 5157 4958
f 5157 5158 4958
f 4958 5158 4959
f 5158 5159 4959
f 4959 5159 4960
f 5159 5160 4960
f 4960 5160 4961
f 5160 5161 4961
f 4961 5161 4962
f 5161 5162 4962
f 4962 5162 4963
f 5162 5163 4963
f 4963 5163 4964
f 5163 5164 4964
f 4964 5164 4965
f 5164 5165 4965
f 4965 5165 4966
f 5165 5166 4966
f 4966 5166 4967
f 5166 5167 4967
f 4967 5167 4968
f 5167 5168 4968
f 4968 5168 4969
f 5168 5169 4969
f 4969 5169 4970
f 5169 5170 4970
f 4970 5170 4971
f 5170 5171 4971
f 4971 5171 4972
f 5171 5172 4972
f 4972 5172 4973
f 5172 5173 4973
f 4973 5173 4974
f 5173 5174 4974
f 4974 5174 4975
f 5174 5175 4975
f 4975 5175 4976
f 5175 5176 4976
f 4976 5176 4977
f 5176 5177 4977
f 4977 5177 4978
f 5177 5178 4978
f 4978 5178 4979
f 5178 5179 4979
f 4979 5179 4980
f 5179 5180 4980
f 4980 5180 4981
f 5180 5181 4981
f 4981 5181 4982
f 5181 5182 4982
f 4982 5182 4983
f 5182 5183 4983
f 4983 5183 4984
f 5183 5184 4984
f 4984 5184 4985
f 5184 5185 4985
f 4985 5185 4986
f 5185 5186 4986
f 4986 5186 4987
f 5186 5187 4987
f 4987 5187 4988
f 5187 5188 4988
f 4988 5188 4989
f 5188 5189 4989
f 4989 5189 4990
f 5189 5190 4990
f 4990 5190 4991
f 5190 5191 4991
f 4991 5191 4992
f 5191 5192 4992
f 4992 5192 4993
f 5192 5193 4993
f 4993 5193 4994
f 5193 5194 4994
f 4994 5194 4995
f 5194 5195 4995
f 4995 5195 4996
f 5195 5196 4996
f 4996 5196 4997
f 5196 5197 4997
f 4997 5197 4998
f 5197 5198 4998
f 4998 5198 4999
f 5198 5199 4999
f 4999 5199 5000
f 5199 5200 5000
f 5000 5200 4801
f 5200 5001 4801
f 5001 5201 5202
f 5001 5202 5002
f 5002 5202 5203
f 5002 5203 5003
f 5003 5203 5204
f 5003 5204 5004
f 5004 5204 5205
f 5004 5205 5005
f 5005 5205 5206
f 5005 5206 5006
f 5006 5206 5207
f 5006 5207 5007
f 5007 5207 5208
f 5007 5208 5008
f 5008 5208 5209
f 5008 5209 5009
f 5009 5209 5210
f 5009 5210 5010
f 5010 5210 5211
f 5010 5211 5011
f 5011 5211 5212
f 5011 5212 5012
f 5012 5212 5213
f 5012 5213 5013
f 5013 5213 5214
f 5013 5214 5014
f 5014 5214 5215
f 5014 5215 5015
f 5015 5215 5216
f 5015 5216 5016
f 5016 5216 5217
f 5016 5217 5017
f 5017 5217 5218
f 5017 5218 5018
f 5018 5218 5219
f 5018 5219 5019
f 5019 5219 5220
f 5019 5220 5020
f 5020 5220 5221
f 5020 5221 5021
f 5021 5221 5222
f 5021 5222 5022
f 5022 5222 5223
f 5022 5223 5023
f 5023 5223 5224
f 5023 5224 5024
f 5024 5224 5225
f 5024 5225 5025
f 5025 5225 5226
f 5025 5226 5026
f 5026 5226 5227
f 5026 5227 5027
f 5027 5227 5228
f 5027 5228 5028
f 5028 5228 5229
f 5028 5229 5029
f 5029 5229 5230
f 5029 5230 5030
f 5030 5230 5231
f 5030 5231 5031
f 5031 5231 5232
f 5031 5232 5032
f 5032 5232 5233
f 5032 5233 5033
f 5033 5233 5234
f 5033 5234 5034
f 5034 5234 5235
f 5034 5235 5035
f 5035 5235 5236
f 5035 5236 5036
f 5036 5236 5237
f 5036 5237 5037
f 5037 5237 5238
f 5037 5238 5038
f 5038 5238 5239
f 5038 5239 5039
f 5039 5239 5240
f 5039 5240 5040
f 5040 5240 5241
f 5040 5241 5041
f 5041 5241 5242
f 5041 5242 5042
f 5042 5242 5243
f 5042 5243 5043
f 5043 5243 5244
f 5043 5244 5044
f 5044 5244 5245
f 5044 5245 5045
f 5045 5245 5246
f 5045 5246 5046
f 5046 5246 5247
f 5046 5247 5047
f 5047 5247 5248
f 5047 5248 5048
f 5048 5248 5249
f 5048 5249 5049
f 5049 5249 5250
f 5049 5250 5050
f 5050 5250 5251
f 5050 5251 5051
f 5051 5251 5052
f 5251 5252 5052
f 5052 5252 5053
f 5252 5253 5053
f 5053 5253 5054
f 5253 5254 5054
f 5054 5254 5055
f 5254 5255 5055
f 5055 5255 5056
f 5255 5256 5056
f 5056 5256 5057
f 5256 5257 5057
f 5057 5257 5058
f 5257 5258 5058
f 5058 5258 5059
f 5258 5259 5059
f 5059 5259 5060
f 5259 5260 5060
f 5060 5260 5061
f 5260 5261 5061
f 5061 5261 5062
f 5261 5262 5062
f 5062 5262 5063
f 5262 5263 5063
f 5063 5263 5064
f 5263 5264 5064
f 5064 5264 5065
f 5264 5265 5065
f 5065 5265 5066
f 5265 5266 5066
f 5066 5266 5067
f 5266 5267 5067
f 5067 5267 5068
f 5267 5268 5068
f 5068 5268 5069
f 5268 5269 5069
f 5069 5269 5070
f 5269 5270 5070
f 5070 5270 5071
f 5270 5271 5071
f 5071 5271 5072
f 5271 5272 5072
f 5072 5272 5073
f 5272 5273 5073
f 5073 5273 5074
f 5273 5274 5074
f 5074 5274 5075
f 5274 5275 5075
f 5075 5275 5076
f 5275 5276 5076
f 5076 5276 5077
f 5276 5277 5077
f 5077 5277 5078
f 5277 5278 5078
f 5078 5278 5079
f 5278 5279 5079
f 5079 5279 5080
f 5279 5280 5080
f 5080 5280 5081
f 5280 5281 5081
f 5081 5281 5082
f 5281 5282 5082
f 5082 5282 5083
f 5282 5283 5083
f 5083 5283 5084
f 5283 5284 5084
f 5084 5284 5085
f 5284 5285 5085
f 5085 5285 5086
f 5285 5286 5086
f 5086 5286 5087
f 5286 5287 5087
f 5087 5287 5088
f 5287 5288 5088
f 5088 5288 5089
f 5288 5289 5089
f 5089 5289 5090
f 5289 5290 5090
f 5090 5290 5091
f 5290 5291 5091
f 5091 5291 5092
f 5291 5292 5092
f 5092 5292 5093
f 5292 5293 5093
f 5093 5293 5094
f 5293 5294 5094
f 5094 5294 5095
f 5294 5295 5095
f 5095 5295 5096
f 5295 5296 5096
f 5096 5296 5097
f 5296 5297 5097
f 5097 5297 5098
f 5297 5298 5098
f 5098 5298 5099
f 5298 5299 5099
f 5099 5299 5100
f 5299 5300 5100
f 5100 5300 5101
f 5300 5301 5101
f 5101 5301 5302
f 5101 5302 5102
f 5102 5302 5303
f 5102 5303 5103
f 5103 5303 5304
f 5103 5304 5104
f 5104 5304 5305
f 5104 5305 5105
f 5105 5305 5306
f 5105 5306 5106
f 5106 5306 5307
f 5106 5307 5107
f 5107 5307 5308
f 5107 5308 5108
f 5108 5308 5309
f 5108 5309 5109
f 5109 5309 5310
f 5109 5310 5110
f 5110 5310 5311
f 5110 5311 5111
f 5111 5311 5312
f 5111 5312 5112
f 5112 5312 5313
f 5112 5313 5113
f 5113 5313 5314
f 5113 5314 5114
f 5114 5314 5315
f 5114 5315 5115
f 5115 5315 5316
f 5115 5316 5116
f 5116 5316 5317
f 5116 5317 5117
f 5117 5317 5318
f 5117 5318 5118
f 5118 5318 5319
f 5118 5319 5119
f 5119 5319 5320
f 5119 5320 5120
f 5120 5320 5321
f 5120 5321 5121
f 5121 5321 5322
f 5121 5322 5122
f 5122 5322 5323
f 5122 5323 5123
f 5123 5323 5324
f 5123 5324 5124
f 5124 5324 5325
f 5124 5325 5125
f 5125 5325 5326
f 5125 5326 5126
f 5126 5326 5327
f 5126 5327 5127
f 5127 5327 5328
f 5127 5328 5128
f 5128 5328 5329
f 5128 5329 5129
f 5129 5329 5330
f 5129 5330 5130
f 5130 5330 5331
f 5130 5331 5131
f 5131 5331 5332
f 5131 5332 5132
f 5132 5332 5333
f 5132 5333 5133
f 5133 5333 5334
f 5133 5334 5134
f 5134 5334 5335
f 5134 5335 5135
f 5135 5335 5336
f 5135 5336 5136
f 5136 5336 5337
f 5136 5337 5137
f 5137 5337 5338
f 5137 5338 5138
f 5138 5338 5339
f 5138 5339 5139
f 5139 5339 5340
f 5139 5340 5140
f 5140 5340 5341
f 5140 5341 5141
f 5141 5341 5342
f 5141 5342 5142
f 5142 5342 5343
f 5142 5343 5143
f 5143 5343 5344
f 5143 5344 5144
f 5144 5344 5345
f 5144 5345 5145
f 5145 5345 5346
f 5145 5346 5146
f 5146 5346 5347
f 5146 5347 5147
f 5147 5347 5348
f 5147 5348 5148
f 5148 5348 5349
f 5148 5349 5149
f 5149 5349 5350
f 5149 5350 5150
f 5150 5350 5351
f 5150 5351 5151
f 5151 5351 5152
f 5351 5352 5152
f 5152 5352 5153
f 5352 5353 5153
f 5153 5353 5154
f 5353 5354 5154
f 5154 5354 5155
f 5354 5355 5155
f 5155 5355 5156
f 5355 5356 5156
f 5156 5356 5157
f 5356 5357 5157
f 5157 5357 5158
f 5357 5358 5158
f 5158 5358 5159
f 5358 5359 5159
f 5159 5359 5160
f 5359 5360 5160
f 5160 5360 5161
f 5360 5361 5161
f 5161 5361 5162
f 5361 5362 5162
f 5162 5362 5163
f 5362 5363 5163
f 5163 5363 5164
f 5363 5364 5164
f 5164 5364 5165
f 5364 5365 5165
f 5165 5365 5166
f 5365 5366 5166
f 5166 5366 5167
f 5366 5367 5167
f 5167 5367 5168
f 5367 5368 5168
f 5168 5368 5169
f 5368 5369 5169
f 5169 5369 5170
f 5369 5370 5170
f 5170 5370 5171
f 5370 5371 5171
f 5171 5371 5172
f 5371 5372 5172
f 5172 5372 5173
f 5372 5373 5173
f 5173 5373 5174
f 5373 5374 5174
f 5174 5374 5175
f 5374 5375 5175
f 5175 5375 5176
f 5375 5376 5176
f 5176 5376 5177
f 5376 5377 5177
f 5177 5377 5178
f 5377 5378 5178
f 5178 5378 5179
f 5378 5379 5179
f 5179 5379 5180
f 5379 5380 5180
f 5180 5380 5181
f 5380 5381 5181
f 5181 5381 5182
f 5381 5382 5182
f 5182 5382 5183
f 5382 5383 5183
f 5183 5383 5184
f 5383 5384 5184
f 5184 5384 5185
f 5384 5385 5185
f 5185 5385 5186
f 5385 5386 5186
f 5186 5386 5187
f 5386 5387 5187
f 5187 5387 5188
f 5387 5388 5188
f 5188 5388 5189
f 5388 5389 5189
f 5189 5389 5190
f 5389 5390 5190
f 5190 5390 5191
f 5390 5391 5191
f 5191 5391 5192
f 5391 5392 5192
f 5192 5392 5193
f 5392 5393 5193
f 5193 5393 5194
f 5393 5394 5194
f 5194 5394 5195
f 5394 5395 5195
f 5195 5395 5196
f 5395 5396 5196
f 5196 5396 5197
f 5396 5397 5197
f 5197 5397 5198
f 5397 5398 5198
f 5198 5398 5199
f 5398 5399 5199
f 5199 5399 5200
f 5399 5400 5200
f 5200 5400 5001
f 5400 5201 5001
f 5201 5401 5402
f 5201 5402 5202
f 5202 5402 5403
f 5202 5403 5203
f 5203 5403 5404
f 5203 5404 5204
f 5204 5404 5405
f 5204 5405 5205
f 5205 5405 5406
f 5205 5406 5206
f 5206 5406 5407
f 5206 5407 5207
f 5207 5407 5408
f 5207 5408 5208
f 5208 5408 5409
f 5208 5409 5209
f 5209 5409 5410
f 5209 5410 5210
f 5210 5410 5411
f 5210 5411 5211
f 5211 5411 5412
f 5211 5412 5212
f 5212 5412 5413
f 5212 5413 5213
f 5213 5413 5414
f 5213 5414 5214
f 5214 5414 5415
f 5214 5415 5215
f 5215 5415 5416
f 5215 5416 5216
f 5216 5416 5417
f 5216 5417 5217
f 5217 5417 5418
f 5217 5418 5218
f 5218 5418 5419
f 5218 5419 5219
f 5219 5419 5420
f 5219 5420 5220
f 5220 5420 5421
f 5220 5421 5221
f 5221 5421 5422
f 5221 5422 5222
f 5222 5422 5423
f 5222 5423 5223
f 5223 5423 5424
f 5223 5424 5224
f 5224 5424 5425
f 5224 5425 5225
f 5225 5425 5426
f 5225 5426 5226
f 5226 5426 5427
f 5226 5427 5227
f 5227 5427 5428
f 5227 5428 5228
f 5228 5428 5429
f 5228 5429 5229
f 5229 5429 5430
f 5229 5430 5230
f 5230 5430 5431
f 5230 5431 5231
f 5231 5431 5432
f 5231 5432 5232
f 5232 5432 5433
f 5232 5433 5233
f 5233 5433 5434
f 5233 5434 5234
f 5234 5434 5435
f 5234 5435 5235
f 5235 5435 5436
f 5235 5436 5236
f 5236 5436 5437
f 5236 5437 5237
f 5237 5437 5438
f 5237 5438 5238
f 5238 5438 5439
f 5238 5439 5239
f 5239 5439 5440
f 5239 5440 5240
f 5240 5440 5441
f 5240 5441 5241
f 5241 5441 5442
f 5241 5442 5242
f 5242 5442 5443
f 5242 5443 5243
f 5243 5443 5444
f 5243 5444 5244
f 5244 5444 5445
f 5244 5445 5245
f 5245 5445 5446
f 5245 5446 5246
f 5246 5446 5447
f 5246 5447 5247
f 5247 5447 5448
f 5247 5448 5248
f 5248 5448 5449
f 5248 5449 5249
f 5249 5449 5450
f 5249 5450 5250
f 5250 5450 5451
f 5250 5451 5251
f 5251 5451 5252
f 5451 5452 5252
f 5252 5452 5253
f 5452 5453 5253
f 5253 5453 5254
f 5453 5454 5254
f 5254 5454 5255
f 5454 5455 5255
f 5255 5455 5256
f 5455 5456 5256
f 5256 5456 5257
f 5456 5457 5257
f 5257 5457 5258
f 5457 5458 5258
f 5258 5458 5259
f 5458 5459 5259
f 5259 5459 5260
f 5459 5460 5260
f 5260 5460 5261
f 5460 5461 5261
f 5261 5461 5262
f 5461 5462 5262
f 5262 5462 5263
f 5462 5463 5263
f 5263 5463 5264
f 5463 5464 5264
f 5264 5464 5265
f 5464 5465 5265
f 5265 5465 5266
f 5465 5466 5266
f 5266 5466 5267
f 5466 5467 5267
f 5267 5467 5268
f 5467 5468 5268
f 5268 5468 5269
f 5468 5469 5269
f 5269 5469 5270
f 5469 5470 5270
f 5270 5470 5271
f 5470 5471 5271
f 5271 5471 5272
f 5471 5472 5272
f 5272 5472 5273
f 5472 5473 5273
f 5273 5473 5274
f 5473 5474 5274
f 5274 5474 5275
f 5474 5475 5275
f 5275 5475 5276
f 5475 5476 5276
f 5276 5476 5277
f 5476 5477 5277
f 5277 5477 5278
f 5477 5478 5278
f 5278 5478 5279
f 5478 5479 5279
f 5279 5479 5280
f 5479 5480 5280
f 5280 5480 5281
f 5480 5481 5281
f 5281 5481 5282
f 5481 5482 5282
f 5282 5482 5283
f 5482 5483 5283
f 5283 5483 5284
f 5483 5484 5284
f 5284 5484 5285
f 5484 5485 5285
f 5285 5485 5286
f 5485 5486 5286
f 5286 5486 5287
f 5486 5487 5287
f 5287 5487 5288
f 5487 5488 5288
f 5288 5488 5289
f 5488 5489 5289
f 5289 5489 5290
f 5489 5490 5290
f 5290 5490 5291
f 5490 5491 5291
f 5291 5491 5292
f 5491 5492 5292
f 5292 5492 5293
f 5492 5493 5293
f 5293 5493 5294
f 5493 5494 5294
f 5294 5494 5295
f 5494 5495 5295
f 5295 5495 5296
f 5495 5496 5296
f 5296 5496 5297
f 5496 5497 5297
f 5297 5497 5298
f 5497 5498 5298
f 5298 5498 5299
f 5498 5499 5299
f 5299 5499 5300
f 5499 5500 5300
f 5300 5500 5301
f 5500 5501 5301
f 5301 5501 5502
f 5301 5502 5302
f 5302 5502 5503
f 5302 5503 5303
f 5303 5503 5504
f 5303 5504 5304
f 5304 5504 5505
f 5304 5505 5305
f 5305 5505 5506
f 5305 5506 5306
f 5306 5506 5507
f 5306 5507 5307
f 5307 5507 5508
f 5307 5508 5308
f 5308 5508 5509
f 5308 5509 5309
f 5309 5509 5510
f 5309 5510 5310
f 5310 5510 5511
f 5310 5511 5311
f 5311 5511 5512
f 5311 5512 5312
f 5312 5512 5513
f 5312 5513 5313
f 5313 5513 5514
f 5313 5514 5314
f 5314 5514 5515
f 5314 5515 5315
f 5315 5515 5516
f 5315 5516 5316
f 5316 5516 5517
f 5316 5517 5317
f 5317 5517 5518
f 5317 5518 5318
f 5318 5518 5519
f 5318 5519 5319
f 5319 5519 5520
f 5319 5520 5320
f 5320 5520 5521
f 5320 5521 5321
f 5321 5521 5522
f 5321 5522 5322
f 5322 5522 5523
f 5322 5523 5323
f 5323 5523 5524
f 5323 5524 5324
f 5324 5524 5525
f 5324 5525 5325
f 5325 5525 5526
f 5325 5526 5326
f 5326 5526 5527
f 5326 5527 5327
f 5327 5527 5528
f 5327 5528 5328
f 5328 5528 5529
f 5328 5529 5329
f 5329 5529 5530
f 5329 5530 5330
f 5330 5530 5531
f 5330 5531 5331
f 5331 5531 5532
f 5331 5532 5332
f 5332 5532 5533
f 5332 5533 5333
f 5333 5533 5534
f 5333 5534 5334
f 5334 5534 5535
f 5334 5535 5335
f 5335 5535 5536
f 5335 5536 5336
f 5336 5536 5537
f 5336 5537 5337
f 5337 5537 5538
f 5337 5538 5338
f 5338 5538 5539
f 5338 5539 5339
f 5339 5539 5540
f 5339 5540 5340
f 5340 5540 5541
f 5340 5541 5341
f 5341 5541 5542
f 5341 5542 5342
f 5342 5542 5543
f 5342 5543 5343
f 5343 5543 5544
f 5343 5544 5344
f 5344 5544 5545
f 5344 5545 5345
f 5345 5545 5546
f 5345 5546 5346
f 5346 5546 5547
f 5346 5547 5347
f 5347 5547 5548
f 5347 5548 5348
f 5348 5548 5549
f 5348 5549 5349
f 5349 5549 5550
f 5349 5550 5350
f 5350 5550 5551
f 5350 5551 5351
f 5351 5551 5352
f 5551 5552 5352
f 5352 5552 5353
f 5552 5553 5353
f 5353 5553 5354
f 5553 5554 5354
f 5354 5554 5355
f 5554 5555 5355
f 5355 5555 5356
f 5555 5556 5356
f 5356 5556 5357
f 5556 5557 5357
f 5357 5557 5358
f 5557 5558 5358
f 5358 5558 5359
f 5558 5559 5359
f 5359 5559 5360
f 5559 5560 5360
f 5360 5560 5361
f 5560 5561 5361
f 5361 5561 5362
f 5561 5562 5362
f 5362 5562 5363
f 5562 5563 5363
f 5363 5563 5364
f 5563 5564 5364
f 5364 5564 5365
f 5564 5565 5365
f 5365 5565 5366
f 5565 5566 5366
f 5366 5566 5367
f 5566 5567 5367
f 5367 5567 5368
f 5567 5568 5368
f 5368 5568 5369
f 5568 5569 5369
f 5369 5569 5370
f 5569 5570 5370
f 5370 5570 5371
f 5570 5571 5371
f 5371 5571 5372
f 5571 5572 5372
f 5372 5572 5373
f 5572 5573 5373
f 5373 5573 5374
f 5573 5574 5374
f 5374 5574 5375
f 5574 5575 5375
f 5375 5575 5376
f 5575 5576 5376
f 5376 5576 5377
f 5576 5577 5377
f 5377 5577 5378
f 5577 5578 5378
f 5378 5578 5379
f 5578 5579 5379
f 5379 5579 5380
f 5579 5580 5380
f 5380 5580 5381
f 5580 5581 5381
f 5381 5581 5382
f 5581 5582 5382
f 5382 5582 5383
f 5582 5583 5383
f 5383 5583 5384
f 5583 5584 5384
f 5384 5584 5385
f 5584 5585 5385
f 5385 5585 5386
f 5585 5586 5386
f 5386 5586 5387
f 5586 5587 5387
f 5387 5587 5388
f 5587 5588 5388
f 5388 5588 5389
f 5588 5589 5389
f 5389 5589 5390
f 5589 5590 5390
f 5390 5590 5391
f 5590 5591 5391
f 5391 5591 5392
f 5591 5592 5392
f 5392 5592 5393
f 5592 5593 5393
f 5393 5593 5394
f 5593 5594 5394
f 5394 5594 5395
f 5594 5595 5395
f 5395 5595 5396
f 5595 5596 5396
f 5396 5596 5397
f 5596 5597 5397
f 5397 5597 5398
f 5597 5598 5398
f 5398 5598 5399
f 5598 5599 5399
f 5399 5599 5400
f 5599 5600 5400
f 5400 5600 5201
f 5600 5401 5201
f 5401 5601 5602
f 5401 5602 5402
f 5402 5602 5603
f 5402 5603 5403
f 5403 5603 5604
f 5403 5604 5404
f 5404 5604 5605
f 5404 5605 5405
f 5405 5605 5606
f 5405 5606 5406
f 5406 5606 5607
f 5406 5607 5407
f 5407 5607 5608
f 5407 5608 5408
f 5408 5608 5609
f 5408 5609 5409
f 5409 5609 5610
f 5409 5610 5410
f 5410 5610 5611
f 5410 5611 5411
f 5411 5611 5612
f 5411 5612 5412
f 5412 5612 5613
f 5412 5613 5413
f 5413 5613 5614
f 5413 5614 5414
f 5414 5614 5615
f 5414 5615 5415
f 5415 5615 5616
f 5415 5616 5416
f 5416 5616 5617
f 5416 5617 5417
f 5417 5617 5618
f 5417 5618 5418
f 5418 5618 5619
f 5418 5619 5419
f 5419 5619 5620
f 5419 5620 5420
f 5420 5620 5621
f 5420 5621 5421
f 5421 5621 5622
f 5421 5622 5422
f 5422 5622 5623
f 5422 5623 5423
f 5423 5623 5624
f 5423 5624 5424
f 5424 5624 5625
f 5424 5625 5425
f 5425 5625 5626
f 5425 5626 5426
f 5426 5626 5627
f 5426 5627 5427
f 5427 5627 5628
f 5427 5628 5428
f 5428 5628 5629
f 5428 5629 5429
f 5429 5629 5630
f 5429 5630 5430
f 5430 5630 5631
f 5430 5631 5431
f 5431 5631 5632
f 5431 5632 5432
f 5432 5632 5633
f 5432 5633 5433
f 5433 5633 5634
f 5433 5634 5434
f 5434 5634 5635
f 5434 5635 5435
f 5435 5635 5636
f 5435 5636 5436
f 5436 5636 5637
f 5436 5637 5437
f 5437 5637 5638
f 5437 5638 5438
f 5438 5638 5639
f 5438 5639 5439
f 5439 5639 5640
f 5439 5640 5440
f 5440 5640 5641
f 5440 5641 5441
f 5441 5641 5642
f 5441 5642 5442
f 5442 5642 5643
f 5442 5643 5443
f 5443 5643 5644
f 5443 5644 5444
f 5444 5644 5645
f 5444 5645 5445
f 5445 5645 5646
f 5445 5646 5446
f 5446 5646 5647
f 5446 5647 5447
f 5447 5647 5648
f 5447 5648 5448
f 5448 5648 5649
f 5448 5649 5449
f 5449 5649 5650
f 5449 5650 5450
f 5450 5650 5651
f 5450 5651 5451
f 5451 5651 5452
f 5651 5652 5452
f 5452 5652 5453
f 5652 5653 5453
f 5453 5653 5454
f 5653 5654 5454
f 5454 5654 5455
f 5654 5655 5455
f 5455 5655 5456
f 5655 5656 5456
f 5456 5656 5457
f 5656 5657 5457
f 5457 5657 5458
f 5657 5658 5458
f 5458 5658 5459
f 5658 5659 5459
f 5459 5659 5460
f 5659 5660 5460
f 5460 5660 5461
f 5660 5661 5461
f 5461 5661 5462
f 5661 5662 5462
f 5462 5662 5463
f 5662 5663 5463
f 5463 5663 5464
f 5663 5664 5464
f 5464 5664 5465
f 5664 5665 5465
f 5465 5665 5466
f 5665 5666 5466
f 5466 5666 5467
f 5666 5667 5467
f 5467 5667 5468
f 5667 5668 5468
f 5468 5668 5469
f 5668 5669 5469
f 5469 5669 5470
f 5669 5670 5470
f 5470 5670 5471
f 5670 5671 5471
f 5471 5671 5472
f 5671 5672 5472
f 5472 5672 5473
f 5672 5673 5473
f 5473 5673 5474
f 5673 5674 5474
f 5474 5674 5475
f 5674 5675 5475
f 5475 5675 5476
f 5675 5676 5476
f 5476 5676 5477
f 5676 5677 5477
f 5477 5677 5478
f 5677 5678 5478
f 5478 5678 5479
f 5678 5679 5479
f 5479 5679 5480
f 5679 5680 5480
f 5480 5680 5481
f 5680 5681 5481
f 5481 5681 5482
f 5681 5682 5482
f 5482 5682 5483
f 5682 5683 5483
f 5483 5683 5484
f 5683 5684 5484
f 5484 5684 5485
f 5684 5685 5485
f 5485 5685 5486
f 5685 5686 5486
f 5486 5686 5487
f 5686 5687 5487
f 5487 5687 5488
f 5687 5688 5488
f 5488 5688 5489
f 5688 5689 5489
f 5489 5689 5490
f 5689 5690 5490
f 5490 5690 5491
f 5690 5691 5491
f 5491 5691 5492
f 5691 5692 5492
f 5492 5692 5493
f 5692 5693 5493
f 5493 5693 5494
f 5693 5694 5494
f 5494 5694 5495
f 5694 5695 5495
f 5495 5695 5496
f 5695 5696 5496
f 5496 5696 5497
f 5696 5697 5497
f 5497 5697 5498
f 5697 5698 5498
f 5498 5698 5499
f 5698 5699 5499
f 5499 5699 5500
f 5699 5700 5500
f 5500 5700 5501
f 5700 5701 5501
f 5501 5701 5702
f 5501 5702 5502
f 5502 5702 5703
f 5502 5703 5503
f 5503 5703 5704
f 5503 5704 5504
f 5504 5704 5705
f 5504 5705 5505
f 5505 5705 5706
f 5505 5706 5506
f 5506 5706 5707
f 5506 5707 5507
f 5507 5707 5708
f 5507 5708 5508
f 5508 5708 5709
f 5508 5709 5509
f 5509 5709 5710
f 5509 5710 5510
f 5510 5710 5711
f 5510 5711 5511
f 5511 5711 5712
f 5511 5712 5512
f 5512 5712 5713
f 5512 5713 5513
f 5513 5713 5714
f 5513 5714 5514
f 5514 5714 5715
f 5514 5715 5515
f 5515 5715 5716
f 5515 5716 5516
f 5516 5716 5717
f 5516 5717 5517
f 5517 5717 5718
f 5517 5718 5518
f 5518 5718 5719
f 5518 5719 5519
f 5519 5719 5720
f 5519 5720 5520
f 5520 5720 5721
f 5520 5721 5521
f 5521 5721 5722
f 5521 5722 5522
f 5522 5722 5723
f 5522 5723 5523
f 5523 5723 5724
f 5523 5724 5524
f 5524 5724 5725
f 5524 5725 5525
f 5525 5725 5726
f 5525 5726 5526
f 5526 5726 5727
f 5526 5727 5527
f 5527 5727 5728
f 5527 5728 5528
f 5528 5728 5729
f 5528 5729 5529
f 5529 5729 5730
f 5529 5730 5530
f 5530 5730 5731
f 5530 5731 5531
f 5531 5731 5732
f 5531 5732 5532
f 5532 5732 5733
f 5532 5733 5533
f 5533 5733 5734
f 5533 5734 5534
f 5534 5734 5735
f 5534 5735 5535
f 5535 5735 5736
f 5535 5736 5536
f 5536 5736 5737
f 5536 5737 5537
f 5537 5737 5738
f 5537 5738 5538
f 5538 5738 5739
f 5538 5739 5539
f 5539 5739 5740
f 5539 5740 5540
f 5540 5740 5741
f 5540 5741 5541
f 5541 5741 5742
f 5541 5742 5542
f 5542 5742 5743
f 5542 5743 5543
f 5543 5743 5744
f 5543 5744 5544
f 5544 5744 5745
f 5544 5745 5545
f 5545 5745 5746
f 5545 5746 5546
f 5546 5746 5747
f 5546 5747 5547
f 5547 5747 5748
f 5547 5748 5548
f 5548 5748 5749
f 5548 5749 5549
f 5549 5749 5750
f 5549 5750 5550
f 5550 5750 5751
f 5550 5751 5551
f 5551 5751 5552
f 5751 5752 5552
f 5552 5752 5553
f 5752 5753 5553
f 5553 5753 5554
f 5753 5754 5554
f 5554 5754 5555
f 5754 5755 5555
f 5555 5755 5556
f 5755 5756 5556
f 5556 5756 5557
f 5756 5757 5557
f 5557 5757 5558
f 5757 5758 5558
f 5558 5758 5559
f 5758 5759 5559
f 5559 5759 5560
f 5759 5760 5560
f 5560 5760 5561
f 5760 5761 5561
f 5561 5761 5562
f 5761 5762 5562
f 5562 5762 5563
f 5762 5763 5563
f 5563 5763 5564
f 5763 5764 5564
f 5564 5764 5565
f 5764 5765 5565
f 5565 5765 5566
f 5765 5766 5566
f 5566 5766 5567
f 5766 5767 5567
f 5567 5767 5568
f 5767 5768 5568
f 5568 5768 5569
f 5768 5769 5569
f 5569 5769 5570
f 5769 5770 5570
f 5570 5770 5571
f 5770 5771 5571
f 5571 5771 5572
f 5771 5772 5572
f 5572 5772 5573
f 5772 5773 5573
f 5573 5773 5574
f 5773 5774 5574
f 5574 5774 5575
f 5774 5775 5575
f 5575 5775 5576
f 5775 5776 5576
f 5576 5776 5577
f 5776 5777 5577
f 5577 5777 5578
f 5777 5778 5578
f 5578 5778 5579
f 5778 5779 5579
f 5579 5779 5580
f 5779 5780 5580
f 5580 5780 5581
f 5780 5781 5581
f 5581 5781 5582
f 5781 5782 5582
f 5582 5782 5583
f 5782 5783 5583
f 5583 5783 5584
f 5783 5784 5584
f 5584 5784 5585
f 5784 5785 5585
f 5585 5785 5586
f 5785 5786 5586
f 5586 5786 5587
f 5786 5787 5587
f 5587 5787 5588
f 5787 5788 5588
f 5588 5788 5589
f 5788 5789 5589
f 5589 5789 5590
f 5789 5790 5590
f 5590 5790 5591
f 5790 5791 5591
f 5591 5791 5592
f 5791 5792 5592
f 5592 5792 5593
f 5792 5793 5593
f 5593 5793 5594
f 5793 5794 5594
f 5594 5794 5595
f 5794 5795 5595
f 5595 5795 5596
f 5795 5796 5596
f 5596 5796 5597
f 5796 5797 5597
f 5597 5797 5598
f 5797 5798 5598
f 5598 5798 5599
f 5798 5799 5599
f 5599 5799 5600
f 5799 5800 5600
f 5600 5800 5401
f 5800 5601 5401
f 5601 5801 5802
f 5601 5802 5602
f 5602 5802 5803
f 5602 5803 5603
f 5603 5803 5804
f 5603 5804 5604
f 5604 5804 5805
f 5604 5805 5605
f 5605 5805 5806
f 5605 5806 5606
f 5606 5806 5807
f 5606 5807 5607
f 5607 5807 5808
f 5607 5808 5608
f 5608 5808 5809
f 5608 5809 5609
f 5609 5809 5810
f 5609 5810 5610
f 5610 5810 5811
f 5610 5811 5611
f 5611 5811 5812
f 5611 5812 5612
f 5612 5812 5813
f 5612 5813 5613
f 5613 5813 5814
f 5613 5814 5614
f 5614 5814 5815
f 5614 5815 5615
f 5615 5815 5816
f 5615 5816 5616
f 5616 5816 5817
f 5616 5817 5617
f 5617 5817 5818
f 5617 5818 5618
f 5618 5818 5819
f 5618 5819 5619
f 5619 5819 5820
f 5619 5820 5620
f 5620 5820 5821
f 5620 5821 5621
f 5621 5821 5822
f 5621 5822 5622
f 5622 5822 5823
f 5622 5823 5623
f 5623 5823 5824
f 5623 5824 5624
f 5624 5824 5825
f 5624 5825 5625
f 5625 5825 5826
f 5625 5826 5626
f 5626 5826 5827
f 5626 5827 5627
f 5627 5827 5828
f 5627 5828 5628
f 5628 5828 5829
f 5628 5829 5629
f 5629 5829 5830
f 5629 5830 5630
f 5630 5830 5831
f 5630 5831 5631
f 5631 5831 5832
f 5631 5832 5632
f 5632 5832 5833
f 5632 5833 5633
f 5633 5833 5834
f 5633 5834 5634
f 5634 5834 5835
f 5634 5835 5635
f 5635 5835 5836
f 5635 5836 5636
f 5636 5836 5837
f 5636 5837 5637
f 5637 5837 5838
f 5637 5838 5638
f 5638 5838 5839
f 5638 5839 5639
f 5639 5839 5840
f 5639 5840 5640
f 5640 5840 5841
f 5640 5841 5641
f 5641 5841 5842
f 5641 5842 5642
f 5642 5842 5843
f 5642 5843 5643
f 5643 5843 5844
f 5643 5844 5644
f 5644 5844 5845
f 5644 5845 5645
f 5645 5845 5846
f 5645 5846 5646
f 5646 5846 5847
f 5646 5847 5647
f 5647 5847 5848
f 5647 5848 5648
f 5648 5848 5849
f 5648 5849 5649
f 5649 5849 5850
f 5649 5850 5650
f 5650 5850 5851
f 5650 5851 5651
f 5651 5851 5652
f 5851 5852 5652
f 5652 5852 5653
f 5852 5853 5653
f 5653 5853 5654
f 5853 5854 5654
f 5654 5854 5655
f 5854 5855 5655
f 5655 5855 5656
f 5855 5856 5656
f 5656 5856 5657
f 5856 5857 5657
f 5657 5857 5658
f 5857 5858 5658
f 5658 5858 5659
f 5858 5859 5659
f 5659 5859 5660
f 5859 5860 5660
f 5660 5860 5661
f 5860 5861 5661
f 5661 5861 5662
f 5861 5862 5662
f 5662 5862 5663
f 5862 5863 5663
f 5663 5863 5664
f 5863 5864 5664
f 5664 5864 5665
f 5864 5865 5665
f 5665 5865 5666
f 5865 5866 5666
f 5666 5866 5667
f 5866 5867 5667
f 5667 5867 5668
f 5867 5868 5668
f 5668 5868 5669
f 5868 5869 5669
f 5669 5869 5670
f 5869 5870 5670
f 5670 5870 5671
f 5870 5871 5671
f 5671 5871 5672
f 5871 5872 5672
f 5672 5872 5673
f 5872 5873 5673
f 5673 5873 5674
f 5873 5874 5674
f 5674 5874 5675
f 5874 5875 5675
f 5675 5875 5676
f 5875 5876 5676
f 5676 5876 5677
f 5876 5877 5677
f 5677 5877 5678
f 5877 5878 5678
f 5678 5878 5679
f 5878 5879 5679
f 5679 5879 5680
f 5879 5880 5680
f 5680 5880 5681
f 5880 5881 5681
f 5681 5881 5682
f 5881 5882 5682
f 5682 5882 5683
f 5882 5883 5683
f 5683 5883 5684
f 5883 5884 5684
f 5684 5884 5685
f 5884 5885 5685
f 5685 5885 5686
f 5885 5886 5686
f 5686 5886 5687
f 5886 5887 5687
f 5687 5887 5688
f 5887 5888 5688
f 5688 5888 5689
f 5888 5889 5689
f 5689 5889 5690
f 5889 5890 5690
f 5690 5890 5691
f 5890 5891 5691
f 5691 5891 5692
f 5891 5892 5692
f 5692 5892 5693
f 5892 5893 5693
f 5693 5893 5694
f 5893 5894 5694
f 5694 5894 5695
f 5894 5895 5695
f 5695 5895 5696
f 5895 5896 5696
f 5696 5896 5697
f 5896 5897 5697
f 5697 5897 5698
f 5897 5898 5698
f 5698 5898 5699
f 5898 5899 5699
f 5699 5899 5700
f 5899 5900 5700
f 5700 5900 5701
f 5900 5901 5701
f 5701 5901 5902
f 5701 5902 5702
f 5702 5902 5903
f 5702 5903 5703
f 5703 5903 5904
f 5703 5904 5704
f 5704 5904 5905
f 5704 5905 5705
f 5705 5905 5906
f 5705 5906 5706
f 5706 5906 5907
f 5706 5907 5707
f 5707 5907 5908
f 5707 5908 5708
f 5708 5908 5909
f 5708 5909 5709
f 5709 5909 5910
f 5709 5910 5710
f 5710 5910 5911
f 5710 5911 5711
f 5711 5911 5912
f 5711 5912 5712
f 5712 5912 5913
f 5712 5913 5713
f 5713 5913 5914
f 5713 5914 5714
f 5714 5914 5915
f 5714 5915 5715
f 5715 5915 5916
f 5715 5916 5716
f 5716 5916 5917
f 5716 5917 5717
f 5717 5917 5918
f 5717 5918 5718
f 5718 5918 5919
f 5718 5919 5719
f 5719 5919 5920
f 5719 5920 5720
f 5720 5920 5921
f 5720 5921 5721
f 5721 5921 5922
f 5721 5922 5722
f 5722 5922 5923
f 5722 5923 5723
f 5723 5923 5924
f 5723 5924 5724
f 5724 5924 5925
f 5724 5925 5725
f 5725 5925 5926
f 5725 5926 5726
f 5726 5926 5927
f 5726 5927 5727
f 5727 5927 5928
f 5727 5928 5728
f 5728 5928 5929
f 5728 5929 5729
f 5729 5929 5930
f 5729 5930 5730
f 5730 5930 5931
f 5730 5931 5731
f 5731 5931 5932
f 5731 5932 5732
f 5732 5932 5933
f 5732 5933 5733
f 5733 5933 5934
f 5733 5934 5734
f 5734 5934 5935
f 5734 5935 5735
f 5735 5935 5936
f 5735 5936 5736
f 5736 5936 5937
f 5736 5937 5737
f 5737 5937 5938
f 5737 5938 5738
f 5738 5938 5939
f 5738 5939 5739
f 5739 5939 5940
f 5739 5940 5740
f 5740 5940 5941
f 5740 5941 5741
f 5741 5941 5942
f 5741 5942 5742
f 5742 5942 5943
f 5742 5943 5743
f 5743 5943 5944
f 5743 5944 5744
f 5744 5944 5945
f 5744 5945 5745
f 5745 5945 5946
f 5745 5946 5746
f 5746 5946 5947
f 5746 5947 5747
f 5747 5947 5948
f 5747 5948 5748
f 5748 5948 5949
f 5748 5949 5749
f 5749 5949 5950
f 5749 5950 5750
f 5750 5950 5951
f 5750 5951 5751
f 5751 5951 5752
f 5951 5952 5752
f 5752 5952 5753
f 5952 5953 5753
f 5753 5953 5754
f 5953 5954 5754
f 5754 5954 5755
f 5954 5955 5755
f 5755 5955 5756
f 5955 5956 5756
f 5756 5956 5757
f 5956 5957 5757
f 5757 5957 5758
f 5957 5958 5758
f 5758 5958 5759
f 5958 5959 5759
f 5759 5959 5760
f 5959 5960 5760
f 5760 5960 5761
f 5960 5961 5761
f 5761 5961 5762
f 5961 5962 5762
f 5762 5962 5763
f 5962 5963 5763
f 5763 5963 5764
f 5963 5964 5764
f 5764 5964 5765
f 5964 5965 5765
f 5765 5965 5766
f 5965 5966 5766
f 5766 5966 5767
f 5966 5967 5767
f 5767 5967 5768
f 5967 5968 5768
f 5768 5968 5769
f 5968 5969 5769
f 5769 5969 5770
f 5969 5970 5770
f 5770 5970 5771
f 5970 5971 5771
f 5771 5971 5772
f 5971 5972 5772
f 5772 5972 5773
f 5972 5973 5773
f 5773 5973 5774
f 5973 5974 5774
f 5774 5974 5775
f 5974 5975 5775
f 5775 5975 5776
f 5975 5976 5776
f 5776 5976 5777
f 5976 5977 5777
f 5777 5977 5778
f 5977 5978 5778
f 5778 5978 5779
f 5978 5979 5779
f 5779 5979 5780
f 5979 5980 5780
f 5780 5980 5781
f 5980 5981 5781
f 5781 5981 5782
f 5981 5982 5782
f 5782 5982 5783
f 5982 5983 5783
f 5783 5983 5784
f 5983 5984 5784
f 5784 5984 5785
f 5984 5985 5785
f 5785 5985 5786
f 5985 5986 5786
f 5786 5986 5787
f 5986 5987 5787
f 5787 5987 5788
f 5987 5988 5788
f 5788 5988 5789
f 5988 5989 5789
f 5789 5989 5790
f 5989 5990 5790
f 5790 5990 5791
f 5990 5991 5791
f 5791 5991 5792
f 5991 5992 5792
f 5792 5992 5793
f 5992 5993 5793
f 5793 5993 5794
f 5993 5994 5794
f 5794 5994 5795
f 5994 5995 5795
f 5795 5995 5796
f 5995 5996 5796
f 5796 5996 5797
f 5996 5997 5797
f 5797 5997 5798
f 5997 5998 5798
f 5798 5998 5799
f 5998 5999 5799
f 5799 5999 5800
f 5999 6000 5800
f 5800 6000 5601
f 6000 5801 5601
