ISO-10303-21;
HEADER;
FILE_DESCRIPTION((''),'1');
FILE_NAME('outfile.stp','2026-08-08T05:13:51',(''),(''),'','','');
FILE_SCHEMA(('CONFIG_CONTROL_DESIGN'));
ENDSEC;
DATA;
#1=CALENDAR_DATE(2000,1,1);
#2=COORDINATED_UNIVERSAL_TIME_OFFSET(0,0,.BEHIND.);
#3=LOCAL_TIME(12,0,0.,#2);
#4=DATE_AND_TIME(#1,#3);
#5=DIMENSIONAL_EXPONENTS(0.,0.,0.,0.,0.,0.,0.);
#6=(
LENGTH_UNIT()
NAMED_UNIT(*)
SI_UNIT(.MILLI.,.METRE.)
);
#7=LENGTH_MEASURE_WITH_UNIT(LENGTH_MEASURE(304.8),#6);
#8=DIMENSIONAL_EXPONENTS(1.,0.,0.,0.,0.,0.,0.);
#9=(
CONVERSION_BASED_UNIT('FOOT',#7)
LENGTH_UNIT()
NAMED_UNIT(#8)
);
#10=UNCERTAINTY_MEASURE_WITH_UNIT(LENGTH_MEASURE(1.E-06),#9,'closure','Threshold below which geometry imperfections (such as overlaps) are not considered errors.');
#11=(
NAMED_UNIT(*)
PLANE_ANGLE_UNIT()
SI_UNIT($,.RADIAN.)
);
#12=PLANE_ANGLE_MEASURE_WITH_UNIT(PLANE_ANGLE_MEASURE(0.0174532925199433),#11);
#13=(
CONVERSION_BASED_UNIT('DEGREES',#12)
NAMED_UNIT(#5)
PLANE_ANGLE_UNIT()
);
#14=(
NAMED_UNIT(*)
SI_UNIT($,.STERADIAN.)
SOLID_ANGLE_UNIT()
);
#15=(
GEOMETRIC_REPRESENTATION_CONTEXT(3)
GLOBAL_UNCERTAINTY_ASSIGNED_CONTEXT((#10))
GLOBAL_UNIT_ASSIGNED_CONTEXT((#9,#13,#14))
REPRESENTATION_CONTEXT('STANDARD','3D')
);
#16=CARTESIAN_POINT('',(0.,0.,0.));
#17=DIRECTION('',(0.,0.,1.));
#18=DIRECTION('',(1.,0.,0.));
#19=AXIS2_PLACEMENT_3D('',#16,#17,#18);
#20=APPLICATION_CONTEXT('configuration controlled 3d designs of mechanical parts and assemblies');
#21=MECHANICAL_CONTEXT('',#20,'mechanical');
#22=APPLICATION_PROTOCOL_DEFINITION('international standard','config_control_design',1994,#20);
#23=DESIGN_CONTEXT('',#20,'design');
#24=PRODUCT('','prodname','',(#21));
#25=PRODUCT_RELATED_PRODUCT_CATEGORY('assembly','',(#24));
#26=PRODUCT_DEFINITION_FORMATION_WITH_SPECIFIED_SOURCE('','',#24,.MADE.);
#27=PRODUCT_DEFINITION('','',#26,#23);
#28=PRODUCT_DEFINITION_SHAPE('','ProductShapeDescription',#27);
#29=SHAPE_REPRESENTATION('',(#19),#15);
#30=SHAPE_DEFINITION_REPRESENTATION(#28,#29);
#31=PERSON('','Doe','John',$,$,$);
#32=ORGANIZATION('','','');
#33=PERSON_AND_ORGANIZATION(#31,#32);
#34=PERSON_AND_ORGANIZATION_ROLE('creator');
#35=PERSON_AND_ORGANIZATION_ROLE('design_owner');
#36=PERSON_AND_ORGANIZATION_ROLE('design_supplier');
#37=APPROVAL_STATUS('approved');
#38=APPROVAL(#37,'');
#39=APPROVAL_DATE_TIME(#4,#38);
#40=APPROVAL_ROLE('approver');
#41=APPROVAL_PERSON_ORGANIZATION(#33,#38,#40);
#42=SECURITY_CLASSIFICATION_LEVEL('unclassified');
#43=SECURITY_CLASSIFICATION('','',#42);
#44=CC_DESIGN_SECURITY_CLASSIFICATION(#43,(#26));
#45=PERSON_AND_ORGANIZATION_ROLE('classification_officer');
#46=CC_DESIGN_PERSON_AND_ORGANIZATION_ASSIGNMENT(#33,#45,(#43));
#47=DATE_TIME_ROLE('classification_date');
#48=CC_DESIGN_DATE_AND_TIME_ASSIGNMENT(#4,#47,(#43));
#49=CC_DESIGN_APPROVAL(#38,(#27,#26,#43));
#50=CC_DESIGN_PERSON_AND_ORGANIZATION_ASSIGNMENT(#33,#34,(#27,#26));
#51=CC_DESIGN_PERSON_AND_ORGANIZATION_ASSIGNMENT(#33,#36,(#26));
#52=DATE_TIME_ROLE('creation_date');
#53=CC_DESIGN_DATE_AND_TIME_ASSIGNMENT(#4,#52,(#27));
#54=CC_DESIGN_PERSON_AND_ORGANIZATION_ASSIGNMENT(#33,#35,(#24));
#55=B_SPLINE_SURFACE_WITH_KNOTS('Surf_QONVFZOQQQ, Nose, 0, 0',5,3,((#56, #57, #58, #71, #72, #73, #86, #87, #88, #101, #102, #103, #116, #117, #118, #131, #132, #133, #146, #147, #148, #161, #162, #163, #176, #177, #178, #191, #192, #193, #206, #207, #208, #221, #222, #223, #236, #237, #238, #251, #252, #253, #266, #267, #268, #281, #282, #283, #296, #297, #298, #311, #312, #313, #326, #327, #328, #341, #342, #343, #356, #357, #358, #371, #372, #373, #374),(#59, #60, #61, #74, #75, #76, #89, #90, #91, #104, #105, #106, #119, #120, #121, #134, #135, #136, #149, #150, #151, #164, #165, #166, #179, #180, #181, #194, #195, #196, #209, #210, #211, #224, #225, #226, #239, #240, #241, #254, #255, #256, #269, #270, #271, #284, #285, #286, #299, #300, #301, #314, #315, #316, #329, #330, #331, #344, #345, #346, #359, #360, #361, #375, #376, #377, #378),(#62, #63, #64, #77, #78, #79, #92, #93, #94, #107, #108, #109, #122, #123, #124, #137, #138, #139, #152, #153, #154, #167, #168, #169, #182, #183, #184, #197, #198, #199, #212, #213, #214, #227, #228, #229, #242, #243, #244, #257, #258, #259, #272, #273, #274, #287, #288, #289, #302, #303, #304, #317, #318, #319, #332, #333, #334, #347, #348, #349, #362, #363, #364, #379, #380, #381, #382),(#65, #66, #67, #80, #81, #82, #95, #96, #97, #110, #111, #112, #125, #126, #127, #140, #141, #142, #155, #156, #157, #170, #171, #172, #185, #186, #187, #200, #201, #202, #215, #216, #217, #230, #231, #232, #245, #246, #247, #260, #261, #262, #275, #276, #277, #290, #291, #292, #305, #306, #307, #320, #321, #322, #335, #336, #337, #350, #351, #352, #365, #366, #367, #383, #384, #385, #386),(#68, #69, #70, #83, #84, #85, #98, #99, #100, #113, #114, #115, #128, #129, #130, #143, #144, #145, #158, #159, #160, #173, #174, #175, #188, #189, #190, #203, #204, #205, #218, #219, #220, #233, #234, #235, #248, #249, #250, #263, #264, #265, #278, #279, #280, #293, #294, #295, #308, #309, #310, #323, #324, #325, #338, #339, #340, #353, #354, #355, #368, #369, #370, #387, #388, #389, #390),(#391, #392, #393, #406, #407, #408, #421, #422, #423, #436, #437, #438, #451, #452, #453, #466, #467, #468, #481, #482, #483, #496, #497, #498, #511, #512, #513, #526, #527, #528, #541, #542, #543, #556, #557, #558, #571, #572, #573, #586, #587, #588, #601, #602, #603, #616, #617, #618, #631, #632, #633, #646, #647, #648, #661, #662, #663, #676, #677, #678, #691, #692, #693, #706, #707, #708, #709),(#394, #395, #396, #409, #410, #411, #424, #425, #426, #439, #440, #441, #454, #455, #456, #469, #470, #471, #484, #485, #486, #499, #500, #501, #514, #515, #516, #529, #530, #531, #544, #545, #546, #559, #560, #561, #574, #575, #576, #589, #590, #591, #604, #605, #606, #619, #620, #621, #634, #635, #636, #649, #650, #651, #664, #665, #666, #679, #680, #681, #694, #695, #696, #710, #711, #712, #713),(#397, #398, #399, #412, #413, #414, #427, #428, #429, #442, #443, #444, #457, #458, #459, #472, #473, #474, #487, #488, #489, #502, #503, #504, #517, #518, #519, #532, #533, #534, #547, #548, #549, #562, #563, #564, #577, #578, #579, #592, #593, #594, #607, #608, #609, #622, #623, #624, #637, #638, #639, #652, #653, #654, #667, #668, #669, #682, #683, #684, #697, #698, #699, #714, #715, #716, #717),(#400, #401, #402, #415, #416, #417, #430, #431, #432, #445, #446, #447, #460, #461, #462, #475, #476, #477, #490, #491, #492, #505, #506, #507, #520, #521, #522, #535, #536, #537, #550, #551, #552, #565, #566, #567, #580, #581, #582, #595, #596, #597, #610, #611, #612, #625, #626, #627, #640, #641, #642, #655, #656, #657, #670, #671, #672, #685, #686, #687, #700, #701, #702, #718, #719, #720, #721),(#403, #404, #405, #418, #419, #420, #433, #434, #435, #448, #449, #450, #463, #464, #465, #478, #479, #480, #493, #494, #495, #508, #509, #510, #523, #524, #525, #538, #539, #540, #553, #554, #555, #568, #569, #570, #583, #584, #585, #598, #599, #600, #613, #614, #615, #628, #629, #630, #643, #644, #645, #658, #659, #660, #673, #674, #675, #688, #689, #690, #703, #704, #705, #722, #723, #724, #725),(#726, #727, #728, #741, #742, #743, #756, #757, #758, #771, #772, #773, #786, #787, #788, #801, #802, #803, #816, #817, #818, #831, #832, #833, #846, #847, #848, #861, #862, #863, #876, #877, #878, #891, #892, #893, #906, #907, #908, #921, #922, #923, #936, #937, #938, #951, #952, #953, #966, #967, #968, #981, #982, #983, #996, #997, #998, #1011, #1012, #1013, #1026, #1027, #1028, #1041, #1042, #1043, #1044),(#729, #730, #731, #744, #745, #746, #759, #760, #761, #774, #775, #776, #789, #790, #791, #804, #805, #806, #819, #820, #821, #834, #835, #836, #849, #850, #851, #864, #865, #866, #879, #880, #881, #894, #895, #896, #909, #910, #911, #924, #925, #926, #939, #940, #941, #954, #955, #956, #969, #970, #971, #984, #985, #986, #999, #1000, #1001, #1014, #1015, #1016, #1029, #1030, #1031, #1045, #1046, #1047, #1048),(#732, #733, #734, #747, #748, #749, #762, #763, #764, #777, #778, #779, #792, #793, #794, #807, #808, #809, #822, #823, #824, #837, #838, #839, #852, #853, #854, #867, #868, #869, #882, #883, #884, #897, #898, #899, #912, #913, #914, #927, #928, #929, #942, #943, #944, #957, #958, #959, #972, #973, #974, #987, #988, #989, #1002, #1003, #1004, #1017, #1018, #1019, #1032, #1033, #1034, #1049, #1050, #1051, #1052),(#735, #736, #737, #750, #751, #752, #765, #766, #767, #780, #781, #782, #795, #796, #797, #810, #811, #812, #825, #826, #827, #840, #841, #842, #855, #856, #857, #870, #871, #872, #885, #886, #887, #900, #901, #902, #915, #916, #917, #930, #931, #932, #945, #946, #947, #960, #961, #962, #975, #976, #977, #990, #991, #992, #1005, #1006, #1007, #1020, #1021, #1022, #1035, #1036, #1037, #1053, #1054, #1055, #1056),(#738, #739, #740, #753, #754, #755, #768, #769, #770, #783, #784, #785, #798, #799, #800, #813, #814, #815, #828, #829, #830, #843, #844, #845, #858, #859, #860, #873, #874, #875, #888, #889, #890, #903, #904, #905, #918, #919, #920, #933, #934, #935, #948, #949, #950, #963, #964, #965, #978, #979, #980, #993, #994, #995, #1008, #1009, #1010, #1023, #1024, #1025, #1038, #1039, #1040, #1057, #1058, #1059, #1060),(#1061, #1062, #1063, #1079, #1080, #1081, #1097, #1098, #1099, #1115, #1116, #1117, #1133, #1134, #1135, #1151, #1152, #1153, #1169, #1170, #1171, #1187, #1188, #1189, #1205, #1206, #1207, #1223, #1224, #1225, #1241, #1242, #1243, #1259, #1260, #1261, #1277, #1278, #1279, #1295, #1296, #1297, #1313, #1314, #1315, #1331, #1332, #1333, #1349, #1350, #1351, #1367, #1368, #1369, #1385, #1386, #1387, #1403, #1404, #1405, #1421, #1422, #1423, #1439, #1440, #1441, #1442),(#1064, #1065, #1066, #1082, #1083, #1084, #1100, #1101, #1102, #1118, #1119, #1120, #1136, #1137, #1138, #1154, #1155, #1156, #1172, #1173, #1174, #1190, #1191, #1192, #1208, #1209, #1210, #1226, #1227, #1228, #1244, #1245, #1246, #1262, #1263, #1264, #1280, #1281, #1282, #1298, #1299, #1300, #1316, #1317, #1318, #1334, #1335, #1336, #1352, #1353, #1354, #1370, #1371, #1372, #1388, #1389, #1390, #1406, #1407, #1408, #1424, #1425, #1426, #1443, #1444, #1445, #1446),(#1067, #1068, #1069, #1085, #1086, #1087, #1103, #1104, #1105, #1121, #1122, #1123, #1139, #1140, #1141, #1157, #1158, #1159, #1175, #1176, #1177, #1193, #1194, #1195, #1211, #1212, #1213, #1229, #1230, #1231, #1247, #1248, #1249, #1265, #1266, #1267, #1283, #1284, #1285, #1301, #1302, #1303, #1319, #1320, #1321, #1337, #1338, #1339, #1355, #1356, #1357, #1373, #1374, #1375, #1391, #1392, #1393, #1409, #1410, #1411, #1427, #1428, #1429, #1447, #1448, #1449, #1450),(#1070, #1071, #1072, #1088, #1089, #1090, #1106, #1107, #1108, #1124, #1125, #1126, #1142, #1143, #1144, #1160, #1161, #1162, #1178, #1179, #1180, #1196, #1197, #1198, #1214, #1215, #1216, #1232, #1233, #1234, #1250, #1251, #1252, #1268, #1269, #1270, #1286, #1287, #1288, #1304, #1305, #1306, #1322, #1323, #1324, #1340, #1341, #1342, #1358, #1359, #1360, #1376, #1377, #1378, #1394, #1395, #1396, #1412, #1413, #1414, #1430, #1431, #1432, #1451, #1452, #1453, #1454),(#1073, #1074, #1075, #1091, #1092, #1093, #1109, #1110, #1111, #1127, #1128, #1129, #1145, #1146, #1147, #1163, #1164, #1165, #1181, #1182, #1183, #1199, #1200, #1201, #1217, #1218, #1219, #1235, #1236, #1237, #1253, #1254, #1255, #1271, #1272, #1273, #1289, #1290, #1291, #1307, #1308, #1309, #1325, #1326, #1327, #1343, #1344, #1345, #1361, #1362, #1363, #1379, #1380, #1381, #1397, #1398, #1399, #1415, #1416, #1417, #1433, #1434, #1435, #1455, #1456, #1457, #1458),(#1076, #1077, #1078, #1094, #1095, #1096, #1112, #1113, #1114, #1130, #1131, #1132, #1148, #1149, #1150, #1166, #1167, #1168, #1184, #1185, #1186, #1202, #1203, #1204, #1220, #1221, #1222, #1238, #1239, #1240, #1256, #1257, #1258, #1274, #1275, #1276, #1292, #1293, #1294, #1310, #1311, #1312, #1328, #1329, #1330, #1346, #1347, #1348, #1364, #1365, #1366, #1382, #1383, #1384, #1400, #1401, #1402, #1418, #1419, #1420, #1436, #1437, #1438, #1459, #1460, #1461, #1462)),.UNSPECIFIED.,.F.,.F.,.F.,(6,5,5,5,6),(4,3,3,3,3,3,3,3,3,3,3,3,3,3,3,3,3,3,3,3,3,3,4),(0.,1.,2.,3.,4.),(0.,1.,2.,3.,4.,5.,6.,7.,8.,9.,10.,11.,12.,13.,14.,15.,16.,17.,18.,19.,20.,21.,22.),.PIECEWISE_BEZIER_KNOTS.);
#56=CARTESIAN_POINT('',(0.,0.,0.));
#57=CARTESIAN_POINT('',(0.,0.,0.));
#58=CARTESIAN_POINT('',(0.,0.,0.));
#59=CARTESIAN_POINT('',(3.03192929884458E-18,-3.46944695195361E-19,-0.006));
#60=CARTESIAN_POINT('',(3.03192929884458E-18,0.00075,-0.006));
#61=CARTESIAN_POINT('',(2.90702920857425E-18,0.0015,-0.0058125));
#62=CARTESIAN_POINT('',(6.06385859768916E-18,-6.93889390390723E-19,-0.012));
#63=CARTESIAN_POINT('',(6.06385859768916E-18,0.0015,-0.012));
#64=CARTESIAN_POINT('',(5.8140584171485E-18,0.003,-0.011625));
#65=CARTESIAN_POINT('',(-2.10194935790042E-18,1.38777878078145E-18,-0.0258403726128414));
#66=CARTESIAN_POINT('',(-2.10194935790042E-18,0.00359610728773577,-0.0258403726128414));
#67=CARTESIAN_POINT('',(-1.97824987310351E-18,0.00699753323362087,-0.0251127251601874));
#68=CARTESIAN_POINT('',(-1.05097467895021E-18,6.93889390390723E-19,-0.0279201863064207));
#69=CARTESIAN_POINT('',(-1.05097467895021E-18,0.00386773498571855,-0.0279201863064207));
#70=CARTESIAN_POINT('',(-9.89124936551754E-19,0.00754078862958643,-0.0271362829155563));
#71=CARTESIAN_POINT('',(3.08148791101958E-34,0.,0.));
#72=CARTESIAN_POINT('',(0.,0.,-6.93889390390723E-19));
#73=CARTESIAN_POINT('',(0.,3.46944695195361E-19,-6.93889390390723E-19));
#74=CARTESIAN_POINT('',(2.7092707323129E-18,0.002203125,-0.005484375));
#75=CARTESIAN_POINT('',(2.61039149418222E-18,0.0025546875,-0.0053203125));
#76=CARTESIAN_POINT('',(2.49329765955378E-18,0.00289453125,-0.00512109375));
#77=CARTESIAN_POINT('',(5.41854146462579E-18,0.00440625,-0.01096875));
#78=CARTESIAN_POINT('',(5.22078298836443E-18,0.005109375,-0.010640625));
#79=CARTESIAN_POINT('',(4.98659531910757E-18,0.0057890625,-0.0102421875));
#80=CARTESIAN_POINT('',(-1.80094727822793E-18,0.0100826872962398,-0.0238023227688655));
#81=CARTESIAN_POINT('',(-1.71229598079014E-18,0.0116252643275493,-0.0231471215732046));
#82=CARTESIAN_POINT('',(-1.61024390583268E-18,0.0130887733880423,-0.0223462316428768));
#83=CARTESIAN_POINT('',(-9.00473639113964E-19,0.0108776809124929,-0.0257216071392238));
#84=CARTESIAN_POINT('',(-8.56147990395069E-19,0.0125461270539462,-0.0250142692510575));
#85=CARTESIAN_POINT('',(-8.05121952916341E-19,0.014130532855159,-0.0241492382665241));
#86=CARTESIAN_POINT('',(0.,0.,0.));
#87=CARTESIAN_POINT('',(0.,0.,-6.93889390390723E-19));
#88=CARTESIAN_POINT('',(0.,0.,0.));
#89=CARTESIAN_POINT('',(2.3644944414625E-18,0.003216796875,-0.004892578125));
#90=CARTESIAN_POINT('',(2.34839403920109E-18,0.003257080078125,-0.004864013671875));
#91=CARTESIAN_POINT('',(2.33211067782308E-18,0.00329708862304688,-0.00483499145507812));
#92=CARTESIAN_POINT('',(4.72898888292501E-18,0.00643359375,-0.00978515625));
#93=CARTESIAN_POINT('',(4.69678807840219E-18,0.00651416015625,-0.00972802734375));
#94=CARTESIAN_POINT('',(4.66422135564616E-18,0.00659417724609375,-0.00966998291015625));
#95=CARTESIAN_POINT('',(-1.50355310019534E-18,0.0144580156600417,-0.0214177645421302));
#96=CARTESIAN_POINT('',(-1.49021674949067E-18,0.0146291709440417,-0.0213017061545369));
#97=CARTESIAN_POINT('',(-1.47680791861913E-18,0.0147988533094714,-0.0211836543736558));
#98=CARTESIAN_POINT('',(-7.51776550097671E-19,0.0156132133137427,-0.0231456555612982));
#99=CARTESIAN_POINT('',(-7.45108374745337E-19,0.0157985483710657,-0.023020207723145));
#100=CARTESIAN_POINT('',(-7.38403959309566E-19,0.0159822939699101,-0.0228925950143559));
#101=CARTESIAN_POINT('',(3.08148791101958E-34,0.,0.));
#102=CARTESIAN_POINT('',(3.08148791101958E-34,6.93889390390723E-19,-6.93889390390723E-19));
#103=CARTESIAN_POINT('',(3.08148791101958E-34,0.,-6.93889390390723E-19));
#104=CARTESIAN_POINT('',(2.31565706282266E-18,0.00333681106567383,-0.00480552291870117));
#105=CARTESIAN_POINT('',(2.30743025532246E-18,0.00335667228698731,-0.0047907886505127));
#106=CARTESIAN_POINT('',(2.29916088441665E-18,0.00337646198272705,-0.0047759428024292));
#107=CARTESIAN_POINT('',(4.63131412564533E-18,0.00667362213134766,-0.00961104583740234));
#108=CARTESIAN_POINT('',(4.61486051064491E-18,0.00671334457397461,-0.00958157730102539));
#109=CARTESIAN_POINT('',(4.5983217688333E-18,0.0067529239654541,-0.0095518856048584));
#110=CARTESIAN_POINT('',(-1.46334372095345E-18,0.0149670330711402,-0.0210636445736358));
#111=CARTESIAN_POINT('',(-1.45661162212061E-18,0.0150511229519745,-0.0210036396736258));
#112=CARTESIAN_POINT('',(-1.44986568158924E-18,0.0151348371818686,-0.0209431452688311));
#113=CARTESIAN_POINT('',(-7.31671860476726E-19,0.0161644155692556,-0.0227628548204304));
#114=CARTESIAN_POINT('',(-7.28305811060306E-19,0.0162554763689284,-0.0226979847234677));
#115=CARTESIAN_POINT('',(-7.24932840794619E-19,0.0163461311687264,-0.0226325827552208));
#116=CARTESIAN_POINT('',(0.,0.,-6.93889390390723E-19));
#117=CARTESIAN_POINT('',(3.08148791101958E-34,6.93889390390723E-19,0.));
#118=CARTESIAN_POINT('',(0.,0.,0.));
#119=CARTESIAN_POINT('',(2.29085053829202E-18,0.00339617872238159,-0.00476098680496216));
#120=CARTESIAN_POINT('',(2.28981174502644E-18,0.00339864331483841,-0.00475911730527878));
#121=CARTESIAN_POINT('',(2.28877231152307E-18,0.0034011067673564,-0.00475724608451128));
#122=CARTESIAN_POINT('',(4.58170107658404E-18,0.00679235744476319,-0.00952197360992432));
#123=CARTESIAN_POINT('',(4.57962349005288E-18,0.00679728662967682,-0.00951823461055756));
#124=CARTESIAN_POINT('',(4.57754462304614E-18,0.00680221353471279,-0.00951449216902256));
#125=CARTESIAN_POINT('',(-1.44310803853092E-18,0.0152181720501737,-0.0208821657810203));
#126=CARTESIAN_POINT('',(-1.44226333314863E-18,0.0152285889087118,-0.020874543345044));
#127=CARTESIAN_POINT('',(-1.44141844491436E-18,0.0152389998397251,-0.0208669133296455));
#128=CARTESIAN_POINT('',(-7.2155401926546E-19,0.0164363756510222,-0.0225666535888772));
#129=CARTESIAN_POINT('',(-7.21131666574315E-19,0.0164476562113091,-0.0225584124430843));
#130=CARTESIAN_POINT('',(-7.20709222457178E-19,0.0164589303603852,-0.0225501630598211));
#131=CARTESIAN_POINT('',(3.08148791101958E-34,0.,0.));
#132=CARTESIAN_POINT('',(3.08148791101958E-34,0.,-6.93889390390723E-19));
#133=CARTESIAN_POINT('',(0.,6.93889390390723E-19,-6.93889390390723E-19));
#134=CARTESIAN_POINT('',(2.28773224088383E-18,0.00340356907714158,-0.00475537314545363));
#135=CARTESIAN_POINT('',(2.28721220556421E-18,0.00340480023203418,-0.00475443667592481));
#136=CARTESIAN_POINT('',(2.28669201096062E-18,0.00340603110124357,-0.00475349977682345));
#137=CARTESIAN_POINT('',(4.57546448176766E-18,0.00680713815428317,-0.00951074629090726));
#138=CARTESIAN_POINT('',(4.57442441112842E-18,0.00680960046406835,-0.00950887335184962));
#139=CARTESIAN_POINT('',(4.57338402192124E-18,0.00681206220248714,-0.00950699955364689));
#140=CARTESIAN_POINT('',(-1.44057337800617E-18,0.0152494048359662,-0.0208592757434612));
#141=CARTESIAN_POINT('',(-1.44015084455208E-18,0.0152546073340868,-0.020855456950369));
#142=CARTESIAN_POINT('',(-1.4397282664295E-18,0.0152598083485143,-0.0208516362645804));
#143=CARTESIAN_POINT('',(-7.20286689003085E-19,0.0164701980898173,-0.0225419054482149));
#144=CARTESIAN_POINT('',(-7.20075422276038E-19,0.0164758319545334,-0.0225377766424119));
#145=CARTESIAN_POINT('',(-7.19864133214752E-19,0.0164814642143385,-0.0225336457795231));
#146=CARTESIAN_POINT('',(3.08148791101958E-34,0.,0.));
#147=CARTESIAN_POINT('',(0.,0.,0.));
#148=CARTESIAN_POINT('',(0.,0.,0.));
#149=CARTESIAN_POINT('',(2.28617165746081E-18,0.00340726168442052,-0.00475256244849879));
#150=CARTESIAN_POINT('',(2.285651303961E-18,0.00340849226759747,-0.00475162512017414));
#151=CARTESIAN_POINT('',(2.28513079156496E-18,0.00340972256474197,-0.00475068736262619));
#152=CARTESIAN_POINT('',(4.57234331492162E-18,0.00681452336884104,-0.00950512489699758));
#153=CARTESIAN_POINT('',(4.57130260792199E-18,0.00681698453519493,-0.00950325024034828));
#154=CARTESIAN_POINT('',(4.57026158312992E-18,0.00681944512948394,-0.00950137472525239));
#155=CARTESIAN_POINT('',(-1.43930564416071E-18,0.0152650078783428,-0.0208478136871748));
#156=CARTESIAN_POINT('',(-1.43888302189192E-18,0.0152702074081713,-0.0208439911097692));
#157=CARTESIAN_POINT('',(-1.43846035547691E-18,0.0152754054534009,-0.0208401666407467));
#158=CARTESIAN_POINT('',(-7.19652822080356E-19,0.0164870948681786,-0.0225295128606894));
#159=CARTESIAN_POINT('',(-7.1944151094596E-19,0.0164927255220186,-0.0225253799418558));
#160=CARTESIAN_POINT('',(-7.19230177738454E-19,0.0164983545698936,-0.0225212449670773));
#161=CARTESIAN_POINT('',(0.,0.,-6.93889390390723E-19));
#162=CARTESIAN_POINT('',(3.08148791101958E-34,0.,-6.93889390390723E-19));
#163=CARTESIAN_POINT('',(3.08148791101958E-34,0.,0.));
#164=CARTESIAN_POINT('',(2.28461012066044E-18,0.00341095257550478,-0.0047497491762042));
#165=CARTESIAN_POINT('',(2.28252743704234E-18,0.00341587261855602,-0.00474599643051624));
#166=CARTESIAN_POINT('',(2.28044221728849E-18,0.0034207880795002,-0.00474223682284355));
#167=CARTESIAN_POINT('',(4.56922024132087E-18,0.00682190515100956,-0.00949949835240841));
#168=CARTESIAN_POINT('',(4.56505487408469E-18,0.00683174523711205,-0.00949199286103249));
#169=CARTESIAN_POINT('',(4.56088443457699E-18,0.0068415761590004,-0.0094844736456871));
#170=CARTESIAN_POINT('',(-1.43803764543794E-18,0.0152806020131256,-0.0208363402811868));
#171=CARTESIAN_POINT('',(-1.43634680528204E-18,0.0153013882520243,-0.0208210348429472));
#172=CARTESIAN_POINT('',(-1.43465526714278E-18,0.0153221507228449,-0.0208056991561093));
#173=CARTESIAN_POINT('',(-7.19018822718968E-19,0.0165039820107494,-0.022517107937495));
#174=CARTESIAN_POINT('',(-7.18173402641022E-19,0.0165264917741726,-0.0225005598191656));
#175=CARTESIAN_POINT('',(-7.17327633571388E-19,0.0165489758252891,-0.0224839788239736));
#176=CARTESIAN_POINT('',(0.,0.,-6.93889390390723E-19));
#177=CARTESIAN_POINT('',(3.08148791101958E-34,0.,0.));
#178=CARTESIAN_POINT('',(0.,0.,-6.93889390390723E-19));
#179=CARTESIAN_POINT('',(2.2783544862143E-18,0.00342569893598557,-0.00473847037553787));
#180=CARTESIAN_POINT('',(2.27417902406592E-18,0.0034355206489563,-0.00473093748092651));
#181=CARTESIAN_POINT('',(2.26999351663618E-18,0.0034453239440918,-0.0047233772277832));
#182=CARTESIAN_POINT('',(4.55670897242861E-18,0.00685139787197113,-0.00947694075107574));
#183=CARTESIAN_POINT('',(4.54835804813185E-18,0.0068710412979126,-0.00946187496185302));
#184=CARTESIAN_POINT('',(4.53998703327237E-18,0.0068906478881836,-0.0094467544555664));
#185=CARTESIAN_POINT('',(-1.43296306444468E-18,0.0153428893676083,-0.0207903332897631));
#186=CARTESIAN_POINT('',(-1.4295786590485E-18,0.0153843666571352,-0.0207596015570707));
#187=CARTESIAN_POINT('',(-1.42619159541703E-18,0.0154257486424336,-0.0207287491063454));
#188=CARTESIAN_POINT('',(-7.16481532222342E-19,0.0165714340966357,-0.0224673650249378));
#189=CARTESIAN_POINT('',(-7.14789329524251E-19,0.016616350639329,-0.0224341374268661));
#190=CARTESIAN_POINT('',(-7.13095797708517E-19,0.0166611640629434,-0.0224007786134186));
#191=CARTESIAN_POINT('',(0.,6.93889390390723E-19,0.));
#192=CARTESIAN_POINT('',(3.08148791101958E-34,0.,-6.93889390390723E-19));
#193=CARTESIAN_POINT('',(0.,0.,0.));
#194=CARTESIAN_POINT('',(2.26579816244843E-18,0.00345510864257813,-0.00471578979492187));
#195=CARTESIAN_POINT('',(2.23223532894643E-18,0.00353338623046875,-0.00465509033203125));
#196=CARTESIAN_POINT('',(2.19804230293167E-18,0.0036104736328125,-0.0045926513671875));
#197=CARTESIAN_POINT('',(4.53159632489687E-18,0.00691021728515625,-0.00943157958984375));
#198=CARTESIAN_POINT('',(4.46447065789286E-18,0.0070667724609375,-0.0093101806640625));
#199=CARTESIAN_POINT('',(4.39608460586333E-18,0.007220947265625,-0.009185302734375));
#200=CARTESIAN_POINT('',(-1.42280214094673E-18,0.0154670348596726,-0.0206977764903082));
#201=CARTESIAN_POINT('',(-1.39568650518428E-18,0.0157973245975846,-0.0204499955620106));
#202=CARTESIAN_POINT('',(-1.36841785573621E-18,0.0161214851796896,-0.0201945240537532));
#203=CARTESIAN_POINT('',(-7.11401070473364E-19,0.0167058738277752,-0.0223672891687439));
#204=CARTESIAN_POINT('',(-6.9784325259214E-19,0.0170635519464302,-0.0220993736113458));
#205=CARTESIAN_POINT('',(-6.84208927868105E-19,0.0174145959030085,-0.0218230976553993));
#206=CARTESIAN_POINT('',(0.,0.,0.));
#207=CARTESIAN_POINT('',(3.08148791101958E-34,0.,-6.93889390390723E-19));
#208=CARTESIAN_POINT('',(0.,0.,0.));
#209=CARTESIAN_POINT('',(2.16332072835782E-18,0.003686279296875,-0.004528564453125));
#210=CARTESIAN_POINT('',(2.09387757921012E-18,0.003837890625,-0.004400390625));
#211=CARTESIAN_POINT('',(2.02232023582608E-18,0.003984375,-0.004265625));
#212=CARTESIAN_POINT('',(4.32664145671564E-18,0.00737255859375,-0.00905712890625));
#213=CARTESIAN_POINT('',(4.18775515842024E-18,0.00767578125,-0.00880078125));
#214=CARTESIAN_POINT('',(4.04464047165216E-18,0.00796875,-0.00853125));
#215=CARTESIAN_POINT('',(-1.34113309958439E-18,0.0164392791244613,-0.0199316449587274));
#216=CARTESIAN_POINT('',(-1.28656358728075E-18,0.0170748670140046,-0.0194058867686759));
#217=CARTESIAN_POINT('',(-1.23192964816211E-18,0.0176849883542151,-0.0188504982315507));
#218=CARTESIAN_POINT('',(-6.70566549792195E-19,0.0177587293693478,-0.0215387603848993));
#219=CARTESIAN_POINT('',(-6.43281793640375E-19,0.0184469963020264,-0.0209700858438994));
#220=CARTESIAN_POINT('',(-6.15964824081056E-19,0.0191076212737492,-0.0203691660446857));
#221=CARTESIAN_POINT('',(0.,0.,0.));
#222=CARTESIAN_POINT('',(0.,0.,0.));
#223=CARTESIAN_POINT('',(3.08148791101958E-34,0.,-6.93889390390723E-19));
#224=CARTESIAN_POINT('',(1.94946184983505E-18,0.004125,-0.004125));
#225=CARTESIAN_POINT('',(1.87660346384403E-18,0.004265625,-0.003984375));
#226=CARTESIAN_POINT('',(1.80244403524602E-18,0.004400390625,-0.003837890625));
#227=CARTESIAN_POINT('',(3.89892369967011E-18,0.00825,-0.00825));
#228=CARTESIAN_POINT('',(3.75320692768805E-18,0.00853125,-0.00796874999999999));
#229=CARTESIAN_POINT('',(3.60488807049204E-18,0.00880078125,-0.00767578125));
#230=CARTESIAN_POINT('',(-1.17832653808345E-18,0.0182677432928829,-0.0182677432928829));
#231=CARTESIAN_POINT('',(-1.12472342800478E-18,0.0188504982315507,-0.017684988354215));
#232=CARTESIAN_POINT('',(-1.07215114696609E-18,0.0194058867686759,-0.0170748670140046));
#233=CARTESIAN_POINT('',(-5.89163269041724E-19,0.0197383936592174,-0.0197383936592174));
#234=CARTESIAN_POINT('',(-5.62361714002392E-19,0.0203691660446857,-0.0191076212737492));
#235=CARTESIAN_POINT('',(-5.36075573483047E-19,0.0209700858438994,-0.0184469963020264));
#236=CARTESIAN_POINT('',(0.,0.,0.));
#237=CARTESIAN_POINT('',(0.,0.,-6.93889390390723E-19));
#238=CARTESIAN_POINT('',(3.08148791101958E-34,0.,0.));
#239=CARTESIAN_POINT('',(1.72779671567039E-18,0.004528564453125,-0.003686279296875));
#240=CARTESIAN_POINT('',(1.69047305588258E-18,0.0045926513671875,-0.0036104736328125));
#241=CARTESIAN_POINT('',(1.65302742335036E-18,0.00465509033203125,-0.00353338623046875));
#242=CARTESIAN_POINT('',(3.45559343134078E-18,0.00905712890625,-0.00737255859375));
#243=CARTESIAN_POINT('',(3.38094611176516E-18,0.009185302734375,-0.007220947265625));
#244=CARTESIAN_POINT('',(3.30605484670072E-18,0.0093101806640625,-0.0070667724609375));
#245=CARTESIAN_POINT('',(-1.02093182904237E-18,0.0199316449587275,-0.0164392791244612));
#246=CARTESIAN_POINT('',(-9.9532217008051E-19,0.0201945240537532,-0.0161214851796896));
#247=CARTESIAN_POINT('',(-9.7005075189739E-19,0.0204499955620106,-0.0157973245975846));
#248=CARTESIAN_POINT('',(-5.10465914521186E-19,0.0215387603848993,-0.0177587293693478));
#249=CARTESIAN_POINT('',(-4.97661085040255E-19,0.0218230976553993,-0.0174145959030085));
#250=CARTESIAN_POINT('',(-4.85025375948695E-19,0.0220993736113458,-0.0170635519464302));
#251=CARTESIAN_POINT('',(3.08148791101958E-34,0.,0.));
#252=CARTESIAN_POINT('',(0.,0.,0.));
#253=CARTESIAN_POINT('',(0.,6.93889390390723E-19,0.));
#254=CARTESIAN_POINT('',(1.61556146202741E-18,0.00471578979492188,-0.00345510864257812));
#255=CARTESIAN_POINT('',(1.61087821686204E-18,0.0047233772277832,-0.00344532394409179));
#256=CARTESIAN_POINT('',(1.60619465405931E-18,0.00473093748092651,-0.0034355206489563));
#257=CARTESIAN_POINT('',(3.23112292405482E-18,0.00943157958984375,-0.00691021728515624));
#258=CARTESIAN_POINT('',(3.22175643372408E-18,0.00944675445556641,-0.00689064788818359));
#259=CARTESIAN_POINT('',(3.21238930811863E-18,0.00946187496185303,-0.00687104129791259));
#260=CARTESIAN_POINT('',(-9.45157841252386E-19,0.0206977764903082,-0.0154670348596726));
#261=CARTESIAN_POINT('',(-9.4204622742176E-19,0.0207287491063454,-0.0154257486424336));
#262=CARTESIAN_POINT('',(-9.38940527771418E-19,0.0207596015570707,-0.0153843666571351));
#263=CARTESIAN_POINT('',(-4.72578920626193E-19,0.0223672891687439,-0.0167058738277752));
#264=CARTESIAN_POINT('',(-4.7102311371088E-19,0.0224007786134186,-0.0166611640629433));
#265=CARTESIAN_POINT('',(-4.69470263885709E-19,0.0224341374268661,-0.016616350639329));
#266=CARTESIAN_POINT('',(3.08148791101958E-34,6.93889390390723E-19,-6.93889390390723E-19));
#267=CARTESIAN_POINT('',(3.08148791101958E-34,0.,0.));
#268=CARTESIAN_POINT('',(0.,0.,0.));
#269=CARTESIAN_POINT('',(1.60151097214258E-18,0.00473847037553787,-0.00342569893598556));
#270=CARTESIAN_POINT('',(1.59916913118422E-18,0.00474223682284355,-0.0034207880795002));
#271=CARTESIAN_POINT('',(1.59682726044735E-18,0.00474599643051624,-0.00341587261855602));
#272=CARTESIAN_POINT('',(3.20302194428517E-18,0.00947694075107575,-0.00685139787197113));
#273=CARTESIAN_POINT('',(3.19833826236843E-18,0.0094844736456871,-0.00684157615900039));
#274=CARTESIAN_POINT('',(3.1936545208947E-18,0.00949199286103249,-0.00683174523711204));
#275=CARTESIAN_POINT('',(-9.35840820947373E-19,0.0207903332897631,-0.0153428893676083));
#276=CARTESIAN_POINT('',(-9.3429096753535E-19,0.0208056991561093,-0.0153221507228449));
#277=CARTESIAN_POINT('',(-9.32742612329902E-19,0.0208210348429473,-0.0153013882520243));
#278=CARTESIAN_POINT('',(-4.67920410473686E-19,0.0224673650249378,-0.0165714340966357));
#279=CARTESIAN_POINT('',(-4.67145483767675E-19,0.0224839788239737,-0.0165489758252891));
#280=CARTESIAN_POINT('',(-4.66371306164951E-19,0.0225005598191656,-0.0165264917741726));
#281=CARTESIAN_POINT('',(0.,0.,0.));
#282=CARTESIAN_POINT('',(0.,6.93889390390723E-19,0.));
#283=CARTESIAN_POINT('',(0.,0.,0.));
#284=CARTESIAN_POINT('',(1.5944853847474E-18,0.00474974917620421,-0.00341095257550478));
#285=CARTESIAN_POINT('',(1.59389991582241E-18,0.0047506873626262,-0.00340972256474197));
#286=CARTESIAN_POINT('',(1.59331444658723E-18,0.00475162512017414,-0.00340849226759746));
#287=CARTESIAN_POINT('',(3.18897076949479E-18,0.00949949835240841,-0.00682190515100956));
#288=CARTESIAN_POINT('',(3.18779983164482E-18,0.00950137472525239,-0.00681944512948393));
#289=CARTESIAN_POINT('',(3.18662889317445E-18,0.00950325024034828,-0.00681698453519493));
#290=CARTESIAN_POINT('',(-9.3119576516178E-19,0.0208363402811868,-0.0152806020131256));
#291=CARTESIAN_POINT('',(-9.30809053369749E-19,0.0208401666407467,-0.0152754054534009));
#292=CARTESIAN_POINT('',(-9.30422435830052E-19,0.0208439911097692,-0.0152702074081713));
#293=CARTESIAN_POINT('',(-4.6559788258089E-19,0.022517107937495,-0.0165039820107494));
#294=CARTESIAN_POINT('',(-4.65404526684875E-19,0.0225212449670773,-0.0164983545698936));
#295=CARTESIAN_POINT('',(-4.65211217915026E-19,0.0225253799418558,-0.0164927255220186));
#296=CARTESIAN_POINT('',(0.,6.93889390390723E-19,0.));
#297=CARTESIAN_POINT('',(0.,6.93889390390723E-19,0.));
#298=CARTESIAN_POINT('',(0.,6.93889390390723E-19,0.));
#299=CARTESIAN_POINT('',(1.59272897742959E-18,0.00475256244849879,-0.00340726168442052));
#300=CARTESIAN_POINT('',(1.59214350827196E-18,0.00475349977682345,-0.00340603110124357));
#301=CARTESIAN_POINT('',(1.59155803919188E-18,0.00475443667592481,-0.00340480023203418));
#302=CARTESIAN_POINT('',(3.18545795485919E-18,0.00950512489699759,-0.00681452336884103));
#303=CARTESIAN_POINT('',(3.18428701654392E-18,0.00950699955364689,-0.00681206220248714));
#304=CARTESIAN_POINT('',(3.18311607838376E-18,0.00950887335184962,-0.00680960046406835));
#305=CARTESIAN_POINT('',(-9.30035912696293E-19,0.0208478136871748,-0.0152650078783428));
#306=CARTESIAN_POINT('',(-9.29649389562534E-19,0.0208516362645804,-0.0152598083485143));
#307=CARTESIAN_POINT('',(-9.29262960834713E-19,0.020855456950369,-0.0152546073340868));
#308=CARTESIAN_POINT('',(-4.65017956348146E-19,0.0225295128606894,-0.0164870948681786));
#309=CARTESIAN_POINT('',(-4.64824694781267E-19,0.0225336457795231,-0.0164814642143385));
#310=CARTESIAN_POINT('',(-4.64631480417356E-19,0.0225377766424119,-0.0164758319545334));
#311=CARTESIAN_POINT('',(0.,0.,0.));
#312=CARTESIAN_POINT('',(3.08148791101958E-34,0.,0.));
#313=CARTESIAN_POINT('',(0.,0.,0.));
#314=CARTESIAN_POINT('',(1.59097257057708E-18,0.00475537314545363,-0.00340356907714158));
#315=CARTESIAN_POINT('',(1.58980163334749E-18,0.00475724608451128,-0.0034011067673564));
#316=CARTESIAN_POINT('',(1.58863069797906E-18,0.00475911730527878,-0.00339864331483841));
#317=CARTESIAN_POINT('',(3.18194514115417E-18,0.00951074629090727,-0.00680713815428316));
#318=CARTESIAN_POINT('',(3.17960326669499E-18,0.00951449216902256,-0.00680221353471279));
#319=CARTESIAN_POINT('',(3.17726139595812E-18,0.00951823461055756,-0.00679728662967682));
#320=CARTESIAN_POINT('',(-9.28876626666436E-19,0.0208592757434612,-0.0152494048359662));
#321=CARTESIAN_POINT('',(-9.28103958329882E-19,0.0208669133296455,-0.0152389998397251));
#322=CARTESIAN_POINT('',(-9.27331668231503E-19,0.020874543345044,-0.0152285889087118));
#323=CARTESIAN_POINT('',(-4.64438313333218E-19,0.0225419054482149,-0.0164701980898173));
#324=CARTESIAN_POINT('',(-4.64051979164941E-19,0.0225501630598211,-0.0164589303603851));
#325=CARTESIAN_POINT('',(-4.63665834115752E-19,0.0225584124430843,-0.0164476562113091));
#326=CARTESIAN_POINT('',(0.,6.93889390390723E-19,0.));
#327=CARTESIAN_POINT('',(0.,6.93889390390723E-19,0.));
#328=CARTESIAN_POINT('',(0.,6.93889390390723E-19,0.));
#329=CARTESIAN_POINT('',(1.58745976757371E-18,0.00476098680496216,-0.00339617872238159));
#330=CARTESIAN_POINT('',(1.5780923243309E-18,0.0047759428024292,-0.00337646198272705));
#331=CARTESIAN_POINT('',(1.56872519872546E-18,0.0047907886505127,-0.0033566722869873));
#332=CARTESIAN_POINT('',(3.17491953514742E-18,0.00952197360992432,-0.00679235744476318));
#333=CARTESIAN_POINT('',(3.15618464866181E-18,0.0095518856048584,-0.0067529239654541));
#334=CARTESIAN_POINT('',(3.13745039745091E-18,0.00958157730102539,-0.00671334457397461));
#335=CARTESIAN_POINT('',(-9.26559757600144E-19,0.0208821657810203,-0.0152181720501737));
#336=CARTESIAN_POINT('',(-9.20384472549273E-19,0.0209431452688311,-0.0151348371818686));
#337=CARTESIAN_POINT('',(-9.14233473387649E-19,0.0210036396736258,-0.0150511229519745));
#338=CARTESIAN_POINT('',(-4.63279878800072E-19,0.0225666535888772,-0.0164363756510222));
#339=CARTESIAN_POINT('',(-4.60192236274636E-19,0.0226325827552208,-0.0163461311687264));
#340=CARTESIAN_POINT('',(-4.57116736693824E-19,0.0226979847234677,-0.0162554763689284));
#341=CARTESIAN_POINT('',(0.,6.93889390390723E-19,-6.93889390390723E-19));
#342=CARTESIAN_POINT('',(0.,0.,0.));
#343=CARTESIAN_POINT('',(3.08148791101958E-34,0.,0.));
#344=CARTESIAN_POINT('',(1.55935997894414E-18,0.00480552291870117,-0.00333681106567383));
#345=CARTESIAN_POINT('',(1.5406295393815E-18,0.00483499145507813,-0.00329708862304687));
#346=CARTESIAN_POINT('',(1.5219067231154E-18,0.004864013671875,-0.003257080078125));
#347=CARTESIAN_POINT('',(3.11871995788828E-18,0.00961104583740235,-0.00667362213134766));
#348=CARTESIAN_POINT('',(3.08125907876301E-18,0.00966998291015625,-0.00659417724609375));
#349=CARTESIAN_POINT('',(3.04381344623079E-18,0.00972802734375,-0.00651416015625));
#350=CARTESIAN_POINT('',(-9.08107389283387E-19,0.0210636445736358,-0.0149670330711401));
#351=CARTESIAN_POINT('',(-8.95855221074865E-19,0.0211836543736558,-0.0147988533094714));
#352=CARTESIAN_POINT('',(-8.83702713095793E-19,0.0213017061545369,-0.0146291709440417));
#353=CARTESIAN_POINT('',(-4.54053694641694E-19,0.0227628548204304,-0.0161644155692556));
#354=CARTESIAN_POINT('',(-4.47927610537432E-19,0.0228925950143559,-0.0159822939699101));
#355=CARTESIAN_POINT('',(-4.41851356547896E-19,0.023020207723145,-0.0157985483710657));
#356=CARTESIAN_POINT('',(0.,6.93889390390723E-19,0.));
#357=CARTESIAN_POINT('',(0.,0.,0.));
#358=CARTESIAN_POINT('',(1.54074395550979E-34,0.,0.));
#359=CARTESIAN_POINT('',(1.50320423564002E-18,0.004892578125,-0.003216796875));
#360=CARTESIAN_POINT('',(1.35358433583702E-18,0.00512109375,-0.00289453125));
#361=CARTESIAN_POINT('',(1.205265478641E-18,0.0053203125,-0.0025546875));
#362=CARTESIAN_POINT('',(3.00640847128004E-18,0.00978515625,-0.00643359375));
#363=CARTESIAN_POINT('',(2.70716867167404E-18,0.0102421875,-0.0057890625));
#364=CARTESIAN_POINT('',(2.41053095728201E-18,0.010640625,-0.005109375));
#365=CARTESIAN_POINT('',(-8.71654898691093E-19,0.0214177645421302,-0.0144580156600417));
#366=CARTESIAN_POINT('',(-7.75272383453496E-19,0.0223462316428768,-0.0130887733880423));
#367=CARTESIAN_POINT('',(-6.85590256975731E-19,0.0231471215732046,-0.0116252643275493));
#368=CARTESIAN_POINT('',(-4.35827449345546E-19,0.0231456555612982,-0.0156132133137427));
#369=CARTESIAN_POINT('',(-3.87636191726748E-19,0.0241492382665241,-0.014130532855159));
#370=CARTESIAN_POINT('',(-3.42795128487866E-19,0.0250142692510575,-0.0125461270539462));
#371=CARTESIAN_POINT('',(0.,0.,-3.46944695195361E-19));
#372=CARTESIAN_POINT('',(0.,0.,0.));
#373=CARTESIAN_POINT('',(7.70371977754894E-35,0.,0.));
#374=CARTESIAN_POINT('',(0.,0.,0.));
#375=CARTESIAN_POINT('',(1.06475287708688E-18,0.005484375,-0.002203125));
#376=CARTESIAN_POINT('',(7.8372767397864E-19,0.0058125,-0.0015));
#377=CARTESIAN_POINT('',(5.33927493437979E-19,0.006,-0.00075));
#378=CARTESIAN_POINT('',(3.67394039744206E-19,0.006,0.));
#379=CARTESIAN_POINT('',(2.12950575417376E-18,0.01096875,-0.00440625));
#380=CARTESIAN_POINT('',(1.56745534795728E-18,0.011625,-0.003));
#381=CARTESIAN_POINT('',(1.06785498687596E-18,0.012,-0.0015));
#382=CARTESIAN_POINT('',(7.34788079488412E-19,0.012,0.));
#383=CARTESIAN_POINT('',(-6.05185591857736E-19,0.0238023227688655,-0.0100826872962398));
#384=CARTESIAN_POINT('',(-4.44376261621745E-19,0.0251127251601874,-0.00699753323362086));
#385=CARTESIAN_POINT('',(-3.20676776824829E-19,0.0258403726128414,-0.00359610728773576));
#386=CARTESIAN_POINT('',(-2.54703718266473E-19,0.0258403726128414,0.));
#387=CARTESIAN_POINT('',(-3.02592795928868E-19,0.0257216071392238,-0.0108776809124929));
#388=CARTESIAN_POINT('',(-2.22188130810872E-19,0.0271362829155564,-0.00754078862958643));
#389=CARTESIAN_POINT('',(-1.60338388412414E-19,0.0279201863064207,-0.00386773498571855));
#390=CARTESIAN_POINT('',(-1.27351859133237E-19,0.0279201863064207,0.));
#391=CARTESIAN_POINT('',(0.,0.,-0.03));
#392=CARTESIAN_POINT('',(0.,0.00413936268370133,-0.03));
#393=CARTESIAN_POINT('',(0.,0.008084044025552,-0.0291598406709253));
#394=CARTESIAN_POINT('',(1.05097467895021E-18,-6.93889390390723E-19,-0.0320798136935793));
#395=CARTESIAN_POINT('',(1.05097467895021E-18,0.00441099038168412,-0.0320798136935793));
#396=CARTESIAN_POINT('',(9.89124936551754E-19,0.00862729942151757,-0.0311833984262943));
#397=CARTESIAN_POINT('',(2.10194935790042E-18,-1.38777878078145E-18,-0.0341596273871586));
#398=CARTESIAN_POINT('',(2.10194935790042E-18,0.0046826180796669,-0.0341596273871586));
#399=CARTESIAN_POINT('',(1.97824987310351E-18,0.00917055481748313,-0.0332069561816633));
#400=CARTESIAN_POINT('',(0.000342730636335134,7.80625564189563E-19,-0.0384332533461084));
#401=CARTESIAN_POINT('',(0.000342730636335136,0.00533297214299739,-0.0384332533461084));
#402=CARTESIAN_POINT('',(0.000342730636335137,0.010390145718373,-0.0373530272174711));
#403=CARTESIAN_POINT('',(0.00299804751036929,1.73472347597681E-19,-0.0407668219220172));
#404=CARTESIAN_POINT('',(0.00299804751036929,0.0056377407202579,-0.0407668219220173));
#405=CARTESIAN_POINT('',(0.00299804751036929,0.010999682872894,-0.0396234761543367));
#406=CARTESIAN_POINT('',(0.,0.011672674528746,-0.027640891509582));
#407=CARTESIAN_POINT('',(0.,0.013466989780343,-0.0268814169289103));
#408=CARTESIAN_POINT('',(0.,0.0151722923222758,-0.0259522448901715));
#409=CARTESIAN_POINT('',(9.00473639113964E-19,0.0124676681449991,-0.0295601758799402));
#410=CARTESIAN_POINT('',(8.56147990395069E-19,0.0143878525067398,-0.0287485646067632));
#411=CARTESIAN_POINT('',(8.05121952916341E-19,0.0162140517893926,-0.0277552515138189));
#412=CARTESIAN_POINT('',(1.80094727822793E-18,0.0132626617612522,-0.0314794602502985));
#413=CARTESIAN_POINT('',(1.71229598079014E-18,0.0153087152331367,-0.030615712284616));
#414=CARTESIAN_POINT('',(1.61024390583268E-18,0.0172558112565094,-0.0295582581374662));
#415=CARTESIAN_POINT('',(0.000342730636335139,0.0149818046661278,-0.0354050726807052));
#416=CARTESIAN_POINT('',(0.00034273063633514,0.0172776341400052,-0.0344310954123223));
#417=CARTESIAN_POINT('',(0.000342730636335141,0.0194570849569774,-0.0332401860419073));
#418=CARTESIAN_POINT('',(0.00299804751036929,0.0158737942355126,-0.0375585259966093));
#419=CARTESIAN_POINT('',(0.00299804751036929,0.0183108499168219,-0.0365260509177456));
#420=CARTESIAN_POINT('',(0.0029980475103693,0.0206259479006268,-0.0352631747413701));
#421=CARTESIAN_POINT('',(0.,0.0167684109674437,-0.0248735465804662));
#422=CARTESIAN_POINT('',(0.,0.0169679257980897,-0.0247387092917531));
#423=CARTESIAN_POINT('',(0.,0.0171657346303488,-0.0246015356550561));
#424=CARTESIAN_POINT('',(7.51776550097671E-19,0.0179236086211447,-0.0266014375996343));
#425=CARTESIAN_POINT('',(7.45108374745337E-19,0.0181373032251138,-0.0264572108603612));
#426=CARTESIAN_POINT('',(7.38403959309566E-19,0.0183491752907875,-0.0263104762957562));
#427=CARTESIAN_POINT('',(1.50355310019534E-18,0.0190788062748458,-0.0283293286188023));
#428=CARTESIAN_POINT('',(1.49021674949067E-18,0.0193066806521378,-0.0281757124289693));
#429=CARTESIAN_POINT('',(1.47680791861913E-18,0.0195326159512261,-0.0280194169364564));
#430=CARTESIAN_POINT('',(0.00034273063633514,0.0214964426095446,-0.0318589067845237));
#431=CARTESIAN_POINT('',(0.000342730636335141,0.0217513623161155,-0.0316862468773507));
#432=CARTESIAN_POINT('',(0.000342730636335141,0.0220040930669925,-0.0315106124406939));
#433=CARTESIAN_POINT('',(0.00299804751036929,0.0227925841591278,-0.0337976151396872));
#434=CARTESIAN_POINT('',(0.0029980475103693,0.0230634136914404,-0.0336144201894768));
#435=CARTESIAN_POINT('',(0.0029980475103693,0.0233319235092952,-0.033428058310746));
#436=CARTESIAN_POINT('',(0.,0.0173617980673711,-0.024462065067225));
#437=CARTESIAN_POINT('',(0.,0.0174598297858822,-0.0243923297733095));
#438=CARTESIAN_POINT('',(0.,0.0175574251555842,-0.0243220202416105));
#439=CARTESIAN_POINT('',(7.31671860476726E-19,0.0185591805654865,-0.0261612753140196));
#440=CARTESIAN_POINT('',(7.28305811060306E-19,0.018664183202836,-0.0260866748231513));
#441=CARTESIAN_POINT('',(7.24932840794619E-19,0.0187687191424419,-0.0260114577280001));
#442=CARTESIAN_POINT('',(1.46334372095345E-18,0.019756563063602,-0.0278604855608142));
#443=CARTESIAN_POINT('',(1.45661162212061E-18,0.0198685366197899,-0.0277810198729932));
#444=CARTESIAN_POINT('',(1.44986568158924E-18,0.0199800131292997,-0.0277008952143898));
#445=CARTESIAN_POINT('',(0.000342730636335141,0.0222545885447783,-0.0313320553538795));
#446=CARTESIAN_POINT('',(0.000342730636335141,0.0223798362836712,-0.0312427768104723));
#447=CARTESIAN_POINT('',(0.000342730636335141,0.0225045252042912,-0.0311527676045257));
#448=CARTESIAN_POINT('',(0.0029980475103693,0.0235980618470128,-0.0332385836395733));
#449=CARTESIAN_POINT('',(0.0029980475103693,0.0237311310158716,-0.0331438463039869));
#450=CARTESIAN_POINT('',(0.0029980475103693,0.0238636073146961,-0.0330483307702901));
#451=CARTESIAN_POINT('',(0.,0.0176545792518707,-0.0242511413967342));
#452=CARTESIAN_POINT('',(0.,0.0176667235139065,-0.0242422815411246));
#453=CARTESIAN_POINT('',(1.54074395550979E-34,0.0176788608810452,-0.0242334127899967));
#454=CARTESIAN_POINT('',(7.2155401926546E-19,0.0188727828527192,-0.0259356292045911));
#455=CARTESIAN_POINT('',(7.21131666574315E-19,0.0188857908165039,-0.0259261506391649));
#456=CARTESIAN_POINT('',(7.20709222457178E-19,0.0188987914017053,-0.0259166625201723));
#457=CARTESIAN_POINT('',(1.44310803853092E-18,0.0200909864535677,-0.027620117012448));
#458=CARTESIAN_POINT('',(1.44226333314863E-18,0.0201048581191012,-0.0276100197372053));
#459=CARTESIAN_POINT('',(1.44141844491436E-18,0.0201187219223653,-0.0275999122503479));
#460=CARTESIAN_POINT('',(0.000342730636335141,0.0226286495169638,-0.0310620342209554));
#461=CARTESIAN_POINT('',(0.000342730636335141,0.0226441650560479,-0.0310506925480092));
#462=CARTESIAN_POINT('',(0.000342730636335141,0.0226596717731328,-0.0310393395597875));
#463=CARTESIAN_POINT('',(0.0029980475103693,0.0239954842727764,-0.0329520438054926));
#464=CARTESIAN_POINT('',(0.0029980475103693,0.0240119688925364,-0.0329400079348929));
#465=CARTESIAN_POINT('',(0.0029980475103693,0.0240284441475973,-0.0329279600106823));
#466=CARTESIAN_POINT('',(0.,0.0176909913436684,-0.0242245351529687));
#467=CARTESIAN_POINT('',(0.,0.01769705657498,-0.0242200963344547));
#468=CARTESIAN_POINT('',(0.,0.0177031200801628,-0.0242156552944658));
#469=CARTESIAN_POINT('',(7.20286689003085E-19,0.0189117845975195,-0.0259071648577225));
#470=CARTESIAN_POINT('',(7.20075422276038E-19,0.0189182811954266,-0.0259024160264976));
#471=CARTESIAN_POINT('',(7.19864133214752E-19,0.018924775945987,-0.0258976648094085));
#472=CARTESIAN_POINT('',(1.44057337800617E-18,0.0201325778513706,-0.0275897945624763));
#473=CARTESIAN_POINT('',(1.44015084455208E-18,0.0201395058158733,-0.0275847357185405));
#474=CARTESIAN_POINT('',(1.4397282664295E-18,0.0201464318118112,-0.0275796743243512));
#475=CARTESIAN_POINT('',(0.000342730636335141,0.0226751696569105,-0.0310279752689563));
#476=CARTESIAN_POINT('',(0.000342730636335141,0.0226829185987994,-0.0310222931235408));
#477=CARTESIAN_POINT('',(0.000342730636335141,0.0226906653323615,-0.0310166081524728));
#478=CARTESIAN_POINT('',(0.0029980475103693,0.024044910025321,-0.0329159000460775));
#479=CARTESIAN_POINT('',(0.0029980475103693,0.0240531429641828,-0.0329098700637751));
#480=CARTESIAN_POINT('',(0.0029980475103693,0.0240613735587104,-0.0329038370713742));
#481=CARTESIAN_POINT('',(0.,0.0177091818580143,-0.0242112120342041));
#482=CARTESIAN_POINT('',(0.,0.0177152436358659,-0.0242067687739424));
#483=CARTESIAN_POINT('',(0.,0.0177213036863863,-0.024202323293408));
#484=CARTESIAN_POINT('',(7.19652822080356E-19,0.0189312688478501,-0.0258929112077187));
#485=CARTESIAN_POINT('',(7.1944151094596E-19,0.0189377617497132,-0.0258881576060289));
#486=CARTESIAN_POINT('',(7.19230177738454E-19,0.018944252802879,-0.0258834016197386));
#487=CARTESIAN_POINT('',(1.43930564416071E-18,0.0201533558376858,-0.0275746103812333));
#488=CARTESIAN_POINT('',(1.43888302189192E-18,0.0201602798635604,-0.0275695464381155));
#489=CARTESIAN_POINT('',(1.43846035547691E-18,0.0201672019193717,-0.0275644799460692));
#490=CARTESIAN_POINT('',(0.000342730636335141,0.0226984098561833,-0.0310109203573357));
#491=CARTESIAN_POINT('',(0.000342730636335141,0.0227061543800051,-0.0310052325621986));
#492=CARTESIAN_POINT('',(0.000342730636335141,0.0227138966940866,-0.0309995419429923));
#493=CARTESIAN_POINT('',(0.0029980475103693,0.0240696018073238,-0.0328978010705269));
#494=CARTESIAN_POINT('',(0.0029980475103693,0.0240778300559373,-0.0328917650696795));
#495=CARTESIAN_POINT('',(0.0029980475103693,0.0240860559586367,-0.0328857260603858));
#496=CARTESIAN_POINT('',(0.,0.0177273620083732,-0.0241978755938031));
#497=CARTESIAN_POINT('',(0.,0.017751595296321,-0.0241800847953839));
#498=CARTESIAN_POINT('',(0.,0.0177758009277333,-0.024162258491838));
#499=CARTESIAN_POINT('',(7.19018822718968E-19,0.018950742005997,-0.0258786432501113));
#500=CARTESIAN_POINT('',(7.18173402641022E-19,0.0189766988184693,-0.0258596097716022));
#501=CARTESIAN_POINT('',(7.17327633571388E-19,0.0190026260301775,-0.0258405381597023));
#502=CARTESIAN_POINT('',(1.43803764543794E-18,0.0201741220036208,-0.0275594109064194));
#503=CARTESIAN_POINT('',(1.43634680528204E-18,0.0202018023406176,-0.0275391347478205));
#504=CARTESIAN_POINT('',(1.43465526714278E-18,0.0202294511326217,-0.0275188178275667));
#505=CARTESIAN_POINT('',(0.000342730636335141,0.0227216367970144,-0.0309938485013002));
#506=CARTESIAN_POINT('',(0.000342730636335141,0.0227525972087254,-0.0309710747345315));
#507=CARTESIAN_POINT('',(0.000342730636335141,0.0227835222419761,-0.0309482558079881));
#508=CARTESIAN_POINT('',(0.0029980475103693,0.0240942795138422,-0.0328796840442977));
#509=CARTESIAN_POINT('',(0.0029980475103693,0.0241271737346644,-0.0328555159799452));
#510=CARTESIAN_POINT('',(0.0029980475103693,0.0241600303955853,-0.0328312998068835));
#511=CARTESIAN_POINT('',(0.,0.0177999788256631,-0.0241443967601125));
#512=CARTESIAN_POINT('',(0.,0.0178483346215229,-0.0241086732966615));
#513=CARTESIAN_POINT('',(0.,0.0178965794834531,-0.0240728081204919));
#514=CARTESIAN_POINT('',(7.16481532222342E-19,0.0190285235546906,-0.0258214284952872));
#515=CARTESIAN_POINT('',(7.14789329524251E-19,0.0190803186037168,-0.0257832091664568));
#516=CARTESIAN_POINT('',(7.13095797708517E-19,0.0191319949039628,-0.0257448376275651));
#517=CARTESIAN_POINT('',(1.43296306444468E-18,0.020257068283718,-0.0274984602304619));
#518=CARTESIAN_POINT('',(1.4295786590485E-18,0.0203123025859107,-0.0274577450362522));
#519=CARTESIAN_POINT('',(1.42619159541703E-18,0.0203674103244725,-0.0274168671346384));
#520=CARTESIAN_POINT('',(0.000342730636335141,0.0228144118063027,-0.0309253918229969));
#521=CARTESIAN_POINT('',(0.00034273063633514,0.0228761909349559,-0.0308796638530144));
#522=CARTESIAN_POINT('',(0.00034273063633514,0.0229378281879128,-0.0308337556492406));
#523=CARTESIAN_POINT('',(0.0029980475103693,0.0241928493954999,-0.0328070356308471));
#524=CARTESIAN_POINT('',(0.0029980475103693,0.0242584873953292,-0.0327585072787743));
#525=CARTESIAN_POINT('',(0.00299804751036929,0.0243239747511338,-0.0327097869148025));
#526=CARTESIAN_POINT('',(0.,0.0179447127958778,-0.0240368018471796));
#527=CARTESIAN_POINT('',(0.,0.0183297792952757,-0.0237487516606809));
#528=CARTESIAN_POINT('',(7.70371977754894E-35,0.0187077066263274,-0.0234516712570453));
#529=CARTESIAN_POINT('',(7.11401070473364E-19,0.0191835517639804,-0.0257063145256152));
#530=CARTESIAN_POINT('',(6.9784325259214E-19,0.0195960066441213,-0.025398129710016));
#531=CARTESIAN_POINT('',(6.84208927868105E-19,0.0200008173496463,-0.0250802448586913));
#532=CARTESIAN_POINT('',(1.42280214094673E-18,0.020422390732083,-0.0273758272040509));
#533=CARTESIAN_POINT('',(1.39568650518428E-18,0.0208622339929668,-0.0270475077593512));
#534=CARTESIAN_POINT('',(1.36841785573621E-18,0.0212939280729652,-0.0267088184603373));
#535=CARTESIAN_POINT('',(0.000342730636335137,0.0229993228414643,-0.0307876680222898));
#536=CARTESIAN_POINT('',(0.000342730636335137,0.0234912800698757,-0.0304189670066832));
#537=CARTESIAN_POINT('',(0.000342730636335137,0.0239741109363322,-0.0300387829077514));
#538=CARTESIAN_POINT('',(0.00299804751036929,0.0243893106540747,-0.032660875384808));
#539=CARTESIAN_POINT('',(0.00299804751036929,0.0249119978776027,-0.032269583144852));
#540=CARTESIAN_POINT('',(0.00299804751036929,0.0254249921178647,-0.0318660562794425));
#541=CARTESIAN_POINT('',(0.,0.0190781796142343,-0.0231458758110712));
#542=CARTESIAN_POINT('',(7.70371977754894E-35,0.0198191255900482,-0.0225342849191229));
#543=CARTESIAN_POINT('',(0.,0.0205302541932833,-0.0218878338578207));
#544=CARTESIAN_POINT('',(6.70566549792195E-19,0.0203976298591209,-0.024752991237243));
#545=CARTESIAN_POINT('',(6.43281793640375E-19,0.0211912548780701,-0.0240984839943464));
#546=CARTESIAN_POINT('',(6.15964824081056E-19,0.0219528871128175,-0.0234065016709557));
#547=CARTESIAN_POINT('',(1.34113309958439E-18,0.0217170801040074,-0.0263601066634149));
#548=CARTESIAN_POINT('',(1.28656358728075E-18,0.0225633841660919,-0.0256626830695699));
#549=CARTESIAN_POINT('',(1.23192964816211E-18,0.0233755200323516,-0.0249251694840907));
#550=CARTESIAN_POINT('',(0.000342730636335137,0.024447444901654,-0.0296475307601048));
#551=CARTESIAN_POINT('',(0.000342730636335138,0.0253941128322975,-0.0288650264648117));
#552=CARTESIAN_POINT('',(0.000342730636335139,0.0263027931584023,-0.0280382499746594));
#553=CARTESIAN_POINT('',(0.00299804751036929,0.0259278792494265,-0.0314507278772076));
#554=CARTESIAN_POINT('',(0.00299804751036929,0.0269336535125502,-0.0306200710727379));
#555=CARTESIAN_POINT('',(0.00299804751036929,0.0278989993408729,-0.0297422081209668));
#556=CARTESIAN_POINT('',(0.,0.021209044025552,-0.021209044025552));
#557=CARTESIAN_POINT('',(7.70371977754894E-35,0.0218878338578207,-0.0205302541932833));
#558=CARTESIAN_POINT('',(7.70371977754894E-35,0.0225342849191229,-0.0198191255900482));
#559=CARTESIAN_POINT('',(5.89163269041724E-19,0.0226796943918866,-0.0226796943918866));
#560=CARTESIAN_POINT('',(5.62361714002392E-19,0.0234065016709557,-0.0219528871128175));
#561=CARTESIAN_POINT('',(5.36075573483047E-19,0.0240984839943464,-0.02119125487807));
#562=CARTESIAN_POINT('',(1.17832653808345E-18,0.0241503447582211,-0.0241503447582211));
#563=CARTESIAN_POINT('',(1.12472342800478E-18,0.0249251694840907,-0.0233755200323516));
#564=CARTESIAN_POINT('',(1.07215114696609E-18,0.02566268306957,-0.0225633841660918));
#565=CARTESIAN_POINT('',(0.000342730636335139,0.0271705215665308,-0.0271705215665308));
#566=CARTESIAN_POINT('',(0.000342730636335141,0.0280382499746594,-0.0263027931584023));
#567=CARTESIAN_POINT('',(0.000342730636335141,0.0288650264648117,-0.0253941128322975));
#568=CARTESIAN_POINT('',(0.00299804751036929,0.0288206037309199,-0.0288206037309199));
#569=CARTESIAN_POINT('',(0.0029980475103693,0.0297422081209668,-0.0278989993408729));
#570=CARTESIAN_POINT('',(0.0029980475103693,0.0306200710727379,-0.0269336535125502));
#571=CARTESIAN_POINT('',(0.,0.0231458758110712,-0.0190781796142343));
#572=CARTESIAN_POINT('',(0.,0.0234516712570453,-0.0187077066263274));
#573=CARTESIAN_POINT('',(0.,0.0237487516606809,-0.0183297792952757));
#574=CARTESIAN_POINT('',(5.10465914521186E-19,0.024752991237243,-0.0203976298591209));
#575=CARTESIAN_POINT('',(4.97661085040255E-19,0.0250802448586913,-0.0200008173496463));
#576=CARTESIAN_POINT('',(4.85025375948695E-19,0.025398129710016,-0.0195960066441213));
#577=CARTESIAN_POINT('',(1.02093182904237E-18,0.0263601066634149,-0.0217170801040074));
#578=CARTESIAN_POINT('',(9.9532217008051E-19,0.0267088184603373,-0.0212939280729652));
#579=CARTESIAN_POINT('',(9.7005075189739E-19,0.0270475077593512,-0.0208622339929668));
#580=CARTESIAN_POINT('',(0.000342730636335141,0.0296475307601048,-0.024447444901654));
#581=CARTESIAN_POINT('',(0.000342730636335141,0.0300387829077514,-0.0239741109363322));
#582=CARTESIAN_POINT('',(0.000342730636335141,0.0304189670066831,-0.0234912800698757));
#583=CARTESIAN_POINT('',(0.0029980475103693,0.0314507278772076,-0.0259278792494265));
#584=CARTESIAN_POINT('',(0.0029980475103693,0.0318660562794425,-0.0254249921178647));
#585=CARTESIAN_POINT('',(0.0029980475103693,0.032269583144852,-0.0249119978776026));
#586=CARTESIAN_POINT('',(7.70371977754894E-35,0.0240368018471796,-0.0179447127958778));
#587=CARTESIAN_POINT('',(0.,0.0240728081204919,-0.0178965794834531));
#588=CARTESIAN_POINT('',(7.70371977754894E-35,0.0241086732966615,-0.0178483346215229));
#589=CARTESIAN_POINT('',(4.72578920626193E-19,0.0257063145256152,-0.0191835517639804));
#590=CARTESIAN_POINT('',(4.7102311371088E-19,0.0257448376275651,-0.0191319949039628));
#591=CARTESIAN_POINT('',(4.69470263885709E-19,0.0257832091664568,-0.0190803186037168));
#592=CARTESIAN_POINT('',(9.45157841252386E-19,0.0273758272040509,-0.020422390732083));
#593=CARTESIAN_POINT('',(9.4204622742176E-19,0.0274168671346384,-0.0203674103244725));
#594=CARTESIAN_POINT('',(9.38940527771418E-19,0.0274577450362522,-0.0203123025859107));
#595=CARTESIAN_POINT('',(0.000342730636335141,0.0307876680222897,-0.0229993228414643));
#596=CARTESIAN_POINT('',(0.000342730636335141,0.0308337556492406,-0.0229378281879128));
#597=CARTESIAN_POINT('',(0.000342730636335141,0.0308796638530144,-0.0228761909349558));
#598=CARTESIAN_POINT('',(0.00299804751036929,0.032660875384808,-0.0243893106540747));
#599=CARTESIAN_POINT('',(0.0029980475103693,0.0327097869148025,-0.0243239747511337));
#600=CARTESIAN_POINT('',(0.0029980475103693,0.0327585072787743,-0.0242584873953292));
#601=CARTESIAN_POINT('',(0.,0.0241443967601125,-0.0177999788256631));
#602=CARTESIAN_POINT('',(0.,0.024162258491838,-0.0177758009277333));
#603=CARTESIAN_POINT('',(0.,0.0241800847953839,-0.017751595296321));
#604=CARTESIAN_POINT('',(4.67920410473686E-19,0.0258214284952872,-0.0190285235546906));
#605=CARTESIAN_POINT('',(4.67145483767675E-19,0.0258405381597024,-0.0190026260301775));
#606=CARTESIAN_POINT('',(4.66371306164951E-19,0.0258596097716022,-0.0189766988184693));
#607=CARTESIAN_POINT('',(9.35840820947373E-19,0.0274984602304619,-0.020257068283718));
#608=CARTESIAN_POINT('',(9.3429096753535E-19,0.0275188178275667,-0.0202294511326217));
#609=CARTESIAN_POINT('',(9.32742612329902E-19,0.0275391347478205,-0.0202018023406176));
#610=CARTESIAN_POINT('',(0.000342730636335141,0.0309253918229969,-0.0228144118063027));
#611=CARTESIAN_POINT('',(0.000342730636335141,0.0309482558079881,-0.0227835222419761));
#612=CARTESIAN_POINT('',(0.000342730636335141,0.0309710747345315,-0.0227525972087254));
#613=CARTESIAN_POINT('',(0.0029980475103693,0.0328070356308471,-0.0241928493954999));
#614=CARTESIAN_POINT('',(0.0029980475103693,0.0328312998068835,-0.0241600303955853));
#615=CARTESIAN_POINT('',(0.0029980475103693,0.0328555159799452,-0.0241271737346644));
#616=CARTESIAN_POINT('',(7.70371977754894E-35,0.0241978755938031,-0.0177273620083732));
#617=CARTESIAN_POINT('',(0.,0.024202323293408,-0.0177213036863863));
#618=CARTESIAN_POINT('',(0.,0.0242067687739424,-0.0177152436358659));
#619=CARTESIAN_POINT('',(4.6559788258089E-19,0.0258786432501113,-0.018950742005997));
#620=CARTESIAN_POINT('',(4.65404526684875E-19,0.0258834016197386,-0.018944252802879));
#621=CARTESIAN_POINT('',(4.65211217915026E-19,0.0258881576060289,-0.0189377617497132));
#622=CARTESIAN_POINT('',(9.3119576516178E-19,0.0275594109064195,-0.0201741220036208));
#623=CARTESIAN_POINT('',(9.30809053369749E-19,0.0275644799460692,-0.0201672019193717));
#624=CARTESIAN_POINT('',(9.30422435830052E-19,0.0275695464381155,-0.0201602798635604));
#625=CARTESIAN_POINT('',(0.000342730636335141,0.0309938485013002,-0.0227216367970144));
#626=CARTESIAN_POINT('',(0.000342730636335141,0.0309995419429923,-0.0227138966940866));
#627=CARTESIAN_POINT('',(0.000342730636335141,0.0310052325621986,-0.0227061543800051));
#628=CARTESIAN_POINT('',(0.0029980475103693,0.0328796840442977,-0.0240942795138422));
#629=CARTESIAN_POINT('',(0.0029980475103693,0.0328857260603858,-0.0240860559586367));
#630=CARTESIAN_POINT('',(0.0029980475103693,0.0328917650696795,-0.0240778300559373));
#631=CARTESIAN_POINT('',(0.,0.0242112120342041,-0.0177091818580143));
#632=CARTESIAN_POINT('',(0.,0.0242156552944658,-0.0177031200801628));
#633=CARTESIAN_POINT('',(0.,0.0242200963344547,-0.01769705657498));
#634=CARTESIAN_POINT('',(4.65017956348146E-19,0.0258929112077187,-0.0189312688478501));
#635=CARTESIAN_POINT('',(4.64824694781267E-19,0.0258976648094085,-0.018924775945987));
#636=CARTESIAN_POINT('',(4.64631480417356E-19,0.0259024160264976,-0.0189182811954266));
#637=CARTESIAN_POINT('',(9.30035912696293E-19,0.0275746103812333,-0.0201533558376858));
#638=CARTESIAN_POINT('',(9.29649389562534E-19,0.0275796743243512,-0.0201464318118112));
#639=CARTESIAN_POINT('',(9.29262960834713E-19,0.0275847357185405,-0.0201395058158733));
#640=CARTESIAN_POINT('',(0.000342730636335141,0.0310109203573357,-0.0226984098561833));
#641=CARTESIAN_POINT('',(0.000342730636335141,0.0310166081524728,-0.0226906653323615));
#642=CARTESIAN_POINT('',(0.000342730636335141,0.0310222931235408,-0.0226829185987994));
#643=CARTESIAN_POINT('',(0.0029980475103693,0.0328978010705269,-0.0240696018073238));
#644=CARTESIAN_POINT('',(0.0029980475103693,0.0329038370713742,-0.0240613735587104));
#645=CARTESIAN_POINT('',(0.0029980475103693,0.0329098700637752,-0.0240531429641828));
#646=CARTESIAN_POINT('',(7.70371977754894E-35,0.0242245351529687,-0.0176909913436684));
#647=CARTESIAN_POINT('',(0.,0.0242334127899967,-0.0176788608810452));
#648=CARTESIAN_POINT('',(0.,0.0242422815411246,-0.0176667235139065));
#649=CARTESIAN_POINT('',(4.64438313333218E-19,0.0259071648577225,-0.0189117845975195));
#650=CARTESIAN_POINT('',(4.64051979164941E-19,0.0259166625201723,-0.0188987914017053));
#651=CARTESIAN_POINT('',(4.63665834115752E-19,0.0259261506391649,-0.0188857908165039));
#652=CARTESIAN_POINT('',(9.28876626666436E-19,0.0275897945624763,-0.0201325778513706));
#653=CARTESIAN_POINT('',(9.28103958329882E-19,0.0275999122503479,-0.0201187219223653));
#654=CARTESIAN_POINT('',(9.27331668231503E-19,0.0276100197372053,-0.0201048581191012));
#655=CARTESIAN_POINT('',(0.000342730636335141,0.0310279752689564,-0.0226751696569105));
#656=CARTESIAN_POINT('',(0.00034273063633514,0.0310393395597875,-0.0226596717731327));
#657=CARTESIAN_POINT('',(0.00034273063633514,0.0310506925480092,-0.0226441650560479));
#658=CARTESIAN_POINT('',(0.0029980475103693,0.0329159000460775,-0.024044910025321));
#659=CARTESIAN_POINT('',(0.0029980475103693,0.0329279600106823,-0.0240284441475973));
#660=CARTESIAN_POINT('',(0.00299804751036929,0.0329400079348929,-0.0240119688925364));
#661=CARTESIAN_POINT('',(0.,0.0242511413967342,-0.0176545792518707));
#662=CARTESIAN_POINT('',(0.,0.0243220202416105,-0.0175574251555841));
#663=CARTESIAN_POINT('',(0.,0.0243923297733095,-0.0174598297858822));
#664=CARTESIAN_POINT('',(4.63279878800072E-19,0.0259356292045911,-0.0188727828527192));
#665=CARTESIAN_POINT('',(4.60192236274636E-19,0.0260114577280001,-0.0187687191424419));
#666=CARTESIAN_POINT('',(4.57116736693824E-19,0.0260866748231513,-0.018664183202836));
#667=CARTESIAN_POINT('',(9.26559757600144E-19,0.027620117012448,-0.0200909864535677));
#668=CARTESIAN_POINT('',(9.20384472549273E-19,0.0277008952143898,-0.0199800131292997));
#669=CARTESIAN_POINT('',(9.14233473387649E-19,0.0277810198729932,-0.0198685366197899));
#670=CARTESIAN_POINT('',(0.000342730636335138,0.0310620342209554,-0.0226286495169638));
#671=CARTESIAN_POINT('',(0.000342730636335138,0.0311527676045257,-0.0225045252042912));
#672=CARTESIAN_POINT('',(0.000342730636335138,0.0312427768104723,-0.0223798362836712));
#673=CARTESIAN_POINT('',(0.00299804751036929,0.0329520438054926,-0.0239954842727764));
#674=CARTESIAN_POINT('',(0.00299804751036929,0.0330483307702901,-0.0238636073146961));
#675=CARTESIAN_POINT('',(0.00299804751036929,0.0331438463039869,-0.0237311310158716));
#676=CARTESIAN_POINT('',(0.,0.024462065067225,-0.0173617980673711));
#677=CARTESIAN_POINT('',(0.,0.0246015356550561,-0.0171657346303488));
#678=CARTESIAN_POINT('',(0.,0.0247387092917531,-0.0169679257980897));
#679=CARTESIAN_POINT('',(4.54053694641694E-19,0.0261612753140196,-0.0185591805654865));
#680=CARTESIAN_POINT('',(4.47927610537432E-19,0.0263104762957562,-0.0183491752907875));
#681=CARTESIAN_POINT('',(4.41851356547896E-19,0.0264572108603612,-0.0181373032251138));
#682=CARTESIAN_POINT('',(9.08107389283387E-19,0.0278604855608142,-0.019756563063602));
#683=CARTESIAN_POINT('',(8.95855221074865E-19,0.0280194169364564,-0.0195326159512261));
#684=CARTESIAN_POINT('',(8.83702713095793E-19,0.0281757124289693,-0.0193066806521378));
#685=CARTESIAN_POINT('',(0.000342730636335138,0.0313320553538795,-0.0222545885447783));
#686=CARTESIAN_POINT('',(0.000342730636335138,0.0315106124406939,-0.0220040930669925));
#687=CARTESIAN_POINT('',(0.000342730636335138,0.0316862468773507,-0.0217513623161154));
#688=CARTESIAN_POINT('',(0.00299804751036929,0.0332385836395733,-0.0235980618470128));
#689=CARTESIAN_POINT('',(0.00299804751036929,0.033428058310746,-0.0233319235092952));
#690=CARTESIAN_POINT('',(0.00299804751036929,0.0336144201894768,-0.0230634136914404));
#691=CARTESIAN_POINT('',(0.,0.0248735465804662,-0.0167684109674437));
#692=CARTESIAN_POINT('',(0.,0.0259522448901715,-0.0151722923222758));
#693=CARTESIAN_POINT('',(3.85185988877447E-35,0.0268814169289103,-0.013466989780343));
#694=CARTESIAN_POINT('',(4.35827449345546E-19,0.0266014375996343,-0.0179236086211447));
#695=CARTESIAN_POINT('',(3.87636191726748E-19,0.0277552515138189,-0.0162140517893926));
#696=CARTESIAN_POINT('',(3.42795128487866E-19,0.0287485646067632,-0.0143878525067398));
#697=CARTESIAN_POINT('',(8.71654898691093E-19,0.0283293286188023,-0.0190788062748457));
#698=CARTESIAN_POINT('',(7.75272383453496E-19,0.0295582581374662,-0.0172558112565094));
#699=CARTESIAN_POINT('',(6.85590256975731E-19,0.030615712284616,-0.0153087152331367));
#700=CARTESIAN_POINT('',(0.000342730636335138,0.0318589067845237,-0.0214964426095446));
#701=CARTESIAN_POINT('',(0.000342730636335138,0.0332401860419073,-0.0194570849569774));
#702=CARTESIAN_POINT('',(0.000342730636335137,0.0344310954123223,-0.0172776341400052));
#703=CARTESIAN_POINT('',(0.00299804751036929,0.0337976151396872,-0.0227925841591278));
#704=CARTESIAN_POINT('',(0.00299804751036929,0.0352631747413701,-0.0206259479006268));
#705=CARTESIAN_POINT('',(0.00299804751036929,0.0365260509177456,-0.0183108499168219));
#706=CARTESIAN_POINT('',(0.,0.027640891509582,-0.011672674528746));
#707=CARTESIAN_POINT('',(0.,0.0291598406709253,-0.008084044025552));
#708=CARTESIAN_POINT('',(1.92592994438724E-35,0.03,-0.00413936268370133));
#709=CARTESIAN_POINT('',(0.,0.03,0.));
#710=CARTESIAN_POINT('',(3.02592795928868E-19,0.0295601758799402,-0.0124676681449991));
#711=CARTESIAN_POINT('',(2.22188130810872E-19,0.0311833984262943,-0.00862729942151756));
#712=CARTESIAN_POINT('',(1.60338388412414E-19,0.0320798136935793,-0.00441099038168411));
#713=CARTESIAN_POINT('',(1.27351859133237E-19,0.0320798136935793,0.));
#714=CARTESIAN_POINT('',(6.05185591857736E-19,0.0314794602502985,-0.0132626617612522));
#715=CARTESIAN_POINT('',(4.44376261621745E-19,0.0332069561816633,-0.00917055481748313));
#716=CARTESIAN_POINT('',(3.20676776824829E-19,0.0341596273871586,-0.0046826180796669));
#717=CARTESIAN_POINT('',(2.54703718266473E-19,0.0341596273871586,0.));
#718=CARTESIAN_POINT('',(0.000342730636335137,0.0354050726807052,-0.0149818046661278));
#719=CARTESIAN_POINT('',(0.000342730636335136,0.0373530272174711,-0.010390145718373));
#720=CARTESIAN_POINT('',(0.000342730636335135,0.0384332533461084,-0.00533297214299739));
#721=CARTESIAN_POINT('',(0.000342730636335135,0.0384332533461084,1.73472347597681E-19));
#722=CARTESIAN_POINT('',(0.00299804751036929,0.0375585259966093,-0.0158737942355126));
#723=CARTESIAN_POINT('',(0.00299804751036929,0.0396234761543367,-0.010999682872894));
#724=CARTESIAN_POINT('',(0.00299804751036929,0.0407668219220172,-0.0056377407202579));
#725=CARTESIAN_POINT('',(0.00299804751036929,0.0407668219220172,8.67361737988404E-20));
#726=CARTESIAN_POINT('',(0.006,0.,-0.0425));
#727=CARTESIAN_POINT('',(0.006,0.00586409713524355,-0.0425));
#728=CARTESIAN_POINT('',(0.006,0.0114523957028653,-0.0413097742838109));
#729=CARTESIAN_POINT('',(0.00900195248963071,-1.73472347597681E-19,-0.0442331780779828));
#730=CARTESIAN_POINT('',(0.00900195248963071,0.00609045355022921,-0.0442331780779828));
#731=CARTESIAN_POINT('',(0.00900195248963071,0.0119051085328366,-0.042996072413285));
#732=CARTESIAN_POINT('',(0.012350540594858,8.67361737988404E-20,-0.0453659656580394));
#733=CARTESIAN_POINT('',(0.012350540594858,0.00623839780294,-0.0453659656580394));
#734=CARTESIAN_POINT('',(0.012350540594858,0.0122009970382582,-0.0440982197353677));
#735=CARTESIAN_POINT('',(0.0276826860935282,0.,-0.05));
#736=CARTESIAN_POINT('',(0.0276826860935281,0.00833333333333333,-0.05));
#737=CARTESIAN_POINT('',(0.0276826860935281,0.0166666666666667,-0.05));
#738=CARTESIAN_POINT('',(0.0388413430467641,0.,-0.05));
#739=CARTESIAN_POINT('',(0.0388413430467641,0.00833333333333333,-0.05));
#740=CARTESIAN_POINT('',(0.038841343046764,0.0166666666666667,-0.05));
#741=CARTESIAN_POINT('',(0.006,0.0165362889157235,-0.0391579296385745));
#742=CARTESIAN_POINT('',(0.006,0.0190782355221526,-0.0380820073159563));
#743=CARTESIAN_POINT('',(0.006,0.0214940807898908,-0.0367656802610763));
#744=CARTESIAN_POINT('',(0.00900195248963071,0.0171987835959344,-0.0407573332805397));
#745=CARTESIAN_POINT('',(0.00900195248963071,0.0198456211274833,-0.039637963714167));
#746=CARTESIAN_POINT('',(0.00900195248963071,0.0223622136791547,-0.0382681857807824));
#747=CARTESIAN_POINT('',(0.012350540594858,0.0176317833869714,-0.041802687248566));
#748=CARTESIAN_POINT('',(0.012350540594858,0.020347176561328,-0.0406549210051651));
#749=CARTESIAN_POINT('',(0.012350540594858,0.0229296165140334,-0.0392502081207318));
#750=CARTESIAN_POINT('',(0.0276826860935282,0.025,-0.05));
#751=CARTESIAN_POINT('',(0.0276826860935282,0.0291666666666667,-0.05));
#752=CARTESIAN_POINT('',(0.0276826860935283,0.0333333333333333,-0.05));
#753=CARTESIAN_POINT('',(0.0388413430467641,0.025,-0.05));
#754=CARTESIAN_POINT('',(0.0388413430467641,0.0291666666666667,-0.05));
#755=CARTESIAN_POINT('',(0.0388413430467642,0.0333333333333333,-0.05));
#756=CARTESIAN_POINT('',(0.006,0.0237552488705453,-0.0352375243223272));
#757=CARTESIAN_POINT('',(0.006,0.0240378948806271,-0.0350465048299835));
#758=CARTESIAN_POINT('',(0.006,0.0243181240596608,-0.0348521755113295));
#759=CARTESIAN_POINT('',(0.00900195248963071,0.0247179135819628,-0.0366774335049672));
#760=CARTESIAN_POINT('',(0.00900195248963071,0.0250123760698138,-0.0364785894704903));
#761=CARTESIAN_POINT('',(0.00900195248963071,0.0253043246100263,-0.0362762927119129));
#762=CARTESIAN_POINT('',(0.012350540594858,0.0253471014552146,-0.0376185435150837));
#763=CARTESIAN_POINT('',(0.012350540594858,0.0256492870728622,-0.0374145854393777));
#764=CARTESIAN_POINT('',(0.012350540594858,0.0259488952684548,-0.0372070812430277));
#765=CARTESIAN_POINT('',(0.0276826860935282,0.0375,-0.05));
#766=CARTESIAN_POINT('',(0.0276826860935282,0.0380208333333333,-0.05));
#767=CARTESIAN_POINT('',(0.0276826860935282,0.0385416666666667,-0.05));
#768=CARTESIAN_POINT('',(0.0388413430467641,0.0375,-0.05));
#769=CARTESIAN_POINT('',(0.0388413430467641,0.0380208333333333,-0.05));
#770=CARTESIAN_POINT('',(0.0388413430467641,0.0385416666666667,-0.05));
#771=CARTESIAN_POINT('',(0.006,0.0245958805954423,-0.0346545921785688));
#772=CARTESIAN_POINT('',(0.006,0.0247347588633331,-0.0345558005121885));
#773=CARTESIAN_POINT('',(0.006,0.0248730189704109,-0.0344561953422815));
#774=CARTESIAN_POINT('',(0.00900195248963071,0.0255936993438719,-0.0360706007175643));
#775=CARTESIAN_POINT('',(0.00900195248963071,0.0257383867107947,-0.03596775472039));
#776=CARTESIAN_POINT('',(0.00900195248963071,0.0258824306261257,-0.0358640599142729));
#777=CARTESIAN_POINT('',(0.012350540594858,0.0262458635384965,-0.0369960895098615));
#778=CARTESIAN_POINT('',(0.012350540594858,0.0263943476735173,-0.0368905936432784));
#779=CARTESIAN_POINT('',(0.012350540594858,0.0265421718271504,-0.0367842258924912));
#780=CARTESIAN_POINT('',(0.0276826860935282,0.0390625,-0.05));
#781=CARTESIAN_POINT('',(0.0276826860935282,0.0393229166666667,-0.05));
#782=CARTESIAN_POINT('',(0.0276826860935282,0.0395833333333333,-0.05));
#783=CARTESIAN_POINT('',(0.0388413430467641,0.0390625,-0.05));
#784=CARTESIAN_POINT('',(0.0388413430467641,0.0393229166666667,-0.05));
#785=CARTESIAN_POINT('',(0.0388413430467641,0.0395833333333333,-0.05));
#786=CARTESIAN_POINT('',(0.006,0.0250106539401501,-0.0343557836453734));
#787=CARTESIAN_POINT('',(0.006,0.0250278583113675,-0.0343432321832599));
#788=CARTESIAN_POINT('',(0.006,0.025045052914814,-0.034330668119162));
#789=CARTESIAN_POINT('',(0.00900195248963071,0.0260258236075239,-0.0357595234852541));
#790=CARTESIAN_POINT('',(0.00900195248963071,0.0260437477301987,-0.0357464564316268));
#791=CARTESIAN_POINT('',(0.00900195248963071,0.0260616616820308,-0.0357333762276416));
#792=CARTESIAN_POINT('',(0.012350540594858,0.0266893281864588,-0.0366769935804785));
#793=CARTESIAN_POINT('',(0.012350540594858,0.0267077227313724,-0.0366635895414769));
#794=CARTESIAN_POINT('',(0.012350540594858,0.0267261068419996,-0.0366501719937062));
#795=CARTESIAN_POINT('',(0.0276826860935282,0.03984375,-0.05));
#796=CARTESIAN_POINT('',(0.0276826860935282,0.0398763020833333,-0.05));
#797=CARTESIAN_POINT('',(0.0276826860935282,0.0399088541666667,-0.05));
#798=CARTESIAN_POINT('',(0.0388413430467641,0.03984375,-0.05));
#799=CARTESIAN_POINT('',(0.0388413430467641,0.0398763020833333,-0.05));
#800=CARTESIAN_POINT('',(0.0388413430467641,0.0399088541666667,-0.05));
#801=CARTESIAN_POINT('',(0.006,0.0250622377368636,-0.0343180914667057));
#802=CARTESIAN_POINT('',(0.006,0.0250708301478884,-0.0343118031404775));
#803=CARTESIAN_POINT('',(0.006,0.0250794201135639,-0.0343055116671598));
#804=CARTESIAN_POINT('',(0.00900195248963071,0.0260795654484062,-0.0357202828873338));
#805=CARTESIAN_POINT('',(0.00900195248963071,0.0260885173315939,-0.0357137362171799));
#806=CARTESIAN_POINT('',(0.00900195248963071,0.0260974666684174,-0.0357071862629454));
#807=CARTESIAN_POINT('',(0.012350540594858,0.0267444805030809,-0.036636740951469));
#808=CARTESIAN_POINT('',(0.012350540594858,0.0267536673336215,-0.0366300254303503));
#809=CARTESIAN_POINT('',(0.012350540594858,0.0267628515517756,-0.0366233065356151));
#810=CARTESIAN_POINT('',(0.0276826860935282,0.03994140625,-0.05));
#811=CARTESIAN_POINT('',(0.0276826860935282,0.0399576822916667,-0.05));
#812=CARTESIAN_POINT('',(0.0276826860935282,0.0399739583333334,-0.05));
#813=CARTESIAN_POINT('',(0.0388413430467641,0.03994140625,-0.05));
#814=CARTESIAN_POINT('',(0.0388413430467641,0.0399576822916667,-0.05));
#815=CARTESIAN_POINT('',(0.0388413430467641,0.0399739583333334,-0.05));
#816=CARTESIAN_POINT('',(0.006,0.025088007632187,-0.0342992170484557));
#817=CARTESIAN_POINT('',(0.006,0.02509659515081,-0.0342929224297517));
#818=CARTESIAN_POINT('',(0.006,0.0251051802223806,-0.0342866246656613));
#819=CARTESIAN_POINT('',(0.00900195248963071,0.0261064134570501,-0.0357006330263846));
#820=CARTESIAN_POINT('',(0.00900195248963071,0.0261153602456827,-0.0356940797898238));
#821=CARTESIAN_POINT('',(0.00900195248963071,0.0261243044861245,-0.0356875232709368));
#822=CARTESIAN_POINT('',(0.012350540594858,0.0267720331556358,-0.0366165842690512));
#823=CARTESIAN_POINT('',(0.012350540594858,0.026781214759496,-0.0366098620024872));
#824=CARTESIAN_POINT('',(0.012350540594858,0.0267903937490623,-0.0366031363640944));
#825=CARTESIAN_POINT('',(0.0276826860935282,0.039990234375,-0.05));
#826=CARTESIAN_POINT('',(0.0276826860935282,0.0400065104166667,-0.05));
#827=CARTESIAN_POINT('',(0.0276826860935282,0.0400181171127843,-0.0499999919488228));
#828=CARTESIAN_POINT('',(0.0388413430467641,0.039990234375,-0.05));
#829=CARTESIAN_POINT('',(0.0388413430467641,0.0400065104166667,-0.05));
#830=CARTESIAN_POINT('',(0.0388413430467641,0.0400181171127843,-0.0499999919488228));
#831=CARTESIAN_POINT('',(0.006,0.0251137628451954,-0.0342803237578878));
#832=CARTESIAN_POINT('',(0.006,0.0251480933364547,-0.0342551201267938));
#833=CARTESIAN_POINT('',(0.006,0.0251823846476221,-0.0342298661967705));
#834=CARTESIAN_POINT('',(0.00900195248963071,0.0261332461765486,-0.0356809634714779));
#835=CARTESIAN_POINT('',(0.00900195248963071,0.026169012938245,-0.0356547242736424));
#836=CARTESIAN_POINT('',(0.00900195248963071,0.0262047388996589,-0.0356284325866575));
#837=CARTESIAN_POINT('',(0.012350540594858,0.0267995701224271,-0.0365964073556607));
#838=CARTESIAN_POINT('',(0.012350540594858,0.0268362756158865,-0.0365694913219258));
#839=CARTESIAN_POINT('',(0.012350540594858,0.0268729392501234,-0.0365425213675359));
#840=CARTESIAN_POINT('',(0.0276826860935282,0.0400310544645875,-0.0499999517280349));
#841=CARTESIAN_POINT('',(0.0276826860935282,0.0400828038718,-0.0499997908448833));
#842=CARTESIAN_POINT('',(0.0276826860935281,0.040134512827732,-0.0499992279293432));
#843=CARTESIAN_POINT('',(0.0388413430467641,0.0400310544645875,-0.0499999517280349));
#844=CARTESIAN_POINT('',(0.0388413430467641,0.0400828038718,-0.0499997908448833));
#845=CARTESIAN_POINT('',(0.0388413430467641,0.040134512827732,-0.0499992279293432));
#846=CARTESIAN_POINT('',(0.006,0.0252166366696895,-0.034204562076826));
#847=CARTESIAN_POINT('',(0.006,0.0252851407138242,-0.0341539538369371));
#848=CARTESIAN_POINT('',(0.006,0.0253534876015585,-0.0341031448373635));
#849=CARTESIAN_POINT('',(0.00900195248963071,0.026240423943879,-0.0356020885228049));
#850=CARTESIAN_POINT('',(0.00900195248963071,0.0263117940323191,-0.0355494003950999));
#851=CARTESIAN_POINT('',(0.00900195248963071,0.0263830004519833,-0.0354965027599245));
#852=CARTESIAN_POINT('',(0.012350540594858,0.0269095609030608,-0.0365154976069125));
#853=CARTESIAN_POINT('',(0.012350540594858,0.0269828042089355,-0.0364614500856657));
#854=CARTESIAN_POINT('',(0.012350540594858,0.0270558795896119,-0.0364071873394847));
#855=CARTESIAN_POINT('',(0.0276826860935281,0.0401861770956674,-0.0499982647363199));
#856=CARTESIAN_POINT('',(0.027682686093528,0.0402895056315384,-0.0499963383502732));
#857=CARTESIAN_POINT('',(0.0276826860935281,0.0403926554154232,-0.0499928108542936));
#858=CARTESIAN_POINT('',(0.038841343046764,0.0401861770956674,-0.0499982647363199));
#859=CARTESIAN_POINT('',(0.038841343046764,0.0402895056315384,-0.0499963383502732));
#860=CARTESIAN_POINT('',(0.0388413430467641,0.0403926554154232,-0.0499928108542936));
#861=CARTESIAN_POINT('',(0.006,0.0254216764608269,-0.034052135950171));
#862=CARTESIAN_POINT('',(0.006,0.025967187334974,-0.0336440648526313));
#863=CARTESIAN_POINT('',(0.006,0.0265025843872971,-0.0332232009474808));
#864=CARTESIAN_POINT('',(0.00900195248963071,0.0264540422675791,-0.0354433965155341));
#865=CARTESIAN_POINT('',(0.00900195248963071,0.0270223767923452,-0.0350185465604105));
#866=CARTESIAN_POINT('',(0.00900195248963071,0.0275801766567296,-0.0345803456155191));
#867=CARTESIAN_POINT('',(0.012350540594858,0.0271287860684729,-0.036352710283742));
#868=CARTESIAN_POINT('',(0.012350540594858,0.0277120378993609,-0.0359168938378003));
#869=CARTESIAN_POINT('',(0.012350540594858,0.0282844800140619,-0.0354673615799048));
#870=CARTESIAN_POINT('',(0.0276826860935282,0.0404955925535938,-0.0499876962876227));
#871=CARTESIAN_POINT('',(0.0276826860935288,0.0413190896589588,-0.0499467797542559));
#872=CARTESIAN_POINT('',(0.0276826860935287,0.0421289774386181,-0.0498042906966531));
#873=CARTESIAN_POINT('',(0.0388413430467641,0.0404955925535938,-0.0499876962876227));
#874=CARTESIAN_POINT('',(0.0388413430467644,0.0413190896589588,-0.0499467797542559));
#875=CARTESIAN_POINT('',(0.0388413430467644,0.0421289774386181,-0.0498042906966531));
#876=CARTESIAN_POINT('',(0.006,0.0270274211201653,-0.0327899907323508));
#877=CARTESIAN_POINT('',(0.006,0.0280770945859017,-0.0319235703020908));
#878=CARTESIAN_POINT('',(0.006,0.029084526773818,-0.0310077646319126));
#879=CARTESIAN_POINT('',(0.00900195248963071,0.0281269629909041,-0.034129253587494));
#880=CARTESIAN_POINT('',(0.00900195248963071,0.0292205356592532,-0.0332270695314437));
#881=CARTESIAN_POINT('',(0.00900195248963071,0.0302700542067632,-0.0322733211428584));
#882=CARTESIAN_POINT('',(0.012350540594858,0.0288456123846091,-0.0350045821806777));
#883=CARTESIAN_POINT('',(0.012350540594858,0.0299678771257035,-0.0340790233822234));
#884=CARTESIAN_POINT('',(0.012350540594858,0.0310449028901828,-0.0331004760184427));
#885=CARTESIAN_POINT('',(0.0276826860935286,0.0429079023038325,-0.049567417206626));
#886=CARTESIAN_POINT('',(0.0276826860935285,0.0444657520342612,-0.0490936702265719));
#887=CARTESIAN_POINT('',(0.0276826860935283,0.0458997501069103,-0.0482423855168207));
#888=CARTESIAN_POINT('',(0.0388413430467643,0.0429079023038325,-0.049567417206626));
#889=CARTESIAN_POINT('',(0.0388413430467642,0.0444657520342612,-0.0490936702265719));
#890=CARTESIAN_POINT('',(0.0388413430467641,0.0458997501069103,-0.0482423855168207));
#891=CARTESIAN_POINT('',(0.006,0.0300461457028653,-0.0300461457028653));
#892=CARTESIAN_POINT('',(0.006,0.0310077646319126,-0.029084526773818));
#893=CARTESIAN_POINT('',(0.006,0.0319235703020908,-0.0280770945859017));
#894=CARTESIAN_POINT('',(0.00900195248963071,0.0312716876748108,-0.0312716876748108));
#895=CARTESIAN_POINT('',(0.00900195248963071,0.0322733211428584,-0.0302700542067632));
#896=CARTESIAN_POINT('',(0.00900195248963071,0.0332270695314437,-0.0292205356592532));
#897=CARTESIAN_POINT('',(0.012350540594858,0.0320726894543127,-0.0320726894543127));
#898=CARTESIAN_POINT('',(0.012350540594858,0.0331004760184427,-0.0310449028901828));
#899=CARTESIAN_POINT('',(0.012350540594858,0.0340790233822234,-0.0299678771257035));
#900=CARTESIAN_POINT('',(0.0276826860935282,0.0470710678118655,-0.0470710678118655));
#901=CARTESIAN_POINT('',(0.0276826860935281,0.0482423855168207,-0.0458997501069103));
#902=CARTESIAN_POINT('',(0.0276826860935282,0.0490936702265719,-0.0444657520342612));
#903=CARTESIAN_POINT('',(0.0388413430467641,0.0470710678118655,-0.0470710678118655));
#904=CARTESIAN_POINT('',(0.0388413430467641,0.0482423855168207,-0.0458997501069103));
#905=CARTESIAN_POINT('',(0.0388413430467641,0.0490936702265719,-0.0444657520342612));
#906=CARTESIAN_POINT('',(0.006,0.0327899907323508,-0.0270274211201653));
#907=CARTESIAN_POINT('',(0.006,0.0332232009474808,-0.0265025843872971));
#908=CARTESIAN_POINT('',(0.006,0.0336440648526313,-0.0259671873349739));
#909=CARTESIAN_POINT('',(0.00900195248963071,0.034129253587494,-0.0281269629909041));
#910=CARTESIAN_POINT('',(0.00900195248963071,0.0345803456155192,-0.0275801766567296));
#911=CARTESIAN_POINT('',(0.00900195248963071,0.0350185465604105,-0.0270223767923452));
#912=CARTESIAN_POINT('',(0.012350540594858,0.0350045821806777,-0.0288456123846091));
#913=CARTESIAN_POINT('',(0.012350540594858,0.0354673615799048,-0.0282844800140619));
#914=CARTESIAN_POINT('',(0.012350540594858,0.0359168938378003,-0.0277120378993609));
#915=CARTESIAN_POINT('',(0.0276826860935282,0.049567417206626,-0.0429079023038325));
#916=CARTESIAN_POINT('',(0.0276826860935282,0.0498042906966531,-0.0421289774386181));
#917=CARTESIAN_POINT('',(0.0276826860935281,0.0499467797542559,-0.0413190896589588));
#918=CARTESIAN_POINT('',(0.0388413430467641,0.049567417206626,-0.0429079023038325));
#919=CARTESIAN_POINT('',(0.0388413430467641,0.0498042906966531,-0.0421289774386181));
#920=CARTESIAN_POINT('',(0.0388413430467641,0.0499467797542559,-0.0413190896589588));
#921=CARTESIAN_POINT('',(0.006,0.034052135950171,-0.0254216764608269));
#922=CARTESIAN_POINT('',(0.006,0.0341031448373635,-0.0253534876015585));
#923=CARTESIAN_POINT('',(0.006,0.0341539538369371,-0.0252851407138241));
#924=CARTESIAN_POINT('',(0.0090019524896307,0.0354433965155341,-0.026454042267579));
#925=CARTESIAN_POINT('',(0.00900195248963071,0.0354965027599245,-0.0263830004519833));
#926=CARTESIAN_POINT('',(0.00900195248963071,0.0355494003950999,-0.026311794032319));
#927=CARTESIAN_POINT('',(0.012350540594858,0.036352710283742,-0.0271287860684729));
#928=CARTESIAN_POINT('',(0.012350540594858,0.0364071873394847,-0.0270558795896119));
#929=CARTESIAN_POINT('',(0.012350540594858,0.0364614500856656,-0.0269828042089355));
#930=CARTESIAN_POINT('',(0.0276826860935282,0.0499876962876227,-0.0404955925535938));
#931=CARTESIAN_POINT('',(0.0276826860935282,0.0499928108542936,-0.0403926554154231));
#932=CARTESIAN_POINT('',(0.0276826860935282,0.0499963383502732,-0.0402895056315384));
#933=CARTESIAN_POINT('',(0.0388413430467641,0.0499876962876227,-0.0404955925535938));
#934=CARTESIAN_POINT('',(0.0388413430467641,0.0499928108542936,-0.0403926554154231));
#935=CARTESIAN_POINT('',(0.0388413430467641,0.0499963383502732,-0.0402895056315384));
#936=CARTESIAN_POINT('',(0.006,0.034204562076826,-0.0252166366696894));
#937=CARTESIAN_POINT('',(0.006,0.0342298661967705,-0.0251823846476221));
#938=CARTESIAN_POINT('',(0.006,0.0342551201267938,-0.0251480933364547));
#939=CARTESIAN_POINT('',(0.00900195248963071,0.0356020885228049,-0.026240423943879));
#940=CARTESIAN_POINT('',(0.00900195248963071,0.0356284325866575,-0.0262047388996589));
#941=CARTESIAN_POINT('',(0.00900195248963071,0.0356547242736424,-0.0261690129382449));
#942=CARTESIAN_POINT('',(0.012350540594858,0.0365154976069125,-0.0269095609030607));
#943=CARTESIAN_POINT('',(0.012350540594858,0.0365425213675359,-0.0268729392501234));
#944=CARTESIAN_POINT('',(0.012350540594858,0.0365694913219258,-0.0268362756158864));
#945=CARTESIAN_POINT('',(0.0276826860935282,0.0499982647363199,-0.0401861770956674));
#946=CARTESIAN_POINT('',(0.0276826860935282,0.0499992279293432,-0.040134512827732));
#947=CARTESIAN_POINT('',(0.0276826860935282,0.0499997908448833,-0.0400828038718));
#948=CARTESIAN_POINT('',(0.0388413430467641,0.0499982647363199,-0.0401861770956674));
#949=CARTESIAN_POINT('',(0.0388413430467641,0.0499992279293432,-0.040134512827732));
#950=CARTESIAN_POINT('',(0.0388413430467641,0.0499997908448833,-0.0400828038718));
#951=CARTESIAN_POINT('',(0.006,0.0342803237578878,-0.0251137628451954));
#952=CARTESIAN_POINT('',(0.006,0.0342866246656613,-0.0251051802223806));
#953=CARTESIAN_POINT('',(0.006,0.0342929224297517,-0.02509659515081));
#954=CARTESIAN_POINT('',(0.00900195248963071,0.0356809634714779,-0.0261332461765486));
#955=CARTESIAN_POINT('',(0.00900195248963071,0.0356875232709368,-0.0261243044861245));
#956=CARTESIAN_POINT('',(0.00900195248963071,0.0356940797898238,-0.0261153602456827));
#957=CARTESIAN_POINT('',(0.012350540594858,0.0365964073556607,-0.0267995701224271));
#958=CARTESIAN_POINT('',(0.012350540594858,0.0366031363640944,-0.0267903937490622));
#959=CARTESIAN_POINT('',(0.012350540594858,0.0366098620024872,-0.026781214759496));
#960=CARTESIAN_POINT('',(0.0276826860935282,0.0499999517280349,-0.0400310544645875));
#961=CARTESIAN_POINT('',(0.0276826860935282,0.0499999919488228,-0.0400181171127843));
#962=CARTESIAN_POINT('',(0.0276826860935282,0.05,-0.0400065104166667));
#963=CARTESIAN_POINT('',(0.0388413430467641,0.0499999517280349,-0.0400310544645875));
#964=CARTESIAN_POINT('',(0.0388413430467641,0.0499999919488228,-0.0400181171127843));
#965=CARTESIAN_POINT('',(0.0388413430467641,0.05,-0.0400065104166667));
#966=CARTESIAN_POINT('',(0.006,0.0342992170484558,-0.0250880076321869));
#967=CARTESIAN_POINT('',(0.006,0.0343055116671598,-0.0250794201135639));
#968=CARTESIAN_POINT('',(0.006,0.0343118031404776,-0.0250708301478884));
#969=CARTESIAN_POINT('',(0.00900195248963071,0.0357006330263846,-0.0261064134570501));
#970=CARTESIAN_POINT('',(0.00900195248963071,0.0357071862629454,-0.0260974666684174));
#971=CARTESIAN_POINT('',(0.00900195248963071,0.03571373621718,-0.0260885173315939));
#972=CARTESIAN_POINT('',(0.012350540594858,0.0366165842690512,-0.0267720331556358));
#973=CARTESIAN_POINT('',(0.012350540594858,0.0366233065356152,-0.0267628515517756));
#974=CARTESIAN_POINT('',(0.012350540594858,0.0366300254303504,-0.0267536673336215));
#975=CARTESIAN_POINT('',(0.0276826860935282,0.05,-0.039990234375));
#976=CARTESIAN_POINT('',(0.0276826860935282,0.05,-0.0399739583333333));
#977=CARTESIAN_POINT('',(0.0276826860935282,0.05,-0.0399576822916667));
#978=CARTESIAN_POINT('',(0.0388413430467641,0.05,-0.039990234375));
#979=CARTESIAN_POINT('',(0.0388413430467641,0.05,-0.0399739583333333));
#980=CARTESIAN_POINT('',(0.0388413430467641,0.05,-0.0399576822916667));
#981=CARTESIAN_POINT('',(0.006,0.0343180914667057,-0.0250622377368636));
#982=CARTESIAN_POINT('',(0.006,0.034330668119162,-0.025045052914814));
#983=CARTESIAN_POINT('',(0.006,0.0343432321832599,-0.0250278583113675));
#984=CARTESIAN_POINT('',(0.00900195248963071,0.0357202828873338,-0.0260795654484062));
#985=CARTESIAN_POINT('',(0.00900195248963071,0.0357333762276416,-0.0260616616820307));
#986=CARTESIAN_POINT('',(0.00900195248963071,0.0357464564316268,-0.0260437477301987));
#987=CARTESIAN_POINT('',(0.012350540594858,0.036636740951469,-0.0267444805030808));
#988=CARTESIAN_POINT('',(0.012350540594858,0.0366501719937062,-0.0267261068419996));
#989=CARTESIAN_POINT('',(0.012350540594858,0.0366635895414769,-0.0267077227313724));
#990=CARTESIAN_POINT('',(0.0276826860935282,0.05,-0.03994140625));
#991=CARTESIAN_POINT('',(0.0276826860935282,0.05,-0.0399088541666667));
#992=CARTESIAN_POINT('',(0.0276826860935283,0.05,-0.0398763020833333));
#993=CARTESIAN_POINT('',(0.0388413430467641,0.05,-0.03994140625));
#994=CARTESIAN_POINT('',(0.0388413430467641,0.05,-0.0399088541666667));
#995=CARTESIAN_POINT('',(0.0388413430467641,0.05,-0.0398763020833333));
#996=CARTESIAN_POINT('',(0.006,0.0343557836453734,-0.0250106539401501));
#997=CARTESIAN_POINT('',(0.006,0.0344561953422815,-0.0248730189704109));
#998=CARTESIAN_POINT('',(0.006,0.0345558005121885,-0.0247347588633331));
#999=CARTESIAN_POINT('',(0.00900195248963071,0.0357595234852541,-0.0260258236075239));
#1000=CARTESIAN_POINT('',(0.00900195248963071,0.0358640599142729,-0.0258824306261257));
#1001=CARTESIAN_POINT('',(0.00900195248963071,0.03596775472039,-0.0257383867107946));
#1002=CARTESIAN_POINT('',(0.012350540594858,0.0366769935804785,-0.0266893281864588));
#1003=CARTESIAN_POINT('',(0.012350540594858,0.0367842258924912,-0.0265421718271504));
#1004=CARTESIAN_POINT('',(0.012350540594858,0.0368905936432784,-0.0263943476735173));
#1005=CARTESIAN_POINT('',(0.0276826860935283,0.05,-0.03984375));
#1006=CARTESIAN_POINT('',(0.0276826860935285,0.05,-0.0395833333333333));
#1007=CARTESIAN_POINT('',(0.0276826860935288,0.05,-0.0393229166666667));
#1008=CARTESIAN_POINT('',(0.0388413430467641,0.05,-0.03984375));
#1009=CARTESIAN_POINT('',(0.0388413430467643,0.05,-0.0395833333333333));
#1010=CARTESIAN_POINT('',(0.0388413430467644,0.05,-0.0393229166666667));
#1011=CARTESIAN_POINT('',(0.006,0.0346545921785688,-0.0245958805954423));
#1012=CARTESIAN_POINT('',(0.006,0.0348521755113295,-0.0243181240596608));
#1013=CARTESIAN_POINT('',(0.006,0.0350465048299835,-0.0240378948806271));
#1014=CARTESIAN_POINT('',(0.00900195248963071,0.0360706007175643,-0.0255936993438719));
#1015=CARTESIAN_POINT('',(0.00900195248963071,0.0362762927119129,-0.0253043246100263));
#1016=CARTESIAN_POINT('',(0.00900195248963071,0.0364785894704903,-0.0250123760698138));
#1017=CARTESIAN_POINT('',(0.012350540594858,0.0369960895098615,-0.0262458635384965));
#1018=CARTESIAN_POINT('',(0.012350540594858,0.0372070812430277,-0.0259488952684548));
#1019=CARTESIAN_POINT('',(0.012350540594858,0.0374145854393777,-0.0256492870728622));
#1020=CARTESIAN_POINT('',(0.027682686093529,0.05,-0.0390625));
#1021=CARTESIAN_POINT('',(0.0276826860935295,0.05,-0.0385416666666667));
#1022=CARTESIAN_POINT('',(0.0276826860935296,0.05,-0.0380208333333333));
#1023=CARTESIAN_POINT('',(0.0388413430467645,0.05,-0.0390625));
#1024=CARTESIAN_POINT('',(0.0388413430467647,0.05,-0.0385416666666667));
#1025=CARTESIAN_POINT('',(0.0388413430467648,0.05,-0.0380208333333333));
#1026=CARTESIAN_POINT('',(0.006,0.0352375243223272,-0.0237552488705453));
#1027=CARTESIAN_POINT('',(0.006,0.0367656802610763,-0.0214940807898908));
#1028=CARTESIAN_POINT('',(0.006,0.0380820073159563,-0.0190782355221526));
#1029=CARTESIAN_POINT('',(0.00900195248963071,0.0366774335049672,-0.0247179135819628));
#1030=CARTESIAN_POINT('',(0.00900195248963071,0.0382681857807824,-0.0223622136791547));
#1031=CARTESIAN_POINT('',(0.00900195248963071,0.039637963714167,-0.0198456211274833));
#1032=CARTESIAN_POINT('',(0.012350540594858,0.0376185435150837,-0.0253471014552146));
#1033=CARTESIAN_POINT('',(0.012350540594858,0.0392502081207318,-0.0229296165140334));
#1034=CARTESIAN_POINT('',(0.012350540594858,0.0406549210051651,-0.020347176561328));
#1035=CARTESIAN_POINT('',(0.0276826860935297,0.05,-0.0375));
#1036=CARTESIAN_POINT('',(0.0276826860935303,0.05,-0.0333333333333333));
#1037=CARTESIAN_POINT('',(0.0276826860935293,0.05,-0.0291666666666667));
#1038=CARTESIAN_POINT('',(0.0388413430467648,0.05,-0.0375));
#1039=CARTESIAN_POINT('',(0.0388413430467652,0.05,-0.0333333333333333));
#1040=CARTESIAN_POINT('',(0.0388413430467646,0.05,-0.0291666666666667));
#1041=CARTESIAN_POINT('',(0.006,0.0391579296385745,-0.0165362889157235));
#1042=CARTESIAN_POINT('',(0.006,0.0413097742838109,-0.0114523957028653));
#1043=CARTESIAN_POINT('',(0.006,0.0425,-0.00586409713524355));
#1044=CARTESIAN_POINT('',(0.006,0.0425,0.));
#1045=CARTESIAN_POINT('',(0.00900195248963071,0.0407573332805397,-0.0171987835959344));
#1046=CARTESIAN_POINT('',(0.00900195248963071,0.042996072413285,-0.0119051085328366));
#1047=CARTESIAN_POINT('',(0.00900195248963071,0.0442331780779828,-0.00609045355022921));
#1048=CARTESIAN_POINT('',(0.00900195248963071,0.0442331780779828,-8.67361737988404E-20));
#1049=CARTESIAN_POINT('',(0.012350540594858,0.041802687248566,-0.0176317833869714));
#1050=CARTESIAN_POINT('',(0.012350540594858,0.0440982197353677,-0.0122009970382582));
#1051=CARTESIAN_POINT('',(0.012350540594858,0.0453659656580394,-0.00623839780294));
#1052=CARTESIAN_POINT('',(0.012350540594858,0.0453659656580394,-1.73472347597681E-19));
#1053=CARTESIAN_POINT('',(0.0276826860935289,0.05,-0.025));
#1054=CARTESIAN_POINT('',(0.0276826860935269,0.05,-0.0166666666666667));
#1055=CARTESIAN_POINT('',(0.0276826860935279,0.05,-0.00833333333333333));
#1056=CARTESIAN_POINT('',(0.0276826860935282,0.05,0.));
#1057=CARTESIAN_POINT('',(0.0388413430467645,0.05,-0.025));
#1058=CARTESIAN_POINT('',(0.0388413430467635,0.05,-0.0166666666666667));
#1059=CARTESIAN_POINT('',(0.0388413430467639,0.05,-0.00833333333333333));
#1060=CARTESIAN_POINT('',(0.0388413430467641,0.05,0.));
#1061=CARTESIAN_POINT('',(0.05,0.,-0.05));
#1062=CARTESIAN_POINT('',(0.05,0.00833333333333333,-0.05));
#1063=CARTESIAN_POINT('',(0.05,0.0166666666666667,-0.05));
#1064=CARTESIAN_POINT('',(0.0611586569532359,0.,-0.05));
#1065=CARTESIAN_POINT('',(0.061158656953236,0.00833333333333333,-0.05));
#1066=CARTESIAN_POINT('',(0.061158656953236,0.0166666666666667,-0.05));
#1067=CARTESIAN_POINT('',(0.0723173139064718,0.,-0.05));
#1068=CARTESIAN_POINT('',(0.0723173139064719,0.00833333333333333,-0.05));
#1069=CARTESIAN_POINT('',(0.0723173139064719,0.0166666666666667,-0.05));
#1070=CARTESIAN_POINT('',(0.08,0.,-0.05));
#1071=CARTESIAN_POINT('',(0.0799999999999999,0.00833333333333333,-0.05));
#1072=CARTESIAN_POINT('',(0.0799999999999998,0.0166666666666667,-0.05));
#1073=CARTESIAN_POINT('',(0.09,0.,-0.05));
#1074=CARTESIAN_POINT('',(0.09,0.00833333333333333,-0.05));
#1075=CARTESIAN_POINT('',(0.0899999999999999,0.0166666666666667,-0.05));
#1076=CARTESIAN_POINT('',(0.1,0.,-0.05));
#1077=CARTESIAN_POINT('',(0.1,0.00833333333333333,-0.05));
#1078=CARTESIAN_POINT('',(0.1,0.0166666666666667,-0.05));
#1079=CARTESIAN_POINT('',(0.05,0.025,-0.05));
#1080=CARTESIAN_POINT('',(0.05,0.0291666666666667,-0.05));
#1081=CARTESIAN_POINT('',(0.05,0.0333333333333333,-0.05));
#1082=CARTESIAN_POINT('',(0.0611586569532359,0.025,-0.05));
#1083=CARTESIAN_POINT('',(0.0611586569532359,0.0291666666666667,-0.05));
#1084=CARTESIAN_POINT('',(0.0611586569532358,0.0333333333333333,-0.05));
#1085=CARTESIAN_POINT('',(0.0723173139064718,0.025,-0.05));
#1086=CARTESIAN_POINT('',(0.0723173139064718,0.0291666666666667,-0.05));
#1087=CARTESIAN_POINT('',(0.0723173139064717,0.0333333333333333,-0.05));
#1088=CARTESIAN_POINT('',(0.08,0.025,-0.05));
#1089=CARTESIAN_POINT('',(0.0800000000000001,0.0291666666666667,-0.05));
#1090=CARTESIAN_POINT('',(0.0800000000000002,0.0333333333333333,-0.05));
#1091=CARTESIAN_POINT('',(0.09,0.025,-0.05));
#1092=CARTESIAN_POINT('',(0.09,0.0291666666666667,-0.05));
#1093=CARTESIAN_POINT('',(0.0900000000000001,0.0333333333333333,-0.05));
#1094=CARTESIAN_POINT('',(0.1,0.025,-0.05));
#1095=CARTESIAN_POINT('',(0.1,0.0291666666666667,-0.05));
#1096=CARTESIAN_POINT('',(0.1,0.0333333333333333,-0.05));
#1097=CARTESIAN_POINT('',(0.05,0.0375,-0.05));
#1098=CARTESIAN_POINT('',(0.05,0.0380208333333333,-0.05));
#1099=CARTESIAN_POINT('',(0.05,0.0385416666666667,-0.05));
#1100=CARTESIAN_POINT('',(0.0611586569532359,0.0375,-0.05));
#1101=CARTESIAN_POINT('',(0.0611586569532359,0.0380208333333333,-0.05));
#1102=CARTESIAN_POINT('',(0.0611586569532359,0.0385416666666667,-0.05));
#1103=CARTESIAN_POINT('',(0.0723173139064718,0.0375,-0.05));
#1104=CARTESIAN_POINT('',(0.0723173139064718,0.0380208333333333,-0.05));
#1105=CARTESIAN_POINT('',(0.0723173139064719,0.0385416666666667,-0.05));
#1106=CARTESIAN_POINT('',(0.08,0.0375,-0.05));
#1107=CARTESIAN_POINT('',(0.08,0.0380208333333333,-0.05));
#1108=CARTESIAN_POINT('',(0.08,0.0385416666666667,-0.05));
#1109=CARTESIAN_POINT('',(0.09,0.0375,-0.05));
#1110=CARTESIAN_POINT('',(0.09,0.0380208333333333,-0.05));
#1111=CARTESIAN_POINT('',(0.09,0.0385416666666667,-0.05));
#1112=CARTESIAN_POINT('',(0.1,0.0375,-0.05));
#1113=CARTESIAN_POINT('',(0.1,0.0380208333333333,-0.05));
#1114=CARTESIAN_POINT('',(0.1,0.0385416666666667,-0.05));
#1115=CARTESIAN_POINT('',(0.05,0.0390625,-0.05));
#1116=CARTESIAN_POINT('',(0.05,0.0393229166666667,-0.05));
#1117=CARTESIAN_POINT('',(0.05,0.0395833333333333,-0.05));
#1118=CARTESIAN_POINT('',(0.0611586569532359,0.0390625,-0.05));
#1119=CARTESIAN_POINT('',(0.0611586569532359,0.0393229166666667,-0.05));
#1120=CARTESIAN_POINT('',(0.0611586569532359,0.0395833333333333,-0.05));
#1121=CARTESIAN_POINT('',(0.0723173139064718,0.0390625,-0.05));
#1122=CARTESIAN_POINT('',(0.0723173139064718,0.0393229166666667,-0.05));
#1123=CARTESIAN_POINT('',(0.0723173139064718,0.0395833333333333,-0.05));
#1124=CARTESIAN_POINT('',(0.08,0.0390625,-0.05));
#1125=CARTESIAN_POINT('',(0.08,0.0393229166666667,-0.05));
#1126=CARTESIAN_POINT('',(0.0800000000000001,0.0395833333333333,-0.05));
#1127=CARTESIAN_POINT('',(0.09,0.0390625,-0.05));
#1128=CARTESIAN_POINT('',(0.09,0.0393229166666667,-0.05));
#1129=CARTESIAN_POINT('',(0.09,0.0395833333333333,-0.05));
#1130=CARTESIAN_POINT('',(0.1,0.0390625,-0.05));
#1131=CARTESIAN_POINT('',(0.1,0.0393229166666667,-0.05));
#1132=CARTESIAN_POINT('',(0.1,0.0395833333333333,-0.05));
#1133=CARTESIAN_POINT('',(0.05,0.03984375,-0.05));
#1134=CARTESIAN_POINT('',(0.05,0.0398763020833333,-0.05));
#1135=CARTESIAN_POINT('',(0.05,0.0399088541666667,-0.05));
#1136=CARTESIAN_POINT('',(0.0611586569532359,0.03984375,-0.05));
#1137=CARTESIAN_POINT('',(0.0611586569532359,0.0398763020833333,-0.05));
#1138=CARTESIAN_POINT('',(0.0611586569532359,0.0399088541666667,-0.05));
#1139=CARTESIAN_POINT('',(0.0723173139064718,0.03984375,-0.05));
#1140=CARTESIAN_POINT('',(0.0723173139064718,0.0398763020833333,-0.05));
#1141=CARTESIAN_POINT('',(0.0723173139064718,0.0399088541666667,-0.05));
#1142=CARTESIAN_POINT('',(0.08,0.03984375,-0.05));
#1143=CARTESIAN_POINT('',(0.08,0.0398763020833333,-0.05));
#1144=CARTESIAN_POINT('',(0.08,0.0399088541666667,-0.05));
#1145=CARTESIAN_POINT('',(0.09,0.03984375,-0.05));
#1146=CARTESIAN_POINT('',(0.09,0.0398763020833333,-0.05));
#1147=CARTESIAN_POINT('',(0.09,0.0399088541666667,-0.05));
#1148=CARTESIAN_POINT('',(0.1,0.03984375,-0.05));
#1149=CARTESIAN_POINT('',(0.1,0.0398763020833333,-0.05));
#1150=CARTESIAN_POINT('',(0.1,0.0399088541666667,-0.05));
#1151=CARTESIAN_POINT('',(0.05,0.03994140625,-0.05));
#1152=CARTESIAN_POINT('',(0.05,0.0399576822916667,-0.05));
#1153=CARTESIAN_POINT('',(0.05,0.0399739583333334,-0.05));
#1154=CARTESIAN_POINT('',(0.0611586569532359,0.03994140625,-0.05));
#1155=CARTESIAN_POINT('',(0.0611586569532359,0.0399576822916667,-0.05));
#1156=CARTESIAN_POINT('',(0.0611586569532359,0.0399739583333334,-0.05));
#1157=CARTESIAN_POINT('',(0.0723173139064718,0.03994140625,-0.05));
#1158=CARTESIAN_POINT('',(0.0723173139064718,0.0399576822916667,-0.05));
#1159=CARTESIAN_POINT('',(0.0723173139064718,0.0399739583333334,-0.05));
#1160=CARTESIAN_POINT('',(0.08,0.03994140625,-0.05));
#1161=CARTESIAN_POINT('',(0.08,0.0399576822916667,-0.05));
#1162=CARTESIAN_POINT('',(0.08,0.0399739583333334,-0.05));
#1163=CARTESIAN_POINT('',(0.09,0.03994140625,-0.05));
#1164=CARTESIAN_POINT('',(0.09,0.0399576822916667,-0.05));
#1165=CARTESIAN_POINT('',(0.09,0.0399739583333334,-0.05));
#1166=CARTESIAN_POINT('',(0.1,0.03994140625,-0.05));
#1167=CARTESIAN_POINT('',(0.1,0.0399576822916667,-0.05));
#1168=CARTESIAN_POINT('',(0.1,0.0399739583333334,-0.05));
#1169=CARTESIAN_POINT('',(0.05,0.039990234375,-0.05));
#1170=CARTESIAN_POINT('',(0.05,0.0400065104166667,-0.05));
#1171=CARTESIAN_POINT('',(0.05,0.0400181171127843,-0.0499999919488228));
#1172=CARTESIAN_POINT('',(0.0611586569532359,0.039990234375,-0.05));
#1173=CARTESIAN_POINT('',(0.0611586569532359,0.0400065104166667,-0.05));
#1174=CARTESIAN_POINT('',(0.0611586569532359,0.0400181171127843,-0.0499999919488228));
#1175=CARTESIAN_POINT('',(0.0723173139064718,0.039990234375,-0.05));
#1176=CARTESIAN_POINT('',(0.0723173139064718,0.0400065104166667,-0.05));
#1177=CARTESIAN_POINT('',(0.0723173139064718,0.0400181171127843,-0.0499999919488228));
#1178=CARTESIAN_POINT('',(0.08,0.039990234375,-0.05));
#1179=CARTESIAN_POINT('',(0.08,0.0400065104166667,-0.05));
#1180=CARTESIAN_POINT('',(0.08,0.0400181171127843,-0.0499999919488228));
#1181=CARTESIAN_POINT('',(0.09,0.039990234375,-0.05));
#1182=CARTESIAN_POINT('',(0.09,0.0400065104166667,-0.05));
#1183=CARTESIAN_POINT('',(0.09,0.0400181171127843,-0.0499999919488228));
#1184=CARTESIAN_POINT('',(0.1,0.039990234375,-0.05));
#1185=CARTESIAN_POINT('',(0.1,0.0400065104166667,-0.05));
#1186=CARTESIAN_POINT('',(0.1,0.0400181171127843,-0.0499999919488228));
#1187=CARTESIAN_POINT('',(0.05,0.0400310544645875,-0.0499999517280349));
#1188=CARTESIAN_POINT('',(0.05,0.0400828038718,-0.0499997908448833));
#1189=CARTESIAN_POINT('',(0.05,0.040134512827732,-0.0499992279293432));
#1190=CARTESIAN_POINT('',(0.0611586569532359,0.0400310544645875,-0.0499999517280349));
#1191=CARTESIAN_POINT('',(0.0611586569532359,0.0400828038718,-0.0499997908448833));
#1192=CARTESIAN_POINT('',(0.0611586569532359,0.040134512827732,-0.0499992279293432));
#1193=CARTESIAN_POINT('',(0.0723173139064718,0.0400310544645875,-0.0499999517280349));
#1194=CARTESIAN_POINT('',(0.0723173139064718,0.0400828038718,-0.0499997908448833));
#1195=CARTESIAN_POINT('',(0.0723173139064719,0.040134512827732,-0.0499992279293432));
#1196=CARTESIAN_POINT('',(0.08,0.0400310544645875,-0.0499999517280349));
#1197=CARTESIAN_POINT('',(0.08,0.0400828038718,-0.0499997908448833));
#1198=CARTESIAN_POINT('',(0.08,0.040134512827732,-0.0499992279293432));
#1199=CARTESIAN_POINT('',(0.09,0.0400310544645875,-0.0499999517280349));
#1200=CARTESIAN_POINT('',(0.09,0.0400828038718,-0.0499997908448833));
#1201=CARTESIAN_POINT('',(0.09,0.040134512827732,-0.0499992279293432));
#1202=CARTESIAN_POINT('',(0.1,0.0400310544645875,-0.0499999517280349));
#1203=CARTESIAN_POINT('',(0.1,0.0400828038718,-0.0499997908448833));
#1204=CARTESIAN_POINT('',(0.1,0.040134512827732,-0.0499992279293432));
#1205=CARTESIAN_POINT('',(0.05,0.0401861770956674,-0.0499982647363199));
#1206=CARTESIAN_POINT('',(0.05,0.0402895056315384,-0.0499963383502732));
#1207=CARTESIAN_POINT('',(0.05,0.0403926554154232,-0.0499928108542936));
#1208=CARTESIAN_POINT('',(0.061158656953236,0.0401861770956674,-0.0499982647363199));
#1209=CARTESIAN_POINT('',(0.061158656953236,0.0402895056315384,-0.0499963383502732));
#1210=CARTESIAN_POINT('',(0.0611586569532359,0.0403926554154232,-0.0499928108542936));
#1211=CARTESIAN_POINT('',(0.0723173139064719,0.0401861770956674,-0.0499982647363199));
#1212=CARTESIAN_POINT('',(0.072317313906472,0.0402895056315384,-0.0499963383502732));
#1213=CARTESIAN_POINT('',(0.0723173139064719,0.0403926554154232,-0.0499928108542936));
#1214=CARTESIAN_POINT('',(0.08,0.0401861770956674,-0.0499982647363199));
#1215=CARTESIAN_POINT('',(0.0799999999999999,0.0402895056315384,-0.0499963383502732));
#1216=CARTESIAN_POINT('',(0.0799999999999999,0.0403926554154232,-0.0499928108542936));
#1217=CARTESIAN_POINT('',(0.09,0.0401861770956674,-0.0499982647363199));
#1218=CARTESIAN_POINT('',(0.0899999999999999,0.0402895056315384,-0.0499963383502732));
#1219=CARTESIAN_POINT('',(0.09,0.0403926554154232,-0.0499928108542936));
#1220=CARTESIAN_POINT('',(0.1,0.0401861770956674,-0.0499982647363199));
#1221=CARTESIAN_POINT('',(0.1,0.0402895056315384,-0.0499963383502732));
#1222=CARTESIAN_POINT('',(0.1,0.0403926554154232,-0.0499928108542936));
#1223=CARTESIAN_POINT('',(0.05,0.0404955925535938,-0.0499876962876227));
#1224=CARTESIAN_POINT('',(0.05,0.0413190896589588,-0.0499467797542559));
#1225=CARTESIAN_POINT('',(0.05,0.0421289774386181,-0.0498042906966531));
#1226=CARTESIAN_POINT('',(0.0611586569532359,0.0404955925535938,-0.0499876962876227));
#1227=CARTESIAN_POINT('',(0.0611586569532356,0.0413190896589588,-0.0499467797542559));
#1228=CARTESIAN_POINT('',(0.0611586569532356,0.0421289774386181,-0.0498042906966531));
#1229=CARTESIAN_POINT('',(0.0723173139064718,0.0404955925535938,-0.0499876962876227));
#1230=CARTESIAN_POINT('',(0.0723173139064712,0.0413190896589588,-0.0499467797542559));
#1231=CARTESIAN_POINT('',(0.0723173139064713,0.0421289774386181,-0.0498042906966531));
#1232=CARTESIAN_POINT('',(0.0799999999999999,0.0404955925535938,-0.0499876962876227));
#1233=CARTESIAN_POINT('',(0.0800000000000001,0.0413190896589588,-0.0499467797542559));
#1234=CARTESIAN_POINT('',(0.0799999999999999,0.0421289774386181,-0.0498042906966531));
#1235=CARTESIAN_POINT('',(0.09,0.0404955925535938,-0.0499876962876227));
#1236=CARTESIAN_POINT('',(0.09,0.0413190896589588,-0.0499467797542559));
#1237=CARTESIAN_POINT('',(0.0899999999999999,0.0421289774386181,-0.0498042906966531));
#1238=CARTESIAN_POINT('',(0.1,0.0404955925535938,-0.0499876962876227));
#1239=CARTESIAN_POINT('',(0.1,0.0413190896589588,-0.0499467797542559));
#1240=CARTESIAN_POINT('',(0.1,0.0421289774386181,-0.0498042906966531));
#1241=CARTESIAN_POINT('',(0.05,0.0429079023038325,-0.049567417206626));
#1242=CARTESIAN_POINT('',(0.05,0.0444657520342612,-0.0490936702265719));
#1243=CARTESIAN_POINT('',(0.05,0.0458997501069103,-0.0482423855168207));
#1244=CARTESIAN_POINT('',(0.0611586569532357,0.0429079023038325,-0.049567417206626));
#1245=CARTESIAN_POINT('',(0.0611586569532358,0.0444657520342612,-0.0490936702265719));
#1246=CARTESIAN_POINT('',(0.0611586569532359,0.0458997501069103,-0.0482423855168207));
#1247=CARTESIAN_POINT('',(0.0723173139064714,0.0429079023038325,-0.049567417206626));
#1248=CARTESIAN_POINT('',(0.0723173139064715,0.0444657520342612,-0.0490936702265719));
#1249=CARTESIAN_POINT('',(0.0723173139064718,0.0458997501069103,-0.0482423855168207));
#1250=CARTESIAN_POINT('',(0.0799999999999998,0.0429079023038325,-0.049567417206626));
#1251=CARTESIAN_POINT('',(0.0799999999999997,0.0444657520342612,-0.0490936702265719));
#1252=CARTESIAN_POINT('',(0.0799999999999999,0.0458997501069103,-0.0482423855168207));
#1253=CARTESIAN_POINT('',(0.0899999999999999,0.0429079023038325,-0.049567417206626));
#1254=CARTESIAN_POINT('',(0.0899999999999998,0.0444657520342612,-0.0490936702265719));
#1255=CARTESIAN_POINT('',(0.0899999999999999,0.0458997501069103,-0.0482423855168207));
#1256=CARTESIAN_POINT('',(0.1,0.0429079023038325,-0.049567417206626));
#1257=CARTESIAN_POINT('',(0.1,0.0444657520342612,-0.0490936702265719));
#1258=CARTESIAN_POINT('',(0.1,0.0458997501069103,-0.0482423855168207));
#1259=CARTESIAN_POINT('',(0.05,0.0470710678118655,-0.0470710678118655));
#1260=CARTESIAN_POINT('',(0.05,0.0482423855168207,-0.0458997501069103));
#1261=CARTESIAN_POINT('',(0.05,0.0490936702265719,-0.0444657520342612));
#1262=CARTESIAN_POINT('',(0.0611586569532359,0.0470710678118655,-0.0470710678118655));
#1263=CARTESIAN_POINT('',(0.0611586569532359,0.0482423855168207,-0.0458997501069103));
#1264=CARTESIAN_POINT('',(0.0611586569532359,0.0490936702265719,-0.0444657520342612));
#1265=CARTESIAN_POINT('',(0.0723173139064718,0.0470710678118655,-0.0470710678118655));
#1266=CARTESIAN_POINT('',(0.0723173139064719,0.0482423855168207,-0.0458997501069103));
#1267=CARTESIAN_POINT('',(0.0723173139064718,0.0490936702265719,-0.0444657520342612));
#1268=CARTESIAN_POINT('',(0.08,0.0470710678118655,-0.0470710678118655));
#1269=CARTESIAN_POINT('',(0.0800000000000001,0.0482423855168207,-0.0458997501069103));
#1270=CARTESIAN_POINT('',(0.08,0.0490936702265719,-0.0444657520342612));
#1271=CARTESIAN_POINT('',(0.09,0.0470710678118655,-0.0470710678118655));
#1272=CARTESIAN_POINT('',(0.0900000000000001,0.0482423855168207,-0.0458997501069103));
#1273=CARTESIAN_POINT('',(0.09,0.0490936702265719,-0.0444657520342612));
#1274=CARTESIAN_POINT('',(0.1,0.0470710678118655,-0.0470710678118655));
#1275=CARTESIAN_POINT('',(0.1,0.0482423855168207,-0.0458997501069103));
#1276=CARTESIAN_POINT('',(0.1,0.0490936702265719,-0.0444657520342612));
#1277=CARTESIAN_POINT('',(0.05,0.049567417206626,-0.0429079023038325));
#1278=CARTESIAN_POINT('',(0.05,0.0498042906966531,-0.0421289774386181));
#1279=CARTESIAN_POINT('',(0.05,0.0499467797542559,-0.0413190896589588));
#1280=CARTESIAN_POINT('',(0.0611586569532359,0.049567417206626,-0.0429079023038325));
#1281=CARTESIAN_POINT('',(0.0611586569532359,0.0498042906966531,-0.0421289774386181));
#1282=CARTESIAN_POINT('',(0.0611586569532359,0.0499467797542559,-0.0413190896589588));
#1283=CARTESIAN_POINT('',(0.0723173139064718,0.049567417206626,-0.0429079023038325));
#1284=CARTESIAN_POINT('',(0.0723173139064718,0.0498042906966531,-0.0421289774386181));
#1285=CARTESIAN_POINT('',(0.0723173139064719,0.0499467797542559,-0.0413190896589588));
#1286=CARTESIAN_POINT('',(0.08,0.049567417206626,-0.0429079023038325));
#1287=CARTESIAN_POINT('',(0.08,0.0498042906966531,-0.0421289774386181));
#1288=CARTESIAN_POINT('',(0.08,0.0499467797542559,-0.0413190896589588));
#1289=CARTESIAN_POINT('',(0.09,0.049567417206626,-0.0429079023038325));
#1290=CARTESIAN_POINT('',(0.09,0.0498042906966531,-0.0421289774386181));
#1291=CARTESIAN_POINT('',(0.09,0.0499467797542559,-0.0413190896589588));
#1292=CARTESIAN_POINT('',(0.1,0.049567417206626,-0.0429079023038325));
#1293=CARTESIAN_POINT('',(0.1,0.0498042906966531,-0.0421289774386181));
#1294=CARTESIAN_POINT('',(0.1,0.0499467797542559,-0.0413190896589588));
#1295=CARTESIAN_POINT('',(0.05,0.0499876962876227,-0.0404955925535938));
#1296=CARTESIAN_POINT('',(0.05,0.0499928108542936,-0.0403926554154231));
#1297=CARTESIAN_POINT('',(0.05,0.0499963383502732,-0.0402895056315384));
#1298=CARTESIAN_POINT('',(0.0611586569532359,0.0499876962876227,-0.0404955925535938));
#1299=CARTESIAN_POINT('',(0.0611586569532359,0.0499928108542936,-0.0403926554154231));
#1300=CARTESIAN_POINT('',(0.0611586569532359,0.0499963383502732,-0.0402895056315384));
#1301=CARTESIAN_POINT('',(0.0723173139064718,0.0499876962876227,-0.0404955925535938));
#1302=CARTESIAN_POINT('',(0.0723173139064718,0.0499928108542936,-0.0403926554154231));
#1303=CARTESIAN_POINT('',(0.0723173139064718,0.0499963383502732,-0.0402895056315384));
#1304=CARTESIAN_POINT('',(0.08,0.0499876962876227,-0.0404955925535938));
#1305=CARTESIAN_POINT('',(0.08,0.0499928108542936,-0.0403926554154231));
#1306=CARTESIAN_POINT('',(0.08,0.0499963383502732,-0.0402895056315384));
#1307=CARTESIAN_POINT('',(0.09,0.0499876962876227,-0.0404955925535938));
#1308=CARTESIAN_POINT('',(0.09,0.0499928108542936,-0.0403926554154231));
#1309=CARTESIAN_POINT('',(0.09,0.0499963383502732,-0.0402895056315384));
#1310=CARTESIAN_POINT('',(0.1,0.0499876962876227,-0.0404955925535938));
#1311=CARTESIAN_POINT('',(0.1,0.0499928108542936,-0.0403926554154231));
#1312=CARTESIAN_POINT('',(0.1,0.0499963383502732,-0.0402895056315384));
#1313=CARTESIAN_POINT('',(0.05,0.0499982647363199,-0.0401861770956674));
#1314=CARTESIAN_POINT('',(0.05,0.0499992279293432,-0.040134512827732));
#1315=CARTESIAN_POINT('',(0.05,0.0499997908448833,-0.0400828038718));
#1316=CARTESIAN_POINT('',(0.0611586569532359,0.0499982647363199,-0.0401861770956674));
#1317=CARTESIAN_POINT('',(0.0611586569532359,0.0499992279293432,-0.040134512827732));
#1318=CARTESIAN_POINT('',(0.0611586569532359,0.0499997908448833,-0.0400828038718));
#1319=CARTESIAN_POINT('',(0.0723173139064718,0.0499982647363199,-0.0401861770956674));
#1320=CARTESIAN_POINT('',(0.0723173139064718,0.0499992279293432,-0.040134512827732));
#1321=CARTESIAN_POINT('',(0.0723173139064719,0.0499997908448833,-0.0400828038718));
#1322=CARTESIAN_POINT('',(0.08,0.0499982647363199,-0.0401861770956674));
#1323=CARTESIAN_POINT('',(0.08,0.0499992279293432,-0.040134512827732));
#1324=CARTESIAN_POINT('',(0.08,0.0499997908448833,-0.0400828038718));
#1325=CARTESIAN_POINT('',(0.09,0.0499982647363199,-0.0401861770956674));
#1326=CARTESIAN_POINT('',(0.09,0.0499992279293432,-0.040134512827732));
#1327=CARTESIAN_POINT('',(0.09,0.0499997908448833,-0.0400828038718));
#1328=CARTESIAN_POINT('',(0.1,0.0499982647363199,-0.0401861770956674));
#1329=CARTESIAN_POINT('',(0.1,0.0499992279293432,-0.040134512827732));
#1330=CARTESIAN_POINT('',(0.1,0.0499997908448833,-0.0400828038718));
#1331=CARTESIAN_POINT('',(0.05,0.0499999517280349,-0.0400310544645875));
#1332=CARTESIAN_POINT('',(0.05,0.0499999919488228,-0.0400181171127843));
#1333=CARTESIAN_POINT('',(0.05,0.05,-0.0400065104166667));
#1334=CARTESIAN_POINT('',(0.0611586569532359,0.0499999517280349,-0.0400310544645875));
#1335=CARTESIAN_POINT('',(0.0611586569532359,0.0499999919488228,-0.0400181171127843));
#1336=CARTESIAN_POINT('',(0.0611586569532359,0.05,-0.0400065104166667));
#1337=CARTESIAN_POINT('',(0.0723173139064718,0.0499999517280349,-0.0400310544645875));
#1338=CARTESIAN_POINT('',(0.0723173139064718,0.0499999919488228,-0.0400181171127843));
#1339=CARTESIAN_POINT('',(0.0723173139064718,0.05,-0.0400065104166667));
#1340=CARTESIAN_POINT('',(0.08,0.0499999517280349,-0.0400310544645875));
#1341=CARTESIAN_POINT('',(0.08,0.0499999919488228,-0.0400181171127843));
#1342=CARTESIAN_POINT('',(0.08,0.05,-0.0400065104166667));
#1343=CARTESIAN_POINT('',(0.09,0.0499999517280349,-0.0400310544645875));
#1344=CARTESIAN_POINT('',(0.09,0.0499999919488228,-0.0400181171127843));
#1345=CARTESIAN_POINT('',(0.09,0.05,-0.0400065104166667));
#1346=CARTESIAN_POINT('',(0.1,0.0499999517280349,-0.0400310544645875));
#1347=CARTESIAN_POINT('',(0.1,0.0499999919488228,-0.0400181171127843));
#1348=CARTESIAN_POINT('',(0.1,0.05,-0.0400065104166667));
#1349=CARTESIAN_POINT('',(0.05,0.05,-0.039990234375));
#1350=CARTESIAN_POINT('',(0.05,0.05,-0.0399739583333333));
#1351=CARTESIAN_POINT('',(0.05,0.05,-0.0399576822916667));
#1352=CARTESIAN_POINT('',(0.0611586569532359,0.05,-0.039990234375));
#1353=CARTESIAN_POINT('',(0.0611586569532359,0.05,-0.0399739583333333));
#1354=CARTESIAN_POINT('',(0.0611586569532359,0.05,-0.0399576822916667));
#1355=CARTESIAN_POINT('',(0.0723173139064718,0.05,-0.039990234375));
#1356=CARTESIAN_POINT('',(0.0723173139064718,0.05,-0.0399739583333333));
#1357=CARTESIAN_POINT('',(0.0723173139064718,0.05,-0.0399576822916667));
#1358=CARTESIAN_POINT('',(0.08,0.05,-0.039990234375));
#1359=CARTESIAN_POINT('',(0.08,0.05,-0.0399739583333333));
#1360=CARTESIAN_POINT('',(0.08,0.05,-0.0399576822916667));
#1361=CARTESIAN_POINT('',(0.09,0.05,-0.039990234375));
#1362=CARTESIAN_POINT('',(0.09,0.05,-0.0399739583333333));
#1363=CARTESIAN_POINT('',(0.09,0.05,-0.0399576822916667));
#1364=CARTESIAN_POINT('',(0.1,0.05,-0.039990234375));
#1365=CARTESIAN_POINT('',(0.1,0.05,-0.0399739583333333));
#1366=CARTESIAN_POINT('',(0.1,0.05,-0.0399576822916667));
#1367=CARTESIAN_POINT('',(0.05,0.05,-0.03994140625));
#1368=CARTESIAN_POINT('',(0.05,0.05,-0.0399088541666667));
#1369=CARTESIAN_POINT('',(0.05,0.05,-0.0398763020833333));
#1370=CARTESIAN_POINT('',(0.0611586569532359,0.05,-0.03994140625));
#1371=CARTESIAN_POINT('',(0.0611586569532359,0.05,-0.0399088541666667));
#1372=CARTESIAN_POINT('',(0.0611586569532359,0.05,-0.0398763020833333));
#1373=CARTESIAN_POINT('',(0.0723173139064718,0.05,-0.03994140625));
#1374=CARTESIAN_POINT('',(0.0723173139064718,0.05,-0.0399088541666667));
#1375=CARTESIAN_POINT('',(0.0723173139064718,0.05,-0.0398763020833333));
#1376=CARTESIAN_POINT('',(0.08,0.05,-0.03994140625));
#1377=CARTESIAN_POINT('',(0.08,0.05,-0.0399088541666667));
#1378=CARTESIAN_POINT('',(0.08,0.05,-0.0398763020833333));
#1379=CARTESIAN_POINT('',(0.09,0.05,-0.03994140625));
#1380=CARTESIAN_POINT('',(0.09,0.05,-0.0399088541666667));
#1381=CARTESIAN_POINT('',(0.09,0.05,-0.0398763020833333));
#1382=CARTESIAN_POINT('',(0.1,0.05,-0.03994140625));
#1383=CARTESIAN_POINT('',(0.1,0.05,-0.0399088541666667));
#1384=CARTESIAN_POINT('',(0.1,0.05,-0.0398763020833333));
#1385=CARTESIAN_POINT('',(0.05,0.05,-0.03984375));
#1386=CARTESIAN_POINT('',(0.05,0.05,-0.0395833333333333));
#1387=CARTESIAN_POINT('',(0.05,0.05,-0.0393229166666667));
#1388=CARTESIAN_POINT('',(0.0611586569532359,0.05,-0.03984375));
#1389=CARTESIAN_POINT('',(0.0611586569532357,0.05,-0.0395833333333333));
#1390=CARTESIAN_POINT('',(0.0611586569532356,0.05,-0.0393229166666667));
#1391=CARTESIAN_POINT('',(0.0723173139064717,0.05,-0.03984375));
#1392=CARTESIAN_POINT('',(0.0723173139064715,0.05,-0.0395833333333333));
#1393=CARTESIAN_POINT('',(0.0723173139064712,0.05,-0.0393229166666667));
#1394=CARTESIAN_POINT('',(0.08,0.05,-0.03984375));
#1395=CARTESIAN_POINT('',(0.0799999999999999,0.05,-0.0395833333333333));
#1396=CARTESIAN_POINT('',(0.0800000000000002,0.05,-0.0393229166666667));
#1397=CARTESIAN_POINT('',(0.09,0.05,-0.03984375));
#1398=CARTESIAN_POINT('',(0.0899999999999999,0.05,-0.0395833333333333));
#1399=CARTESIAN_POINT('',(0.0900000000000001,0.05,-0.0393229166666667));
#1400=CARTESIAN_POINT('',(0.1,0.05,-0.03984375));
#1401=CARTESIAN_POINT('',(0.1,0.05,-0.0395833333333333));
#1402=CARTESIAN_POINT('',(0.1,0.05,-0.0393229166666667));
#1403=CARTESIAN_POINT('',(0.05,0.05,-0.0390625));
#1404=CARTESIAN_POINT('',(0.05,0.05,-0.0385416666666667));
#1405=CARTESIAN_POINT('',(0.05,0.05,-0.0380208333333333));
#1406=CARTESIAN_POINT('',(0.0611586569532355,0.05,-0.0390625));
#1407=CARTESIAN_POINT('',(0.0611586569532353,0.05,-0.0385416666666667));
#1408=CARTESIAN_POINT('',(0.0611586569532352,0.05,-0.0380208333333333));
#1409=CARTESIAN_POINT('',(0.072317313906471,0.05,-0.0390625));
#1410=CARTESIAN_POINT('',(0.0723173139064705,0.05,-0.0385416666666667));
#1411=CARTESIAN_POINT('',(0.0723173139064704,0.05,-0.0380208333333333));
#1412=CARTESIAN_POINT('',(0.0800000000000004,0.05,-0.0390625));
#1413=CARTESIAN_POINT('',(0.080000000000001,0.05,-0.0385416666666667));
#1414=CARTESIAN_POINT('',(0.0800000000000011,0.05,-0.0380208333333333));
#1415=CARTESIAN_POINT('',(0.0900000000000002,0.05,-0.0390625));
#1416=CARTESIAN_POINT('',(0.0900000000000005,0.05,-0.0385416666666667));
#1417=CARTESIAN_POINT('',(0.0900000000000006,0.05,-0.0380208333333333));
#1418=CARTESIAN_POINT('',(0.1,0.05,-0.0390625));
#1419=CARTESIAN_POINT('',(0.1,0.05,-0.0385416666666667));
#1420=CARTESIAN_POINT('',(0.1,0.05,-0.0380208333333333));
#1421=CARTESIAN_POINT('',(0.05,0.05,-0.0375));
#1422=CARTESIAN_POINT('',(0.05,0.05,-0.0333333333333333));
#1423=CARTESIAN_POINT('',(0.05,0.05,-0.0291666666666667));
#1424=CARTESIAN_POINT('',(0.0611586569532352,0.05,-0.0375));
#1425=CARTESIAN_POINT('',(0.0611586569532348,0.05,-0.0333333333333333));
#1426=CARTESIAN_POINT('',(0.0611586569532354,0.05,-0.0291666666666667));
#1427=CARTESIAN_POINT('',(0.0723173139064703,0.05,-0.0375));
#1428=CARTESIAN_POINT('',(0.0723173139064697,0.05,-0.0333333333333333));
#1429=CARTESIAN_POINT('',(0.0723173139064707,0.05,-0.0291666666666667));
#1430=CARTESIAN_POINT('',(0.0800000000000012,0.05,-0.0375));
#1431=CARTESIAN_POINT('',(0.0800000000000022,0.05,-0.0333333333333333));
#1432=CARTESIAN_POINT('',(0.080000000000001,0.05,-0.0291666666666667));
#1433=CARTESIAN_POINT('',(0.0900000000000006,0.05,-0.0375));
#1434=CARTESIAN_POINT('',(0.0900000000000011,0.05,-0.0333333333333333));
#1435=CARTESIAN_POINT('',(0.0900000000000005,0.05,-0.0291666666666667));
#1436=CARTESIAN_POINT('',(0.1,0.05,-0.0375));
#1437=CARTESIAN_POINT('',(0.1,0.05,-0.0333333333333333));
#1438=CARTESIAN_POINT('',(0.1,0.05,-0.0291666666666667));
#1439=CARTESIAN_POINT('',(0.05,0.05,-0.025));
#1440=CARTESIAN_POINT('',(0.05,0.05,-0.0166666666666667));
#1441=CARTESIAN_POINT('',(0.05,0.05,-0.00833333333333333));
#1442=CARTESIAN_POINT('',(0.05,0.05,0.));
#1443=CARTESIAN_POINT('',(0.0611586569532355,0.05,-0.025));
#1444=CARTESIAN_POINT('',(0.0611586569532366,0.05,-0.0166666666666667));
#1445=CARTESIAN_POINT('',(0.0611586569532361,0.05,-0.00833333333333333));
#1446=CARTESIAN_POINT('',(0.0611586569532359,0.05,0.));
#1447=CARTESIAN_POINT('',(0.0723173139064711,0.05,-0.025));
#1448=CARTESIAN_POINT('',(0.0723173139064731,0.05,-0.0166666666666667));
#1449=CARTESIAN_POINT('',(0.0723173139064722,0.05,-0.00833333333333333));
#1450=CARTESIAN_POINT('',(0.0723173139064718,0.05,0.));
#1451=CARTESIAN_POINT('',(0.0800000000000003,0.05,-0.025));
#1452=CARTESIAN_POINT('',(0.0799999999999989,0.05,-0.0166666666666667));
#1453=CARTESIAN_POINT('',(0.0799999999999997,0.05,-0.00833333333333333));
#1454=CARTESIAN_POINT('',(0.08,0.05,0.));
#1455=CARTESIAN_POINT('',(0.0900000000000001,0.05,-0.025));
#1456=CARTESIAN_POINT('',(0.0899999999999994,0.05,-0.0166666666666667));
#1457=CARTESIAN_POINT('',(0.0899999999999998,0.05,-0.00833333333333333));
#1458=CARTESIAN_POINT('',(0.09,0.05,0.));
#1459=CARTESIAN_POINT('',(0.1,0.05,-0.025));
#1460=CARTESIAN_POINT('',(0.1,0.05,-0.0166666666666667));
#1461=CARTESIAN_POINT('',(0.1,0.05,-0.00833333333333333));
#1462=CARTESIAN_POINT('',(0.1,0.05,0.));
#1463=B_SPLINE_SURFACE_WITH_KNOTS('Surf_QONVFZOQQQ, Nose, 0, 1',5,3,((#1464, #1465, #1466, #1479, #1480, #1481, #1494, #1495, #1496, #1509, #1510, #1511, #1524, #1525, #1526, #1539, #1540, #1541, #1554, #1555, #1556, #1569, #1570, #1571, #1584, #1585, #1586, #1599, #1600, #1601, #1614, #1615, #1616, #1629, #1630, #1631, #1644, #1645, #1646, #1659, #1660, #1661, #1674, #1675, #1676, #1689, #1690, #1691, #1704, #1705, #1706, #1719, #1720, #1721, #1734, #1735, #1736, #1749, #1750, #1751, #1764, #1765, #1766, #1779, #1780, #1781, #1782),(#1467, #1468, #1469, #1482, #1483, #1484, #1497, #1498, #1499, #1512, #1513, #1514, #1527, #1528, #1529, #1542, #1543, #1544, #1557, #1558, #1559, #1572, #1573, #1574, #1587, #1588, #1589, #1602, #1603, #1604, #1617, #1618, #1619, #1632, #1633, #1634, #1647, #1648, #1649, #1662, #1663, #1664, #1677, #1678, #1679, #1692, #1693, #1694, #1707, #1708, #1709, #1722, #1723, #1724, #1737, #1738, #1739, #1752, #1753, #1754, #1767, #1768, #1769, #1783, #1784, #1785, #1786),(#1470, #1471, #1472, #1485, #1486, #1487, #1500, #1501, #1502, #1515, #1516, #1517, #1530, #1531, #1532, #1545, #1546, #1547, #1560, #1561, #1562, #1575, #1576, #1577, #1590, #1591, #1592, #1605, #1606, #1607, #1620, #1621, #1622, #1635, #1636, #1637, #1650, #1651, #1652, #1665, #1666, #1667, #1680, #1681, #1682, #1695, #1696, #1697, #1710, #1711, #1712, #1725, #1726, #1727, #1740, #1741, #1742, #1755, #1756, #1757, #1770, #1771, #1772, #1787, #1788, #1789, #1790),(#1473, #1474, #1475, #1488, #1489, #1490, #1503, #1504, #1505, #1518, #1519, #1520, #1533, #1534, #1535, #1548, #1549, #1550, #1563, #1564, #1565, #1578, #1579, #1580, #1593, #1594, #1595, #1608, #1609, #1610, #1623, #1624, #1625, #1638, #1639, #1640, #1653, #1654, #1655, #1668, #1669, #1670, #1683, #1684, #1685, #1698, #1699, #1700, #1713, #1714, #1715, #1728, #1729, #1730, #1743, #1744, #1745, #1758, #1759, #1760, #1773, #1774, #1775, #1791, #1792, #1793, #1794),(#1476, #1477, #1478, #1491, #1492, #1493, #1506, #1507, #1508, #1521, #1522, #1523, #1536, #1537, #1538, #1551, #1552, #1553, #1566, #1567, #1568, #1581, #1582, #1583, #1596, #1597, #1598, #1611, #1612, #1613, #1626, #1627, #1628, #1641, #1642, #1643, #1656, #1657, #1658, #1671, #1672, #1673, #1686, #1687, #1688, #1701, #1702, #1703, #1716, #1717, #1718, #1731, #1732, #1733, #1746, #1747, #1748, #1761, #1762, #1763, #1776, #1777, #1778, #1795, #1796, #1797, #1798),(#1799, #1800, #1801, #1814, #1815, #1816, #1829, #1830, #1831, #1844, #1845, #1846, #1859, #1860, #1861, #1874, #1875, #1876, #1889, #1890, #1891, #1904, #1905, #1906, #1919, #1920, #1921, #1934, #1935, #1936, #1949, #1950, #1951, #1964, #1965, #1966, #1979, #1980, #1981, #1994, #1995, #1996, #2009, #2010, #2011, #2024, #2025, #2026, #2039, #2040, #2041, #2054, #2055, #2056, #2069, #2070, #2071, #2084, #2085, #2086, #2099, #2100, #2101, #2114, #2115, #2116, #2117),(#1802, #1803, #1804, #1817, #1818, #1819, #1832, #1833, #1834, #1847, #1848, #1849, #1862, #1863, #1864, #1877, #1878, #1879, #1892, #1893, #1894, #1907, #1908, #1909, #1922, #1923, #1924, #1937, #1938, #1939, #1952, #1953, #1954, #1967, #1968, #1969, #1982, #1983, #1984, #1997, #1998, #1999, #2012, #2013, #2014, #2027, #2028, #2029, #2042, #2043, #2044, #2057, #2058, #2059, #2072, #2073, #2074, #2087, #2088, #2089, #2102, #2103, #2104, #2118, #2119, #2120, #2121),(#1805, #1806, #1807, #1820, #1821, #1822, #1835, #1836, #1837, #1850, #1851, #1852, #1865, #1866, #1867, #1880, #1881, #1882, #1895, #1896, #1897, #1910, #1911, #1912, #1925, #1926, #1927, #1940, #1941, #1942, #1955, #1956, #1957, #1970, #1971, #1972, #1985, #1986, #1987, #2000, #2001, #2002, #2015, #2016, #2017, #2030, #2031, #2032, #2045, #2046, #2047, #2060, #2061, #2062, #2075, #2076, #2077, #2090, #2091, #2092, #2105, #2106, #2107, #2122, #2123, #2124, #2125),(#1808, #1809, #1810, #1823, #1824, #1825, #1838, #1839, #1840, #1853, #1854, #1855, #1868, #1869, #1870, #1883, #1884, #1885, #1898, #1899, #1900, #1913, #1914, #1915, #1928, #1929, #1930, #1943, #1944, #1945, #1958, #1959, #1960, #1973, #1974, #1975, #1988, #1989, #1990, #2003, #2004, #2005, #2018, #2019, #2020, #2033, #2034, #2035, #2048, #2049, #2050, #2063, #2064, #2065, #2078, #2079, #2080, #2093, #2094, #2095, #2108, #2109, #2110, #2126, #2127, #2128, #2129),(#1811, #1812, #1813, #1826, #1827, #1828, #1841, #1842, #1843, #1856, #1857, #1858, #1871, #1872, #1873, #1886, #1887, #1888, #1901, #1902, #1903, #1916, #1917, #1918, #1931, #1932, #1933, #1946, #1947, #1948, #1961, #1962, #1963, #1976, #1977, #1978, #1991, #1992, #1993, #2006, #2007, #2008, #2021, #2022, #2023, #2036, #2037, #2038, #2051, #2052, #2053, #2066, #2067, #2068, #2081, #2082, #2083, #2096, #2097, #2098, #2111, #2112, #2113, #2130, #2131, #2132, #2133),(#2134, #2135, #2136, #2149, #2150, #2151, #2164, #2165, #2166, #2179, #2180, #2181, #2194, #2195, #2196, #2209, #2210, #2211, #2224, #2225, #2226, #2239, #2240, #2241, #2254, #2255, #2256, #2269, #2270, #2271, #2284, #2285, #2286, #2299, #2300, #2301, #2314, #2315, #2316, #2329, #2330, #2331, #2344, #2345, #2346, #2359, #2360, #2361, #2374, #2375, #2376, #2389, #2390, #2391, #2404, #2405, #2406, #2419, #2420, #2421, #2434, #2435, #2436, #2449, #2450, #2451, #2452),(#2137, #2138, #2139, #2152, #2153, #2154, #2167, #2168, #2169, #2182, #2183, #2184, #2197, #2198, #2199, #2212, #2213, #2214, #2227, #2228, #2229, #2242, #2243, #2244, #2257, #2258, #2259, #2272, #2273, #2274, #2287, #2288, #2289, #2302, #2303, #2304, #2317, #2318, #2319, #2332, #2333, #2334, #2347, #2348, #2349, #2362, #2363, #2364, #2377, #2378, #2379, #2392, #2393, #2394, #2407, #2408, #2409, #2422, #2423, #2424, #2437, #2438, #2439, #2453, #2454, #2455, #2456),(#2140, #2141, #2142, #2155, #2156, #2157, #2170, #2171, #2172, #2185, #2186, #2187, #2200, #2201, #2202, #2215, #2216, #2217, #2230, #2231, #2232, #2245, #2246, #2247, #2260, #2261, #2262, #2275, #2276, #2277, #2290, #2291, #2292, #2305, #2306, #2307, #2320, #2321, #2322, #2335, #2336, #2337, #2350, #2351, #2352, #2365, #2366, #2367, #2380, #2381, #2382, #2395, #2396, #2397, #2410, #2411, #2412, #2425, #2426, #2427, #2440, #2441, #2442, #2457, #2458, #2459, #2460),(#2143, #2144, #2145, #2158, #2159, #2160, #2173, #2174, #2175, #2188, #2189, #2190, #2203, #2204, #2205, #2218, #2219, #2220, #2233, #2234, #2235, #2248, #2249, #2250, #2263, #2264, #2265, #2278, #2279, #2280, #2293, #2294, #2295, #2308, #2309, #2310, #2323, #2324, #2325, #2338, #2339, #2340, #2353, #2354, #2355, #2368, #2369, #2370, #2383, #2384, #2385, #2398, #2399, #2400, #2413, #2414, #2415, #2428, #2429, #2430, #2443, #2444, #2445, #2461, #2462, #2463, #2464),(#2146, #2147, #2148, #2161, #2162, #2163, #2176, #2177, #2178, #2191, #2192, #2193, #2206, #2207, #2208, #2221, #2222, #2223, #2236, #2237, #2238, #2251, #2252, #2253, #2266, #2267, #2268, #2281, #2282, #2283, #2296, #2297, #2298, #2311, #2312, #2313, #2326, #2327, #2328, #2341, #2342, #2343, #2356, #2357, #2358, #2371, #2372, #2373, #2386, #2387, #2388, #2401, #2402, #2403, #2416, #2417, #2418, #2431, #2432, #2433, #2446, #2447, #2448, #2465, #2466, #2467, #2468),(#2469, #2470, #2471, #2487, #2488, #2489, #2505, #2506, #2507, #2523, #2524, #2525, #2541, #2542, #2543, #2559, #2560, #2561, #2577, #2578, #2579, #2595, #2596, #2597, #2613, #2614, #2615, #2631, #2632, #2633, #2649, #2650, #2651, #2667, #2668, #2669, #2685, #2686, #2687, #2703, #2704, #2705, #2721, #2722, #2723, #2739, #2740, #2741, #2757, #2758, #2759, #2775, #2776, #2777, #2793, #2794, #2795, #2811, #2812, #2813, #2829, #2830, #2831, #2847, #2848, #2849, #2850),(#2472, #2473, #2474, #2490, #2491, #2492, #2508, #2509, #2510, #2526, #2527, #2528, #2544, #2545, #2546, #2562, #2563, #2564, #2580, #2581, #2582, #2598, #2599, #2600, #2616, #2617, #2618, #2634, #2635, #2636, #2652, #2653, #2654, #2670, #2671, #2672, #2688, #2689, #2690, #2706, #2707, #2708, #2724, #2725, #2726, #2742, #2743, #2744, #2760, #2761, #2762, #2778, #2779, #2780, #2796, #2797, #2798, #2814, #2815, #2816, #2832, #2833, #2834, #2851, #2852, #2853, #2854),(#2475, #2476, #2477, #2493, #2494, #2495, #2511, #2512, #2513, #2529, #2530, #2531, #2547, #2548, #2549, #2565, #2566, #2567, #2583, #2584, #2585, #2601, #2602, #2603, #2619, #2620, #2621, #2637, #2638, #2639, #2655, #2656, #2657, #2673, #2674, #2675, #2691, #2692, #2693, #2709, #2710, #2711, #2727, #2728, #2729, #2745, #2746, #2747, #2763, #2764, #2765, #2781, #2782, #2783, #2799, #2800, #2801, #2817, #2818, #2819, #2835, #2836, #2837, #2855, #2856, #2857, #2858),(#2478, #2479, #2480, #2496, #2497, #2498, #2514, #2515, #2516, #2532, #2533, #2534, #2550, #2551, #2552, #2568, #2569, #2570, #2586, #2587, #2588, #2604, #2605, #2606, #2622, #2623, #2624, #2640, #2641, #2642, #2658, #2659, #2660, #2676, #2677, #2678, #2694, #2695, #2696, #2712, #2713, #2714, #2730, #2731, #2732, #2748, #2749, #2750, #2766, #2767, #2768, #2784, #2785, #2786, #2802, #2803, #2804, #2820, #2821, #2822, #2838, #2839, #2840, #2859, #2860, #2861, #2862),(#2481, #2482, #2483, #2499, #2500, #2501, #2517, #2518, #2519, #2535, #2536, #2537, #2553, #2554, #2555, #2571, #2572, #2573, #2589, #2590, #2591, #2607, #2608, #2609, #2625, #2626, #2627, #2643, #2644, #2645, #2661, #2662, #2663, #2679, #2680, #2681, #2697, #2698, #2699, #2715, #2716, #2717, #2733, #2734, #2735, #2751, #2752, #2753, #2769, #2770, #2771, #2787, #2788, #2789, #2805, #2806, #2807, #2823, #2824, #2825, #2841, #2842, #2843, #2863, #2864, #2865, #2866),(#2484, #2485, #2486, #2502, #2503, #2504, #2520, #2521, #2522, #2538, #2539, #2540, #2556, #2557, #2558, #2574, #2575, #2576, #2592, #2593, #2594, #2610, #2611, #2612, #2628, #2629, #2630, #2646, #2647, #2648, #2664, #2665, #2666, #2682, #2683, #2684, #2700, #2701, #2702, #2718, #2719, #2720, #2736, #2737, #2738, #2754, #2755, #2756, #2772, #2773, #2774, #2790, #2791, #2792, #2808, #2809, #2810, #2826, #2827, #2828, #2844, #2845, #2846, #2867, #2868, #2869, #2870)),.UNSPECIFIED.,.F.,.F.,.F.,(6,5,5,5,6),(4,3,3,3,3,3,3,3,3,3,3,3,3,3,3,3,3,3,3,3,3,3,4),(0.,1.,2.,3.,4.),(0.,1.,2.,3.,4.,5.,6.,7.,8.,9.,10.,11.,12.,13.,14.,15.,16.,17.,18.,19.,20.,21.,22.),.PIECEWISE_BEZIER_KNOTS.);
#1464=CARTESIAN_POINT('',(0.,-6.93889390390723E-19,0.));
#1465=CARTESIAN_POINT('',(0.,-6.93889390390723E-19,-8.67361737988404E-20));
#1466=CARTESIAN_POINT('',(0.,0.,-1.73472347597681E-19));
#1467=CARTESIAN_POINT('',(3.67394039744206E-19,-0.006,-6.93889390390723E-19));
#1468=CARTESIAN_POINT('',(5.33927493437979E-19,-0.006,-0.00075));
#1469=CARTESIAN_POINT('',(7.8372767397864E-19,-0.0058125,-0.0015));
#1470=CARTESIAN_POINT('',(7.34788079488412E-19,-0.012,-1.38777878078145E-18));
#1471=CARTESIAN_POINT('',(1.06785498687596E-18,-0.012,-0.0015));
#1472=CARTESIAN_POINT('',(1.56745534795728E-18,-0.011625,-0.003));
#1473=CARTESIAN_POINT('',(-2.54703718266473E-19,-0.0258403726128414,1.85037170770859E-18));
#1474=CARTESIAN_POINT('',(-3.20676776824829E-19,-0.0258403726128414,-0.00359610728773576));
#1475=CARTESIAN_POINT('',(-4.44376261621745E-19,-0.0251127251601874,-0.00699753323362086));
#1476=CARTESIAN_POINT('',(-1.27351859133237E-19,-0.0279201863064207,9.25185853854297E-19));
#1477=CARTESIAN_POINT('',(-1.60338388412414E-19,-0.0279201863064207,-0.00386773498571855));
#1478=CARTESIAN_POINT('',(-2.22188130810873E-19,-0.0271362829155563,-0.00754078862958643));
#1479=CARTESIAN_POINT('',(0.,0.,0.));
#1480=CARTESIAN_POINT('',(0.,-6.93889390390723E-19,0.));
#1481=CARTESIAN_POINT('',(0.,-6.93889390390723E-19,-3.46944695195361E-19));
#1482=CARTESIAN_POINT('',(1.06475287708688E-18,-0.005484375,-0.002203125));
#1483=CARTESIAN_POINT('',(1.205265478641E-18,-0.0053203125,-0.0025546875));
#1484=CARTESIAN_POINT('',(1.35358433583702E-18,-0.00512109375,-0.00289453125));
#1485=CARTESIAN_POINT('',(2.12950575417376E-18,-0.01096875,-0.00440625));
#1486=CARTESIAN_POINT('',(2.41053095728201E-18,-0.010640625,-0.005109375));
#1487=CARTESIAN_POINT('',(2.70716867167404E-18,-0.0102421875,-0.0057890625));
#1488=CARTESIAN_POINT('',(-6.05185591857736E-19,-0.0238023227688655,-0.0100826872962398));
#1489=CARTESIAN_POINT('',(-6.85590256975732E-19,-0.0231471215732046,-0.0116252643275493));
#1490=CARTESIAN_POINT('',(-7.75272383453496E-19,-0.0223462316428768,-0.0130887733880423));
#1491=CARTESIAN_POINT('',(-3.02592795928868E-19,-0.0257216071392238,-0.0108776809124929));
#1492=CARTESIAN_POINT('',(-3.42795128487866E-19,-0.0250142692510575,-0.0125461270539462));
#1493=CARTESIAN_POINT('',(-3.87636191726748E-19,-0.0241492382665241,-0.014130532855159));
#1494=CARTESIAN_POINT('',(0.,0.,0.));
#1495=CARTESIAN_POINT('',(0.,-6.93889390390723E-19,-6.93889390390723E-19));
#1496=CARTESIAN_POINT('',(0.,0.,0.));
#1497=CARTESIAN_POINT('',(1.50320423564002E-18,-0.004892578125,-0.003216796875));
#1498=CARTESIAN_POINT('',(1.52190672311539E-18,-0.004864013671875,-0.003257080078125));
#1499=CARTESIAN_POINT('',(1.5406295393815E-18,-0.00483499145507812,-0.00329708862304687));
#1500=CARTESIAN_POINT('',(3.00640847128004E-18,-0.00978515625,-0.00643359375));
#1501=CARTESIAN_POINT('',(3.04381344623079E-18,-0.00972802734375,-0.00651416015625));
#1502=CARTESIAN_POINT('',(3.08125907876301E-18,-0.00966998291015625,-0.00659417724609375));
#1503=CARTESIAN_POINT('',(-8.71654898691093E-19,-0.0214177645421302,-0.0144580156600417));
#1504=CARTESIAN_POINT('',(-8.83702713095793E-19,-0.0213017061545369,-0.0146291709440417));
#1505=CARTESIAN_POINT('',(-8.95855221074865E-19,-0.0211836543736558,-0.0147988533094714));
#1506=CARTESIAN_POINT('',(-4.35827449345547E-19,-0.0231456555612982,-0.0156132133137427));
#1507=CARTESIAN_POINT('',(-4.41851356547896E-19,-0.023020207723145,-0.0157985483710657));
#1508=CARTESIAN_POINT('',(-4.47927610537433E-19,-0.0228925950143559,-0.0159822939699101));
#1509=CARTESIAN_POINT('',(0.,0.,-6.93889390390723E-19));
#1510=CARTESIAN_POINT('',(0.,-6.93889390390723E-19,0.));
#1511=CARTESIAN_POINT('',(0.,-6.93889390390723E-19,0.));
#1512=CARTESIAN_POINT('',(1.55935997894414E-18,-0.00480552291870117,-0.00333681106567383));
#1513=CARTESIAN_POINT('',(1.56872519872545E-18,-0.0047907886505127,-0.0033566722869873));
#1514=CARTESIAN_POINT('',(1.5780923243309E-18,-0.0047759428024292,-0.00337646198272705));
#1515=CARTESIAN_POINT('',(3.11871995788828E-18,-0.00961104583740234,-0.00667362213134766));
#1516=CARTESIAN_POINT('',(3.13745039745091E-18,-0.00958157730102539,-0.00671334457397461));
#1517=CARTESIAN_POINT('',(3.15618464866181E-18,-0.0095518856048584,-0.0067529239654541));
#1518=CARTESIAN_POINT('',(-9.08107389283388E-19,-0.0210636445736358,-0.0149670330711401));
#1519=CARTESIAN_POINT('',(-9.14233473387649E-19,-0.0210036396736258,-0.0150511229519745));
#1520=CARTESIAN_POINT('',(-9.20384472549273E-19,-0.0209431452688311,-0.0151348371818686));
#1521=CARTESIAN_POINT('',(-4.54053694641694E-19,-0.0227628548204304,-0.0161644155692556));
#1522=CARTESIAN_POINT('',(-4.57116736693825E-19,-0.0226979847234677,-0.0162554763689284));
#1523=CARTESIAN_POINT('',(-4.60192236274637E-19,-0.0226325827552208,-0.0163461311687264));
#1524=CARTESIAN_POINT('',(0.,-6.93889390390723E-19,0.));
#1525=CARTESIAN_POINT('',(0.,0.,0.));
#1526=CARTESIAN_POINT('',(0.,0.,0.));
#1527=CARTESIAN_POINT('',(1.58745976757371E-18,-0.00476098680496216,-0.00339617872238159));
#1528=CARTESIAN_POINT('',(1.58863069797906E-18,-0.00475911730527878,-0.00339864331483841));
#1529=CARTESIAN_POINT('',(1.58980163334749E-18,-0.00475724608451128,-0.0034011067673564));
#1530=CARTESIAN_POINT('',(3.17491953514741E-18,-0.00952197360992432,-0.00679235744476318));
#1531=CARTESIAN_POINT('',(3.17726139595811E-18,-0.00951823461055756,-0.00679728662967682));
#1532=CARTESIAN_POINT('',(3.17960326669498E-18,-0.00951449216902256,-0.00680221353471279));
#1533=CARTESIAN_POINT('',(-9.26559757600145E-19,-0.0208821657810203,-0.0152181720501737));
#1534=CARTESIAN_POINT('',(-9.27331668231504E-19,-0.020874543345044,-0.0152285889087118));
#1535=CARTESIAN_POINT('',(-9.28103958329882E-19,-0.0208669133296455,-0.0152389998397251));
#1536=CARTESIAN_POINT('',(-4.63279878800072E-19,-0.0225666535888772,-0.0164363756510222));
#1537=CARTESIAN_POINT('',(-4.63665834115752E-19,-0.0225584124430843,-0.0164476562113091));
#1538=CARTESIAN_POINT('',(-4.64051979164941E-19,-0.0225501630598211,-0.0164589303603851));
#1539=CARTESIAN_POINT('',(0.,0.,0.));
#1540=CARTESIAN_POINT('',(0.,-6.93889390390723E-19,0.));
#1541=CARTESIAN_POINT('',(0.,-6.93889390390723E-19,0.));
#1542=CARTESIAN_POINT('',(1.59097257057708E-18,-0.00475537314545363,-0.00340356907714158));
#1543=CARTESIAN_POINT('',(1.59155803919188E-18,-0.00475443667592481,-0.00340480023203418));
#1544=CARTESIAN_POINT('',(1.59214350827196E-18,-0.00475349977682345,-0.00340603110124357));
#1545=CARTESIAN_POINT('',(3.18194514115416E-18,-0.00951074629090726,-0.00680713815428316));
#1546=CARTESIAN_POINT('',(3.18311607838375E-18,-0.00950887335184962,-0.00680960046406835));
#1547=CARTESIAN_POINT('',(3.18428701654392E-18,-0.00950699955364689,-0.00681206220248714));
#1548=CARTESIAN_POINT('',(-9.28876626666436E-19,-0.0208592757434612,-0.0152494048359662));
#1549=CARTESIAN_POINT('',(-9.29262960834713E-19,-0.020855456950369,-0.0152546073340868));
#1550=CARTESIAN_POINT('',(-9.29649389562534E-19,-0.0208516362645804,-0.0152598083485143));
#1551=CARTESIAN_POINT('',(-4.64438313333218E-19,-0.0225419054482149,-0.0164701980898173));
#1552=CARTESIAN_POINT('',(-4.64631480417357E-19,-0.0225377766424119,-0.0164758319545334));
#1553=CARTESIAN_POINT('',(-4.64824694781267E-19,-0.0225336457795231,-0.0164814642143385));
#1554=CARTESIAN_POINT('',(3.08148791101958E-34,0.,0.));
#1555=CARTESIAN_POINT('',(0.,0.,0.));
#1556=CARTESIAN_POINT('',(3.08148791101958E-34,0.,0.));
#1557=CARTESIAN_POINT('',(1.59272897742959E-18,-0.00475256244849879,-0.00340726168442052));
#1558=CARTESIAN_POINT('',(1.59331444658723E-18,-0.00475162512017414,-0.00340849226759747));
#1559=CARTESIAN_POINT('',(1.59389991582241E-18,-0.00475068736262619,-0.00340972256474197));
#1560=CARTESIAN_POINT('',(3.18545795485919E-18,-0.00950512489699758,-0.00681452336884104));
#1561=CARTESIAN_POINT('',(3.18662889317445E-18,-0.00950325024034828,-0.00681698453519493));
#1562=CARTESIAN_POINT('',(3.18779983164482E-18,-0.00950137472525239,-0.00681944512948394));
#1563=CARTESIAN_POINT('',(-9.30035912696293E-19,-0.0208478136871748,-0.0152650078783428));
#1564=CARTESIAN_POINT('',(-9.30422435830052E-19,-0.0208439911097692,-0.0152702074081713));
#1565=CARTESIAN_POINT('',(-9.3080905336975E-19,-0.0208401666407467,-0.0152754054534009));
#1566=CARTESIAN_POINT('',(-4.65017956348147E-19,-0.0225295128606894,-0.0164870948681786));
#1567=CARTESIAN_POINT('',(-4.65211217915026E-19,-0.0225253799418558,-0.0164927255220186));
#1568=CARTESIAN_POINT('',(-4.65404526684875E-19,-0.0225212449670773,-0.0164983545698936));
#1569=CARTESIAN_POINT('',(0.,-6.93889390390723E-19,0.));
#1570=CARTESIAN_POINT('',(0.,-6.93889390390723E-19,0.));
#1571=CARTESIAN_POINT('',(0.,0.,0.));
#1572=CARTESIAN_POINT('',(1.5944853847474E-18,-0.0047497491762042,-0.00341095257550478));
#1573=CARTESIAN_POINT('',(1.59682726044735E-18,-0.00474599643051624,-0.00341587261855602));
#1574=CARTESIAN_POINT('',(1.59916913118422E-18,-0.00474223682284355,-0.0034207880795002));
#1575=CARTESIAN_POINT('',(3.18897076949479E-18,-0.00949949835240841,-0.00682190515100956));
#1576=CARTESIAN_POINT('',(3.1936545208947E-18,-0.00949199286103249,-0.00683174523711205));
#1577=CARTESIAN_POINT('',(3.19833826236843E-18,-0.0094844736456871,-0.0068415761590004));
#1578=CARTESIAN_POINT('',(-9.31195765161781E-19,-0.0208363402811868,-0.0152806020131256));
#1579=CARTESIAN_POINT('',(-9.32742612329902E-19,-0.0208210348429472,-0.0153013882520243));
#1580=CARTESIAN_POINT('',(-9.34290967535351E-19,-0.0208056991561093,-0.0153221507228449));
#1581=CARTESIAN_POINT('',(-4.6559788258089E-19,-0.022517107937495,-0.0165039820107494));
#1582=CARTESIAN_POINT('',(-4.66371306164951E-19,-0.0225005598191656,-0.0165264917741726));
#1583=CARTESIAN_POINT('',(-4.67145483767675E-19,-0.0224839788239736,-0.0165489758252891));
#1584=CARTESIAN_POINT('',(3.08148791101958E-34,-6.93889390390723E-19,0.));
#1585=CARTESIAN_POINT('',(0.,0.,0.));
#1586=CARTESIAN_POINT('',(0.,-6.93889390390723E-19,0.));
#1587=CARTESIAN_POINT('',(1.60151097214258E-18,-0.00473847037553787,-0.00342569893598557));
#1588=CARTESIAN_POINT('',(1.60619465405931E-18,-0.00473093748092651,-0.0034355206489563));
#1589=CARTESIAN_POINT('',(1.61087821686204E-18,-0.0047233772277832,-0.0034453239440918));
#1590=CARTESIAN_POINT('',(3.20302194428517E-18,-0.00947694075107574,-0.00685139787197113));
#1591=CARTESIAN_POINT('',(3.21238930811863E-18,-0.00946187496185302,-0.0068710412979126));
#1592=CARTESIAN_POINT('',(3.22175643372408E-18,-0.0094467544555664,-0.00689064788818359));
#1593=CARTESIAN_POINT('',(-9.35840820947373E-19,-0.0207903332897631,-0.0153428893676083));
#1594=CARTESIAN_POINT('',(-9.38940527771418E-19,-0.0207596015570707,-0.0153843666571351));
#1595=CARTESIAN_POINT('',(-9.42046227421761E-19,-0.0207287491063454,-0.0154257486424336));
#1596=CARTESIAN_POINT('',(-4.67920410473687E-19,-0.0224673650249378,-0.0165714340966357));
#1597=CARTESIAN_POINT('',(-4.69470263885709E-19,-0.0224341374268661,-0.016616350639329));
#1598=CARTESIAN_POINT('',(-4.7102311371088E-19,-0.0224007786134187,-0.0166611640629434));
#1599=CARTESIAN_POINT('',(3.08148791101958E-34,0.,0.));
#1600=CARTESIAN_POINT('',(3.08148791101958E-34,-6.93889390390723E-19,0.));
#1601=CARTESIAN_POINT('',(0.,0.,0.));
#1602=CARTESIAN_POINT('',(1.61556146202741E-18,-0.00471578979492187,-0.00345510864257813));
#1603=CARTESIAN_POINT('',(1.65302742335036E-18,-0.00465509033203125,-0.00353338623046875));
#1604=CARTESIAN_POINT('',(1.69047305588258E-18,-0.0045926513671875,-0.0036104736328125));
#1605=CARTESIAN_POINT('',(3.23112292405482E-18,-0.00943157958984375,-0.00691021728515625));
#1606=CARTESIAN_POINT('',(3.30605484670072E-18,-0.0093101806640625,-0.0070667724609375));
#1607=CARTESIAN_POINT('',(3.38094611176516E-18,-0.009185302734375,-0.007220947265625));
#1608=CARTESIAN_POINT('',(-9.45157841252386E-19,-0.0206977764903082,-0.0154670348596726));
#1609=CARTESIAN_POINT('',(-9.7005075189739E-19,-0.0204499955620106,-0.0157973245975846));
#1610=CARTESIAN_POINT('',(-9.9532217008051E-19,-0.0201945240537532,-0.0161214851796895));
#1611=CARTESIAN_POINT('',(-4.72578920626193E-19,-0.0223672891687439,-0.0167058738277752));
#1612=CARTESIAN_POINT('',(-4.85025375948695E-19,-0.0220993736113458,-0.0170635519464302));
#1613=CARTESIAN_POINT('',(-4.97661085040255E-19,-0.0218230976553993,-0.0174145959030085));
#1614=CARTESIAN_POINT('',(0.,0.,0.));
#1615=CARTESIAN_POINT('',(3.08148791101958E-34,-6.93889390390723E-19,0.));
#1616=CARTESIAN_POINT('',(0.,0.,0.));
#1617=CARTESIAN_POINT('',(1.72779671567039E-18,-0.004528564453125,-0.003686279296875));
#1618=CARTESIAN_POINT('',(1.80244403524602E-18,-0.004400390625,-0.003837890625));
#1619=CARTESIAN_POINT('',(1.87660346384403E-18,-0.004265625,-0.003984375));
#1620=CARTESIAN_POINT('',(3.45559343134078E-18,-0.00905712890625,-0.00737255859375));
#1621=CARTESIAN_POINT('',(3.60488807049204E-18,-0.00880078125,-0.00767578125));
#1622=CARTESIAN_POINT('',(3.75320692768805E-18,-0.00853125,-0.00796875));
#1623=CARTESIAN_POINT('',(-1.02093182904237E-18,-0.0199316449587274,-0.0164392791244612));
#1624=CARTESIAN_POINT('',(-1.0721511469661E-18,-0.0194058867686759,-0.0170748670140046));
#1625=CARTESIAN_POINT('',(-1.12472342800478E-18,-0.0188504982315507,-0.017684988354215));
#1626=CARTESIAN_POINT('',(-5.10465914521186E-19,-0.0215387603848993,-0.0177587293693478));
#1627=CARTESIAN_POINT('',(-5.36075573483048E-19,-0.0209700858438994,-0.0184469963020264));
#1628=CARTESIAN_POINT('',(-5.62361714002392E-19,-0.0203691660446857,-0.0191076212737492));
#1629=CARTESIAN_POINT('',(0.,0.,0.));
#1630=CARTESIAN_POINT('',(0.,0.,-6.93889390390723E-19));
#1631=CARTESIAN_POINT('',(3.08148791101958E-34,-6.93889390390723E-19,0.));
#1632=CARTESIAN_POINT('',(1.94946184983505E-18,-0.004125,-0.004125));
#1633=CARTESIAN_POINT('',(2.02232023582608E-18,-0.003984375,-0.004265625));
#1634=CARTESIAN_POINT('',(2.09387757921012E-18,-0.003837890625,-0.004400390625));
#1635=CARTESIAN_POINT('',(3.89892369967011E-18,-0.00825,-0.00825));
#1636=CARTESIAN_POINT('',(4.04464047165216E-18,-0.00796874999999999,-0.00853125));
#1637=CARTESIAN_POINT('',(4.18775515842024E-18,-0.00767578125,-0.00880078125));
#1638=CARTESIAN_POINT('',(-1.17832653808345E-18,-0.0182677432928829,-0.0182677432928829));
#1639=CARTESIAN_POINT('',(-1.23192964816211E-18,-0.017684988354215,-0.0188504982315507));
#1640=CARTESIAN_POINT('',(-1.28656358728075E-18,-0.0170748670140046,-0.0194058867686759));
#1641=CARTESIAN_POINT('',(-5.89163269041724E-19,-0.0197383936592174,-0.0197383936592174));
#1642=CARTESIAN_POINT('',(-6.15964824081056E-19,-0.0191076212737492,-0.0203691660446857));
#1643=CARTESIAN_POINT('',(-6.43281793640375E-19,-0.0184469963020264,-0.0209700858438994));
#1644=CARTESIAN_POINT('',(3.08148791101958E-34,0.,0.));
#1645=CARTESIAN_POINT('',(3.08148791101958E-34,-6.93889390390723E-19,-6.93889390390723E-19));
#1646=CARTESIAN_POINT('',(0.,0.,0.));
#1647=CARTESIAN_POINT('',(2.16332072835782E-18,-0.003686279296875,-0.004528564453125));
#1648=CARTESIAN_POINT('',(2.19804230293167E-18,-0.0036104736328125,-0.0045926513671875));
#1649=CARTESIAN_POINT('',(2.23223532894643E-18,-0.00353338623046875,-0.00465509033203125));
#1650=CARTESIAN_POINT('',(4.32664145671564E-18,-0.00737255859375,-0.00905712890625));
#1651=CARTESIAN_POINT('',(4.39608460586334E-18,-0.007220947265625,-0.009185302734375));
#1652=CARTESIAN_POINT('',(4.46447065789286E-18,-0.0070667724609375,-0.0093101806640625));
#1653=CARTESIAN_POINT('',(-1.34113309958439E-18,-0.0164392791244612,-0.0199316449587274));
#1654=CARTESIAN_POINT('',(-1.36841785573621E-18,-0.0161214851796896,-0.0201945240537532));
#1655=CARTESIAN_POINT('',(-1.39568650518428E-18,-0.0157973245975846,-0.0204499955620106));
#1656=CARTESIAN_POINT('',(-6.70566549792195E-19,-0.0177587293693478,-0.0215387603848993));
#1657=CARTESIAN_POINT('',(-6.84208927868105E-19,-0.0174145959030085,-0.0218230976553993));
#1658=CARTESIAN_POINT('',(-6.9784325259214E-19,-0.0170635519464302,-0.0220993736113457));
#1659=CARTESIAN_POINT('',(0.,0.,-6.93889390390723E-19));
#1660=CARTESIAN_POINT('',(0.,0.,0.));
#1661=CARTESIAN_POINT('',(0.,0.,-6.93889390390723E-19));
#1662=CARTESIAN_POINT('',(2.26579816244843E-18,-0.00345510864257812,-0.00471578979492188));
#1663=CARTESIAN_POINT('',(2.26999351663618E-18,-0.00344532394409179,-0.0047233772277832));
#1664=CARTESIAN_POINT('',(2.27417902406592E-18,-0.0034355206489563,-0.00473093748092651));
#1665=CARTESIAN_POINT('',(4.53159632489687E-18,-0.00691021728515624,-0.00943157958984375));
#1666=CARTESIAN_POINT('',(4.53998703327237E-18,-0.00689064788818359,-0.00944675445556641));
#1667=CARTESIAN_POINT('',(4.54835804813185E-18,-0.00687104129791259,-0.00946187496185303));
#1668=CARTESIAN_POINT('',(-1.42280214094673E-18,-0.0154670348596726,-0.0206977764903082));
#1669=CARTESIAN_POINT('',(-1.42619159541704E-18,-0.0154257486424336,-0.0207287491063454));
#1670=CARTESIAN_POINT('',(-1.4295786590485E-18,-0.0153843666571351,-0.0207596015570707));
#1671=CARTESIAN_POINT('',(-7.11401070473364E-19,-0.0167058738277752,-0.0223672891687439));
#1672=CARTESIAN_POINT('',(-7.13095797708518E-19,-0.0166611640629433,-0.0224007786134186));
#1673=CARTESIAN_POINT('',(-7.14789329524252E-19,-0.016616350639329,-0.0224341374268661));
#1674=CARTESIAN_POINT('',(3.08148791101958E-34,-6.93889390390723E-19,-6.93889390390723E-19));
#1675=CARTESIAN_POINT('',(0.,0.,0.));
#1676=CARTESIAN_POINT('',(0.,0.,-6.93889390390723E-19));
#1677=CARTESIAN_POINT('',(2.2783544862143E-18,-0.00342569893598556,-0.00473847037553787));
#1678=CARTESIAN_POINT('',(2.28044221728849E-18,-0.0034207880795002,-0.00474223682284355));
#1679=CARTESIAN_POINT('',(2.28252743704234E-18,-0.00341587261855602,-0.00474599643051624));
#1680=CARTESIAN_POINT('',(4.5567089724286E-18,-0.00685139787197113,-0.00947694075107574));
#1681=CARTESIAN_POINT('',(4.56088443457698E-18,-0.00684157615900039,-0.0094844736456871));
#1682=CARTESIAN_POINT('',(4.56505487408468E-18,-0.00683174523711204,-0.00949199286103249));
#1683=CARTESIAN_POINT('',(-1.43296306444469E-18,-0.0153428893676083,-0.0207903332897631));
#1684=CARTESIAN_POINT('',(-1.43465526714278E-18,-0.0153221507228449,-0.0208056991561093));
#1685=CARTESIAN_POINT('',(-1.43634680528204E-18,-0.0153013882520243,-0.0208210348429472));
#1686=CARTESIAN_POINT('',(-7.16481532222343E-19,-0.0165714340966357,-0.0224673650249378));
#1687=CARTESIAN_POINT('',(-7.17327633571388E-19,-0.0165489758252891,-0.0224839788239736));
#1688=CARTESIAN_POINT('',(-7.18173402641022E-19,-0.0165264917741726,-0.0225005598191656));
#1689=CARTESIAN_POINT('',(0.,0.,-6.93889390390723E-19));
#1690=CARTESIAN_POINT('',(3.08148791101958E-34,0.,-6.93889390390723E-19));
#1691=CARTESIAN_POINT('',(3.08148791101958E-34,0.,-6.93889390390723E-19));
#1692=CARTESIAN_POINT('',(2.28461012066043E-18,-0.00341095257550478,-0.00474974917620421));
#1693=CARTESIAN_POINT('',(2.28513079156496E-18,-0.00340972256474197,-0.00475068736262619));
#1694=CARTESIAN_POINT('',(2.285651303961E-18,-0.00340849226759746,-0.00475162512017414));
#1695=CARTESIAN_POINT('',(4.56922024132087E-18,-0.00682190515100956,-0.00949949835240841));
#1696=CARTESIAN_POINT('',(4.57026158312991E-18,-0.00681944512948393,-0.00950137472525239));
#1697=CARTESIAN_POINT('',(4.57130260792199E-18,-0.00681698453519493,-0.00950325024034828));
#1698=CARTESIAN_POINT('',(-1.43803764543794E-18,-0.0152806020131256,-0.0208363402811868));
#1699=CARTESIAN_POINT('',(-1.43846035547691E-18,-0.0152754054534009,-0.0208401666407467));
#1700=CARTESIAN_POINT('',(-1.43888302189192E-18,-0.0152702074081713,-0.0208439911097692));
#1701=CARTESIAN_POINT('',(-7.19018822718968E-19,-0.0165039820107494,-0.022517107937495));
#1702=CARTESIAN_POINT('',(-7.19230177738454E-19,-0.0164983545698936,-0.0225212449670773));
#1703=CARTESIAN_POINT('',(-7.1944151094596E-19,-0.0164927255220186,-0.0225253799418558));
#1704=CARTESIAN_POINT('',(3.08148791101958E-34,0.,0.));
#1705=CARTESIAN_POINT('',(3.08148791101958E-34,0.,-6.93889390390723E-19));
#1706=CARTESIAN_POINT('',(3.08148791101958E-34,0.,-6.93889390390723E-19));
#1707=CARTESIAN_POINT('',(2.28617165746081E-18,-0.00340726168442052,-0.00475256244849879));
#1708=CARTESIAN_POINT('',(2.28669201096062E-18,-0.00340603110124357,-0.00475349977682345));
#1709=CARTESIAN_POINT('',(2.28721220556421E-18,-0.00340480023203418,-0.00475443667592481));
#1710=CARTESIAN_POINT('',(4.57234331492162E-18,-0.00681452336884103,-0.00950512489699759));
#1711=CARTESIAN_POINT('',(4.57338402192124E-18,-0.00681206220248714,-0.00950699955364689));
#1712=CARTESIAN_POINT('',(4.57442441112841E-18,-0.00680960046406835,-0.00950887335184962));
#1713=CARTESIAN_POINT('',(-1.43930564416071E-18,-0.0152650078783428,-0.0208478136871748));
#1714=CARTESIAN_POINT('',(-1.4397282664295E-18,-0.0152598083485143,-0.0208516362645804));
#1715=CARTESIAN_POINT('',(-1.44015084455208E-18,-0.0152546073340868,-0.020855456950369));
#1716=CARTESIAN_POINT('',(-7.19652822080356E-19,-0.0164870948681786,-0.0225295128606894));
#1717=CARTESIAN_POINT('',(-7.19864133214752E-19,-0.0164814642143385,-0.0225336457795231));
#1718=CARTESIAN_POINT('',(-7.20075422276038E-19,-0.0164758319545334,-0.0225377766424119));
#1719=CARTESIAN_POINT('',(0.,0.,0.));
#1720=CARTESIAN_POINT('',(3.08148791101958E-34,0.,0.));
#1721=CARTESIAN_POINT('',(0.,0.,0.));
#1722=CARTESIAN_POINT('',(2.28773224088383E-18,-0.00340356907714158,-0.00475537314545363));
#1723=CARTESIAN_POINT('',(2.28877231152307E-18,-0.0034011067673564,-0.00475724608451128));
#1724=CARTESIAN_POINT('',(2.28981174502644E-18,-0.00339864331483841,-0.00475911730527878));
#1725=CARTESIAN_POINT('',(4.57546448176766E-18,-0.00680713815428316,-0.00951074629090726));
#1726=CARTESIAN_POINT('',(4.57754462304614E-18,-0.00680221353471279,-0.00951449216902256));
#1727=CARTESIAN_POINT('',(4.57962349005288E-18,-0.00679728662967682,-0.00951823461055756));
#1728=CARTESIAN_POINT('',(-1.44057337800617E-18,-0.0152494048359662,-0.0208592757434612));
#1729=CARTESIAN_POINT('',(-1.44141844491436E-18,-0.0152389998397251,-0.0208669133296455));
#1730=CARTESIAN_POINT('',(-1.44226333314863E-18,-0.0152285889087118,-0.020874543345044));
#1731=CARTESIAN_POINT('',(-7.20286689003085E-19,-0.0164701980898173,-0.0225419054482149));
#1732=CARTESIAN_POINT('',(-7.20709222457179E-19,-0.0164589303603851,-0.0225501630598211));
#1733=CARTESIAN_POINT('',(-7.21131666574315E-19,-0.0164476562113091,-0.0225584124430843));
#1734=CARTESIAN_POINT('',(3.08148791101958E-34,0.,0.));
#1735=CARTESIAN_POINT('',(0.,0.,0.));
#1736=CARTESIAN_POINT('',(3.08148791101958E-34,0.,-6.93889390390723E-19));
#1737=CARTESIAN_POINT('',(2.29085053829202E-18,-0.00339617872238159,-0.00476098680496216));
#1738=CARTESIAN_POINT('',(2.29916088441665E-18,-0.00337646198272705,-0.0047759428024292));
#1739=CARTESIAN_POINT('',(2.30743025532246E-18,-0.0033566722869873,-0.0047907886505127));
#1740=CARTESIAN_POINT('',(4.58170107658404E-18,-0.00679235744476318,-0.00952197360992432));
#1741=CARTESIAN_POINT('',(4.5983217688333E-18,-0.0067529239654541,-0.0095518856048584));
#1742=CARTESIAN_POINT('',(4.61486051064491E-18,-0.00671334457397461,-0.00958157730102539));
#1743=CARTESIAN_POINT('',(-1.44310803853092E-18,-0.0152181720501737,-0.0208821657810203));
#1744=CARTESIAN_POINT('',(-1.44986568158924E-18,-0.0151348371818686,-0.0209431452688311));
#1745=CARTESIAN_POINT('',(-1.45661162212061E-18,-0.0150511229519745,-0.0210036396736258));
#1746=CARTESIAN_POINT('',(-7.2155401926546E-19,-0.0164363756510222,-0.0225666535888772));
#1747=CARTESIAN_POINT('',(-7.24932840794619E-19,-0.0163461311687264,-0.0226325827552208));
#1748=CARTESIAN_POINT('',(-7.28305811060306E-19,-0.0162554763689284,-0.0226979847234677));
#1749=CARTESIAN_POINT('',(0.,-6.93889390390723E-19,0.));
#1750=CARTESIAN_POINT('',(3.08148791101958E-34,0.,0.));
#1751=CARTESIAN_POINT('',(3.08148791101958E-34,0.,-6.93889390390723E-19));
#1752=CARTESIAN_POINT('',(2.31565706282266E-18,-0.00333681106567383,-0.00480552291870117));
#1753=CARTESIAN_POINT('',(2.33211067782308E-18,-0.00329708862304687,-0.00483499145507812));
#1754=CARTESIAN_POINT('',(2.34839403920109E-18,-0.003257080078125,-0.004864013671875));
#1755=CARTESIAN_POINT('',(4.63131412564533E-18,-0.00667362213134766,-0.00961104583740234));
#1756=CARTESIAN_POINT('',(4.66422135564616E-18,-0.00659417724609375,-0.00966998291015625));
#1757=CARTESIAN_POINT('',(4.69678807840219E-18,-0.00651416015625,-0.00972802734375));
#1758=CARTESIAN_POINT('',(-1.46334372095345E-18,-0.0149670330711401,-0.0210636445736358));
#1759=CARTESIAN_POINT('',(-1.47680791861913E-18,-0.0147988533094714,-0.0211836543736558));
#1760=CARTESIAN_POINT('',(-1.49021674949067E-18,-0.0146291709440417,-0.0213017061545369));
#1761=CARTESIAN_POINT('',(-7.31671860476726E-19,-0.0161644155692556,-0.0227628548204304));
#1762=CARTESIAN_POINT('',(-7.38403959309567E-19,-0.0159822939699101,-0.0228925950143559));
#1763=CARTESIAN_POINT('',(-7.45108374745337E-19,-0.0157985483710657,-0.023020207723145));
#1764=CARTESIAN_POINT('',(0.,0.,0.));
#1765=CARTESIAN_POINT('',(3.08148791101958E-34,-3.46944695195361E-19,-6.93889390390723E-19));
#1766=CARTESIAN_POINT('',(3.08148791101958E-34,0.,-6.93889390390723E-19));
#1767=CARTESIAN_POINT('',(2.3644944414625E-18,-0.003216796875,-0.004892578125));
#1768=CARTESIAN_POINT('',(2.49329765955378E-18,-0.00289453125,-0.00512109375));
#1769=CARTESIAN_POINT('',(2.61039149418222E-18,-0.0025546875,-0.0053203125));
#1770=CARTESIAN_POINT('',(4.72898888292501E-18,-0.00643359375,-0.00978515625));
#1771=CARTESIAN_POINT('',(4.98659531910757E-18,-0.0057890625,-0.0102421875));
#1772=CARTESIAN_POINT('',(5.22078298836443E-18,-0.005109375,-0.010640625));
#1773=CARTESIAN_POINT('',(-1.50355310019534E-18,-0.0144580156600417,-0.0214177645421302));
#1774=CARTESIAN_POINT('',(-1.61024390583268E-18,-0.0130887733880423,-0.0223462316428768));
#1775=CARTESIAN_POINT('',(-1.71229598079014E-18,-0.0116252643275493,-0.0231471215732046));
#1776=CARTESIAN_POINT('',(-7.51776550097671E-19,-0.0156132133137427,-0.0231456555612982));
#1777=CARTESIAN_POINT('',(-8.05121952916341E-19,-0.014130532855159,-0.0241492382665241));
#1778=CARTESIAN_POINT('',(-8.56147990395069E-19,-0.0125461270539462,-0.0250142692510575));
#1779=CARTESIAN_POINT('',(0.,0.,-6.93889390390723E-19));
#1780=CARTESIAN_POINT('',(0.,-1.73472347597681E-19,0.));
#1781=CARTESIAN_POINT('',(0.,0.,0.));
#1782=CARTESIAN_POINT('',(0.,0.,0.));
#1783=CARTESIAN_POINT('',(2.70927073231289E-18,-0.002203125,-0.005484375));
#1784=CARTESIAN_POINT('',(2.90702920857425E-18,-0.0015,-0.0058125));
#1785=CARTESIAN_POINT('',(3.03192929884458E-18,-0.00075,-0.006));
#1786=CARTESIAN_POINT('',(3.03192929884458E-18,-3.46944695195361E-19,-0.006));
#1787=CARTESIAN_POINT('',(5.41854146462579E-18,-0.00440625,-0.01096875));
#1788=CARTESIAN_POINT('',(5.8140584171485E-18,-0.003,-0.011625));
#1789=CARTESIAN_POINT('',(6.06385859768916E-18,-0.0015,-0.012));
#1790=CARTESIAN_POINT('',(6.06385859768916E-18,-6.93889390390723E-19,-0.012));
#1791=CARTESIAN_POINT('',(-1.80094727822793E-18,-0.0100826872962398,-0.0238023227688655));
#1792=CARTESIAN_POINT('',(-1.97824987310351E-18,-0.00699753323362086,-0.0251127251601874));
#1793=CARTESIAN_POINT('',(-2.10194935790042E-18,-0.00359610728773576,-0.0258403726128414));
#1794=CARTESIAN_POINT('',(-2.10194935790042E-18,1.38777878078145E-18,-0.0258403726128414));
#1795=CARTESIAN_POINT('',(-9.00473639113964E-19,-0.0108776809124929,-0.0257216071392238));
#1796=CARTESIAN_POINT('',(-9.89124936551754E-19,-0.00754078862958643,-0.0271362829155563));
#1797=CARTESIAN_POINT('',(-1.05097467895021E-18,-0.00386773498571855,-0.0279201863064207));
#1798=CARTESIAN_POINT('',(-1.05097467895021E-18,6.93889390390723E-19,-0.0279201863064207));
#1799=CARTESIAN_POINT('',(0.,-0.03,0.));
#1800=CARTESIAN_POINT('',(0.,-0.03,-0.00413936268370133));
#1801=CARTESIAN_POINT('',(0.,-0.0291598406709253,-0.00808404402555199));
#1802=CARTESIAN_POINT('',(1.27351859133237E-19,-0.0320798136935793,-9.25185853854297E-19));
#1803=CARTESIAN_POINT('',(1.60338388412414E-19,-0.0320798136935793,-0.00441099038168412));
#1804=CARTESIAN_POINT('',(2.22188130810873E-19,-0.0311833984262943,-0.00862729942151756));
#1805=CARTESIAN_POINT('',(2.54703718266473E-19,-0.0341596273871586,-1.85037170770859E-18));
#1806=CARTESIAN_POINT('',(3.20676776824829E-19,-0.0341596273871586,-0.0046826180796669));
#1807=CARTESIAN_POINT('',(4.44376261621745E-19,-0.0332069561816633,-0.00917055481748313));
#1808=CARTESIAN_POINT('',(0.000342730636335135,-0.0384332533461084,1.68846418328409E-18));
#1809=CARTESIAN_POINT('',(0.000342730636335136,-0.0384332533461084,-0.00533297214299739));
#1810=CARTESIAN_POINT('',(0.000342730636335135,-0.0373530272174711,-0.010390145718373));
#1811=CARTESIAN_POINT('',(0.00299804751036929,-0.0407668219220172,8.32667268468867E-19));
#1812=CARTESIAN_POINT('',(0.00299804751036929,-0.0407668219220173,-0.0056377407202579));
#1813=CARTESIAN_POINT('',(0.00299804751036929,-0.0396234761543367,-0.010999682872894));
#1814=CARTESIAN_POINT('',(0.,-0.027640891509582,-0.011672674528746));
#1815=CARTESIAN_POINT('',(0.,-0.0268814169289103,-0.013466989780343));
#1816=CARTESIAN_POINT('',(0.,-0.0259522448901715,-0.0151722923222758));
#1817=CARTESIAN_POINT('',(3.02592795928868E-19,-0.0295601758799402,-0.0124676681449991));
#1818=CARTESIAN_POINT('',(3.42795128487866E-19,-0.0287485646067632,-0.0143878525067398));
#1819=CARTESIAN_POINT('',(3.87636191726748E-19,-0.0277552515138189,-0.0162140517893926));
#1820=CARTESIAN_POINT('',(6.05185591857736E-19,-0.0314794602502985,-0.0132626617612522));
#1821=CARTESIAN_POINT('',(6.85590256975732E-19,-0.030615712284616,-0.0153087152331367));
#1822=CARTESIAN_POINT('',(7.75272383453496E-19,-0.0295582581374662,-0.0172558112565094));
#1823=CARTESIAN_POINT('',(0.000342730636335135,-0.0354050726807052,-0.0149818046661278));
#1824=CARTESIAN_POINT('',(0.000342730636335135,-0.0344310954123223,-0.0172776341400052));
#1825=CARTESIAN_POINT('',(0.000342730636335135,-0.0332401860419073,-0.0194570849569774));
#1826=CARTESIAN_POINT('',(0.00299804751036929,-0.0375585259966093,-0.0158737942355126));
#1827=CARTESIAN_POINT('',(0.00299804751036929,-0.0365260509177456,-0.0183108499168219));
#1828=CARTESIAN_POINT('',(0.00299804751036929,-0.0352631747413702,-0.0206259479006268));
#1829=CARTESIAN_POINT('',(0.,-0.0248735465804662,-0.0167684109674437));
#1830=CARTESIAN_POINT('',(7.70371977754894E-35,-0.0247387092917531,-0.0169679257980897));
#1831=CARTESIAN_POINT('',(7.70371977754894E-35,-0.0246015356550561,-0.0171657346303488));
#1832=CARTESIAN_POINT('',(4.35827449345547E-19,-0.0266014375996343,-0.0179236086211447));
#1833=CARTESIAN_POINT('',(4.41851356547897E-19,-0.0264572108603612,-0.0181373032251138));
#1834=CARTESIAN_POINT('',(4.47927610537433E-19,-0.0263104762957562,-0.0183491752907875));
#1835=CARTESIAN_POINT('',(8.71654898691093E-19,-0.0283293286188023,-0.0190788062748457));
#1836=CARTESIAN_POINT('',(8.83702713095793E-19,-0.0281757124289693,-0.0193066806521378));
#1837=CARTESIAN_POINT('',(8.95855221074865E-19,-0.0280194169364564,-0.0195326159512261));
#1838=CARTESIAN_POINT('',(0.000342730636335133,-0.0318589067845237,-0.0214964426095446));
#1839=CARTESIAN_POINT('',(0.000342730636335135,-0.0316862468773507,-0.0217513623161155));
#1840=CARTESIAN_POINT('',(0.000342730636335135,-0.0315106124406939,-0.0220040930669925));
#1841=CARTESIAN_POINT('',(0.00299804751036929,-0.0337976151396872,-0.0227925841591278));
#1842=CARTESIAN_POINT('',(0.00299804751036929,-0.0336144201894768,-0.0230634136914404));
#1843=CARTESIAN_POINT('',(0.00299804751036929,-0.033428058310746,-0.0233319235092952));
#1844=CARTESIAN_POINT('',(7.70371977754894E-35,-0.024462065067225,-0.0173617980673711));
#1845=CARTESIAN_POINT('',(0.,-0.0243923297733095,-0.0174598297858822));
#1846=CARTESIAN_POINT('',(7.70371977754894E-35,-0.0243220202416105,-0.0175574251555841));
#1847=CARTESIAN_POINT('',(4.54053694641694E-19,-0.0261612753140196,-0.0185591805654865));
#1848=CARTESIAN_POINT('',(4.57116736693825E-19,-0.0260866748231513,-0.018664183202836));
#1849=CARTESIAN_POINT('',(4.60192236274637E-19,-0.0260114577280001,-0.0187687191424419));
#1850=CARTESIAN_POINT('',(9.08107389283388E-19,-0.0278604855608142,-0.019756563063602));
#1851=CARTESIAN_POINT('',(9.14233473387649E-19,-0.0277810198729932,-0.0198685366197899));
#1852=CARTESIAN_POINT('',(9.20384472549273E-19,-0.0277008952143898,-0.0199800131292997));
#1853=CARTESIAN_POINT('',(0.000342730636335136,-0.0313320553538795,-0.0222545885447783));
#1854=CARTESIAN_POINT('',(0.000342730636335136,-0.0312427768104723,-0.0223798362836712));
#1855=CARTESIAN_POINT('',(0.000342730636335136,-0.0311527676045257,-0.0225045252042912));
#1856=CARTESIAN_POINT('',(0.00299804751036929,-0.0332385836395733,-0.0235980618470128));
#1857=CARTESIAN_POINT('',(0.00299804751036929,-0.0331438463039869,-0.0237311310158716));
#1858=CARTESIAN_POINT('',(0.00299804751036929,-0.0330483307702901,-0.0238636073146961));
#1859=CARTESIAN_POINT('',(0.,-0.0242511413967342,-0.0176545792518707));
#1860=CARTESIAN_POINT('',(0.,-0.0242422815411246,-0.0176667235139065));
#1861=CARTESIAN_POINT('',(0.,-0.0242334127899967,-0.0176788608810452));
#1862=CARTESIAN_POINT('',(4.63279878800072E-19,-0.0259356292045911,-0.0188727828527192));
#1863=CARTESIAN_POINT('',(4.63665834115752E-19,-0.0259261506391649,-0.0188857908165038));
#1864=CARTESIAN_POINT('',(4.64051979164941E-19,-0.0259166625201723,-0.0188987914017052));
#1865=CARTESIAN_POINT('',(9.26559757600145E-19,-0.027620117012448,-0.0200909864535677));
#1866=CARTESIAN_POINT('',(9.27331668231504E-19,-0.0276100197372053,-0.0201048581191012));
#1867=CARTESIAN_POINT('',(9.28103958329882E-19,-0.0275999122503479,-0.0201187219223653));
#1868=CARTESIAN_POINT('',(0.000342730636335136,-0.0310620342209555,-0.0226286495169638));
#1869=CARTESIAN_POINT('',(0.000342730636335136,-0.0310506925480092,-0.0226441650560479));
#1870=CARTESIAN_POINT('',(0.000342730636335136,-0.0310393395597875,-0.0226596717731328));
#1871=CARTESIAN_POINT('',(0.00299804751036929,-0.0329520438054926,-0.0239954842727764));
#1872=CARTESIAN_POINT('',(0.00299804751036929,-0.0329400079348929,-0.0240119688925364));
#1873=CARTESIAN_POINT('',(0.00299804751036929,-0.0329279600106823,-0.0240284441475973));
#1874=CARTESIAN_POINT('',(0.,-0.0242245351529687,-0.0176909913436684));
#1875=CARTESIAN_POINT('',(0.,-0.0242200963344547,-0.01769705657498));
#1876=CARTESIAN_POINT('',(0.,-0.0242156552944658,-0.0177031200801627));
#1877=CARTESIAN_POINT('',(4.64438313333218E-19,-0.0259071648577225,-0.0189117845975195));
#1878=CARTESIAN_POINT('',(4.64631480417357E-19,-0.0259024160264976,-0.0189182811954266));
#1879=CARTESIAN_POINT('',(4.64824694781267E-19,-0.0258976648094085,-0.018924775945987));
#1880=CARTESIAN_POINT('',(9.28876626666436E-19,-0.0275897945624763,-0.0201325778513706));
#1881=CARTESIAN_POINT('',(9.29262960834713E-19,-0.0275847357185405,-0.0201395058158733));
#1882=CARTESIAN_POINT('',(9.29649389562534E-19,-0.0275796743243511,-0.0201464318118112));
#1883=CARTESIAN_POINT('',(0.000342730636335136,-0.0310279752689564,-0.0226751696569105));
#1884=CARTESIAN_POINT('',(0.000342730636335136,-0.0310222931235408,-0.0226829185987994));
#1885=CARTESIAN_POINT('',(0.000342730636335136,-0.0310166081524728,-0.0226906653323615));
#1886=CARTESIAN_POINT('',(0.00299804751036929,-0.0329159000460775,-0.024044910025321));
#1887=CARTESIAN_POINT('',(0.00299804751036929,-0.0329098700637751,-0.0240531429641828));
#1888=CARTESIAN_POINT('',(0.00299804751036929,-0.0329038370713742,-0.0240613735587104));
#1889=CARTESIAN_POINT('',(7.70371977754894E-35,-0.0242112120342041,-0.0177091818580143));
#1890=CARTESIAN_POINT('',(0.,-0.0242067687739424,-0.0177152436358659));
#1891=CARTESIAN_POINT('',(0.,-0.024202323293408,-0.0177213036863863));
#1892=CARTESIAN_POINT('',(4.65017956348147E-19,-0.0258929112077187,-0.0189312688478501));
#1893=CARTESIAN_POINT('',(4.65211217915026E-19,-0.0258881576060289,-0.0189377617497132));
#1894=CARTESIAN_POINT('',(4.65404526684875E-19,-0.0258834016197386,-0.018944252802879));
#1895=CARTESIAN_POINT('',(9.30035912696293E-19,-0.0275746103812333,-0.0201533558376858));
#1896=CARTESIAN_POINT('',(9.30422435830052E-19,-0.0275695464381155,-0.0201602798635604));
#1897=CARTESIAN_POINT('',(9.3080905336975E-19,-0.0275644799460692,-0.0201672019193717));
#1898=CARTESIAN_POINT('',(0.000342730636335136,-0.0310109203573357,-0.0226984098561833));
#1899=CARTESIAN_POINT('',(0.000342730636335136,-0.0310052325621986,-0.0227061543800051));
#1900=CARTESIAN_POINT('',(0.000342730636335136,-0.0309995419429923,-0.0227138966940866));
#1901=CARTESIAN_POINT('',(0.00299804751036929,-0.0328978010705269,-0.0240696018073238));
#1902=CARTESIAN_POINT('',(0.00299804751036929,-0.0328917650696795,-0.0240778300559373));
#1903=CARTESIAN_POINT('',(0.00299804751036929,-0.0328857260603858,-0.0240860559586367));
#1904=CARTESIAN_POINT('',(0.,-0.0241978755938031,-0.0177273620083732));
#1905=CARTESIAN_POINT('',(0.,-0.0241800847953839,-0.017751595296321));
#1906=CARTESIAN_POINT('',(0.,-0.024162258491838,-0.0177758009277333));
#1907=CARTESIAN_POINT('',(4.6559788258089E-19,-0.0258786432501113,-0.018950742005997));
#1908=CARTESIAN_POINT('',(4.66371306164951E-19,-0.0258596097716022,-0.0189766988184693));
#1909=CARTESIAN_POINT('',(4.67145483767675E-19,-0.0258405381597023,-0.0190026260301775));
#1910=CARTESIAN_POINT('',(9.31195765161781E-19,-0.0275594109064194,-0.0201741220036208));
#1911=CARTESIAN_POINT('',(9.32742612329902E-19,-0.0275391347478205,-0.0202018023406176));
#1912=CARTESIAN_POINT('',(9.34290967535351E-19,-0.0275188178275667,-0.0202294511326217));
#1913=CARTESIAN_POINT('',(0.000342730636335136,-0.0309938485013002,-0.0227216367970144));
#1914=CARTESIAN_POINT('',(0.000342730636335136,-0.0309710747345315,-0.0227525972087254));
#1915=CARTESIAN_POINT('',(0.000342730636335136,-0.0309482558079881,-0.0227835222419761));
#1916=CARTESIAN_POINT('',(0.00299804751036929,-0.0328796840442977,-0.0240942795138422));
#1917=CARTESIAN_POINT('',(0.00299804751036929,-0.0328555159799452,-0.0241271737346644));
#1918=CARTESIAN_POINT('',(0.00299804751036929,-0.0328312998068835,-0.0241600303955853));
#1919=CARTESIAN_POINT('',(0.,-0.0241443967601125,-0.0177999788256631));
#1920=CARTESIAN_POINT('',(7.70371977754894E-35,-0.0241086732966615,-0.0178483346215229));
#1921=CARTESIAN_POINT('',(0.,-0.0240728081204919,-0.0178965794834531));
#1922=CARTESIAN_POINT('',(4.67920410473687E-19,-0.0258214284952872,-0.0190285235546906));
#1923=CARTESIAN_POINT('',(4.69470263885709E-19,-0.0257832091664568,-0.0190803186037168));
#1924=CARTESIAN_POINT('',(4.7102311371088E-19,-0.0257448376275651,-0.0191319949039628));
#1925=CARTESIAN_POINT('',(9.35840820947373E-19,-0.0274984602304619,-0.020257068283718));
#1926=CARTESIAN_POINT('',(9.38940527771418E-19,-0.0274577450362522,-0.0203123025859107));
#1927=CARTESIAN_POINT('',(9.42046227421761E-19,-0.0274168671346384,-0.0203674103244725));
#1928=CARTESIAN_POINT('',(0.000342730636335136,-0.0309253918229969,-0.0228144118063027));
#1929=CARTESIAN_POINT('',(0.000342730636335135,-0.0308796638530144,-0.0228761909349559));
#1930=CARTESIAN_POINT('',(0.000342730636335135,-0.0308337556492406,-0.0229378281879128));
#1931=CARTESIAN_POINT('',(0.00299804751036929,-0.0328070356308471,-0.0241928493954999));
#1932=CARTESIAN_POINT('',(0.00299804751036929,-0.0327585072787743,-0.0242584873953292));
#1933=CARTESIAN_POINT('',(0.00299804751036929,-0.0327097869148025,-0.0243239747511338));
#1934=CARTESIAN_POINT('',(0.,-0.0240368018471796,-0.0179447127958778));
#1935=CARTESIAN_POINT('',(0.,-0.0237487516606809,-0.0183297792952757));
#1936=CARTESIAN_POINT('',(7.70371977754894E-35,-0.0234516712570453,-0.0187077066263274));
#1937=CARTESIAN_POINT('',(4.72578920626193E-19,-0.0257063145256152,-0.0191835517639804));
#1938=CARTESIAN_POINT('',(4.85025375948695E-19,-0.025398129710016,-0.0195960066441213));
#1939=CARTESIAN_POINT('',(4.97661085040255E-19,-0.0250802448586913,-0.0200008173496463));
#1940=CARTESIAN_POINT('',(9.45157841252386E-19,-0.0273758272040509,-0.020422390732083));
#1941=CARTESIAN_POINT('',(9.7005075189739E-19,-0.0270475077593512,-0.0208622339929668));
#1942=CARTESIAN_POINT('',(9.9532217008051E-19,-0.0267088184603373,-0.0212939280729652));
#1943=CARTESIAN_POINT('',(0.000342730636335133,-0.0307876680222898,-0.0229993228414643));
#1944=CARTESIAN_POINT('',(0.000342730636335133,-0.0304189670066832,-0.0234912800698757));
#1945=CARTESIAN_POINT('',(0.000342730636335133,-0.0300387829077514,-0.0239741109363322));
#1946=CARTESIAN_POINT('',(0.00299804751036929,-0.032660875384808,-0.0243893106540747));
#1947=CARTESIAN_POINT('',(0.00299804751036929,-0.032269583144852,-0.0249119978776027));
#1948=CARTESIAN_POINT('',(0.00299804751036929,-0.0318660562794425,-0.0254249921178647));
#1949=CARTESIAN_POINT('',(0.,-0.0231458758110712,-0.0190781796142343));
#1950=CARTESIAN_POINT('',(0.,-0.0225342849191229,-0.0198191255900482));
#1951=CARTESIAN_POINT('',(7.70371977754894E-35,-0.0218878338578207,-0.0205302541932833));
#1952=CARTESIAN_POINT('',(5.10465914521186E-19,-0.024752991237243,-0.0203976298591209));
#1953=CARTESIAN_POINT('',(5.36075573483048E-19,-0.0240984839943464,-0.02119125487807));
#1954=CARTESIAN_POINT('',(5.62361714002392E-19,-0.0234065016709557,-0.0219528871128175));
#1955=CARTESIAN_POINT('',(1.02093182904237E-18,-0.0263601066634149,-0.0217170801040074));
#1956=CARTESIAN_POINT('',(1.0721511469661E-18,-0.0256626830695699,-0.0225633841660918));
#1957=CARTESIAN_POINT('',(1.12472342800478E-18,-0.0249251694840907,-0.0233755200323516));
#1958=CARTESIAN_POINT('',(0.000342730636335134,-0.0296475307601048,-0.024447444901654));
#1959=CARTESIAN_POINT('',(0.000342730636335134,-0.0288650264648117,-0.0253941128322975));
#1960=CARTESIAN_POINT('',(0.000342730636335134,-0.0280382499746594,-0.0263027931584023));
#1961=CARTESIAN_POINT('',(0.00299804751036929,-0.0314507278772076,-0.0259278792494265));
#1962=CARTESIAN_POINT('',(0.00299804751036929,-0.0306200710727379,-0.0269336535125502));
#1963=CARTESIAN_POINT('',(0.00299804751036929,-0.0297422081209668,-0.0278989993408729));
#1964=CARTESIAN_POINT('',(0.,-0.021209044025552,-0.021209044025552));
#1965=CARTESIAN_POINT('',(0.,-0.0205302541932833,-0.0218878338578207));
#1966=CARTESIAN_POINT('',(0.,-0.0198191255900482,-0.0225342849191229));
#1967=CARTESIAN_POINT('',(5.89163269041724E-19,-0.0226796943918866,-0.0226796943918866));
#1968=CARTESIAN_POINT('',(6.15964824081056E-19,-0.0219528871128175,-0.0234065016709557));
#1969=CARTESIAN_POINT('',(6.43281793640375E-19,-0.02119125487807,-0.0240984839943464));
#1970=CARTESIAN_POINT('',(1.17832653808345E-18,-0.0241503447582211,-0.0241503447582211));
#1971=CARTESIAN_POINT('',(1.23192964816211E-18,-0.0233755200323516,-0.0249251694840907));
#1972=CARTESIAN_POINT('',(1.28656358728075E-18,-0.0225633841660918,-0.02566268306957));
#1973=CARTESIAN_POINT('',(0.000342730636335133,-0.0271705215665309,-0.0271705215665308));
#1974=CARTESIAN_POINT('',(0.000342730636335135,-0.0263027931584023,-0.0280382499746594));
#1975=CARTESIAN_POINT('',(0.000342730636335135,-0.0253941128322975,-0.0288650264648117));
#1976=CARTESIAN_POINT('',(0.00299804751036929,-0.0288206037309199,-0.0288206037309199));
#1977=CARTESIAN_POINT('',(0.00299804751036929,-0.0278989993408729,-0.0297422081209668));
#1978=CARTESIAN_POINT('',(0.00299804751036929,-0.0269336535125502,-0.0306200710727379));
#1979=CARTESIAN_POINT('',(0.,-0.0190781796142343,-0.0231458758110712));
#1980=CARTESIAN_POINT('',(7.70371977754894E-35,-0.0187077066263274,-0.0234516712570453));
#1981=CARTESIAN_POINT('',(0.,-0.0183297792952757,-0.0237487516606809));
#1982=CARTESIAN_POINT('',(6.70566549792195E-19,-0.0203976298591209,-0.024752991237243));
#1983=CARTESIAN_POINT('',(6.84208927868105E-19,-0.0200008173496463,-0.0250802448586913));
#1984=CARTESIAN_POINT('',(6.9784325259214E-19,-0.0195960066441213,-0.025398129710016));
#1985=CARTESIAN_POINT('',(1.34113309958439E-18,-0.0217170801040074,-0.0263601066634149));
#1986=CARTESIAN_POINT('',(1.36841785573621E-18,-0.0212939280729652,-0.0267088184603373));
#1987=CARTESIAN_POINT('',(1.39568650518428E-18,-0.0208622339929668,-0.0270475077593512));
#1988=CARTESIAN_POINT('',(0.000342730636335135,-0.024447444901654,-0.0296475307601048));
#1989=CARTESIAN_POINT('',(0.000342730636335135,-0.0239741109363322,-0.0300387829077514));
#1990=CARTESIAN_POINT('',(0.000342730636335135,-0.0234912800698757,-0.0304189670066832));
#1991=CARTESIAN_POINT('',(0.00299804751036929,-0.0259278792494265,-0.0314507278772076));
#1992=CARTESIAN_POINT('',(0.00299804751036929,-0.0254249921178647,-0.0318660562794425));
#1993=CARTESIAN_POINT('',(0.00299804751036929,-0.0249119978776027,-0.032269583144852));
#1994=CARTESIAN_POINT('',(0.,-0.0179447127958778,-0.0240368018471796));
#1995=CARTESIAN_POINT('',(0.,-0.0178965794834531,-0.0240728081204919));
#1996=CARTESIAN_POINT('',(0.,-0.0178483346215229,-0.0241086732966615));
#1997=CARTESIAN_POINT('',(7.11401070473364E-19,-0.0191835517639804,-0.0257063145256152));
#1998=CARTESIAN_POINT('',(7.13095797708518E-19,-0.0191319949039628,-0.0257448376275651));
#1999=CARTESIAN_POINT('',(7.14789329524252E-19,-0.0190803186037168,-0.0257832091664568));
#2000=CARTESIAN_POINT('',(1.42280214094673E-18,-0.020422390732083,-0.0273758272040509));
#2001=CARTESIAN_POINT('',(1.42619159541704E-18,-0.0203674103244725,-0.0274168671346384));
#2002=CARTESIAN_POINT('',(1.4295786590485E-18,-0.0203123025859107,-0.0274577450362522));
#2003=CARTESIAN_POINT('',(0.000342730636335133,-0.0229993228414643,-0.0307876680222897));
#2004=CARTESIAN_POINT('',(0.000342730636335135,-0.0229378281879128,-0.0308337556492406));
#2005=CARTESIAN_POINT('',(0.000342730636335135,-0.0228761909349559,-0.0308796638530144));
#2006=CARTESIAN_POINT('',(0.00299804751036929,-0.0243893106540747,-0.032660875384808));
#2007=CARTESIAN_POINT('',(0.00299804751036929,-0.0243239747511338,-0.0327097869148025));
#2008=CARTESIAN_POINT('',(0.00299804751036929,-0.0242584873953292,-0.0327585072787743));
#2009=CARTESIAN_POINT('',(0.,-0.0177999788256631,-0.0241443967601125));
#2010=CARTESIAN_POINT('',(0.,-0.0177758009277333,-0.024162258491838));
#2011=CARTESIAN_POINT('',(0.,-0.017751595296321,-0.0241800847953839));
#2012=CARTESIAN_POINT('',(7.16481532222343E-19,-0.0190285235546906,-0.0258214284952872));
#2013=CARTESIAN_POINT('',(7.17327633571388E-19,-0.0190026260301775,-0.0258405381597023));
#2014=CARTESIAN_POINT('',(7.18173402641022E-19,-0.0189766988184693,-0.0258596097716022));
#2015=CARTESIAN_POINT('',(1.43296306444469E-18,-0.020257068283718,-0.0274984602304619));
#2016=CARTESIAN_POINT('',(1.43465526714278E-18,-0.0202294511326217,-0.0275188178275667));
#2017=CARTESIAN_POINT('',(1.43634680528204E-18,-0.0202018023406176,-0.0275391347478205));
#2018=CARTESIAN_POINT('',(0.000342730636335136,-0.0228144118063027,-0.0309253918229969));
#2019=CARTESIAN_POINT('',(0.000342730636335136,-0.0227835222419761,-0.0309482558079881));
#2020=CARTESIAN_POINT('',(0.000342730636335136,-0.0227525972087254,-0.0309710747345315));
#2021=CARTESIAN_POINT('',(0.00299804751036929,-0.0241928493954999,-0.0328070356308471));
#2022=CARTESIAN_POINT('',(0.00299804751036929,-0.0241600303955853,-0.0328312998068835));
#2023=CARTESIAN_POINT('',(0.00299804751036929,-0.0241271737346644,-0.0328555159799452));
#2024=CARTESIAN_POINT('',(0.,-0.0177273620083732,-0.0241978755938031));
#2025=CARTESIAN_POINT('',(0.,-0.0177213036863863,-0.024202323293408));
#2026=CARTESIAN_POINT('',(0.,-0.0177152436358659,-0.0242067687739424));
#2027=CARTESIAN_POINT('',(7.19018822718968E-19,-0.018950742005997,-0.0258786432501113));
#2028=CARTESIAN_POINT('',(7.19230177738454E-19,-0.018944252802879,-0.0258834016197386));
#2029=CARTESIAN_POINT('',(7.1944151094596E-19,-0.0189377617497132,-0.0258881576060289));
#2030=CARTESIAN_POINT('',(1.43803764543794E-18,-0.0201741220036208,-0.0275594109064195));
#2031=CARTESIAN_POINT('',(1.43846035547691E-18,-0.0201672019193717,-0.0275644799460692));
#2032=CARTESIAN_POINT('',(1.43888302189192E-18,-0.0201602798635604,-0.0275695464381155));
#2033=CARTESIAN_POINT('',(0.000342730636335136,-0.0227216367970144,-0.0309938485013002));
#2034=CARTESIAN_POINT('',(0.000342730636335136,-0.0227138966940866,-0.0309995419429923));
#2035=CARTESIAN_POINT('',(0.000342730636335136,-0.0227061543800051,-0.0310052325621986));
#2036=CARTESIAN_POINT('',(0.00299804751036929,-0.0240942795138422,-0.0328796840442977));
#2037=CARTESIAN_POINT('',(0.00299804751036929,-0.0240860559586367,-0.0328857260603858));
#2038=CARTESIAN_POINT('',(0.00299804751036929,-0.0240778300559373,-0.0328917650696795));
#2039=CARTESIAN_POINT('',(0.,-0.0177091818580143,-0.0242112120342041));
#2040=CARTESIAN_POINT('',(0.,-0.0177031200801628,-0.0242156552944658));
#2041=CARTESIAN_POINT('',(0.,-0.01769705657498,-0.0242200963344547));
#2042=CARTESIAN_POINT('',(7.19652822080356E-19,-0.0189312688478501,-0.0258929112077187));
#2043=CARTESIAN_POINT('',(7.19864133214752E-19,-0.018924775945987,-0.0258976648094085));
#2044=CARTESIAN_POINT('',(7.20075422276038E-19,-0.0189182811954266,-0.0259024160264976));
#2045=CARTESIAN_POINT('',(1.43930564416071E-18,-0.0201533558376858,-0.0275746103812333));
#2046=CARTESIAN_POINT('',(1.4397282664295E-18,-0.0201464318118112,-0.0275796743243512));
#2047=CARTESIAN_POINT('',(1.44015084455208E-18,-0.0201395058158733,-0.0275847357185405));
#2048=CARTESIAN_POINT('',(0.000342730636335136,-0.0226984098561833,-0.0310109203573357));
#2049=CARTESIAN_POINT('',(0.000342730636335136,-0.0226906653323615,-0.0310166081524728));
#2050=CARTESIAN_POINT('',(0.000342730636335136,-0.0226829185987994,-0.0310222931235408));
#2051=CARTESIAN_POINT('',(0.00299804751036929,-0.0240696018073238,-0.0328978010705269));
#2052=CARTESIAN_POINT('',(0.00299804751036929,-0.0240613735587104,-0.0329038370713742));
#2053=CARTESIAN_POINT('',(0.00299804751036929,-0.0240531429641828,-0.0329098700637752));
#2054=CARTESIAN_POINT('',(0.,-0.0176909913436684,-0.0242245351529687));
#2055=CARTESIAN_POINT('',(0.,-0.0176788608810452,-0.0242334127899967));
#2056=CARTESIAN_POINT('',(0.,-0.0176667235139065,-0.0242422815411246));
#2057=CARTESIAN_POINT('',(7.20286689003085E-19,-0.0189117845975195,-0.0259071648577225));
#2058=CARTESIAN_POINT('',(7.20709222457179E-19,-0.0188987914017053,-0.0259166625201723));
#2059=CARTESIAN_POINT('',(7.21131666574315E-19,-0.0188857908165039,-0.0259261506391649));
#2060=CARTESIAN_POINT('',(1.44057337800617E-18,-0.0201325778513706,-0.0275897945624763));
#2061=CARTESIAN_POINT('',(1.44141844491436E-18,-0.0201187219223653,-0.0275999122503479));
#2062=CARTESIAN_POINT('',(1.44226333314863E-18,-0.0201048581191012,-0.0276100197372052));
#2063=CARTESIAN_POINT('',(0.000342730636335136,-0.0226751696569105,-0.0310279752689564));
#2064=CARTESIAN_POINT('',(0.000342730636335135,-0.0226596717731328,-0.0310393395597875));
#2065=CARTESIAN_POINT('',(0.000342730636335135,-0.0226441650560479,-0.0310506925480092));
#2066=CARTESIAN_POINT('',(0.00299804751036929,-0.024044910025321,-0.0329159000460775));
#2067=CARTESIAN_POINT('',(0.00299804751036929,-0.0240284441475973,-0.0329279600106823));
#2068=CARTESIAN_POINT('',(0.00299804751036929,-0.0240119688925364,-0.0329400079348929));
#2069=CARTESIAN_POINT('',(0.,-0.0176545792518707,-0.0242511413967341));
#2070=CARTESIAN_POINT('',(0.,-0.0175574251555841,-0.0243220202416105));
#2071=CARTESIAN_POINT('',(0.,-0.0174598297858822,-0.0243923297733095));
#2072=CARTESIAN_POINT('',(7.2155401926546E-19,-0.0188727828527192,-0.0259356292045911));
#2073=CARTESIAN_POINT('',(7.24932840794619E-19,-0.0187687191424419,-0.0260114577280001));
#2074=CARTESIAN_POINT('',(7.28305811060306E-19,-0.018664183202836,-0.0260866748231513));
#2075=CARTESIAN_POINT('',(1.44310803853092E-18,-0.0200909864535677,-0.027620117012448));
#2076=CARTESIAN_POINT('',(1.44986568158924E-18,-0.0199800131292997,-0.0277008952143898));
#2077=CARTESIAN_POINT('',(1.45661162212061E-18,-0.0198685366197899,-0.0277810198729932));
#2078=CARTESIAN_POINT('',(0.000342730636335133,-0.0226286495169638,-0.0310620342209554));
#2079=CARTESIAN_POINT('',(0.000342730636335133,-0.0225045252042912,-0.0311527676045257));
#2080=CARTESIAN_POINT('',(0.000342730636335133,-0.0223798362836712,-0.0312427768104723));
#2081=CARTESIAN_POINT('',(0.00299804751036929,-0.0239954842727764,-0.0329520438054926));
#2082=CARTESIAN_POINT('',(0.00299804751036929,-0.0238636073146961,-0.0330483307702901));
#2083=CARTESIAN_POINT('',(0.00299804751036929,-0.0237311310158716,-0.0331438463039869));
#2084=CARTESIAN_POINT('',(0.,-0.0173617980673711,-0.024462065067225));
#2085=CARTESIAN_POINT('',(0.,-0.0171657346303488,-0.0246015356550561));
#2086=CARTESIAN_POINT('',(0.,-0.0169679257980897,-0.0247387092917531));
#2087=CARTESIAN_POINT('',(7.31671860476726E-19,-0.0185591805654865,-0.0261612753140196));
#2088=CARTESIAN_POINT('',(7.38403959309567E-19,-0.0183491752907875,-0.0263104762957562));
#2089=CARTESIAN_POINT('',(7.45108374745337E-19,-0.0181373032251138,-0.0264572108603612));
#2090=CARTESIAN_POINT('',(1.46334372095345E-18,-0.019756563063602,-0.0278604855608142));
#2091=CARTESIAN_POINT('',(1.47680791861913E-18,-0.0195326159512261,-0.0280194169364564));
#2092=CARTESIAN_POINT('',(1.49021674949067E-18,-0.0193066806521378,-0.0281757124289693));
#2093=CARTESIAN_POINT('',(0.000342730636335133,-0.0222545885447783,-0.0313320553538795));
#2094=CARTESIAN_POINT('',(0.000342730636335133,-0.0220040930669925,-0.0315106124406939));
#2095=CARTESIAN_POINT('',(0.000342730636335133,-0.0217513623161155,-0.0316862468773507));
#2096=CARTESIAN_POINT('',(0.00299804751036929,-0.0235980618470128,-0.0332385836395733));
#2097=CARTESIAN_POINT('',(0.00299804751036929,-0.0233319235092952,-0.033428058310746));
#2098=CARTESIAN_POINT('',(0.00299804751036929,-0.0230634136914404,-0.0336144201894768));
#2099=CARTESIAN_POINT('',(0.,-0.0167684109674437,-0.0248735465804662));
#2100=CARTESIAN_POINT('',(0.,-0.0151722923222758,-0.0259522448901715));
#2101=CARTESIAN_POINT('',(0.,-0.013466989780343,-0.0268814169289103));
#2102=CARTESIAN_POINT('',(7.51776550097671E-19,-0.0179236086211447,-0.0266014375996343));
#2103=CARTESIAN_POINT('',(8.05121952916341E-19,-0.0162140517893926,-0.0277552515138189));
#2104=CARTESIAN_POINT('',(8.56147990395069E-19,-0.0143878525067398,-0.0287485646067632));
#2105=CARTESIAN_POINT('',(1.50355310019534E-18,-0.0190788062748457,-0.0283293286188023));
#2106=CARTESIAN_POINT('',(1.61024390583268E-18,-0.0172558112565094,-0.0295582581374662));
#2107=CARTESIAN_POINT('',(1.71229598079014E-18,-0.0153087152331367,-0.030615712284616));
#2108=CARTESIAN_POINT('',(0.000342730636335133,-0.0214964426095446,-0.0318589067845237));
#2109=CARTESIAN_POINT('',(0.000342730636335133,-0.0194570849569774,-0.0332401860419073));
#2110=CARTESIAN_POINT('',(0.000342730636335132,-0.0172776341400052,-0.0344310954123223));
#2111=CARTESIAN_POINT('',(0.00299804751036929,-0.0227925841591278,-0.0337976151396872));
#2112=CARTESIAN_POINT('',(0.00299804751036929,-0.0206259479006268,-0.0352631747413702));
#2113=CARTESIAN_POINT('',(0.00299804751036929,-0.0183108499168219,-0.0365260509177456));
#2114=CARTESIAN_POINT('',(0.,-0.011672674528746,-0.027640891509582));
#2115=CARTESIAN_POINT('',(0.,-0.008084044025552,-0.0291598406709253));
#2116=CARTESIAN_POINT('',(0.,-0.00413936268370133,-0.03));
#2117=CARTESIAN_POINT('',(0.,0.,-0.03));
#2118=CARTESIAN_POINT('',(9.00473639113964E-19,-0.0124676681449991,-0.0295601758799402));
#2119=CARTESIAN_POINT('',(9.89124936551754E-19,-0.00862729942151756,-0.0311833984262943));
#2120=CARTESIAN_POINT('',(1.05097467895021E-18,-0.00441099038168411,-0.0320798136935793));
#2121=CARTESIAN_POINT('',(1.05097467895021E-18,-6.93889390390723E-19,-0.0320798136935793));
#2122=CARTESIAN_POINT('',(1.80094727822793E-18,-0.0132626617612522,-0.0314794602502984));
#2123=CARTESIAN_POINT('',(1.97824987310351E-18,-0.00917055481748313,-0.0332069561816633));
#2124=CARTESIAN_POINT('',(2.10194935790042E-18,-0.0046826180796669,-0.0341596273871586));
#2125=CARTESIAN_POINT('',(2.10194935790042E-18,-1.38777878078145E-18,-0.0341596273871586));
#2126=CARTESIAN_POINT('',(0.000342730636335133,-0.0149818046661278,-0.0354050726807052));
#2127=CARTESIAN_POINT('',(0.000342730636335133,-0.010390145718373,-0.0373530272174711));
#2128=CARTESIAN_POINT('',(0.000342730636335133,-0.00533297214299739,-0.0384332533461084));
#2129=CARTESIAN_POINT('',(0.000342730636335134,7.80625564189563E-19,-0.0384332533461084));
#2130=CARTESIAN_POINT('',(0.00299804751036929,-0.0158737942355126,-0.0375585259966093));
#2131=CARTESIAN_POINT('',(0.00299804751036929,-0.010999682872894,-0.0396234761543367));
#2132=CARTESIAN_POINT('',(0.00299804751036929,-0.0056377407202579,-0.0407668219220172));
#2133=CARTESIAN_POINT('',(0.00299804751036929,1.73472347597681E-19,-0.0407668219220172));
#2134=CARTESIAN_POINT('',(0.006,-0.0425,0.));
#2135=CARTESIAN_POINT('',(0.006,-0.0425,-0.00586409713524355));
#2136=CARTESIAN_POINT('',(0.006,-0.0413097742838109,-0.0114523957028653));
#2137=CARTESIAN_POINT('',(0.00900195248963071,-0.0442331780779828,-8.32667268468867E-19));
#2138=CARTESIAN_POINT('',(0.00900195248963071,-0.0442331780779828,-0.00609045355022921));
#2139=CARTESIAN_POINT('',(0.00900195248963071,-0.042996072413285,-0.0119051085328366));
#2140=CARTESIAN_POINT('',(0.012350540594858,-0.0453659656580394,-1.64220489059138E-18));
#2141=CARTESIAN_POINT('',(0.012350540594858,-0.0453659656580394,-0.00623839780294));
#2142=CARTESIAN_POINT('',(0.012350540594858,-0.0440982197353677,-0.0122009970382582));
#2143=CARTESIAN_POINT('',(0.0276826860935282,-0.05,0.));
#2144=CARTESIAN_POINT('',(0.0276826860935284,-0.05,-0.00833333333333333));
#2145=CARTESIAN_POINT('',(0.0276826860935281,-0.05,-0.0166666666666667));
#2146=CARTESIAN_POINT('',(0.0388413430467641,-0.05,0.));
#2147=CARTESIAN_POINT('',(0.0388413430467642,-0.05,-0.00833333333333333));
#2148=CARTESIAN_POINT('',(0.038841343046764,-0.05,-0.0166666666666667));
#2149=CARTESIAN_POINT('',(0.006,-0.0391579296385745,-0.0165362889157235));
#2150=CARTESIAN_POINT('',(0.006,-0.0380820073159563,-0.0190782355221526));
#2151=CARTESIAN_POINT('',(0.006,-0.0367656802610763,-0.0214940807898908));
#2152=CARTESIAN_POINT('',(0.00900195248963071,-0.0407573332805397,-0.0171987835959344));
#2153=CARTESIAN_POINT('',(0.00900195248963071,-0.039637963714167,-0.0198456211274833));
#2154=CARTESIAN_POINT('',(0.00900195248963071,-0.0382681857807824,-0.0223622136791547));
#2155=CARTESIAN_POINT('',(0.012350540594858,-0.041802687248566,-0.0176317833869714));
#2156=CARTESIAN_POINT('',(0.012350540594858,-0.0406549210051651,-0.020347176561328));
#2157=CARTESIAN_POINT('',(0.012350540594858,-0.0392502081207318,-0.0229296165140334));
#2158=CARTESIAN_POINT('',(0.0276826860935282,-0.05,-0.025));
#2159=CARTESIAN_POINT('',(0.0276826860935282,-0.05,-0.0291666666666667));
#2160=CARTESIAN_POINT('',(0.0276826860935284,-0.05,-0.0333333333333333));
#2161=CARTESIAN_POINT('',(0.0388413430467641,-0.05,-0.025));
#2162=CARTESIAN_POINT('',(0.0388413430467641,-0.05,-0.0291666666666667));
#2163=CARTESIAN_POINT('',(0.0388413430467642,-0.05,-0.0333333333333333));
#2164=CARTESIAN_POINT('',(0.006,-0.0352375243223272,-0.0237552488705453));
#2165=CARTESIAN_POINT('',(0.006,-0.0350465048299835,-0.0240378948806271));
#2166=CARTESIAN_POINT('',(0.006,-0.0348521755113295,-0.0243181240596608));
#2167=CARTESIAN_POINT('',(0.00900195248963071,-0.0366774335049672,-0.0247179135819628));
#2168=CARTESIAN_POINT('',(0.00900195248963071,-0.0364785894704903,-0.0250123760698138));
#2169=CARTESIAN_POINT('',(0.00900195248963071,-0.0362762927119129,-0.0253043246100263));
#2170=CARTESIAN_POINT('',(0.012350540594858,-0.0376185435150837,-0.0253471014552146));
#2171=CARTESIAN_POINT('',(0.012350540594858,-0.0374145854393777,-0.0256492870728622));
#2172=CARTESIAN_POINT('',(0.012350540594858,-0.0372070812430277,-0.0259488952684548));
#2173=CARTESIAN_POINT('',(0.0276826860935282,-0.05,-0.0375));
#2174=CARTESIAN_POINT('',(0.0276826860935282,-0.05,-0.0380208333333333));
#2175=CARTESIAN_POINT('',(0.0276826860935281,-0.05,-0.0385416666666667));
#2176=CARTESIAN_POINT('',(0.0388413430467641,-0.05,-0.0375));
#2177=CARTESIAN_POINT('',(0.0388413430467641,-0.05,-0.0380208333333333));
#2178=CARTESIAN_POINT('',(0.0388413430467641,-0.05,-0.0385416666666667));
#2179=CARTESIAN_POINT('',(0.006,-0.0346545921785688,-0.0245958805954423));
#2180=CARTESIAN_POINT('',(0.006,-0.0345558005121885,-0.0247347588633331));
#2181=CARTESIAN_POINT('',(0.006,-0.0344561953422815,-0.0248730189704109));
#2182=CARTESIAN_POINT('',(0.00900195248963071,-0.0360706007175643,-0.0255936993438719));
#2183=CARTESIAN_POINT('',(0.00900195248963071,-0.03596775472039,-0.0257383867107947));
#2184=CARTESIAN_POINT('',(0.00900195248963071,-0.0358640599142729,-0.0258824306261257));
#2185=CARTESIAN_POINT('',(0.012350540594858,-0.0369960895098615,-0.0262458635384965));
#2186=CARTESIAN_POINT('',(0.012350540594858,-0.0368905936432784,-0.0263943476735173));
#2187=CARTESIAN_POINT('',(0.012350540594858,-0.0367842258924912,-0.0265421718271504));
#2188=CARTESIAN_POINT('',(0.0276826860935282,-0.05,-0.0390625));
#2189=CARTESIAN_POINT('',(0.0276826860935282,-0.05,-0.0393229166666667));
#2190=CARTESIAN_POINT('',(0.0276826860935283,-0.05,-0.0395833333333333));
#2191=CARTESIAN_POINT('',(0.0388413430467641,-0.05,-0.0390625));
#2192=CARTESIAN_POINT('',(0.0388413430467641,-0.05,-0.0393229166666667));
#2193=CARTESIAN_POINT('',(0.0388413430467641,-0.05,-0.0395833333333333));
#2194=CARTESIAN_POINT('',(0.006,-0.0343557836453734,-0.0250106539401501));
#2195=CARTESIAN_POINT('',(0.006,-0.0343432321832599,-0.0250278583113675));
#2196=CARTESIAN_POINT('',(0.006,-0.034330668119162,-0.025045052914814));
#2197=CARTESIAN_POINT('',(0.00900195248963071,-0.0357595234852541,-0.0260258236075239));
#2198=CARTESIAN_POINT('',(0.00900195248963071,-0.0357464564316268,-0.0260437477301987));
#2199=CARTESIAN_POINT('',(0.00900195248963071,-0.0357333762276416,-0.0260616616820308));
#2200=CARTESIAN_POINT('',(0.012350540594858,-0.0366769935804785,-0.0266893281864588));
#2201=CARTESIAN_POINT('',(0.012350540594858,-0.0366635895414769,-0.0267077227313724));
#2202=CARTESIAN_POINT('',(0.012350540594858,-0.0366501719937061,-0.0267261068419996));
#2203=CARTESIAN_POINT('',(0.0276826860935282,-0.05,-0.03984375));
#2204=CARTESIAN_POINT('',(0.0276826860935282,-0.05,-0.0398763020833333));
#2205=CARTESIAN_POINT('',(0.0276826860935282,-0.05,-0.0399088541666667));
#2206=CARTESIAN_POINT('',(0.0388413430467641,-0.05,-0.03984375));
#2207=CARTESIAN_POINT('',(0.0388413430467641,-0.05,-0.0398763020833333));
#2208=CARTESIAN_POINT('',(0.0388413430467641,-0.05,-0.0399088541666667));
#2209=CARTESIAN_POINT('',(0.006,-0.0343180914667057,-0.0250622377368636));
#2210=CARTESIAN_POINT('',(0.006,-0.0343118031404775,-0.0250708301478884));
#2211=CARTESIAN_POINT('',(0.006,-0.0343055116671598,-0.0250794201135639));
#2212=CARTESIAN_POINT('',(0.00900195248963071,-0.0357202828873338,-0.0260795654484062));
#2213=CARTESIAN_POINT('',(0.00900195248963071,-0.0357137362171799,-0.0260885173315939));
#2214=CARTESIAN_POINT('',(0.00900195248963071,-0.0357071862629454,-0.0260974666684174));
#2215=CARTESIAN_POINT('',(0.012350540594858,-0.036636740951469,-0.0267444805030809));
#2216=CARTESIAN_POINT('',(0.012350540594858,-0.0366300254303503,-0.0267536673336215));
#2217=CARTESIAN_POINT('',(0.012350540594858,-0.0366233065356151,-0.0267628515517756));
#2218=CARTESIAN_POINT('',(0.0276826860935282,-0.05,-0.03994140625));
#2219=CARTESIAN_POINT('',(0.0276826860935282,-0.05,-0.0399576822916667));
#2220=CARTESIAN_POINT('',(0.0276826860935282,-0.05,-0.0399739583333333));
#2221=CARTESIAN_POINT('',(0.0388413430467641,-0.05,-0.03994140625));
#2222=CARTESIAN_POINT('',(0.0388413430467641,-0.05,-0.0399576822916667));
#2223=CARTESIAN_POINT('',(0.0388413430467641,-0.05,-0.0399739583333333));
#2224=CARTESIAN_POINT('',(0.006,-0.0342992170484557,-0.025088007632187));
#2225=CARTESIAN_POINT('',(0.006,-0.0342929224297517,-0.02509659515081));
#2226=CARTESIAN_POINT('',(0.006,-0.0342866246656613,-0.0251051802223806));
#2227=CARTESIAN_POINT('',(0.00900195248963071,-0.0357006330263846,-0.0261064134570501));
#2228=CARTESIAN_POINT('',(0.00900195248963071,-0.0356940797898238,-0.0261153602456827));
#2229=CARTESIAN_POINT('',(0.00900195248963071,-0.0356875232709368,-0.0261243044861245));
#2230=CARTESIAN_POINT('',(0.012350540594858,-0.0366165842690512,-0.0267720331556358));
#2231=CARTESIAN_POINT('',(0.012350540594858,-0.0366098620024872,-0.026781214759496));
#2232=CARTESIAN_POINT('',(0.012350540594858,-0.0366031363640944,-0.0267903937490623));
#2233=CARTESIAN_POINT('',(0.0276826860935282,-0.05,-0.039990234375));
#2234=CARTESIAN_POINT('',(0.0276826860935282,-0.05,-0.0400065104166667));
#2235=CARTESIAN_POINT('',(0.0276826860935282,-0.0499999919488228,-0.0400181171127843));
#2236=CARTESIAN_POINT('',(0.0388413430467641,-0.05,-0.039990234375));
#2237=CARTESIAN_POINT('',(0.0388413430467641,-0.05,-0.0400065104166667));
#2238=CARTESIAN_POINT('',(0.0388413430467641,-0.0499999919488228,-0.0400181171127843));
#2239=CARTESIAN_POINT('',(0.006,-0.0342803237578878,-0.0251137628451954));
#2240=CARTESIAN_POINT('',(0.006,-0.0342551201267938,-0.0251480933364547));
#2241=CARTESIAN_POINT('',(0.006,-0.0342298661967705,-0.0251823846476221));
#2242=CARTESIAN_POINT('',(0.00900195248963071,-0.0356809634714779,-0.0261332461765486));
#2243=CARTESIAN_POINT('',(0.00900195248963071,-0.0356547242736424,-0.026169012938245));
#2244=CARTESIAN_POINT('',(0.00900195248963071,-0.0356284325866575,-0.0262047388996589));
#2245=CARTESIAN_POINT('',(0.012350540594858,-0.0365964073556607,-0.0267995701224271));
#2246=CARTESIAN_POINT('',(0.012350540594858,-0.0365694913219258,-0.0268362756158865));
#2247=CARTESIAN_POINT('',(0.012350540594858,-0.0365425213675359,-0.0268729392501234));
#2248=CARTESIAN_POINT('',(0.0276826860935282,-0.0499999517280349,-0.0400310544645875));
#2249=CARTESIAN_POINT('',(0.0276826860935282,-0.0499997908448833,-0.0400828038718));
#2250=CARTESIAN_POINT('',(0.0276826860935283,-0.0499992279293432,-0.040134512827732));
#2251=CARTESIAN_POINT('',(0.0388413430467641,-0.0499999517280349,-0.0400310544645875));
#2252=CARTESIAN_POINT('',(0.0388413430467641,-0.0499997908448833,-0.0400828038718));
#2253=CARTESIAN_POINT('',(0.0388413430467641,-0.0499992279293432,-0.040134512827732));
#2254=CARTESIAN_POINT('',(0.006,-0.034204562076826,-0.0252166366696895));
#2255=CARTESIAN_POINT('',(0.006,-0.0341539538369371,-0.0252851407138242));
#2256=CARTESIAN_POINT('',(0.006,-0.0341031448373635,-0.0253534876015585));
#2257=CARTESIAN_POINT('',(0.00900195248963071,-0.0356020885228049,-0.026240423943879));
#2258=CARTESIAN_POINT('',(0.00900195248963071,-0.0355494003950999,-0.0263117940323191));
#2259=CARTESIAN_POINT('',(0.00900195248963071,-0.0354965027599245,-0.0263830004519833));
#2260=CARTESIAN_POINT('',(0.012350540594858,-0.0365154976069125,-0.0269095609030608));
#2261=CARTESIAN_POINT('',(0.012350540594858,-0.0364614500856656,-0.0269828042089355));
#2262=CARTESIAN_POINT('',(0.012350540594858,-0.0364071873394847,-0.0270558795896119));
#2263=CARTESIAN_POINT('',(0.0276826860935283,-0.0499982647363199,-0.0401861770956674));
#2264=CARTESIAN_POINT('',(0.0276826860935284,-0.0499963383502732,-0.0402895056315384));
#2265=CARTESIAN_POINT('',(0.0276826860935283,-0.0499928108542936,-0.0403926554154231));
#2266=CARTESIAN_POINT('',(0.0388413430467642,-0.0499982647363199,-0.0401861770956674));
#2267=CARTESIAN_POINT('',(0.0388413430467642,-0.0499963383502732,-0.0402895056315384));
#2268=CARTESIAN_POINT('',(0.0388413430467641,-0.0499928108542936,-0.0403926554154231));
#2269=CARTESIAN_POINT('',(0.006,-0.034052135950171,-0.0254216764608269));
#2270=CARTESIAN_POINT('',(0.006,-0.0336440648526313,-0.025967187334974));
#2271=CARTESIAN_POINT('',(0.006,-0.0332232009474808,-0.0265025843872971));
#2272=CARTESIAN_POINT('',(0.00900195248963071,-0.0354433965155341,-0.0264540422675791));
#2273=CARTESIAN_POINT('',(0.00900195248963071,-0.0350185465604105,-0.0270223767923452));
#2274=CARTESIAN_POINT('',(0.00900195248963071,-0.0345803456155191,-0.0275801766567296));
#2275=CARTESIAN_POINT('',(0.012350540594858,-0.036352710283742,-0.0271287860684729));
#2276=CARTESIAN_POINT('',(0.012350540594858,-0.0359168938378003,-0.0277120378993609));
#2277=CARTESIAN_POINT('',(0.012350540594858,-0.0354673615799048,-0.0282844800140619));
#2278=CARTESIAN_POINT('',(0.0276826860935282,-0.0499876962876227,-0.0404955925535938));
#2279=CARTESIAN_POINT('',(0.0276826860935276,-0.0499467797542559,-0.0413190896589588));
#2280=CARTESIAN_POINT('',(0.0276826860935281,-0.0498042906966531,-0.0421289774386181));
#2281=CARTESIAN_POINT('',(0.0388413430467641,-0.0499876962876227,-0.0404955925535938));
#2282=CARTESIAN_POINT('',(0.0388413430467638,-0.0499467797542559,-0.0413190896589588));
#2283=CARTESIAN_POINT('',(0.0388413430467641,-0.0498042906966531,-0.0421289774386181));
#2284=CARTESIAN_POINT('',(0.006,-0.0327899907323508,-0.0270274211201653));
#2285=CARTESIAN_POINT('',(0.006,-0.0319235703020908,-0.0280770945859017));
#2286=CARTESIAN_POINT('',(0.006,-0.0310077646319126,-0.029084526773818));
#2287=CARTESIAN_POINT('',(0.00900195248963071,-0.034129253587494,-0.0281269629909041));
#2288=CARTESIAN_POINT('',(0.00900195248963071,-0.0332270695314437,-0.0292205356592532));
#2289=CARTESIAN_POINT('',(0.00900195248963071,-0.0322733211428584,-0.0302700542067632));
#2290=CARTESIAN_POINT('',(0.012350540594858,-0.0350045821806777,-0.0288456123846091));
#2291=CARTESIAN_POINT('',(0.012350540594858,-0.0340790233822234,-0.0299678771257035));
#2292=CARTESIAN_POINT('',(0.012350540594858,-0.0331004760184427,-0.0310449028901828));
#2293=CARTESIAN_POINT('',(0.0276826860935284,-0.049567417206626,-0.0429079023038325));
#2294=CARTESIAN_POINT('',(0.0276826860935289,-0.0490936702265719,-0.0444657520342612));
#2295=CARTESIAN_POINT('',(0.0276826860935284,-0.0482423855168207,-0.0458997501069103));
#2296=CARTESIAN_POINT('',(0.0388413430467642,-0.049567417206626,-0.0429079023038325));
#2297=CARTESIAN_POINT('',(0.0388413430467644,-0.0490936702265719,-0.0444657520342612));
#2298=CARTESIAN_POINT('',(0.0388413430467642,-0.0482423855168207,-0.0458997501069103));
#2299=CARTESIAN_POINT('',(0.006,-0.0300461457028653,-0.0300461457028653));
#2300=CARTESIAN_POINT('',(0.006,-0.0290845267738181,-0.0310077646319126));
#2301=CARTESIAN_POINT('',(0.006,-0.0280770945859017,-0.0319235703020908));
#2302=CARTESIAN_POINT('',(0.00900195248963071,-0.0312716876748108,-0.0312716876748108));
#2303=CARTESIAN_POINT('',(0.00900195248963071,-0.0302700542067632,-0.0322733211428584));
#2304=CARTESIAN_POINT('',(0.00900195248963071,-0.0292205356592532,-0.0332270695314437));
#2305=CARTESIAN_POINT('',(0.012350540594858,-0.0320726894543127,-0.0320726894543127));
#2306=CARTESIAN_POINT('',(0.012350540594858,-0.0310449028901828,-0.0331004760184427));
#2307=CARTESIAN_POINT('',(0.012350540594858,-0.0299678771257035,-0.0340790233822234));
#2308=CARTESIAN_POINT('',(0.0276826860935282,-0.0470710678118655,-0.0470710678118655));
#2309=CARTESIAN_POINT('',(0.027682686093528,-0.0458997501069103,-0.0482423855168207));
#2310=CARTESIAN_POINT('',(0.0276826860935281,-0.0444657520342612,-0.0490936702265719));
#2311=CARTESIAN_POINT('',(0.0388413430467641,-0.0470710678118655,-0.0470710678118655));
#2312=CARTESIAN_POINT('',(0.038841343046764,-0.0458997501069103,-0.0482423855168207));
#2313=CARTESIAN_POINT('',(0.038841343046764,-0.0444657520342612,-0.0490936702265719));
#2314=CARTESIAN_POINT('',(0.006,-0.0270274211201653,-0.0327899907323508));
#2315=CARTESIAN_POINT('',(0.006,-0.0265025843872971,-0.0332232009474808));
#2316=CARTESIAN_POINT('',(0.006,-0.025967187334974,-0.0336440648526313));
#2317=CARTESIAN_POINT('',(0.00900195248963071,-0.0281269629909041,-0.034129253587494));
#2318=CARTESIAN_POINT('',(0.00900195248963071,-0.0275801766567296,-0.0345803456155192));
#2319=CARTESIAN_POINT('',(0.00900195248963071,-0.0270223767923452,-0.0350185465604105));
#2320=CARTESIAN_POINT('',(0.012350540594858,-0.0288456123846091,-0.0350045821806777));
#2321=CARTESIAN_POINT('',(0.012350540594858,-0.0282844800140619,-0.0354673615799048));
#2322=CARTESIAN_POINT('',(0.012350540594858,-0.0277120378993609,-0.0359168938378003));
#2323=CARTESIAN_POINT('',(0.0276826860935282,-0.0429079023038325,-0.049567417206626));
#2324=CARTESIAN_POINT('',(0.0276826860935283,-0.0421289774386181,-0.0498042906966531));
#2325=CARTESIAN_POINT('',(0.0276826860935283,-0.0413190896589588,-0.0499467797542559));
#2326=CARTESIAN_POINT('',(0.0388413430467641,-0.0429079023038325,-0.049567417206626));
#2327=CARTESIAN_POINT('',(0.0388413430467641,-0.0421289774386181,-0.0498042906966531));
#2328=CARTESIAN_POINT('',(0.0388413430467642,-0.0413190896589588,-0.0499467797542559));
#2329=CARTESIAN_POINT('',(0.006,-0.0254216764608269,-0.034052135950171));
#2330=CARTESIAN_POINT('',(0.006,-0.0253534876015585,-0.0341031448373635));
#2331=CARTESIAN_POINT('',(0.006,-0.0252851407138241,-0.0341539538369371));
#2332=CARTESIAN_POINT('',(0.00900195248963071,-0.0264540422675791,-0.0354433965155341));
#2333=CARTESIAN_POINT('',(0.00900195248963071,-0.0263830004519833,-0.0354965027599245));
#2334=CARTESIAN_POINT('',(0.00900195248963071,-0.026311794032319,-0.0355494003950999));
#2335=CARTESIAN_POINT('',(0.012350540594858,-0.0271287860684729,-0.036352710283742));
#2336=CARTESIAN_POINT('',(0.012350540594858,-0.0270558795896119,-0.0364071873394847));
#2337=CARTESIAN_POINT('',(0.012350540594858,-0.0269828042089355,-0.0364614500856656));
#2338=CARTESIAN_POINT('',(0.0276826860935282,-0.0404955925535938,-0.0499876962876227));
#2339=CARTESIAN_POINT('',(0.0276826860935282,-0.0403926554154231,-0.0499928108542936));
#2340=CARTESIAN_POINT('',(0.0276826860935282,-0.0402895056315384,-0.0499963383502732));
#2341=CARTESIAN_POINT('',(0.0388413430467641,-0.0404955925535938,-0.0499876962876227));
#2342=CARTESIAN_POINT('',(0.0388413430467641,-0.0403926554154231,-0.0499928108542936));
#2343=CARTESIAN_POINT('',(0.0388413430467641,-0.0402895056315384,-0.0499963383502732));
#2344=CARTESIAN_POINT('',(0.006,-0.0252166366696894,-0.034204562076826));
#2345=CARTESIAN_POINT('',(0.006,-0.0251823846476221,-0.0342298661967705));
#2346=CARTESIAN_POINT('',(0.006,-0.0251480933364547,-0.0342551201267938));
#2347=CARTESIAN_POINT('',(0.00900195248963071,-0.026240423943879,-0.0356020885228049));
#2348=CARTESIAN_POINT('',(0.00900195248963071,-0.0262047388996589,-0.0356284325866575));
#2349=CARTESIAN_POINT('',(0.00900195248963071,-0.0261690129382449,-0.0356547242736424));
#2350=CARTESIAN_POINT('',(0.012350540594858,-0.0269095609030607,-0.0365154976069125));
#2351=CARTESIAN_POINT('',(0.012350540594858,-0.0268729392501234,-0.0365425213675359));
#2352=CARTESIAN_POINT('',(0.012350540594858,-0.0268362756158865,-0.0365694913219258));
#2353=CARTESIAN_POINT('',(0.0276826860935282,-0.0401861770956674,-0.0499982647363199));
#2354=CARTESIAN_POINT('',(0.0276826860935282,-0.040134512827732,-0.0499992279293432));
#2355=CARTESIAN_POINT('',(0.0276826860935283,-0.0400828038718,-0.0499997908448833));
#2356=CARTESIAN_POINT('',(0.0388413430467641,-0.0401861770956674,-0.0499982647363199));
#2357=CARTESIAN_POINT('',(0.0388413430467641,-0.040134512827732,-0.0499992279293432));
#2358=CARTESIAN_POINT('',(0.0388413430467641,-0.0400828038718,-0.0499997908448833));
#2359=CARTESIAN_POINT('',(0.006,-0.0251137628451954,-0.0342803237578878));
#2360=CARTESIAN_POINT('',(0.006,-0.0251051802223806,-0.0342866246656613));
#2361=CARTESIAN_POINT('',(0.006,-0.02509659515081,-0.0342929224297517));
#2362=CARTESIAN_POINT('',(0.00900195248963071,-0.0261332461765486,-0.0356809634714779));
#2363=CARTESIAN_POINT('',(0.00900195248963071,-0.0261243044861245,-0.0356875232709368));
#2364=CARTESIAN_POINT('',(0.00900195248963071,-0.0261153602456827,-0.0356940797898238));
#2365=CARTESIAN_POINT('',(0.012350540594858,-0.0267995701224271,-0.0365964073556607));
#2366=CARTESIAN_POINT('',(0.012350540594858,-0.0267903937490622,-0.0366031363640944));
#2367=CARTESIAN_POINT('',(0.012350540594858,-0.026781214759496,-0.0366098620024872));
#2368=CARTESIAN_POINT('',(0.0276826860935282,-0.0400310544645875,-0.0499999517280349));
#2369=CARTESIAN_POINT('',(0.0276826860935282,-0.0400181171127843,-0.0499999919488228));
#2370=CARTESIAN_POINT('',(0.0276826860935282,-0.0400065104166667,-0.05));
#2371=CARTESIAN_POINT('',(0.0388413430467641,-0.0400310544645875,-0.0499999517280349));
#2372=CARTESIAN_POINT('',(0.0388413430467641,-0.0400181171127843,-0.0499999919488228));
#2373=CARTESIAN_POINT('',(0.0388413430467641,-0.0400065104166667,-0.05));
#2374=CARTESIAN_POINT('',(0.006,-0.025088007632187,-0.0342992170484558));
#2375=CARTESIAN_POINT('',(0.006,-0.0250794201135639,-0.0343055116671598));
#2376=CARTESIAN_POINT('',(0.006,-0.0250708301478884,-0.0343118031404776));
#2377=CARTESIAN_POINT('',(0.00900195248963071,-0.0261064134570501,-0.0357006330263846));
#2378=CARTESIAN_POINT('',(0.00900195248963071,-0.0260974666684174,-0.0357071862629454));
#2379=CARTESIAN_POINT('',(0.00900195248963071,-0.0260885173315939,-0.03571373621718));
#2380=CARTESIAN_POINT('',(0.012350540594858,-0.0267720331556358,-0.0366165842690512));
#2381=CARTESIAN_POINT('',(0.012350540594858,-0.0267628515517756,-0.0366233065356152));
#2382=CARTESIAN_POINT('',(0.012350540594858,-0.0267536673336215,-0.0366300254303504));
#2383=CARTESIAN_POINT('',(0.0276826860935282,-0.039990234375,-0.05));
#2384=CARTESIAN_POINT('',(0.0276826860935282,-0.0399739583333333,-0.05));
#2385=CARTESIAN_POINT('',(0.0276826860935282,-0.0399576822916667,-0.05));
#2386=CARTESIAN_POINT('',(0.0388413430467641,-0.039990234375,-0.05));
#2387=CARTESIAN_POINT('',(0.0388413430467641,-0.0399739583333333,-0.05));
#2388=CARTESIAN_POINT('',(0.0388413430467641,-0.0399576822916667,-0.05));
#2389=CARTESIAN_POINT('',(0.006,-0.0250622377368636,-0.0343180914667057));
#2390=CARTESIAN_POINT('',(0.006,-0.025045052914814,-0.034330668119162));
#2391=CARTESIAN_POINT('',(0.006,-0.0250278583113675,-0.0343432321832599));
#2392=CARTESIAN_POINT('',(0.00900195248963071,-0.0260795654484062,-0.0357202828873338));
#2393=CARTESIAN_POINT('',(0.00900195248963071,-0.0260616616820307,-0.0357333762276416));
#2394=CARTESIAN_POINT('',(0.00900195248963071,-0.0260437477301987,-0.0357464564316268));
#2395=CARTESIAN_POINT('',(0.012350540594858,-0.0267444805030809,-0.036636740951469));
#2396=CARTESIAN_POINT('',(0.012350540594858,-0.0267261068419996,-0.0366501719937062));
#2397=CARTESIAN_POINT('',(0.012350540594858,-0.0267077227313724,-0.0366635895414769));
#2398=CARTESIAN_POINT('',(0.0276826860935282,-0.03994140625,-0.05));
#2399=CARTESIAN_POINT('',(0.0276826860935282,-0.0399088541666667,-0.05));
#2400=CARTESIAN_POINT('',(0.0276826860935282,-0.0398763020833333,-0.05));
#2401=CARTESIAN_POINT('',(0.0388413430467641,-0.03994140625,-0.05));
#2402=CARTESIAN_POINT('',(0.0388413430467641,-0.0399088541666667,-0.05));
#2403=CARTESIAN_POINT('',(0.0388413430467641,-0.0398763020833333,-0.05));
#2404=CARTESIAN_POINT('',(0.006,-0.0250106539401501,-0.0343557836453734));
#2405=CARTESIAN_POINT('',(0.006,-0.0248730189704109,-0.0344561953422815));
#2406=CARTESIAN_POINT('',(0.006,-0.0247347588633331,-0.0345558005121885));
#2407=CARTESIAN_POINT('',(0.00900195248963071,-0.0260258236075239,-0.0357595234852541));
#2408=CARTESIAN_POINT('',(0.00900195248963071,-0.0258824306261257,-0.0358640599142729));
#2409=CARTESIAN_POINT('',(0.00900195248963071,-0.0257383867107946,-0.03596775472039));
#2410=CARTESIAN_POINT('',(0.012350540594858,-0.0266893281864588,-0.0366769935804785));
#2411=CARTESIAN_POINT('',(0.012350540594858,-0.0265421718271504,-0.0367842258924912));
#2412=CARTESIAN_POINT('',(0.012350540594858,-0.0263943476735173,-0.0368905936432784));
#2413=CARTESIAN_POINT('',(0.0276826860935282,-0.03984375,-0.05));
#2414=CARTESIAN_POINT('',(0.0276826860935282,-0.0395833333333333,-0.05));
#2415=CARTESIAN_POINT('',(0.0276826860935282,-0.0393229166666667,-0.05));
#2416=CARTESIAN_POINT('',(0.0388413430467641,-0.03984375,-0.05));
#2417=CARTESIAN_POINT('',(0.0388413430467641,-0.0395833333333333,-0.05));
#2418=CARTESIAN_POINT('',(0.0388413430467641,-0.0393229166666667,-0.05));
#2419=CARTESIAN_POINT('',(0.006,-0.0245958805954423,-0.0346545921785688));
#2420=CARTESIAN_POINT('',(0.006,-0.0243181240596608,-0.0348521755113295));
#2421=CARTESIAN_POINT('',(0.006,-0.0240378948806271,-0.0350465048299835));
#2422=CARTESIAN_POINT('',(0.00900195248963071,-0.0255936993438719,-0.0360706007175643));
#2423=CARTESIAN_POINT('',(0.00900195248963071,-0.0253043246100263,-0.0362762927119129));
#2424=CARTESIAN_POINT('',(0.00900195248963071,-0.0250123760698138,-0.0364785894704903));
#2425=CARTESIAN_POINT('',(0.012350540594858,-0.0262458635384965,-0.0369960895098615));
#2426=CARTESIAN_POINT('',(0.012350540594858,-0.0259488952684548,-0.0372070812430277));
#2427=CARTESIAN_POINT('',(0.012350540594858,-0.0256492870728622,-0.0374145854393777));
#2428=CARTESIAN_POINT('',(0.0276826860935282,-0.0390625,-0.05));
#2429=CARTESIAN_POINT('',(0.0276826860935282,-0.0385416666666667,-0.05));
#2430=CARTESIAN_POINT('',(0.0276826860935282,-0.0380208333333333,-0.05));
#2431=CARTESIAN_POINT('',(0.0388413430467641,-0.0390625,-0.05));
#2432=CARTESIAN_POINT('',(0.0388413430467641,-0.0385416666666667,-0.05));
#2433=CARTESIAN_POINT('',(0.0388413430467641,-0.0380208333333333,-0.05));
#2434=CARTESIAN_POINT('',(0.006,-0.0237552488705453,-0.0352375243223272));
#2435=CARTESIAN_POINT('',(0.006,-0.0214940807898908,-0.0367656802610763));
#2436=CARTESIAN_POINT('',(0.006,-0.0190782355221526,-0.0380820073159563));
#2437=CARTESIAN_POINT('',(0.00900195248963071,-0.0247179135819628,-0.0366774335049672));
#2438=CARTESIAN_POINT('',(0.00900195248963071,-0.0223622136791547,-0.0382681857807824));
#2439=CARTESIAN_POINT('',(0.00900195248963071,-0.0198456211274833,-0.039637963714167));
#2440=CARTESIAN_POINT('',(0.012350540594858,-0.0253471014552146,-0.0376185435150837));
#2441=CARTESIAN_POINT('',(0.012350540594858,-0.0229296165140334,-0.0392502081207318));
#2442=CARTESIAN_POINT('',(0.012350540594858,-0.020347176561328,-0.0406549210051651));
#2443=CARTESIAN_POINT('',(0.0276826860935282,-0.0375,-0.05));
#2444=CARTESIAN_POINT('',(0.027682686093528,-0.0333333333333333,-0.05));
#2445=CARTESIAN_POINT('',(0.0276826860935282,-0.0291666666666667,-0.05));
#2446=CARTESIAN_POINT('',(0.0388413430467641,-0.0375,-0.05));
#2447=CARTESIAN_POINT('',(0.038841343046764,-0.0333333333333333,-0.05));
#2448=CARTESIAN_POINT('',(0.0388413430467641,-0.0291666666666667,-0.05));
#2449=CARTESIAN_POINT('',(0.006,-0.0165362889157235,-0.0391579296385745));
#2450=CARTESIAN_POINT('',(0.006,-0.0114523957028653,-0.0413097742838109));
#2451=CARTESIAN_POINT('',(0.006,-0.00586409713524355,-0.0425));
#2452=CARTESIAN_POINT('',(0.006,0.,-0.0425));
#2453=CARTESIAN_POINT('',(0.00900195248963071,-0.0171987835959344,-0.0407573332805397));
#2454=CARTESIAN_POINT('',(0.00900195248963071,-0.0119051085328366,-0.042996072413285));
#2455=CARTESIAN_POINT('',(0.00900195248963071,-0.0060904535502292,-0.0442331780779828));
#2456=CARTESIAN_POINT('',(0.00900195248963071,-1.73472347597681E-19,-0.0442331780779828));
#2457=CARTESIAN_POINT('',(0.012350540594858,-0.0176317833869714,-0.041802687248566));
#2458=CARTESIAN_POINT('',(0.012350540594858,-0.0122009970382582,-0.0440982197353677));
#2459=CARTESIAN_POINT('',(0.012350540594858,-0.00623839780294,-0.0453659656580394));
#2460=CARTESIAN_POINT('',(0.012350540594858,8.67361737988404E-20,-0.0453659656580394));
#2461=CARTESIAN_POINT('',(0.0276826860935283,-0.025,-0.05));
#2462=CARTESIAN_POINT('',(0.0276826860935285,-0.0166666666666667,-0.05));
#2463=CARTESIAN_POINT('',(0.0276826860935283,-0.00833333333333333,-0.05));
#2464=CARTESIAN_POINT('',(0.0276826860935282,0.,-0.05));
#2465=CARTESIAN_POINT('',(0.0388413430467641,-0.025,-0.05));
#2466=CARTESIAN_POINT('',(0.0388413430467642,-0.0166666666666667,-0.05));
#2467=CARTESIAN_POINT('',(0.0388413430467641,-0.00833333333333333,-0.05));
#2468=CARTESIAN_POINT('',(0.0388413430467641,0.,-0.05));
#2469=CARTESIAN_POINT('',(0.05,-0.05,0.));
#2470=CARTESIAN_POINT('',(0.05,-0.05,-0.00833333333333333));
#2471=CARTESIAN_POINT('',(0.05,-0.05,-0.0166666666666667));
#2472=CARTESIAN_POINT('',(0.0611586569532359,-0.05,0.));
#2473=CARTESIAN_POINT('',(0.0611586569532358,-0.05,-0.00833333333333333));
#2474=CARTESIAN_POINT('',(0.061158656953236,-0.05,-0.0166666666666667));
#2475=CARTESIAN_POINT('',(0.0723173139064718,-0.05,0.));
#2476=CARTESIAN_POINT('',(0.0723173139064716,-0.05,-0.00833333333333333));
#2477=CARTESIAN_POINT('',(0.0723173139064719,-0.05,-0.0166666666666667));
#2478=CARTESIAN_POINT('',(0.08,-0.05,0.));
#2479=CARTESIAN_POINT('',(0.08,-0.05,-0.00833333333333333));
#2480=CARTESIAN_POINT('',(0.0799999999999998,-0.05,-0.0166666666666667));
#2481=CARTESIAN_POINT('',(0.09,-0.05,0.));
#2482=CARTESIAN_POINT('',(0.09,-0.05,-0.00833333333333333));
#2483=CARTESIAN_POINT('',(0.0899999999999999,-0.05,-0.0166666666666667));
#2484=CARTESIAN_POINT('',(0.1,-0.05,0.));
#2485=CARTESIAN_POINT('',(0.1,-0.05,-0.00833333333333333));
#2486=CARTESIAN_POINT('',(0.1,-0.05,-0.0166666666666667));
#2487=CARTESIAN_POINT('',(0.05,-0.05,-0.025));
#2488=CARTESIAN_POINT('',(0.05,-0.05,-0.0291666666666667));
#2489=CARTESIAN_POINT('',(0.05,-0.05,-0.0333333333333333));
#2490=CARTESIAN_POINT('',(0.0611586569532359,-0.05,-0.025));
#2491=CARTESIAN_POINT('',(0.0611586569532359,-0.05,-0.0291666666666667));
#2492=CARTESIAN_POINT('',(0.0611586569532358,-0.05,-0.0333333333333333));
#2493=CARTESIAN_POINT('',(0.0723173139064718,-0.05,-0.025));
#2494=CARTESIAN_POINT('',(0.0723173139064718,-0.05,-0.0291666666666667));
#2495=CARTESIAN_POINT('',(0.0723173139064716,-0.05,-0.0333333333333333));
#2496=CARTESIAN_POINT('',(0.08,-0.05,-0.025));
#2497=CARTESIAN_POINT('',(0.0800000000000001,-0.05,-0.0291666666666667));
#2498=CARTESIAN_POINT('',(0.0800000000000002,-0.05,-0.0333333333333333));
#2499=CARTESIAN_POINT('',(0.09,-0.05,-0.025));
#2500=CARTESIAN_POINT('',(0.09,-0.05,-0.0291666666666667));
#2501=CARTESIAN_POINT('',(0.0900000000000001,-0.05,-0.0333333333333333));
#2502=CARTESIAN_POINT('',(0.1,-0.05,-0.025));
#2503=CARTESIAN_POINT('',(0.1,-0.05,-0.0291666666666667));
#2504=CARTESIAN_POINT('',(0.1,-0.05,-0.0333333333333333));
#2505=CARTESIAN_POINT('',(0.05,-0.05,-0.0375));
#2506=CARTESIAN_POINT('',(0.05,-0.05,-0.0380208333333333));
#2507=CARTESIAN_POINT('',(0.05,-0.05,-0.0385416666666667));
#2508=CARTESIAN_POINT('',(0.0611586569532359,-0.05,-0.0375));
#2509=CARTESIAN_POINT('',(0.0611586569532359,-0.05,-0.0380208333333333));
#2510=CARTESIAN_POINT('',(0.0611586569532359,-0.05,-0.0385416666666667));
#2511=CARTESIAN_POINT('',(0.0723173139064718,-0.05,-0.0375));
#2512=CARTESIAN_POINT('',(0.0723173139064719,-0.05,-0.0380208333333333));
#2513=CARTESIAN_POINT('',(0.0723173139064719,-0.05,-0.0385416666666667));
#2514=CARTESIAN_POINT('',(0.08,-0.05,-0.0375));
#2515=CARTESIAN_POINT('',(0.08,-0.05,-0.0380208333333333));
#2516=CARTESIAN_POINT('',(0.0799999999999999,-0.05,-0.0385416666666667));
#2517=CARTESIAN_POINT('',(0.09,-0.05,-0.0375));
#2518=CARTESIAN_POINT('',(0.09,-0.05,-0.0380208333333333));
#2519=CARTESIAN_POINT('',(0.09,-0.05,-0.0385416666666667));
#2520=CARTESIAN_POINT('',(0.1,-0.05,-0.0375));
#2521=CARTESIAN_POINT('',(0.1,-0.05,-0.0380208333333333));
#2522=CARTESIAN_POINT('',(0.1,-0.05,-0.0385416666666667));
#2523=CARTESIAN_POINT('',(0.05,-0.05,-0.0390625));
#2524=CARTESIAN_POINT('',(0.05,-0.05,-0.0393229166666667));
#2525=CARTESIAN_POINT('',(0.05,-0.05,-0.0395833333333333));
#2526=CARTESIAN_POINT('',(0.0611586569532359,-0.05,-0.0390625));
#2527=CARTESIAN_POINT('',(0.0611586569532359,-0.05,-0.0393229166666667));
#2528=CARTESIAN_POINT('',(0.0611586569532359,-0.05,-0.0395833333333333));
#2529=CARTESIAN_POINT('',(0.0723173139064718,-0.05,-0.0390625));
#2530=CARTESIAN_POINT('',(0.0723173139064718,-0.05,-0.0393229166666667));
#2531=CARTESIAN_POINT('',(0.0723173139064717,-0.05,-0.0395833333333333));
#2532=CARTESIAN_POINT('',(0.08,-0.05,-0.0390625));
#2533=CARTESIAN_POINT('',(0.08,-0.05,-0.0393229166666667));
#2534=CARTESIAN_POINT('',(0.0800000000000001,-0.05,-0.0395833333333333));
#2535=CARTESIAN_POINT('',(0.09,-0.05,-0.0390625));
#2536=CARTESIAN_POINT('',(0.09,-0.05,-0.0393229166666667));
#2537=CARTESIAN_POINT('',(0.09,-0.05,-0.0395833333333333));
#2538=CARTESIAN_POINT('',(0.1,-0.05,-0.0390625));
#2539=CARTESIAN_POINT('',(0.1,-0.05,-0.0393229166666667));
#2540=CARTESIAN_POINT('',(0.1,-0.05,-0.0395833333333333));
#2541=CARTESIAN_POINT('',(0.05,-0.05,-0.03984375));
#2542=CARTESIAN_POINT('',(0.05,-0.05,-0.0398763020833333));
#2543=CARTESIAN_POINT('',(0.05,-0.05,-0.0399088541666667));
#2544=CARTESIAN_POINT('',(0.0611586569532359,-0.05,-0.03984375));
#2545=CARTESIAN_POINT('',(0.0611586569532359,-0.05,-0.0398763020833333));
#2546=CARTESIAN_POINT('',(0.0611586569532359,-0.05,-0.0399088541666667));
#2547=CARTESIAN_POINT('',(0.0723173139064718,-0.05,-0.03984375));
#2548=CARTESIAN_POINT('',(0.0723173139064718,-0.05,-0.0398763020833333));
#2549=CARTESIAN_POINT('',(0.0723173139064718,-0.05,-0.0399088541666667));
#2550=CARTESIAN_POINT('',(0.08,-0.05,-0.03984375));
#2551=CARTESIAN_POINT('',(0.08,-0.05,-0.0398763020833333));
#2552=CARTESIAN_POINT('',(0.08,-0.05,-0.0399088541666667));
#2553=CARTESIAN_POINT('',(0.09,-0.05,-0.03984375));
#2554=CARTESIAN_POINT('',(0.09,-0.05,-0.0398763020833333));
#2555=CARTESIAN_POINT('',(0.09,-0.05,-0.0399088541666667));
#2556=CARTESIAN_POINT('',(0.1,-0.05,-0.03984375));
#2557=CARTESIAN_POINT('',(0.1,-0.05,-0.0398763020833333));
#2558=CARTESIAN_POINT('',(0.1,-0.05,-0.0399088541666667));
#2559=CARTESIAN_POINT('',(0.05,-0.05,-0.03994140625));
#2560=CARTESIAN_POINT('',(0.05,-0.05,-0.0399576822916667));
#2561=CARTESIAN_POINT('',(0.05,-0.05,-0.0399739583333333));
#2562=CARTESIAN_POINT('',(0.0611586569532359,-0.05,-0.03994140625));
#2563=CARTESIAN_POINT('',(0.0611586569532359,-0.05,-0.0399576822916667));
#2564=CARTESIAN_POINT('',(0.0611586569532359,-0.05,-0.0399739583333333));
#2565=CARTESIAN_POINT('',(0.0723173139064718,-0.05,-0.03994140625));
#2566=CARTESIAN_POINT('',(0.0723173139064718,-0.05,-0.0399576822916667));
#2567=CARTESIAN_POINT('',(0.0723173139064718,-0.05,-0.0399739583333333));
#2568=CARTESIAN_POINT('',(0.08,-0.05,-0.03994140625));
#2569=CARTESIAN_POINT('',(0.08,-0.05,-0.0399576822916667));
#2570=CARTESIAN_POINT('',(0.08,-0.05,-0.0399739583333333));
#2571=CARTESIAN_POINT('',(0.09,-0.05,-0.03994140625));
#2572=CARTESIAN_POINT('',(0.09,-0.05,-0.0399576822916667));
#2573=CARTESIAN_POINT('',(0.09,-0.05,-0.0399739583333333));
#2574=CARTESIAN_POINT('',(0.1,-0.05,-0.03994140625));
#2575=CARTESIAN_POINT('',(0.1,-0.05,-0.0399576822916667));
#2576=CARTESIAN_POINT('',(0.1,-0.05,-0.0399739583333333));
#2577=CARTESIAN_POINT('',(0.05,-0.05,-0.039990234375));
#2578=CARTESIAN_POINT('',(0.05,-0.05,-0.0400065104166667));
#2579=CARTESIAN_POINT('',(0.05,-0.0499999919488228,-0.0400181171127843));
#2580=CARTESIAN_POINT('',(0.0611586569532359,-0.05,-0.039990234375));
#2581=CARTESIAN_POINT('',(0.0611586569532359,-0.05,-0.0400065104166667));
#2582=CARTESIAN_POINT('',(0.0611586569532359,-0.0499999919488228,-0.0400181171127843));
#2583=CARTESIAN_POINT('',(0.0723173139064718,-0.05,-0.039990234375));
#2584=CARTESIAN_POINT('',(0.0723173139064718,-0.05,-0.0400065104166667));
#2585=CARTESIAN_POINT('',(0.0723173139064718,-0.0499999919488228,-0.0400181171127843));
#2586=CARTESIAN_POINT('',(0.08,-0.05,-0.039990234375));
#2587=CARTESIAN_POINT('',(0.08,-0.05,-0.0400065104166667));
#2588=CARTESIAN_POINT('',(0.08,-0.0499999919488228,-0.0400181171127843));
#2589=CARTESIAN_POINT('',(0.09,-0.05,-0.039990234375));
#2590=CARTESIAN_POINT('',(0.09,-0.05,-0.0400065104166667));
#2591=CARTESIAN_POINT('',(0.09,-0.0499999919488228,-0.0400181171127843));
#2592=CARTESIAN_POINT('',(0.1,-0.05,-0.039990234375));
#2593=CARTESIAN_POINT('',(0.1,-0.05,-0.0400065104166667));
#2594=CARTESIAN_POINT('',(0.1,-0.0499999919488228,-0.0400181171127843));
#2595=CARTESIAN_POINT('',(0.05,-0.0499999517280349,-0.0400310544645875));
#2596=CARTESIAN_POINT('',(0.05,-0.0499997908448833,-0.0400828038718));
#2597=CARTESIAN_POINT('',(0.05,-0.0499992279293432,-0.040134512827732));
#2598=CARTESIAN_POINT('',(0.0611586569532359,-0.0499999517280349,-0.0400310544645875));
#2599=CARTESIAN_POINT('',(0.0611586569532359,-0.0499997908448833,-0.0400828038718));
#2600=CARTESIAN_POINT('',(0.0611586569532359,-0.0499992279293432,-0.040134512827732));
#2601=CARTESIAN_POINT('',(0.0723173139064718,-0.0499999517280349,-0.0400310544645875));
#2602=CARTESIAN_POINT('',(0.0723173139064718,-0.0499997908448833,-0.0400828038718));
#2603=CARTESIAN_POINT('',(0.0723173139064717,-0.0499992279293432,-0.040134512827732));
#2604=CARTESIAN_POINT('',(0.08,-0.0499999517280349,-0.0400310544645875));
#2605=CARTESIAN_POINT('',(0.08,-0.0499997908448833,-0.0400828038718));
#2606=CARTESIAN_POINT('',(0.08,-0.0499992279293432,-0.040134512827732));
#2607=CARTESIAN_POINT('',(0.09,-0.0499999517280349,-0.0400310544645875));
#2608=CARTESIAN_POINT('',(0.09,-0.0499997908448833,-0.0400828038718));
#2609=CARTESIAN_POINT('',(0.09,-0.0499992279293432,-0.040134512827732));
#2610=CARTESIAN_POINT('',(0.1,-0.0499999517280349,-0.0400310544645875));
#2611=CARTESIAN_POINT('',(0.1,-0.0499997908448833,-0.0400828038718));
#2612=CARTESIAN_POINT('',(0.1,-0.0499992279293432,-0.040134512827732));
#2613=CARTESIAN_POINT('',(0.05,-0.0499982647363199,-0.0401861770956674));
#2614=CARTESIAN_POINT('',(0.05,-0.0499963383502732,-0.0402895056315384));
#2615=CARTESIAN_POINT('',(0.05,-0.0499928108542936,-0.0403926554154231));
#2616=CARTESIAN_POINT('',(0.0611586569532358,-0.0499982647363199,-0.0401861770956674));
#2617=CARTESIAN_POINT('',(0.0611586569532358,-0.0499963383502732,-0.0402895056315384));
#2618=CARTESIAN_POINT('',(0.0611586569532359,-0.0499928108542936,-0.0403926554154231));
#2619=CARTESIAN_POINT('',(0.0723173139064717,-0.0499982647363199,-0.0401861770956674));
#2620=CARTESIAN_POINT('',(0.0723173139064716,-0.0499963383502732,-0.0402895056315384));
#2621=CARTESIAN_POINT('',(0.0723173139064717,-0.0499928108542936,-0.0403926554154231));
#2622=CARTESIAN_POINT('',(0.08,-0.0499982647363199,-0.0401861770956674));
#2623=CARTESIAN_POINT('',(0.08,-0.0499963383502732,-0.0402895056315384));
#2624=CARTESIAN_POINT('',(0.08,-0.0499928108542936,-0.0403926554154231));
#2625=CARTESIAN_POINT('',(0.09,-0.0499982647363199,-0.0401861770956674));
#2626=CARTESIAN_POINT('',(0.09,-0.0499963383502732,-0.0402895056315384));
#2627=CARTESIAN_POINT('',(0.09,-0.0499928108542936,-0.0403926554154231));
#2628=CARTESIAN_POINT('',(0.1,-0.0499982647363199,-0.0401861770956674));
#2629=CARTESIAN_POINT('',(0.1,-0.0499963383502732,-0.0402895056315384));
#2630=CARTESIAN_POINT('',(0.1,-0.0499928108542936,-0.0403926554154231));
#2631=CARTESIAN_POINT('',(0.05,-0.0499876962876227,-0.0404955925535938));
#2632=CARTESIAN_POINT('',(0.05,-0.0499467797542559,-0.0413190896589588));
#2633=CARTESIAN_POINT('',(0.05,-0.0498042906966531,-0.0421289774386181));
#2634=CARTESIAN_POINT('',(0.0611586569532359,-0.0499876962876227,-0.0404955925535938));
#2635=CARTESIAN_POINT('',(0.0611586569532362,-0.0499467797542559,-0.0413190896589588));
#2636=CARTESIAN_POINT('',(0.0611586569532359,-0.0498042906966531,-0.0421289774386181));
#2637=CARTESIAN_POINT('',(0.0723173139064718,-0.0499876962876227,-0.0404955925535938));
#2638=CARTESIAN_POINT('',(0.0723173139064724,-0.0499467797542559,-0.0413190896589588));
#2639=CARTESIAN_POINT('',(0.0723173139064719,-0.0498042906966531,-0.0421289774386181));
#2640=CARTESIAN_POINT('',(0.08,-0.0499876962876227,-0.0404955925535938));
#2641=CARTESIAN_POINT('',(0.0799999999999998,-0.0499467797542559,-0.0413190896589588));
#2642=CARTESIAN_POINT('',(0.0799999999999999,-0.0498042906966531,-0.0421289774386181));
#2643=CARTESIAN_POINT('',(0.09,-0.0499876962876227,-0.0404955925535938));
#2644=CARTESIAN_POINT('',(0.0899999999999999,-0.0499467797542559,-0.0413190896589588));
#2645=CARTESIAN_POINT('',(0.09,-0.0498042906966531,-0.0421289774386181));
#2646=CARTESIAN_POINT('',(0.1,-0.0499876962876227,-0.0404955925535938));
#2647=CARTESIAN_POINT('',(0.1,-0.0499467797542559,-0.0413190896589588));
#2648=CARTESIAN_POINT('',(0.1,-0.0498042906966531,-0.0421289774386181));
#2649=CARTESIAN_POINT('',(0.05,-0.049567417206626,-0.0429079023038325));
#2650=CARTESIAN_POINT('',(0.05,-0.0490936702265719,-0.0444657520342612));
#2651=CARTESIAN_POINT('',(0.05,-0.0482423855168207,-0.0458997501069103));
#2652=CARTESIAN_POINT('',(0.0611586569532358,-0.049567417206626,-0.0429079023038325));
#2653=CARTESIAN_POINT('',(0.0611586569532356,-0.0490936702265719,-0.0444657520342612));
#2654=CARTESIAN_POINT('',(0.0611586569532358,-0.0482423855168207,-0.0458997501069103));
#2655=CARTESIAN_POINT('',(0.0723173139064717,-0.049567417206626,-0.0429079023038325));
#2656=CARTESIAN_POINT('',(0.0723173139064712,-0.0490936702265719,-0.0444657520342612));
#2657=CARTESIAN_POINT('',(0.0723173139064716,-0.0482423855168207,-0.0458997501069103));
#2658=CARTESIAN_POINT('',(0.08,-0.049567417206626,-0.0429079023038325));
#2659=CARTESIAN_POINT('',(0.0800000000000001,-0.0490936702265719,-0.0444657520342612));
#2660=CARTESIAN_POINT('',(0.08,-0.0482423855168207,-0.0458997501069103));
#2661=CARTESIAN_POINT('',(0.09,-0.049567417206626,-0.0429079023038325));
#2662=CARTESIAN_POINT('',(0.0900000000000001,-0.0490936702265719,-0.0444657520342612));
#2663=CARTESIAN_POINT('',(0.09,-0.0482423855168207,-0.0458997501069103));
#2664=CARTESIAN_POINT('',(0.1,-0.049567417206626,-0.0429079023038325));
#2665=CARTESIAN_POINT('',(0.1,-0.0490936702265719,-0.0444657520342612));
#2666=CARTESIAN_POINT('',(0.1,-0.0482423855168207,-0.0458997501069103));
#2667=CARTESIAN_POINT('',(0.05,-0.0470710678118655,-0.0470710678118655));
#2668=CARTESIAN_POINT('',(0.05,-0.0458997501069103,-0.0482423855168207));
#2669=CARTESIAN_POINT('',(0.05,-0.0444657520342612,-0.0490936702265719));
#2670=CARTESIAN_POINT('',(0.0611586569532359,-0.0470710678118655,-0.0470710678118655));
#2671=CARTESIAN_POINT('',(0.061158656953236,-0.0458997501069103,-0.0482423855168207));
#2672=CARTESIAN_POINT('',(0.061158656953236,-0.0444657520342612,-0.0490936702265719));
#2673=CARTESIAN_POINT('',(0.0723173139064718,-0.0470710678118655,-0.0470710678118655));
#2674=CARTESIAN_POINT('',(0.072317313906472,-0.0458997501069103,-0.0482423855168207));
#2675=CARTESIAN_POINT('',(0.0723173139064719,-0.0444657520342612,-0.0490936702265719));
#2676=CARTESIAN_POINT('',(0.08,-0.0470710678118655,-0.0470710678118655));
#2677=CARTESIAN_POINT('',(0.08,-0.0458997501069103,-0.0482423855168207));
#2678=CARTESIAN_POINT('',(0.08,-0.0444657520342612,-0.0490936702265719));
#2679=CARTESIAN_POINT('',(0.09,-0.0470710678118655,-0.0470710678118655));
#2680=CARTESIAN_POINT('',(0.09,-0.0458997501069103,-0.0482423855168207));
#2681=CARTESIAN_POINT('',(0.09,-0.0444657520342612,-0.0490936702265719));
#2682=CARTESIAN_POINT('',(0.1,-0.0470710678118655,-0.0470710678118655));
#2683=CARTESIAN_POINT('',(0.1,-0.0458997501069103,-0.0482423855168207));
#2684=CARTESIAN_POINT('',(0.1,-0.0444657520342612,-0.0490936702265719));
#2685=CARTESIAN_POINT('',(0.05,-0.0429079023038325,-0.049567417206626));
#2686=CARTESIAN_POINT('',(0.05,-0.0421289774386181,-0.0498042906966531));
#2687=CARTESIAN_POINT('',(0.05,-0.0413190896589588,-0.0499467797542559));
#2688=CARTESIAN_POINT('',(0.0611586569532359,-0.0429079023038325,-0.049567417206626));
#2689=CARTESIAN_POINT('',(0.0611586569532359,-0.0421289774386181,-0.0498042906966531));
#2690=CARTESIAN_POINT('',(0.0611586569532358,-0.0413190896589588,-0.0499467797542559));
#2691=CARTESIAN_POINT('',(0.0723173139064718,-0.0429079023038325,-0.049567417206626));
#2692=CARTESIAN_POINT('',(0.0723173139064718,-0.0421289774386181,-0.0498042906966531));
#2693=CARTESIAN_POINT('',(0.0723173139064717,-0.0413190896589588,-0.0499467797542559));
#2694=CARTESIAN_POINT('',(0.08,-0.0429079023038325,-0.049567417206626));
#2695=CARTESIAN_POINT('',(0.08,-0.0421289774386181,-0.0498042906966531));
#2696=CARTESIAN_POINT('',(0.08,-0.0413190896589588,-0.0499467797542559));
#2697=CARTESIAN_POINT('',(0.09,-0.0429079023038325,-0.049567417206626));
#2698=CARTESIAN_POINT('',(0.09,-0.0421289774386181,-0.0498042906966531));
#2699=CARTESIAN_POINT('',(0.09,-0.0413190896589588,-0.0499467797542559));
#2700=CARTESIAN_POINT('',(0.1,-0.0429079023038325,-0.049567417206626));
#2701=CARTESIAN_POINT('',(0.1,-0.0421289774386181,-0.0498042906966531));
#2702=CARTESIAN_POINT('',(0.1,-0.0413190896589588,-0.0499467797542559));
#2703=CARTESIAN_POINT('',(0.05,-0.0404955925535938,-0.0499876962876227));
#2704=CARTESIAN_POINT('',(0.05,-0.0403926554154231,-0.0499928108542936));
#2705=CARTESIAN_POINT('',(0.05,-0.0402895056315384,-0.0499963383502732));
#2706=CARTESIAN_POINT('',(0.0611586569532359,-0.0404955925535938,-0.0499876962876227));
#2707=CARTESIAN_POINT('',(0.0611586569532359,-0.0403926554154231,-0.0499928108542936));
#2708=CARTESIAN_POINT('',(0.0611586569532359,-0.0402895056315384,-0.0499963383502732));
#2709=CARTESIAN_POINT('',(0.0723173139064718,-0.0404955925535938,-0.0499876962876227));
#2710=CARTESIAN_POINT('',(0.0723173139064718,-0.0403926554154231,-0.0499928108542936));
#2711=CARTESIAN_POINT('',(0.0723173139064719,-0.0402895056315384,-0.0499963383502732));
#2712=CARTESIAN_POINT('',(0.08,-0.0404955925535938,-0.0499876962876227));
#2713=CARTESIAN_POINT('',(0.08,-0.0403926554154231,-0.0499928108542936));
#2714=CARTESIAN_POINT('',(0.08,-0.0402895056315384,-0.0499963383502732));
#2715=CARTESIAN_POINT('',(0.09,-0.0404955925535938,-0.0499876962876227));
#2716=CARTESIAN_POINT('',(0.09,-0.0403926554154231,-0.0499928108542936));
#2717=CARTESIAN_POINT('',(0.09,-0.0402895056315384,-0.0499963383502732));
#2718=CARTESIAN_POINT('',(0.1,-0.0404955925535938,-0.0499876962876227));
#2719=CARTESIAN_POINT('',(0.1,-0.0403926554154231,-0.0499928108542936));
#2720=CARTESIAN_POINT('',(0.1,-0.0402895056315384,-0.0499963383502732));
#2721=CARTESIAN_POINT('',(0.05,-0.0401861770956674,-0.0499982647363199));
#2722=CARTESIAN_POINT('',(0.05,-0.040134512827732,-0.0499992279293432));
#2723=CARTESIAN_POINT('',(0.05,-0.0400828038718,-0.0499997908448833));
#2724=CARTESIAN_POINT('',(0.0611586569532359,-0.0401861770956674,-0.0499982647363199));
#2725=CARTESIAN_POINT('',(0.0611586569532359,-0.040134512827732,-0.0499992279293432));
#2726=CARTESIAN_POINT('',(0.0611586569532359,-0.0400828038718,-0.0499997908448833));
#2727=CARTESIAN_POINT('',(0.0723173139064718,-0.0401861770956674,-0.0499982647363199));
#2728=CARTESIAN_POINT('',(0.0723173139064718,-0.040134512827732,-0.0499992279293432));
#2729=CARTESIAN_POINT('',(0.0723173139064718,-0.0400828038718,-0.0499997908448833));
#2730=CARTESIAN_POINT('',(0.08,-0.0401861770956674,-0.0499982647363199));
#2731=CARTESIAN_POINT('',(0.08,-0.040134512827732,-0.0499992279293432));
#2732=CARTESIAN_POINT('',(0.08,-0.0400828038718,-0.0499997908448833));
#2733=CARTESIAN_POINT('',(0.09,-0.0401861770956674,-0.0499982647363199));
#2734=CARTESIAN_POINT('',(0.09,-0.040134512827732,-0.0499992279293432));
#2735=CARTESIAN_POINT('',(0.09,-0.0400828038718,-0.0499997908448833));
#2736=CARTESIAN_POINT('',(0.1,-0.0401861770956674,-0.0499982647363199));
#2737=CARTESIAN_POINT('',(0.1,-0.040134512827732,-0.0499992279293432));
#2738=CARTESIAN_POINT('',(0.1,-0.0400828038718,-0.0499997908448833));
#2739=CARTESIAN_POINT('',(0.05,-0.0400310544645875,-0.0499999517280349));
#2740=CARTESIAN_POINT('',(0.05,-0.0400181171127843,-0.0499999919488228));
#2741=CARTESIAN_POINT('',(0.05,-0.0400065104166667,-0.05));
#2742=CARTESIAN_POINT('',(0.0611586569532359,-0.0400310544645875,-0.0499999517280349));
#2743=CARTESIAN_POINT('',(0.0611586569532359,-0.0400181171127843,-0.0499999919488228));
#2744=CARTESIAN_POINT('',(0.0611586569532359,-0.0400065104166667,-0.05));
#2745=CARTESIAN_POINT('',(0.0723173139064718,-0.0400310544645875,-0.0499999517280349));
#2746=CARTESIAN_POINT('',(0.0723173139064718,-0.0400181171127843,-0.0499999919488228));
#2747=CARTESIAN_POINT('',(0.0723173139064718,-0.0400065104166667,-0.05));
#2748=CARTESIAN_POINT('',(0.08,-0.0400310544645875,-0.0499999517280349));
#2749=CARTESIAN_POINT('',(0.08,-0.0400181171127843,-0.0499999919488228));
#2750=CARTESIAN_POINT('',(0.08,-0.0400065104166667,-0.05));
#2751=CARTESIAN_POINT('',(0.09,-0.0400310544645875,-0.0499999517280349));
#2752=CARTESIAN_POINT('',(0.09,-0.0400181171127843,-0.0499999919488228));
#2753=CARTESIAN_POINT('',(0.09,-0.0400065104166667,-0.05));
#2754=CARTESIAN_POINT('',(0.1,-0.0400310544645875,-0.0499999517280349));
#2755=CARTESIAN_POINT('',(0.1,-0.0400181171127843,-0.0499999919488228));
#2756=CARTESIAN_POINT('',(0.1,-0.0400065104166667,-0.05));
#2757=CARTESIAN_POINT('',(0.05,-0.039990234375,-0.05));
#2758=CARTESIAN_POINT('',(0.05,-0.0399739583333333,-0.05));
#2759=CARTESIAN_POINT('',(0.05,-0.0399576822916667,-0.05));
#2760=CARTESIAN_POINT('',(0.0611586569532359,-0.039990234375,-0.05));
#2761=CARTESIAN_POINT('',(0.0611586569532359,-0.0399739583333333,-0.05));
#2762=CARTESIAN_POINT('',(0.0611586569532359,-0.0399576822916667,-0.05));
#2763=CARTESIAN_POINT('',(0.0723173139064718,-0.039990234375,-0.05));
#2764=CARTESIAN_POINT('',(0.0723173139064718,-0.0399739583333333,-0.05));
#2765=CARTESIAN_POINT('',(0.0723173139064718,-0.0399576822916667,-0.05));
#2766=CARTESIAN_POINT('',(0.08,-0.039990234375,-0.05));
#2767=CARTESIAN_POINT('',(0.08,-0.0399739583333333,-0.05));
#2768=CARTESIAN_POINT('',(0.08,-0.0399576822916667,-0.05));
#2769=CARTESIAN_POINT('',(0.09,-0.039990234375,-0.05));
#2770=CARTESIAN_POINT('',(0.09,-0.0399739583333333,-0.05));
#2771=CARTESIAN_POINT('',(0.09,-0.0399576822916667,-0.05));
#2772=CARTESIAN_POINT('',(0.1,-0.039990234375,-0.05));
#2773=CARTESIAN_POINT('',(0.1,-0.0399739583333333,-0.05));
#2774=CARTESIAN_POINT('',(0.1,-0.0399576822916667,-0.05));
#2775=CARTESIAN_POINT('',(0.05,-0.03994140625,-0.05));
#2776=CARTESIAN_POINT('',(0.05,-0.0399088541666667,-0.05));
#2777=CARTESIAN_POINT('',(0.05,-0.0398763020833333,-0.05));
#2778=CARTESIAN_POINT('',(0.0611586569532359,-0.03994140625,-0.05));
#2779=CARTESIAN_POINT('',(0.0611586569532359,-0.0399088541666667,-0.05));
#2780=CARTESIAN_POINT('',(0.0611586569532359,-0.0398763020833333,-0.05));
#2781=CARTESIAN_POINT('',(0.0723173139064718,-0.03994140625,-0.05));
#2782=CARTESIAN_POINT('',(0.0723173139064718,-0.0399088541666667,-0.05));
#2783=CARTESIAN_POINT('',(0.0723173139064718,-0.0398763020833333,-0.05));
#2784=CARTESIAN_POINT('',(0.08,-0.03994140625,-0.05));
#2785=CARTESIAN_POINT('',(0.08,-0.0399088541666667,-0.05));
#2786=CARTESIAN_POINT('',(0.08,-0.0398763020833333,-0.05));
#2787=CARTESIAN_POINT('',(0.09,-0.03994140625,-0.05));
#2788=CARTESIAN_POINT('',(0.09,-0.0399088541666667,-0.05));
#2789=CARTESIAN_POINT('',(0.09,-0.0398763020833333,-0.05));
#2790=CARTESIAN_POINT('',(0.1,-0.03994140625,-0.05));
#2791=CARTESIAN_POINT('',(0.1,-0.0399088541666667,-0.05));
#2792=CARTESIAN_POINT('',(0.1,-0.0398763020833333,-0.05));
#2793=CARTESIAN_POINT('',(0.05,-0.03984375,-0.05));
#2794=CARTESIAN_POINT('',(0.05,-0.0395833333333333,-0.05));
#2795=CARTESIAN_POINT('',(0.05,-0.0393229166666667,-0.05));
#2796=CARTESIAN_POINT('',(0.0611586569532359,-0.03984375,-0.05));
#2797=CARTESIAN_POINT('',(0.0611586569532359,-0.0395833333333333,-0.05));
#2798=CARTESIAN_POINT('',(0.0611586569532359,-0.0393229166666667,-0.05));
#2799=CARTESIAN_POINT('',(0.0723173139064718,-0.03984375,-0.05));
#2800=CARTESIAN_POINT('',(0.0723173139064718,-0.0395833333333333,-0.05));
#2801=CARTESIAN_POINT('',(0.0723173139064718,-0.0393229166666667,-0.05));
#2802=CARTESIAN_POINT('',(0.08,-0.03984375,-0.05));
#2803=CARTESIAN_POINT('',(0.08,-0.0395833333333333,-0.05));
#2804=CARTESIAN_POINT('',(0.08,-0.0393229166666667,-0.05));
#2805=CARTESIAN_POINT('',(0.09,-0.03984375,-0.05));
#2806=CARTESIAN_POINT('',(0.09,-0.0395833333333333,-0.05));
#2807=CARTESIAN_POINT('',(0.09,-0.0393229166666667,-0.05));
#2808=CARTESIAN_POINT('',(0.1,-0.03984375,-0.05));
#2809=CARTESIAN_POINT('',(0.1,-0.0395833333333333,-0.05));
#2810=CARTESIAN_POINT('',(0.1,-0.0393229166666667,-0.05));
#2811=CARTESIAN_POINT('',(0.05,-0.0390625,-0.05));
#2812=CARTESIAN_POINT('',(0.05,-0.0385416666666667,-0.05));
#2813=CARTESIAN_POINT('',(0.05,-0.0380208333333333,-0.05));
#2814=CARTESIAN_POINT('',(0.0611586569532359,-0.0390625,-0.05));
#2815=CARTESIAN_POINT('',(0.0611586569532359,-0.0385416666666667,-0.05));
#2816=CARTESIAN_POINT('',(0.0611586569532359,-0.0380208333333333,-0.05));
#2817=CARTESIAN_POINT('',(0.0723173139064718,-0.0390625,-0.05));
#2818=CARTESIAN_POINT('',(0.0723173139064718,-0.0385416666666667,-0.05));
#2819=CARTESIAN_POINT('',(0.0723173139064719,-0.0380208333333333,-0.05));
#2820=CARTESIAN_POINT('',(0.08,-0.0390625,-0.05));
#2821=CARTESIAN_POINT('',(0.0799999999999999,-0.0385416666666667,-0.05));
#2822=CARTESIAN_POINT('',(0.08,-0.0380208333333333,-0.05));
#2823=CARTESIAN_POINT('',(0.09,-0.0390625,-0.05));
#2824=CARTESIAN_POINT('',(0.09,-0.0385416666666667,-0.05));
#2825=CARTESIAN_POINT('',(0.09,-0.0380208333333333,-0.05));
#2826=CARTESIAN_POINT('',(0.1,-0.0390625,-0.05));
#2827=CARTESIAN_POINT('',(0.1,-0.0385416666666667,-0.05));
#2828=CARTESIAN_POINT('',(0.1,-0.0380208333333333,-0.05));
#2829=CARTESIAN_POINT('',(0.05,-0.0375,-0.05));
#2830=CARTESIAN_POINT('',(0.05,-0.0333333333333333,-0.05));
#2831=CARTESIAN_POINT('',(0.05,-0.0291666666666667,-0.05));
#2832=CARTESIAN_POINT('',(0.0611586569532359,-0.0375,-0.05));
#2833=CARTESIAN_POINT('',(0.061158656953236,-0.0333333333333333,-0.05));
#2834=CARTESIAN_POINT('',(0.0611586569532359,-0.0291666666666667,-0.05));
#2835=CARTESIAN_POINT('',(0.0723173139064719,-0.0375,-0.05));
#2836=CARTESIAN_POINT('',(0.072317313906472,-0.0333333333333333,-0.05));
#2837=CARTESIAN_POINT('',(0.0723173139064718,-0.0291666666666667,-0.05));
#2838=CARTESIAN_POINT('',(0.08,-0.0375,-0.05));
#2839=CARTESIAN_POINT('',(0.0800000000000005,-0.0333333333333333,-0.05));
#2840=CARTESIAN_POINT('',(0.0800000000000004,-0.0291666666666667,-0.05));
#2841=CARTESIAN_POINT('',(0.09,-0.0375,-0.05));
#2842=CARTESIAN_POINT('',(0.0900000000000003,-0.0333333333333333,-0.05));
#2843=CARTESIAN_POINT('',(0.0900000000000002,-0.0291666666666667,-0.05));
#2844=CARTESIAN_POINT('',(0.1,-0.0375,-0.05));
#2845=CARTESIAN_POINT('',(0.1,-0.0333333333333333,-0.05));
#2846=CARTESIAN_POINT('',(0.1,-0.0291666666666667,-0.05));
#2847=CARTESIAN_POINT('',(0.05,-0.025,-0.05));
#2848=CARTESIAN_POINT('',(0.05,-0.0166666666666667,-0.05));
#2849=CARTESIAN_POINT('',(0.05,-0.00833333333333333,-0.05));
#2850=CARTESIAN_POINT('',(0.05,0.,-0.05));
#2851=CARTESIAN_POINT('',(0.0611586569532359,-0.025,-0.05));
#2852=CARTESIAN_POINT('',(0.0611586569532358,-0.0166666666666667,-0.05));
#2853=CARTESIAN_POINT('',(0.0611586569532359,-0.00833333333333333,-0.05));
#2854=CARTESIAN_POINT('',(0.0611586569532359,0.,-0.05));
#2855=CARTESIAN_POINT('',(0.0723173139064717,-0.025,-0.05));
#2856=CARTESIAN_POINT('',(0.0723173139064715,-0.0166666666666667,-0.05));
#2857=CARTESIAN_POINT('',(0.0723173139064717,-0.00833333333333333,-0.05));
#2858=CARTESIAN_POINT('',(0.0723173139064718,0.,-0.05));
#2859=CARTESIAN_POINT('',(0.0800000000000003,-0.025,-0.05));
#2860=CARTESIAN_POINT('',(0.0800000000000002,-0.0166666666666667,-0.05));
#2861=CARTESIAN_POINT('',(0.0800000000000001,-0.00833333333333333,-0.05));
#2862=CARTESIAN_POINT('',(0.08,0.,-0.05));
#2863=CARTESIAN_POINT('',(0.0900000000000002,-0.025,-0.05));
#2864=CARTESIAN_POINT('',(0.0900000000000001,-0.0166666666666667,-0.05));
#2865=CARTESIAN_POINT('',(0.09,-0.00833333333333333,-0.05));
#2866=CARTESIAN_POINT('',(0.09,0.,-0.05));
#2867=CARTESIAN_POINT('',(0.1,-0.025,-0.05));
#2868=CARTESIAN_POINT('',(0.1,-0.0166666666666667,-0.05));
#2869=CARTESIAN_POINT('',(0.1,-0.00833333333333333,-0.05));
#2870=CARTESIAN_POINT('',(0.1,0.,-0.05));
#2871=B_SPLINE_SURFACE_WITH_KNOTS('Surf_QONVFZOQQQ, Nose, 0, 2',5,3,((#2872, #2873, #2874, #2887, #2888, #2889, #2902, #2903, #2904, #2917, #2918, #2919, #2932, #2933, #2934, #2947, #2948, #2949, #2962, #2963, #2964, #2977, #2978, #2979, #2992, #2993, #2994, #3007, #3008, #3009, #3022, #3023, #3024, #3037, #3038, #3039, #3052, #3053, #3054, #3067, #3068, #3069, #3082, #3083, #3084, #3097, #3098, #3099, #3112, #3113, #3114, #3127, #3128, #3129, #3142, #3143, #3144, #3157, #3158, #3159, #3172, #3173, #3174, #3187, #3188, #3189, #3190),(#2875, #2876, #2877, #2890, #2891, #2892, #2905, #2906, #2907, #2920, #2921, #2922, #2935, #2936, #2937, #2950, #2951, #2952, #2965, #2966, #2967, #2980, #2981, #2982, #2995, #2996, #2997, #3010, #3011, #3012, #3025, #3026, #3027, #3040, #3041, #3042, #3055, #3056, #3057, #3070, #3071, #3072, #3085, #3086, #3087, #3100, #3101, #3102, #3115, #3116, #3117, #3130, #3131, #3132, #3145, #3146, #3147, #3160, #3161, #3162, #3175, #3176, #3177, #3191, #3192, #3193, #3194),(#2878, #2879, #2880, #2893, #2894, #2895, #2908, #2909, #2910, #2923, #2924, #2925, #2938, #2939, #2940, #2953, #2954, #2955, #2968, #2969, #2970, #2983, #2984, #2985, #2998, #2999, #3000, #3013, #3014, #3015, #3028, #3029, #3030, #3043, #3044, #3045, #3058, #3059, #3060, #3073, #3074, #3075, #3088, #3089, #3090, #3103, #3104, #3105, #3118, #3119, #3120, #3133, #3134, #3135, #3148, #3149, #3150, #3163, #3164, #3165, #3178, #3179, #3180, #3195, #3196, #3197, #3198),(#2881, #2882, #2883, #2896, #2897, #2898, #2911, #2912, #2913, #2926, #2927, #2928, #2941, #2942, #2943, #2956, #2957, #2958, #2971, #2972, #2973, #2986, #2987, #2988, #3001, #3002, #3003, #3016, #3017, #3018, #3031, #3032, #3033, #3046, #3047, #3048, #3061, #3062, #3063, #3076, #3077, #3078, #3091, #3092, #3093, #3106, #3107, #3108, #3121, #3122, #3123, #3136, #3137, #3138, #3151, #3152, #3153, #3166, #3167, #3168, #3181, #3182, #3183, #3199, #3200, #3201, #3202),(#2884, #2885, #2886, #2899, #2900, #2901, #2914, #2915, #2916, #2929, #2930, #2931, #2944, #2945, #2946, #2959, #2960, #2961, #2974, #2975, #2976, #2989, #2990, #2991, #3004, #3005, #3006, #3019, #3020, #3021, #3034, #3035, #3036, #3049, #3050, #3051, #3064, #3065, #3066, #3079, #3080, #3081, #3094, #3095, #3096, #3109, #3110, #3111, #3124, #3125, #3126, #3139, #3140, #3141, #3154, #3155, #3156, #3169, #3170, #3171, #3184, #3185, #3186, #3203, #3204, #3205, #3206),(#3207, #3208, #3209, #3222, #3223, #3224, #3237, #3238, #3239, #3252, #3253, #3254, #3267, #3268, #3269, #3282, #3283, #3284, #3297, #3298, #3299, #3312, #3313, #3314, #3327, #3328, #3329, #3342, #3343, #3344, #3357, #3358, #3359, #3372, #3373, #3374, #3387, #3388, #3389, #3402, #3403, #3404, #3417, #3418, #3419, #3432, #3433, #3434, #3447, #3448, #3449, #3462, #3463, #3464, #3477, #3478, #3479, #3492, #3493, #3494, #3507, #3508, #3509, #3522, #3523, #3524, #3525),(#3210, #3211, #3212, #3225, #3226, #3227, #3240, #3241, #3242, #3255, #3256, #3257, #3270, #3271, #3272, #3285, #3286, #3287, #3300, #3301, #3302, #3315, #3316, #3317, #3330, #3331, #3332, #3345, #3346, #3347, #3360, #3361, #3362, #3375, #3376, #3377, #3390, #3391, #3392, #3405, #3406, #3407, #3420, #3421, #3422, #3435, #3436, #3437, #3450, #3451, #3452, #3465, #3466, #3467, #3480, #3481, #3482, #3495, #3496, #3497, #3510, #3511, #3512, #3526, #3527, #3528, #3529),(#3213, #3214, #3215, #3228, #3229, #3230, #3243, #3244, #3245, #3258, #3259, #3260, #3273, #3274, #3275, #3288, #3289, #3290, #3303, #3304, #3305, #3318, #3319, #3320, #3333, #3334, #3335, #3348, #3349, #3350, #3363, #3364, #3365, #3378, #3379, #3380, #3393, #3394, #3395, #3408, #3409, #3410, #3423, #3424, #3425, #3438, #3439, #3440, #3453, #3454, #3455, #3468, #3469, #3470, #3483, #3484, #3485, #3498, #3499, #3500, #3513, #3514, #3515, #3530, #3531, #3532, #3533),(#3216, #3217, #3218, #3231, #3232, #3233, #3246, #3247, #3248, #3261, #3262, #3263, #3276, #3277, #3278, #3291, #3292, #3293, #3306, #3307, #3308, #3321, #3322, #3323, #3336, #3337, #3338, #3351, #3352, #3353, #3366, #3367, #3368, #3381, #3382, #3383, #3396, #3397, #3398, #3411, #3412, #3413, #3426, #3427, #3428, #3441, #3442, #3443, #3456, #3457, #3458, #3471, #3472, #3473, #3486, #3487, #3488, #3501, #3502, #3503, #3516, #3517, #3518, #3534, #3535, #3536, #3537),(#3219, #3220, #3221, #3234, #3235, #3236, #3249, #3250, #3251, #3264, #3265, #3266, #3279, #3280, #3281, #3294, #3295, #3296, #3309, #3310, #3311, #3324, #3325, #3326, #3339, #3340, #3341, #3354, #3355, #3356, #3369, #3370, #3371, #3384, #3385, #3386, #3399, #3400, #3401, #3414, #3415, #3416, #3429, #3430, #3431, #3444, #3445, #3446, #3459, #3460, #3461, #3474, #3475, #3476, #3489, #3490, #3491, #3504, #3505, #3506, #3519, #3520, #3521, #3538, #3539, #3540, #3541),(#3542, #3543, #3544, #3557, #3558, #3559, #3572, #3573, #3574, #3587, #3588, #3589, #3602, #3603, #3604, #3617, #3618, #3619, #3632, #3633, #3634, #3647, #3648, #3649, #3662, #3663, #3664, #3677, #3678, #3679, #3692, #3693, #3694, #3707, #3708, #3709, #3722, #3723, #3724, #3737, #3738, #3739, #3752, #3753, #3754, #3767, #3768, #3769, #3782, #3783, #3784, #3797, #3798, #3799, #3812, #3813, #3814, #3827, #3828, #3829, #3842, #3843, #3844, #3857, #3858, #3859, #3860),(#3545, #3546, #3547, #3560, #3561, #3562, #3575, #3576, #3577, #3590, #3591, #3592, #3605, #3606, #3607, #3620, #3621, #3622, #3635, #3636, #3637, #3650, #3651, #3652, #3665, #3666, #3667, #3680, #3681, #3682, #3695, #3696, #3697, #3710, #3711, #3712, #3725, #3726, #3727, #3740, #3741, #3742, #3755, #3756, #3757, #3770, #3771, #3772, #3785, #3786, #3787, #3800, #3801, #3802, #3815, #3816, #3817, #3830, #3831, #3832, #3845, #3846, #3847, #3861, #3862, #3863, #3864),(#3548, #3549, #3550, #3563, #3564, #3565, #3578, #3579, #3580, #3593, #3594, #3595, #3608, #3609, #3610, #3623, #3624, #3625, #3638, #3639, #3640, #3653, #3654, #3655, #3668, #3669, #3670, #3683, #3684, #3685, #3698, #3699, #3700, #3713, #3714, #3715, #3728, #3729, #3730, #3743, #3744, #3745, #3758, #3759, #3760, #3773, #3774, #3775, #3788, #3789, #3790, #3803, #3804, #3805, #3818, #3819, #3820, #3833, #3834, #3835, #3848, #3849, #3850, #3865, #3866, #3867, #3868),(#3551, #3552, #3553, #3566, #3567, #3568, #3581, #3582, #3583, #3596, #3597, #3598, #3611, #3612, #3613, #3626, #3627, #3628, #3641, #3642, #3643, #3656, #3657, #3658, #3671, #3672, #3673, #3686, #3687, #3688, #3701, #3702, #3703, #3716, #3717, #3718, #3731, #3732, #3733, #3746, #3747, #3748, #3761, #3762, #3763, #3776, #3777, #3778, #3791, #3792, #3793, #3806, #3807, #3808, #3821, #3822, #3823, #3836, #3837, #3838, #3851, #3852, #3853, #3869, #3870, #3871, #3872),(#3554, #3555, #3556, #3569, #3570, #3571, #3584, #3585, #3586, #3599, #3600, #3601, #3614, #3615, #3616, #3629, #3630, #3631, #3644, #3645, #3646, #3659, #3660, #3661, #3674, #3675, #3676, #3689, #3690, #3691, #3704, #3705, #3706, #3719, #3720, #3721, #3734, #3735, #3736, #3749, #3750, #3751, #3764, #3765, #3766, #3779, #3780, #3781, #3794, #3795, #3796, #3809, #3810, #3811, #3824, #3825, #3826, #3839, #3840, #3841, #3854, #3855, #3856, #3873, #3874, #3875, #3876),(#3877, #3878, #3879, #3895, #3896, #3897, #3913, #3914, #3915, #3931, #3932, #3933, #3949, #3950, #3951, #3967, #3968, #3969, #3985, #3986, #3987, #4003, #4004, #4005, #4021, #4022, #4023, #4039, #4040, #4041, #4057, #4058, #4059, #4075, #4076, #4077, #4093, #4094, #4095, #4111, #4112, #4113, #4129, #4130, #4131, #4147, #4148, #4149, #4165, #4166, #4167, #4183, #4184, #4185, #4201, #4202, #4203, #4219, #4220, #4221, #4237, #4238, #4239, #4255, #4256, #4257, #4258),(#3880, #3881, #3882, #3898, #3899, #3900, #3916, #3917, #3918, #3934, #3935, #3936, #3952, #3953, #3954, #3970, #3971, #3972, #3988, #3989, #3990, #4006, #4007, #4008, #4024, #4025, #4026, #4042, #4043, #4044, #4060, #4061, #4062, #4078, #4079, #4080, #4096, #4097, #4098, #4114, #4115, #4116, #4132, #4133, #4134, #4150, #4151, #4152, #4168, #4169, #4170, #4186, #4187, #4188, #4204, #4205, #4206, #4222, #4223, #4224, #4240, #4241, #4242, #4259, #4260, #4261, #4262),(#3883, #3884, #3885, #3901, #3902, #3903, #3919, #3920, #3921, #3937, #3938, #3939, #3955, #3956, #3957, #3973, #3974, #3975, #3991, #3992, #3993, #4009, #4010, #4011, #4027, #4028, #4029, #4045, #4046, #4047, #4063, #4064, #4065, #4081, #4082, #4083, #4099, #4100, #4101, #4117, #4118, #4119, #4135, #4136, #4137, #4153, #4154, #4155, #4171, #4172, #4173, #4189, #4190, #4191, #4207, #4208, #4209, #4225, #4226, #4227, #4243, #4244, #4245, #4263, #4264, #4265, #4266),(#3886, #3887, #3888, #3904, #3905, #3906, #3922, #3923, #3924, #3940, #3941, #3942, #3958, #3959, #3960, #3976, #3977, #3978, #3994, #3995, #3996, #4012, #4013, #4014, #4030, #4031, #4032, #4048, #4049, #4050, #4066, #4067, #4068, #4084, #4085, #4086, #4102, #4103, #4104, #4120, #4121, #4122, #4138, #4139, #4140, #4156, #4157, #4158, #4174, #4175, #4176, #4192, #4193, #4194, #4210, #4211, #4212, #4228, #4229, #4230, #4246, #4247, #4248, #4267, #4268, #4269, #4270),(#3889, #3890, #3891, #3907, #3908, #3909, #3925, #3926, #3927, #3943, #3944, #3945, #3961, #3962, #3963, #3979, #3980, #3981, #3997, #3998, #3999, #4015, #4016, #4017, #4033, #4034, #4035, #4051, #4052, #4053, #4069, #4070, #4071, #4087, #4088, #4089, #4105, #4106, #4107, #4123, #4124, #4125, #4141, #4142, #4143, #4159, #4160, #4161, #4177, #4178, #4179, #4195, #4196, #4197, #4213, #4214, #4215, #4231, #4232, #4233, #4249, #4250, #4251, #4271, #4272, #4273, #4274),(#3892, #3893, #3894, #3910, #3911, #3912, #3928, #3929, #3930, #3946, #3947, #3948, #3964, #3965, #3966, #3982, #3983, #3984, #4000, #4001, #4002, #4018, #4019, #4020, #4036, #4037, #4038, #4054, #4055, #4056, #4072, #4073, #4074, #4090, #4091, #4092, #4108, #4109, #4110, #4126, #4127, #4128, #4144, #4145, #4146, #4162, #4163, #4164, #4180, #4181, #4182, #4198, #4199, #4200, #4216, #4217, #4218, #4234, #4235, #4236, #4252, #4253, #4254, #4275, #4276, #4277, #4278)),.UNSPECIFIED.,.F.,.F.,.F.,(6,5,5,5,6),(4,3,3,3,3,3,3,3,3,3,3,3,3,3,3,3,3,3,3,3,3,3,4),(0.,1.,2.,3.,4.),(0.,1.,2.,3.,4.,5.,6.,7.,8.,9.,10.,11.,12.,13.,14.,15.,16.,17.,18.,19.,20.,21.,22.),.PIECEWISE_BEZIER_KNOTS.);
#2872=CARTESIAN_POINT('',(0.,0.,6.93889390390723E-19));
#2873=CARTESIAN_POINT('',(0.,0.,6.93889390390723E-19));
#2874=CARTESIAN_POINT('',(0.,-1.73472347597681E-19,0.));
#2875=CARTESIAN_POINT('',(3.67394039744206E-19,-7.37257477290143E-19,0.006));
#2876=CARTESIAN_POINT('',(3.67394039744206E-19,-0.000750000000000001,0.006));
#2877=CARTESIAN_POINT('',(3.25760676320763E-19,-0.0015,0.0058125));
#2878=CARTESIAN_POINT('',(7.34788079488412E-19,-1.47451495458029E-18,0.012));
#2879=CARTESIAN_POINT('',(7.34788079488412E-19,-0.0015,0.012));
#2880=CARTESIAN_POINT('',(6.51521352641526E-19,-0.003,0.011625));
#2881=CARTESIAN_POINT('',(-2.54703718266473E-19,5.57767548256658E-19,0.0258403726128414));
#2882=CARTESIAN_POINT('',(-2.54703718266473E-19,-0.00359610728773576,0.0258403726128414));
#2883=CARTESIAN_POINT('',(-2.62950350586268E-19,-0.00699753323362086,0.0251127251601874));
#2884=CARTESIAN_POINT('',(-1.27351859133237E-19,2.78883774128329E-19,0.0279201863064207));
#2885=CARTESIAN_POINT('',(-1.27351859133237E-19,-0.00386773498571855,0.0279201863064207));
#2886=CARTESIAN_POINT('',(-1.31475175293134E-19,-0.00754078862958643,0.0271362829155563));
#2887=CARTESIAN_POINT('',(3.85185988877447E-35,0.,0.));
#2888=CARTESIAN_POINT('',(0.,-3.46944695195361E-19,0.));
#2889=CARTESIAN_POINT('',(0.,0.,0.));
#2890=CARTESIAN_POINT('',(2.73718972041459E-19,-0.002203125,0.005484375));
#2891=CARTESIAN_POINT('',(2.47698119901806E-19,-0.0025546875,0.0053203125));
#2892=CARTESIAN_POINT('',(2.19075182548189E-19,-0.00289453125,0.00512109375));
#2893=CARTESIAN_POINT('',(5.47437944082917E-19,-0.00440625,0.01096875));
#2894=CARTESIAN_POINT('',(4.95396239803613E-19,-0.005109375,0.010640625));
#2895=CARTESIAN_POINT('',(4.38150365096378E-19,-0.0057890625,0.0102421875));
#2896=CARTESIAN_POINT('',(-2.67073666746165E-19,-0.0100826872962398,0.0238023227688655));
#2897=CARTESIAN_POINT('',(-2.69135324826114E-19,-0.0116252643275493,0.0231471215732046));
#2898=CARTESIAN_POINT('',(-2.70166153866088E-19,-0.0130887733880423,0.0223462316428768));
#2899=CARTESIAN_POINT('',(-1.33536833373083E-19,-0.0108776809124929,0.0257216071392238));
#2900=CARTESIAN_POINT('',(-1.34567662413057E-19,-0.0125461270539462,0.0250142692510575));
#2901=CARTESIAN_POINT('',(-1.35083076933044E-19,-0.014130532855159,0.0241492382665241));
#2902=CARTESIAN_POINT('',(0.,0.,0.));
#2903=CARTESIAN_POINT('',(0.,0.,6.93889390390723E-19));
#2904=CARTESIAN_POINT('',(0.,0.,0.));
#2905=CARTESIAN_POINT('',(1.91753287801554E-19,-0.003216796875,0.004892578125));
#2906=CARTESIAN_POINT('',(1.88338050958225E-19,-0.003257080078125,0.004864013671875));
#2907=CARTESIAN_POINT('',(1.8494314290563E-19,-0.00329708862304688,0.00483499145507812));
#2908=CARTESIAN_POINT('',(3.83506575603109E-19,-0.00643359375,0.00978515625));
#2909=CARTESIAN_POINT('',(3.7667610191645E-19,-0.00651416015625,0.00972802734375));
#2910=CARTESIAN_POINT('',(3.6988628581126E-19,-0.00659417724609375,0.00966998291015625));
#2911=CARTESIAN_POINT('',(-2.68619910306127E-19,-0.0144580156600417,0.0214177645421302));
#2912=CARTESIAN_POINT('',(-2.68426629861131E-19,-0.0146291709440417,0.0213017061545369));
#2913=CARTESIAN_POINT('',(-2.68193082656762E-19,-0.0147988533094714,0.0211836543736558));
#2914=CARTESIAN_POINT('',(-1.34309955153063E-19,-0.0156132133137427,0.0231456555612982));
#2915=CARTESIAN_POINT('',(-1.34213314930566E-19,-0.0157985483710657,0.023020207723145));
#2916=CARTESIAN_POINT('',(-1.34096541328381E-19,-0.0159822939699101,0.0228925950143559));
#2917=CARTESIAN_POINT('',(3.85185988877447E-35,0.,0.));
#2918=CARTESIAN_POINT('',(0.,-6.93889390390723E-19,6.93889390390723E-19));
#2919=CARTESIAN_POINT('',(0.,0.,6.93889390390723E-19));
#2920=CARTESIAN_POINT('',(1.81576186940294E-19,-0.00333681106567383,0.00480552291870117));
#2921=CARTESIAN_POINT('',(1.79892708957626E-19,-0.00335667228698731,0.0047907886505127));
#2922=CARTESIAN_POINT('',(1.78216218996773E-19,-0.00337646198272705,0.0047759428024292));
#2923=CARTESIAN_POINT('',(3.63152373880588E-19,-0.00667362213134766,0.00961104583740234));
#2924=CARTESIAN_POINT('',(3.59785417915252E-19,-0.00671334457397461,0.00958157730102539));
#2925=CARTESIAN_POINT('',(3.56432437993546E-19,-0.0067529239654541,0.0095518856048584));
#2926=CARTESIAN_POINT('',(-2.67916248686066E-19,-0.0149670330711401,0.0210636445736358));
#2927=CARTESIAN_POINT('',(-2.67777831700718E-19,-0.0150511229519745,0.0210036396736258));
#2928=CARTESIAN_POINT('',(-2.67628593023788E-19,-0.0151348371818686,0.0209431452688311));
#2929=CARTESIAN_POINT('',(-1.33958124343033E-19,-0.0161644155692556,0.0227628548204304));
#2930=CARTESIAN_POINT('',(-1.33888915850359E-19,-0.0162554763689284,0.0226979847234677));
#2931=CARTESIAN_POINT('',(-1.33814296511894E-19,-0.0163461311687264,0.0226325827552208));
#2932=CARTESIAN_POINT('',(0.,0.,6.93889390390723E-19));
#2933=CARTESIAN_POINT('',(0.,-6.93889390390723E-19,0.));
#2934=CARTESIAN_POINT('',(0.,0.,0.));
#2935=CARTESIAN_POINT('',(1.765476699698E-19,-0.00339617872238159,0.00476098680496216));
#2936=CARTESIAN_POINT('',(1.76339101341429E-19,-0.00339864331483841,0.00475911730527878));
#2937=CARTESIAN_POINT('',(1.76130656790149E-19,-0.0034011067673564,0.00475724608451128));
#2938=CARTESIAN_POINT('',(3.53095339939601E-19,-0.00679235744476319,0.00952197360992432));
#2939=CARTESIAN_POINT('',(3.52678202682858E-19,-0.00679728662967682,0.00951823461055756));
#2940=CARTESIAN_POINT('',(3.52261313580298E-19,-0.00680221353471279,0.00951449216902256));
#2941=CARTESIAN_POINT('',(-2.67468155154407E-19,-0.0152181720501737,0.0208821657810203));
#2942=CARTESIAN_POINT('',(-2.67448100420735E-19,-0.0152285889087118,0.020874543345044));
#2943=CARTESIAN_POINT('',(-2.6742787069968E-19,-0.0152389998397251,0.0208669133296455));
#2944=CARTESIAN_POINT('',(-1.33734077577204E-19,-0.0164363756510222,0.0225666535888772));
#2945=CARTESIAN_POINT('',(-1.33724050210367E-19,-0.0164476562113091,0.0225584124430843));
#2946=CARTESIAN_POINT('',(-1.3371393534984E-19,-0.0164589303603851,0.0225501630598211));
#2947=CARTESIAN_POINT('',(0.,0.,0.));
#2948=CARTESIAN_POINT('',(3.85185988877447E-35,0.,6.93889390390723E-19));
#2949=CARTESIAN_POINT('',(3.85185988877447E-35,-6.93889390390723E-19,6.93889390390723E-19));
#2950=CARTESIAN_POINT('',(1.75922338177118E-19,-0.00340356907714158,0.00475537314545363));
#2951=CARTESIAN_POINT('',(1.75818178870602E-19,-0.00340480023203418,0.00475443667592481));
#2952=CARTESIAN_POINT('',(1.75714051048648E-19,-0.00340603110124357,0.00475349977682345));
#2953=CARTESIAN_POINT('',(3.51844676354236E-19,-0.00680713815428317,0.00951074629090726));
#2954=CARTESIAN_POINT('',(3.51636357741204E-19,-0.00680960046406835,0.00950887335184962));
#2955=CARTESIAN_POINT('',(3.51428102097297E-19,-0.00681206220248714,0.00950699955364689));
#2956=CARTESIAN_POINT('',(-2.67407465253937E-19,-0.0152494048359662,0.0208592757434612));
#2957=CARTESIAN_POINT('',(-2.67397262531065E-19,-0.0152546073340868,0.020855456950369));
#2958=CARTESIAN_POINT('',(-2.67387015877022E-19,-0.0152598083485143,0.0208516362645804));
#2959=CARTESIAN_POINT('',(-1.33703732626968E-19,-0.0164701980898173,0.0225419054482149));
#2960=CARTESIAN_POINT('',(-1.33698631265533E-19,-0.0164758319545334,0.0225377766424119));
#2961=CARTESIAN_POINT('',(-1.33693507938511E-19,-0.0164814642143385,0.0225336457795231));
#2962=CARTESIAN_POINT('',(0.,0.,0.));
#2963=CARTESIAN_POINT('',(0.,0.,0.));
#2964=CARTESIAN_POINT('',(0.,0.,0.));
#2965=CARTESIAN_POINT('',(1.75609954943901E-19,-0.00340726168442052,0.00475256244849879));
#2966=CARTESIAN_POINT('',(1.75505858839154E-19,-0.00340849226759747,0.00475162512017414));
#2967=CARTESIAN_POINT('',(1.75401794451614E-19,-0.00340972256474197,0.00475068736262619));
#2968=CARTESIAN_POINT('',(3.51219909887803E-19,-0.00681452336884104,0.00950512489699758));
#2969=CARTESIAN_POINT('',(3.51011717678309E-19,-0.00681698453519493,0.00950325024034828));
#2970=CARTESIAN_POINT('',(3.50803588903228E-19,-0.00681944512948394,0.00950137472525239));
#2971=CARTESIAN_POINT('',(-2.67376725199643E-19,-0.0152650078783428,0.0208478136871748));
#2972=CARTESIAN_POINT('',(-2.67366434522264E-19,-0.0152702074081713,0.0208439911097692));
#2973=CARTESIAN_POINT('',(-2.67356099821549E-19,-0.0152754054534009,0.0208401666407467));
#2974=CARTESIAN_POINT('',(-1.33688362599821E-19,-0.0164870948681786,0.0225295128606894));
#2975=CARTESIAN_POINT('',(-1.33683217261132E-19,-0.0164927255220186,0.0225253799418558));
#2976=CARTESIAN_POINT('',(-1.33678049910775E-19,-0.0164983545698936,0.0225212449670773));
#2977=CARTESIAN_POINT('',(0.,0.,6.93889390390723E-19));
#2978=CARTESIAN_POINT('',(0.,0.,6.93889390390723E-19));
#2979=CARTESIAN_POINT('',(0.,0.,0.));
#2980=CARTESIAN_POINT('',(1.75297762013925E-19,-0.00341095257550478,0.0047497491762042));
#2981=CARTESIAN_POINT('',(1.74881632263168E-19,-0.00341587261855602,0.00474599643051624));
#2982=CARTESIAN_POINT('',(1.74466013710029E-19,-0.0034207880795002,0.00474223682284355));
#2983=CARTESIAN_POINT('',(3.50595524027849E-19,-0.00682190515100956,0.00949949835240841));
#2984=CARTESIAN_POINT('',(3.49763264526335E-19,-0.00683174523711205,0.00949199286103249));
#2985=CARTESIAN_POINT('',(3.48932027420058E-19,-0.0068415761590004,0.0094844736456871));
#2986=CARTESIAN_POINT('',(-2.67345721005336E-19,-0.0152806020131256,0.0208363402811868));
#2987=CARTESIAN_POINT('',(-2.67304205740483E-19,-0.0153013882520243,0.0208210348429472));
#2988=CARTESIAN_POINT('',(-2.67261984627652E-19,-0.0153221507228449,0.0208056991561093));
#2989=CARTESIAN_POINT('',(-1.33672860502668E-19,-0.0165039820107494,0.022517107937495));
#2990=CARTESIAN_POINT('',(-1.33652102870242E-19,-0.0165264917741726,0.0225005598191656));
#2991=CARTESIAN_POINT('',(-1.33630992313826E-19,-0.0165489758252891,0.0224839788239736));
#2992=CARTESIAN_POINT('',(0.,0.,6.93889390390723E-19));
#2993=CARTESIAN_POINT('',(0.,0.,0.));
#2994=CARTESIAN_POINT('',(1.92592994438724E-35,0.,6.93889390390723E-19));
#2995=CARTESIAN_POINT('',(1.7405092124376E-19,-0.00342569893598557,0.00473847037553787));
#2996=CARTESIAN_POINT('',(1.73220736311222E-19,-0.0034355206489563,0.00473093748092651));
#2997=CARTESIAN_POINT('',(1.72392655726163E-19,-0.0034453239440918,0.0047233772277832));
#2998=CARTESIAN_POINT('',(3.4810184248752E-19,-0.00685139787197113,0.00947694075107574));
#2999=CARTESIAN_POINT('',(3.46441472622445E-19,-0.0068710412979126,0.00946187496185302));
#3000=CARTESIAN_POINT('',(3.44785311452326E-19,-0.0068906478881836,0.0094467544555664));
#3001=CARTESIAN_POINT('',(-2.67219051768389E-19,-0.0153428893676083,0.0207903332897631));
#3002=CARTESIAN_POINT('',(-2.67133186049865E-19,-0.0153843666571351,0.0207596015570707));
#3003=CARTESIAN_POINT('',(-2.67044473345619E-19,-0.0154257486424336,0.0207287491063454));
#3004=CARTESIAN_POINT('',(-1.33609525884195E-19,-0.0165714340966357,0.0224673650249378));
#3005=CARTESIAN_POINT('',(-1.33566593024932E-19,-0.016616350639329,0.0224341374268661));
#3006=CARTESIAN_POINT('',(-1.33522236672809E-19,-0.0166611640629434,0.0224007786134186));
#3007=CARTESIAN_POINT('',(0.,-6.93889390390723E-19,0.));
#3008=CARTESIAN_POINT('',(1.92592994438724E-35,0.,6.93889390390723E-19));
#3009=CARTESIAN_POINT('',(0.,0.,0.));
#3010=CARTESIAN_POINT('',(1.7156679860259E-19,-0.00345510864257813,0.00471578979492187));
#3011=CARTESIAN_POINT('',(1.64959941614006E-19,-0.00353338623046875,0.00465509033203125));
#3012=CARTESIAN_POINT('',(1.58495386160562E-19,-0.0036104736328125,0.0045926513671875));
#3013=CARTESIAN_POINT('',(3.4313359720518E-19,-0.00691021728515625,0.00943157958984375));
#3014=CARTESIAN_POINT('',(3.29919883228013E-19,-0.0070667724609375,0.0093101806640625));
#3015=CARTESIAN_POINT('',(3.16990772321123E-19,-0.007220947265625,0.009185302734375));
#3016=CARTESIAN_POINT('',(-2.66952866468043E-19,-0.0154670348596726,0.0206977764903082));
#3017=CARTESIAN_POINT('',(-2.66220011447436E-19,-0.0157973245975846,0.0204499955620106));
#3018=CARTESIAN_POINT('',(-2.65301929333709E-19,-0.0161214851796895,0.0201945240537532));
#3019=CARTESIAN_POINT('',(-1.33476433234022E-19,-0.0167058738277752,0.0223672891687439));
#3020=CARTESIAN_POINT('',(-1.33110005723718E-19,-0.0170635519464302,0.0220993736113458));
#3021=CARTESIAN_POINT('',(-1.32650964666855E-19,-0.0174145959030085,0.0218230976553993));
#3022=CARTESIAN_POINT('',(1.92592994438724E-35,0.,0.));
#3023=CARTESIAN_POINT('',(1.92592994438724E-35,0.,6.93889390390723E-19));
#3024=CARTESIAN_POINT('',(0.,-6.93889390390723E-19,0.));
#3025=CARTESIAN_POINT('',(1.52234118614458E-19,-0.003686279296875,0.004528564453125));
#3026=CARTESIAN_POINT('',(1.3971158352225E-19,-0.003837890625,0.004400390625));
#3027=CARTESIAN_POINT('',(1.28002200059407E-19,-0.003984375,0.004265625));
#3028=CARTESIAN_POINT('',(3.04468237228916E-19,-0.00737255859375,0.00905712890625));
#3029=CARTESIAN_POINT('',(2.794231670445E-19,-0.00767578125,0.00880078125));
#3030=CARTESIAN_POINT('',(2.56004400118813E-19,-0.00796875,0.00853125));
#3031=CARTESIAN_POINT('',(-2.64174460071237E-19,-0.0164392791244612,0.0199316449587274));
#3032=CARTESIAN_POINT('',(-2.61919521546294E-19,-0.0170748670140046,0.0194058867686759));
#3033=CARTESIAN_POINT('',(-2.58827034426371E-19,-0.017684988354215,0.0188504982315507));
#3034=CARTESIAN_POINT('',(-1.32087230035619E-19,-0.0177587293693478,0.0215387603848993));
#3035=CARTESIAN_POINT('',(-1.30959760773147E-19,-0.0184469963020264,0.0209700858438994));
#3036=CARTESIAN_POINT('',(-1.29413517213185E-19,-0.0191076212737492,0.0203691660446857));
#3037=CARTESIAN_POINT('',(0.,0.,0.));
#3038=CARTESIAN_POINT('',(0.,-6.93889390390723E-19,0.));
#3039=CARTESIAN_POINT('',(0.,0.,6.93889390390723E-19));
#3040=CARTESIAN_POINT('',(1.17593859203546E-19,-0.004125,0.004125));
#3041=CARTESIAN_POINT('',(1.07185518347685E-19,-0.004265625,0.003984375));
#3042=CARTESIAN_POINT('',(9.80782200988068E-20,-0.004400390625,0.003837890625));
#3043=CARTESIAN_POINT('',(2.35187718407092E-19,-0.00825,0.00825));
#3044=CARTESIAN_POINT('',(2.1437103669537E-19,-0.00853125,0.00796874999999999));
#3045=CARTESIAN_POINT('',(1.96156440197614E-19,-0.00880078125,0.00767578125));
#3046=CARTESIAN_POINT('',(-2.54703718266473E-19,-0.0182677432928829,0.0182677432928829));
#3047=CARTESIAN_POINT('',(-2.50580402106576E-19,-0.0188504982315507,0.017684988354215));
#3048=CARTESIAN_POINT('',(-2.45426256906705E-19,-0.0194058867686759,0.0170748670140046));
#3049=CARTESIAN_POINT('',(-1.27351859133237E-19,-0.0197383936592174,0.0197383936592174));
#3050=CARTESIAN_POINT('',(-1.25290201053288E-19,-0.0203691660446857,0.0191076212737492));
#3051=CARTESIAN_POINT('',(-1.22713128453352E-19,-0.0209700858438994,0.0184469963020264));
#3052=CARTESIAN_POINT('',(0.,0.,0.));
#3053=CARTESIAN_POINT('',(0.,-6.93889390390723E-19,6.93889390390723E-19));
#3054=CARTESIAN_POINT('',(9.62964972193618E-36,0.,0.));
#3055=CARTESIAN_POINT('',(9.07598554345297E-20,-0.004528564453125,0.003686279296875));
#3056=CARTESIAN_POINT('',(8.71006731023911E-20,-0.0045926513671875,0.0036104736328125));
#3057=CARTESIAN_POINT('',(8.38887241664028E-20,-0.00465509033203125,0.00353338623046875));
#3058=CARTESIAN_POINT('',(1.81519710869059E-19,-0.00905712890625,0.00737255859375));
#3059=CARTESIAN_POINT('',(1.74201346204782E-19,-0.009185302734375,0.007220947265625));
#3060=CARTESIAN_POINT('',(1.67777448332806E-19,-0.0093101806640625,0.0070667724609375));
#3061=CARTESIAN_POINT('',(-2.39821124001844E-19,-0.0199316449587274,0.0164392791244612));
#3062=CARTESIAN_POINT('',(-2.37018557549414E-19,-0.0201945240537532,0.0161214851796895));
#3063=CARTESIAN_POINT('',(-2.34103244170737E-19,-0.0204499955620106,0.0157973245975846));
#3064=CARTESIAN_POINT('',(-1.19910562000922E-19,-0.0215387603848993,0.0177587293693478));
#3065=CARTESIAN_POINT('',(-1.18509278774707E-19,-0.0218230976553993,0.0174145959030085));
#3066=CARTESIAN_POINT('',(-1.17051622085368E-19,-0.0220993736113457,0.0170635519464302));
#3067=CARTESIAN_POINT('',(9.62964972193618E-36,-6.93889390390723E-19,0.));
#3068=CARTESIAN_POINT('',(9.62964972193618E-36,0.,0.));
#3069=CARTESIAN_POINT('',(0.,-6.93889390390723E-19,0.));
#3070=CARTESIAN_POINT('',(8.11849949987671E-20,-0.00471578979492188,0.00345510864257812));
#3071=CARTESIAN_POINT('',(8.08470288528126E-20,-0.0047233772277832,0.00344532394409179));
#3072=CARTESIAN_POINT('',(8.05170036407386E-20,-0.00473093748092651,0.0034355206489563));
#3073=CARTESIAN_POINT('',(1.62369989997534E-19,-0.00943157958984375,0.00691021728515624));
#3074=CARTESIAN_POINT('',(1.61694057705625E-19,-0.00944675445556641,0.00689064788818359));
#3075=CARTESIAN_POINT('',(1.61034007281477E-19,-0.00946187496185303,0.00687104129791259));
#3076=CARTESIAN_POINT('',(-2.31147664032686E-19,-0.0206977764903082,0.0154670348596726));
#3077=CARTESIAN_POINT('',(-2.30778216515429E-19,-0.0207287491063454,0.0154257486424336));
#3078=CARTESIAN_POINT('',(-2.30408139830058E-19,-0.0207596015570707,0.0153843666571351));
#3079=CARTESIAN_POINT('',(-1.15573832016343E-19,-0.0223672891687439,0.0167058738277752));
#3080=CARTESIAN_POINT('',(-1.15389108257715E-19,-0.0224007786134186,0.0166611640629433));
#3081=CARTESIAN_POINT('',(-1.15204069915029E-19,-0.0224341374268661,0.016616350639329));
#3082=CARTESIAN_POINT('',(0.,-6.93889390390723E-19,6.93889390390723E-19));
#3083=CARTESIAN_POINT('',(0.,0.,0.));
#3084=CARTESIAN_POINT('',(0.,-6.93889390390723E-19,0.));
#3085=CARTESIAN_POINT('',(8.01950384765534E-20,-0.00473847037553787,0.00342569893598556));
#3086=CARTESIAN_POINT('',(8.00340558944608E-20,-0.00474223682284355,0.0034207880795002));
#3087=CARTESIAN_POINT('',(7.98750883243403E-20,-0.00474599643051624,0.00341587261855602));
#3088=CARTESIAN_POINT('',(1.60390076953107E-19,-0.00947694075107574,0.00685139787197113));
#3089=CARTESIAN_POINT('',(1.60068111788922E-19,-0.0094844736456871,0.00684157615900039));
#3090=CARTESIAN_POINT('',(1.59750176648681E-19,-0.00949199286103249,0.00683174523711204));
#3091=CARTESIAN_POINT('',(-2.30037575539397E-19,-0.0207903332897631,0.0153428893676083));
#3092=CARTESIAN_POINT('',(-2.29852293394066E-19,-0.0208056991561093,0.0153221507228449));
#3093=CARTESIAN_POINT('',(-2.29666889347413E-19,-0.0208210348429472,0.0153013882520243));
#3094=CARTESIAN_POINT('',(-1.15018787769698E-19,-0.0224673650249378,0.0165714340966357));
#3095=CARTESIAN_POINT('',(-1.14926146697033E-19,-0.0224839788239736,0.0165489758252891));
#3096=CARTESIAN_POINT('',(-1.14833444673707E-19,-0.0225005598191656,0.0165264917741726));
#3097=CARTESIAN_POINT('',(9.62964972193618E-36,-6.93889390390723E-19,0.));
#3098=CARTESIAN_POINT('',(9.62964972193618E-36,-6.93889390390723E-19,0.));
#3099=CARTESIAN_POINT('',(9.62964972193618E-36,-6.93889390390723E-19,0.));
#3100=CARTESIAN_POINT('',(7.97181506554431E-20,-0.00474974917620421,0.00341095257550478));
#3101=CARTESIAN_POINT('',(7.96789162382188E-20,-0.00475068736262619,0.00340972256474197));
#3102=CARTESIAN_POINT('',(7.9639808689821E-20,-0.00475162512017414,0.00340849226759746));
#3103=CARTESIAN_POINT('',(1.59436301310886E-19,-0.00949949835240841,0.00682190515100956));
#3104=CARTESIAN_POINT('',(1.59357832476438E-19,-0.00950137472525239,0.00681944512948393));
#3105=CARTESIAN_POINT('',(1.59279617379642E-19,-0.00950325024034828,0.00681698453519493));
#3106=CARTESIAN_POINT('',(-2.29481381094792E-19,-0.0208363402811868,0.0152806020131256));
#3107=CARTESIAN_POINT('',(-2.29435004031636E-19,-0.0208401666407467,0.0152754054534009));
#3108=CARTESIAN_POINT('',(-2.29388620455608E-19,-0.0208439911097692,0.0152702074081713));
#3109=CARTESIAN_POINT('',(-1.14740690547396E-19,-0.022517107937495,0.0165039820107494));
#3110=CARTESIAN_POINT('',(-1.14717502015818E-19,-0.0225212449670773,0.0164983545698936));
#3111=CARTESIAN_POINT('',(-1.14694310227804E-19,-0.0225253799418558,0.0164927255220186));
#3112=CARTESIAN_POINT('',(0.,0.,0.));
#3113=CARTESIAN_POINT('',(9.62964972193618E-36,-6.93889390390723E-19,0.));
#3114=CARTESIAN_POINT('',(9.62964972193618E-36,-6.93889390390723E-19,0.));
#3115=CARTESIAN_POINT('',(7.96008282428941E-20,-0.00475256244849879,0.00340726168442052));
#3116=CARTESIAN_POINT('',(7.95618477959672E-20,-0.00475349977682345,0.00340603110124357));
#3117=CARTESIAN_POINT('',(7.95229944505114E-20,-0.00475443667592481,0.00340480023203418));
#3118=CARTESIAN_POINT('',(1.59201656485788E-19,-0.00950512489699759,0.00681452336884103));
#3119=CARTESIAN_POINT('',(1.59123695591934E-19,-0.00950699955364689,0.00681206220248714));
#3120=CARTESIAN_POINT('',(1.59045988901023E-19,-0.00950887335184962,0.00680960046406835));
#3121=CARTESIAN_POINT('',(-2.29342230643196E-19,-0.0208478136871748,0.0152650078783428));
#3122=CARTESIAN_POINT('',(-2.29295840830784E-19,-0.0208516362645804,0.0152598083485143));
#3123=CARTESIAN_POINT('',(-2.29249444781989E-19,-0.020855456950369,0.0152546073340868));
#3124=CARTESIAN_POINT('',(-1.14671115321598E-19,-0.0225295128606894,0.0164870948681786));
#3125=CARTESIAN_POINT('',(-1.14647920415392E-19,-0.0225336457795231,0.0164814642143385));
#3126=CARTESIAN_POINT('',(-1.14624722390995E-19,-0.0225377766424119,0.0164758319545334));
#3127=CARTESIAN_POINT('',(0.,0.,0.));
#3128=CARTESIAN_POINT('',(9.62964972193618E-36,0.,0.));
#3129=CARTESIAN_POINT('',(0.,0.,0.));
#3130=CARTESIAN_POINT('',(7.9484268439171E-20,-0.00475537314545363,0.00340356907714158));
#3131=CARTESIAN_POINT('',(7.94068164164904E-20,-0.00475724608451128,0.0034011067673564));
#3132=CARTESIAN_POINT('',(7.9329873730272E-20,-0.00475911730527878,0.00339864331483841));
#3133=CARTESIAN_POINT('',(1.58968536878342E-19,-0.00951074629090726,0.00680713815428316));
#3134=CARTESIAN_POINT('',(1.58813632832981E-19,-0.00951449216902256,0.00680221353471279));
#3135=CARTESIAN_POINT('',(1.58659747460544E-19,-0.00951823461055756,0.00679728662967682));
#3136=CARTESIAN_POINT('',(-2.29203042773301E-19,-0.0208592757434612,0.0152494048359662));
#3137=CARTESIAN_POINT('',(-2.29110238755925E-19,-0.0208669133296455,0.0152389998397251));
#3138=CARTESIAN_POINT('',(-2.29017410898975E-19,-0.020874543345044,0.0152285889087118));
#3139=CARTESIAN_POINT('',(-1.14601521386651E-19,-0.0225419054482149,0.0164701980898173));
#3140=CARTESIAN_POINT('',(-1.14555119377962E-19,-0.0225501630598211,0.0164589303603851));
#3141=CARTESIAN_POINT('',(-1.14508705449488E-19,-0.0225584124430843,0.0164476562113091));
#3142=CARTESIAN_POINT('',(0.,0.,0.));
#3143=CARTESIAN_POINT('',(0.,0.,0.));
#3144=CARTESIAN_POINT('',(9.62964972193618E-36,-6.93889390390723E-19,0.));
#3145=CARTESIAN_POINT('',(7.92534422416721E-20,-0.00476098680496216,0.00339617872238159));
#3146=CARTESIAN_POINT('',(7.86419903328729E-20,-0.0047759428024292,0.00337646198272705));
#3147=CARTESIAN_POINT('',(7.80632550716614E-20,-0.0047907886505127,0.0033566722869873));
#3148=CARTESIAN_POINT('',(1.58506884483344E-19,-0.00952197360992432,0.00679235744476318));
#3149=CARTESIAN_POINT('',(1.57283980665746E-19,-0.0095518856048584,0.0067529239654541));
#3150=CARTESIAN_POINT('',(1.56126510143323E-19,-0.00958157730102539,0.00671334457397461));
#3151=CARTESIAN_POINT('',(-2.28924561414372E-19,-0.0208821657810203,0.0152181720501737));
#3152=CARTESIAN_POINT('',(-2.28181765537545E-19,-0.0209431452688311,0.0151348371818686));
#3153=CARTESIAN_POINT('',(-2.27437585490864E-19,-0.0210036396736258,0.0150511229519745));
#3154=CARTESIAN_POINT('',(-1.14462280707186E-19,-0.0225666535888772,0.0164363756510222));
#3155=CARTESIAN_POINT('',(-1.14090882768772E-19,-0.0226325827552208,0.0163461311687264));
#3156=CARTESIAN_POINT('',(-1.13718792745432E-19,-0.0226979847234677,0.0162554763689284));
#3157=CARTESIAN_POINT('',(9.62964972193618E-36,0.,6.93889390390723E-19));
#3158=CARTESIAN_POINT('',(9.62964972193618E-36,0.,0.));
#3159=CARTESIAN_POINT('',(0.,-6.93889390390723E-19,0.));
#3160=CARTESIAN_POINT('',(7.75181893701032E-20,-0.00480552291870117,0.00333681106567383));
#3161=CARTESIAN_POINT('',(7.64280579669869E-20,-0.00483499145507812,0.00329708862304687));
#3162=CARTESIAN_POINT('',(7.54726048024841E-20,-0.004864013671875,0.003257080078125));
#3163=CARTESIAN_POINT('',(1.55036378740206E-19,-0.00961104583740234,0.00667362213134766));
#3164=CARTESIAN_POINT('',(1.52856115933974E-19,-0.00966998291015625,0.00659417724609375));
#3165=CARTESIAN_POINT('',(1.50945209604968E-19,-0.00972802734375,0.00651416015625));
#3166=CARTESIAN_POINT('',(-2.26693153776937E-19,-0.0210636445736358,0.0149670330711401));
#3167=CARTESIAN_POINT('',(-2.25204290349084E-19,-0.0211836543736558,0.0147988533094714));
#3168=CARTESIAN_POINT('',(-2.23714420252246E-19,-0.0213017061545369,0.0146291709440417));
#3169=CARTESIAN_POINT('',(-1.13346576888469E-19,-0.0227628548204304,0.0161644155692556));
#3170=CARTESIAN_POINT('',(-1.12602145174542E-19,-0.0228925950143559,0.0159822939699101));
#3171=CARTESIAN_POINT('',(-1.11857210126123E-19,-0.023020207723145,0.0157985483710657));
#3172=CARTESIAN_POINT('',(9.62964972193618E-36,0.,0.));
#3173=CARTESIAN_POINT('',(9.62964972193618E-36,-6.93889390390723E-19,0.));
#3174=CARTESIAN_POINT('',(9.62964972193618E-36,-6.93889390390723E-19,0.));
#3175=CARTESIAN_POINT('',(7.46594531731199E-20,-0.004892578125,0.003216796875));
#3176=CARTESIAN_POINT('',(6.81542401382069E-20,-0.00512109375,0.00289453125));
#3177=CARTESIAN_POINT('',(7.07563253521721E-20,-0.0053203125,0.0025546875));
#3178=CARTESIAN_POINT('',(1.4931890634624E-19,-0.00978515625,0.00643359375));
#3179=CARTESIAN_POINT('',(1.36308480276414E-19,-0.0102421875,0.0057890625));
#3180=CARTESIAN_POINT('',(1.41512650704344E-19,-0.010640625,0.005109375));
#3181=CARTESIAN_POINT('',(-2.22232603507283E-19,-0.0214177645421302,0.0144580156600417));
#3182=CARTESIAN_POINT('',(-2.10378069547578E-19,-0.0223462316428768,0.0130887733880423));
#3183=CARTESIAN_POINT('',(-1.99038950107861E-19,-0.0231471215732046,0.0116252643275493));
#3184=CARTESIAN_POINT('',(-1.11116301753641E-19,-0.0231456555612982,0.0156132133137427));
#3185=CARTESIAN_POINT('',(-1.05189034773789E-19,-0.0241492382665241,0.014130532855159));
#3186=CARTESIAN_POINT('',(-9.95194750539305E-20,-0.0250142692510575,0.0125461270539462));
#3187=CARTESIAN_POINT('',(9.62964972193618E-36,-6.93889390390723E-19,3.46944695195361E-19));
#3188=CARTESIAN_POINT('',(0.,0.,1.73472347597681E-19));
#3189=CARTESIAN_POINT('',(0.,0.,0.));
#3190=CARTESIAN_POINT('',(0.,-6.93889390390723E-19,0.));
#3191=CARTESIAN_POINT('',(8.63688366359634E-20,-0.005484375,0.002203125));
#3192=CARTESIAN_POINT('',(1.17593859203546E-19,-0.0058125,0.0015));
#3193=CARTESIAN_POINT('',(2.00860586050433E-19,-0.006,0.000749999999999999));
#3194=CARTESIAN_POINT('',(3.67394039744206E-19,-0.006,-6.93889390390723E-19));
#3195=CARTESIAN_POINT('',(1.72737673271927E-19,-0.01096875,0.00440625));
#3196=CARTESIAN_POINT('',(2.35187718407092E-19,-0.011625,0.003));
#3197=CARTESIAN_POINT('',(4.01721172100865E-19,-0.012,0.0015));
#3198=CARTESIAN_POINT('',(7.34788079488412E-19,-0.012,-1.38777878078145E-18));
#3199=CARTESIAN_POINT('',(-1.92853975868015E-19,-0.0238023227688655,0.0100826872962398));
#3200=CARTESIAN_POINT('',(-1.80484027388324E-19,-0.0251127251601874,0.00699753323362086));
#3201=CARTESIAN_POINT('',(-1.88730659708118E-19,-0.0258403726128414,0.00359610728773577));
#3202=CARTESIAN_POINT('',(-2.54703718266473E-19,-0.0258403726128414,1.85037170770859E-18));
#3203=CARTESIAN_POINT('',(-9.64269879340076E-20,-0.0257216071392238,0.0108776809124929));
#3204=CARTESIAN_POINT('',(-9.02420136941618E-20,-0.0271362829155563,0.00754078862958643));
#3205=CARTESIAN_POINT('',(-9.4365329854059E-20,-0.0279201863064207,0.00386773498571855));
#3206=CARTESIAN_POINT('',(-1.27351859133237E-19,-0.0279201863064207,9.25185853854297E-19));
#3207=CARTESIAN_POINT('',(0.,0.,0.03));
#3208=CARTESIAN_POINT('',(1.92592994438724E-35,-0.00413936268370133,0.03));
#3209=CARTESIAN_POINT('',(0.,-0.008084044025552,0.0291598406709253));
#3210=CARTESIAN_POINT('',(1.27351859133237E-19,-2.78883774128329E-19,0.0320798136935793));
#3211=CARTESIAN_POINT('',(1.27351859133237E-19,-0.00441099038168411,0.0320798136935793));
#3212=CARTESIAN_POINT('',(1.31475175293134E-19,-0.00862729942151756,0.0311833984262943));
#3213=CARTESIAN_POINT('',(2.54703718266473E-19,-5.57767548256658E-19,0.0341596273871586));
#3214=CARTESIAN_POINT('',(2.54703718266473E-19,-0.0046826180796669,0.0341596273871586));
#3215=CARTESIAN_POINT('',(2.62950350586268E-19,-0.00917055481748313,0.0332069561816633));
#3216=CARTESIAN_POINT('',(0.000342730636335139,2.50995396715496E-18,0.0384332533461084));
#3217=CARTESIAN_POINT('',(0.00034273063633514,-0.00533297214299739,0.0384332533461084));
#3218=CARTESIAN_POINT('',(0.000342730636335141,-0.010390145718373,0.0373530272174711));
#3219=CARTESIAN_POINT('',(0.00299804751036929,1.02257383847054E-18,0.0407668219220172));
#3220=CARTESIAN_POINT('',(0.00299804751036929,-0.0056377407202579,0.0407668219220173));
#3221=CARTESIAN_POINT('',(0.0029980475103693,-0.010999682872894,0.0396234761543367));
#3222=CARTESIAN_POINT('',(0.,-0.011672674528746,0.027640891509582));
#3223=CARTESIAN_POINT('',(1.92592994438724E-35,-0.013466989780343,0.0268814169289103));
#3224=CARTESIAN_POINT('',(1.92592994438724E-35,-0.0151722923222758,0.0259522448901715));
#3225=CARTESIAN_POINT('',(1.33536833373083E-19,-0.0124676681449991,0.0295601758799402));
#3226=CARTESIAN_POINT('',(1.34567662413057E-19,-0.0143878525067398,0.0287485646067632));
#3227=CARTESIAN_POINT('',(1.35083076933044E-19,-0.0162140517893926,0.0277552515138189));
#3228=CARTESIAN_POINT('',(2.67073666746165E-19,-0.0132626617612522,0.0314794602502985));
#3229=CARTESIAN_POINT('',(2.69135324826114E-19,-0.0153087152331367,0.030615712284616));
#3230=CARTESIAN_POINT('',(2.70166153866088E-19,-0.0172558112565094,0.0295582581374662));
#3231=CARTESIAN_POINT('',(0.00034273063633514,-0.0149818046661278,0.0354050726807052));
#3232=CARTESIAN_POINT('',(0.000342730636335141,-0.0172776341400052,0.0344310954123223));
#3233=CARTESIAN_POINT('',(0.000342730636335141,-0.0194570849569774,0.0332401860419073));
#3234=CARTESIAN_POINT('',(0.00299804751036929,-0.0158737942355126,0.0375585259966093));
#3235=CARTESIAN_POINT('',(0.0029980475103693,-0.0183108499168219,0.0365260509177456));
#3236=CARTESIAN_POINT('',(0.0029980475103693,-0.0206259479006268,0.0352631747413701));
#3237=CARTESIAN_POINT('',(0.,-0.0167684109674437,0.0248735465804663));
#3238=CARTESIAN_POINT('',(1.92592994438724E-35,-0.0169679257980897,0.0247387092917531));
#3239=CARTESIAN_POINT('',(0.,-0.0171657346303488,0.0246015356550561));
#3240=CARTESIAN_POINT('',(1.34309955153063E-19,-0.0179236086211447,0.0266014375996343));
#3241=CARTESIAN_POINT('',(1.34213314930566E-19,-0.0181373032251138,0.0264572108603612));
#3242=CARTESIAN_POINT('',(1.34096541328381E-19,-0.0183491752907875,0.0263104762957562));
#3243=CARTESIAN_POINT('',(2.68619910306127E-19,-0.0190788062748457,0.0283293286188023));
#3244=CARTESIAN_POINT('',(2.68426629861131E-19,-0.0193066806521378,0.0281757124289693));
#3245=CARTESIAN_POINT('',(2.68193082656762E-19,-0.0195326159512261,0.0280194169364564));
#3246=CARTESIAN_POINT('',(0.00034273063633514,-0.0214964426095446,0.0318589067845237));
#3247=CARTESIAN_POINT('',(0.00034273063633514,-0.0217513623161155,0.0316862468773507));
#3248=CARTESIAN_POINT('',(0.00034273063633514,-0.0220040930669925,0.0315106124406939));
#3249=CARTESIAN_POINT('',(0.00299804751036929,-0.0227925841591278,0.0337976151396872));
#3250=CARTESIAN_POINT('',(0.00299804751036929,-0.0230634136914404,0.0336144201894768));
#3251=CARTESIAN_POINT('',(0.0029980475103693,-0.0233319235092952,0.033428058310746));
#3252=CARTESIAN_POINT('',(0.,-0.0173617980673711,0.024462065067225));
#3253=CARTESIAN_POINT('',(1.92592994438724E-35,-0.0174598297858822,0.0243923297733095));
#3254=CARTESIAN_POINT('',(1.92592994438724E-35,-0.0175574251555841,0.0243220202416105));
#3255=CARTESIAN_POINT('',(1.33958124343033E-19,-0.0185591805654865,0.0261612753140196));
#3256=CARTESIAN_POINT('',(1.33888915850359E-19,-0.018664183202836,0.0260866748231513));
#3257=CARTESIAN_POINT('',(1.33814296511894E-19,-0.0187687191424419,0.0260114577280002));
#3258=CARTESIAN_POINT('',(2.67916248686066E-19,-0.019756563063602,0.0278604855608142));
#3259=CARTESIAN_POINT('',(2.67777831700718E-19,-0.0198685366197899,0.0277810198729932));
#3260=CARTESIAN_POINT('',(2.67628593023788E-19,-0.0199800131292997,0.0277008952143898));
#3261=CARTESIAN_POINT('',(0.00034273063633514,-0.0222545885447783,0.0313320553538795));
#3262=CARTESIAN_POINT('',(0.00034273063633514,-0.0223798362836712,0.0312427768104723));
#3263=CARTESIAN_POINT('',(0.00034273063633514,-0.0225045252042912,0.0311527676045257));
#3264=CARTESIAN_POINT('',(0.0029980475103693,-0.0235980618470128,0.0332385836395733));
#3265=CARTESIAN_POINT('',(0.0029980475103693,-0.0237311310158716,0.0331438463039869));
#3266=CARTESIAN_POINT('',(0.0029980475103693,-0.0238636073146961,0.0330483307702901));
#3267=CARTESIAN_POINT('',(0.,-0.0176545792518707,0.0242511413967342));
#3268=CARTESIAN_POINT('',(0.,-0.0176667235139065,0.0242422815411246));
#3269=CARTESIAN_POINT('',(1.92592994438724E-35,-0.0176788608810452,0.0242334127899967));
#3270=CARTESIAN_POINT('',(1.33734077577204E-19,-0.0188727828527192,0.0259356292045911));
#3271=CARTESIAN_POINT('',(1.33724050210367E-19,-0.0188857908165038,0.0259261506391649));
#3272=CARTESIAN_POINT('',(1.3371393534984E-19,-0.0188987914017052,0.0259166625201723));
#3273=CARTESIAN_POINT('',(2.67468155154407E-19,-0.0200909864535677,0.027620117012448));
#3274=CARTESIAN_POINT('',(2.67448100420735E-19,-0.0201048581191012,0.0276100197372053));
#3275=CARTESIAN_POINT('',(2.6742787069968E-19,-0.0201187219223653,0.0275999122503479));
#3276=CARTESIAN_POINT('',(0.00034273063633514,-0.0226286495169638,0.0310620342209554));
#3277=CARTESIAN_POINT('',(0.00034273063633514,-0.0226441650560479,0.0310506925480092));
#3278=CARTESIAN_POINT('',(0.00034273063633514,-0.0226596717731328,0.0310393395597875));
#3279=CARTESIAN_POINT('',(0.0029980475103693,-0.0239954842727764,0.0329520438054926));
#3280=CARTESIAN_POINT('',(0.0029980475103693,-0.0240119688925364,0.0329400079348929));
#3281=CARTESIAN_POINT('',(0.0029980475103693,-0.0240284441475973,0.0329279600106823));
#3282=CARTESIAN_POINT('',(0.,-0.0176909913436684,0.0242245351529687));
#3283=CARTESIAN_POINT('',(1.92592994438724E-35,-0.01769705657498,0.0242200963344547));
#3284=CARTESIAN_POINT('',(0.,-0.0177031200801627,0.0242156552944658));
#3285=CARTESIAN_POINT('',(1.33703732626968E-19,-0.0189117845975195,0.0259071648577225));
#3286=CARTESIAN_POINT('',(1.33698631265533E-19,-0.0189182811954266,0.0259024160264976));
#3287=CARTESIAN_POINT('',(1.33693507938511E-19,-0.018924775945987,0.0258976648094085));
#3288=CARTESIAN_POINT('',(2.67407465253937E-19,-0.0201325778513706,0.0275897945624763));
#3289=CARTESIAN_POINT('',(2.67397262531065E-19,-0.0201395058158733,0.0275847357185405));
#3290=CARTESIAN_POINT('',(2.67387015877022E-19,-0.0201464318118112,0.0275796743243512));
#3291=CARTESIAN_POINT('',(0.00034273063633514,-0.0226751696569105,0.0310279752689563));
#3292=CARTESIAN_POINT('',(0.00034273063633514,-0.0226829185987994,0.0310222931235408));
#3293=CARTESIAN_POINT('',(0.00034273063633514,-0.0226906653323615,0.0310166081524728));
#3294=CARTESIAN_POINT('',(0.0029980475103693,-0.024044910025321,0.0329159000460775));
#3295=CARTESIAN_POINT('',(0.0029980475103693,-0.0240531429641828,0.0329098700637751));
#3296=CARTESIAN_POINT('',(0.0029980475103693,-0.0240613735587104,0.0329038370713742));
#3297=CARTESIAN_POINT('',(0.,-0.0177091818580143,0.0242112120342041));
#3298=CARTESIAN_POINT('',(1.92592994438724E-35,-0.0177152436358659,0.0242067687739424));
#3299=CARTESIAN_POINT('',(1.92592994438724E-35,-0.0177213036863863,0.024202323293408));
#3300=CARTESIAN_POINT('',(1.33688362599821E-19,-0.0189312688478501,0.0258929112077187));
#3301=CARTESIAN_POINT('',(1.33683217261132E-19,-0.0189377617497132,0.0258881576060289));
#3302=CARTESIAN_POINT('',(1.33678049910775E-19,-0.018944252802879,0.0258834016197386));
#3303=CARTESIAN_POINT('',(2.67376725199643E-19,-0.0201533558376858,0.0275746103812333));
#3304=CARTESIAN_POINT('',(2.67366434522264E-19,-0.0201602798635604,0.0275695464381155));
#3305=CARTESIAN_POINT('',(2.67356099821549E-19,-0.0201672019193717,0.0275644799460692));
#3306=CARTESIAN_POINT('',(0.00034273063633514,-0.0226984098561833,0.0310109203573357));
#3307=CARTESIAN_POINT('',(0.00034273063633514,-0.0227061543800051,0.0310052325621986));
#3308=CARTESIAN_POINT('',(0.00034273063633514,-0.0227138966940866,0.0309995419429923));
#3309=CARTESIAN_POINT('',(0.0029980475103693,-0.0240696018073238,0.0328978010705269));
#3310=CARTESIAN_POINT('',(0.0029980475103693,-0.0240778300559373,0.0328917650696795));
#3311=CARTESIAN_POINT('',(0.0029980475103693,-0.0240860559586367,0.0328857260603858));
#3312=CARTESIAN_POINT('',(1.92592994438724E-35,-0.0177273620083732,0.0241978755938031));
#3313=CARTESIAN_POINT('',(0.,-0.017751595296321,0.0241800847953839));
#3314=CARTESIAN_POINT('',(0.,-0.0177758009277333,0.024162258491838));
#3315=CARTESIAN_POINT('',(1.33672860502668E-19,-0.018950742005997,0.0258786432501113));
#3316=CARTESIAN_POINT('',(1.33652102870242E-19,-0.0189766988184693,0.0258596097716022));
#3317=CARTESIAN_POINT('',(1.33630992313826E-19,-0.0190026260301775,0.0258405381597023));
#3318=CARTESIAN_POINT('',(2.67345721005336E-19,-0.0201741220036208,0.0275594109064195));
#3319=CARTESIAN_POINT('',(2.67304205740483E-19,-0.0202018023406176,0.0275391347478205));
#3320=CARTESIAN_POINT('',(2.67261984627652E-19,-0.0202294511326217,0.0275188178275667));
#3321=CARTESIAN_POINT('',(0.00034273063633514,-0.0227216367970144,0.0309938485013002));
#3322=CARTESIAN_POINT('',(0.00034273063633514,-0.0227525972087254,0.0309710747345315));
#3323=CARTESIAN_POINT('',(0.00034273063633514,-0.0227835222419761,0.0309482558079881));
#3324=CARTESIAN_POINT('',(0.0029980475103693,-0.0240942795138422,0.0328796840442977));
#3325=CARTESIAN_POINT('',(0.0029980475103693,-0.0241271737346644,0.0328555159799452));
#3326=CARTESIAN_POINT('',(0.0029980475103693,-0.0241600303955853,0.0328312998068835));
#3327=CARTESIAN_POINT('',(0.,-0.0177999788256631,0.0241443967601125));
#3328=CARTESIAN_POINT('',(0.,-0.0178483346215229,0.0241086732966615));
#3329=CARTESIAN_POINT('',(1.92592994438724E-35,-0.0178965794834531,0.0240728081204919));
#3330=CARTESIAN_POINT('',(1.33609525884195E-19,-0.0190285235546906,0.0258214284952872));
#3331=CARTESIAN_POINT('',(1.33566593024932E-19,-0.0190803186037168,0.0257832091664568));
#3332=CARTESIAN_POINT('',(1.33522236672809E-19,-0.0191319949039628,0.0257448376275651));
#3333=CARTESIAN_POINT('',(2.67219051768389E-19,-0.020257068283718,0.0274984602304619));
#3334=CARTESIAN_POINT('',(2.67133186049865E-19,-0.0203123025859107,0.0274577450362522));
#3335=CARTESIAN_POINT('',(2.67044473345619E-19,-0.0203674103244725,0.0274168671346384));
#3336=CARTESIAN_POINT('',(0.00034273063633514,-0.0228144118063027,0.0309253918229969));
#3337=CARTESIAN_POINT('',(0.00034273063633514,-0.0228761909349559,0.0308796638530144));
#3338=CARTESIAN_POINT('',(0.000342730636335139,-0.0229378281879128,0.0308337556492406));
#3339=CARTESIAN_POINT('',(0.0029980475103693,-0.0241928493954999,0.0328070356308471));
#3340=CARTESIAN_POINT('',(0.00299804751036929,-0.0242584873953292,0.0327585072787743));
#3341=CARTESIAN_POINT('',(0.00299804751036929,-0.0243239747511338,0.0327097869148025));
#3342=CARTESIAN_POINT('',(1.92592994438724E-35,-0.0179447127958778,0.0240368018471796));
#3343=CARTESIAN_POINT('',(1.92592994438724E-35,-0.0183297792952757,0.0237487516606809));
#3344=CARTESIAN_POINT('',(1.92592994438724E-35,-0.0187077066263274,0.0234516712570453));
#3345=CARTESIAN_POINT('',(1.33476433234022E-19,-0.0191835517639804,0.0257063145256152));
#3346=CARTESIAN_POINT('',(1.33110005723718E-19,-0.0195960066441213,0.025398129710016));
#3347=CARTESIAN_POINT('',(1.32650964666855E-19,-0.0200008173496463,0.0250802448586913));
#3348=CARTESIAN_POINT('',(2.66952866468043E-19,-0.020422390732083,0.0273758272040509));
#3349=CARTESIAN_POINT('',(2.66220011447436E-19,-0.0208622339929668,0.0270475077593512));
#3350=CARTESIAN_POINT('',(2.65301929333709E-19,-0.0212939280729652,0.0267088184603373));
#3351=CARTESIAN_POINT('',(0.000342730636335137,-0.0229993228414643,0.0307876680222898));
#3352=CARTESIAN_POINT('',(0.000342730636335137,-0.0234912800698757,0.0304189670066831));
#3353=CARTESIAN_POINT('',(0.000342730636335137,-0.0239741109363322,0.0300387829077514));
#3354=CARTESIAN_POINT('',(0.00299804751036929,-0.0243893106540747,0.032660875384808));
#3355=CARTESIAN_POINT('',(0.00299804751036929,-0.0249119978776027,0.032269583144852));
#3356=CARTESIAN_POINT('',(0.00299804751036929,-0.0254249921178647,0.0318660562794425));
#3357=CARTESIAN_POINT('',(0.,-0.0190781796142343,0.0231458758110712));
#3358=CARTESIAN_POINT('',(0.,-0.0198191255900482,0.0225342849191229));
#3359=CARTESIAN_POINT('',(0.,-0.0205302541932833,0.0218878338578207));
#3360=CARTESIAN_POINT('',(1.32087230035619E-19,-0.0203976298591209,0.024752991237243));
#3361=CARTESIAN_POINT('',(1.30959760773147E-19,-0.02119125487807,0.0240984839943464));
#3362=CARTESIAN_POINT('',(1.29413517213185E-19,-0.0219528871128175,0.0234065016709557));
#3363=CARTESIAN_POINT('',(2.64174460071237E-19,-0.0217170801040074,0.0263601066634149));
#3364=CARTESIAN_POINT('',(2.61919521546294E-19,-0.0225633841660918,0.02566268306957));
#3365=CARTESIAN_POINT('',(2.58827034426371E-19,-0.0233755200323516,0.0249251694840907));
#3366=CARTESIAN_POINT('',(0.000342730636335137,-0.024447444901654,0.0296475307601048));
#3367=CARTESIAN_POINT('',(0.000342730636335137,-0.0253941128322975,0.0288650264648117));
#3368=CARTESIAN_POINT('',(0.000342730636335137,-0.0263027931584023,0.0280382499746594));
#3369=CARTESIAN_POINT('',(0.00299804751036929,-0.0259278792494265,0.0314507278772076));
#3370=CARTESIAN_POINT('',(0.00299804751036929,-0.0269336535125502,0.0306200710727379));
#3371=CARTESIAN_POINT('',(0.00299804751036929,-0.0278989993408729,0.0297422081209668));
#3372=CARTESIAN_POINT('',(0.,-0.021209044025552,0.021209044025552));
#3373=CARTESIAN_POINT('',(0.,-0.0218878338578207,0.0205302541932833));
#3374=CARTESIAN_POINT('',(1.92592994438724E-35,-0.0225342849191229,0.0198191255900482));
#3375=CARTESIAN_POINT('',(1.27351859133237E-19,-0.0226796943918866,0.0226796943918866));
#3376=CARTESIAN_POINT('',(1.25290201053288E-19,-0.0234065016709557,0.0219528871128175));
#3377=CARTESIAN_POINT('',(1.22713128453352E-19,-0.0240984839943464,0.02119125487807));
#3378=CARTESIAN_POINT('',(2.54703718266473E-19,-0.0241503447582211,0.0241503447582211));
#3379=CARTESIAN_POINT('',(2.50580402106576E-19,-0.0249251694840907,0.0233755200323516));
#3380=CARTESIAN_POINT('',(2.45426256906705E-19,-0.02566268306957,0.0225633841660918));
#3381=CARTESIAN_POINT('',(0.000342730636335137,-0.0271705215665308,0.0271705215665308));
#3382=CARTESIAN_POINT('',(0.000342730636335139,-0.0280382499746594,0.0263027931584023));
#3383=CARTESIAN_POINT('',(0.000342730636335139,-0.0288650264648117,0.0253941128322975));
#3384=CARTESIAN_POINT('',(0.00299804751036929,-0.0288206037309199,0.0288206037309199));
#3385=CARTESIAN_POINT('',(0.00299804751036929,-0.0297422081209668,0.0278989993408729));
#3386=CARTESIAN_POINT('',(0.00299804751036929,-0.0306200710727379,0.0269336535125502));
#3387=CARTESIAN_POINT('',(0.,-0.0231458758110712,0.0190781796142343));
#3388=CARTESIAN_POINT('',(0.,-0.0234516712570453,0.0187077066263274));
#3389=CARTESIAN_POINT('',(0.,-0.0237487516606809,0.0183297792952757));
#3390=CARTESIAN_POINT('',(1.19910562000922E-19,-0.024752991237243,0.0203976298591209));
#3391=CARTESIAN_POINT('',(1.18509278774707E-19,-0.0250802448586913,0.0200008173496463));
#3392=CARTESIAN_POINT('',(1.17051622085368E-19,-0.025398129710016,0.0195960066441213));
#3393=CARTESIAN_POINT('',(2.39821124001844E-19,-0.0263601066634149,0.0217170801040074));
#3394=CARTESIAN_POINT('',(2.37018557549414E-19,-0.0267088184603373,0.0212939280729652));
#3395=CARTESIAN_POINT('',(2.34103244170737E-19,-0.0270475077593512,0.0208622339929668));
#3396=CARTESIAN_POINT('',(0.000342730636335139,-0.0296475307601048,0.024447444901654));
#3397=CARTESIAN_POINT('',(0.000342730636335139,-0.0300387829077514,0.0239741109363322));
#3398=CARTESIAN_POINT('',(0.000342730636335139,-0.0304189670066831,0.0234912800698757));
#3399=CARTESIAN_POINT('',(0.00299804751036929,-0.0314507278772076,0.0259278792494265));
#3400=CARTESIAN_POINT('',(0.00299804751036929,-0.0318660562794425,0.0254249921178647));
#3401=CARTESIAN_POINT('',(0.00299804751036929,-0.032269583144852,0.0249119978776026));
#3402=CARTESIAN_POINT('',(1.92592994438724E-35,-0.0240368018471796,0.0179447127958778));
#3403=CARTESIAN_POINT('',(1.92592994438724E-35,-0.0240728081204919,0.0178965794834531));
#3404=CARTESIAN_POINT('',(0.,-0.0241086732966615,0.0178483346215229));
#3405=CARTESIAN_POINT('',(1.15573832016343E-19,-0.0257063145256152,0.0191835517639804));
#3406=CARTESIAN_POINT('',(1.15389108257715E-19,-0.0257448376275651,0.0191319949039628));
#3407=CARTESIAN_POINT('',(1.15204069915029E-19,-0.0257832091664568,0.0190803186037168));
#3408=CARTESIAN_POINT('',(2.31147664032686E-19,-0.0273758272040509,0.020422390732083));
#3409=CARTESIAN_POINT('',(2.30778216515429E-19,-0.0274168671346384,0.0203674103244725));
#3410=CARTESIAN_POINT('',(2.30408139830058E-19,-0.0274577450362522,0.0203123025859107));
#3411=CARTESIAN_POINT('',(0.000342730636335137,-0.0307876680222897,0.0229993228414643));
#3412=CARTESIAN_POINT('',(0.000342730636335139,-0.0308337556492406,0.0229378281879128));
#3413=CARTESIAN_POINT('',(0.00034273063633514,-0.0308796638530144,0.0228761909349558));
#3414=CARTESIAN_POINT('',(0.00299804751036929,-0.032660875384808,0.0243893106540747));
#3415=CARTESIAN_POINT('',(0.00299804751036929,-0.0327097869148025,0.0243239747511337));
#3416=CARTESIAN_POINT('',(0.00299804751036929,-0.0327585072787743,0.0242584873953292));
#3417=CARTESIAN_POINT('',(1.92592994438724E-35,-0.0241443967601125,0.0177999788256631));
#3418=CARTESIAN_POINT('',(1.92592994438724E-35,-0.024162258491838,0.0177758009277333));
#3419=CARTESIAN_POINT('',(0.,-0.0241800847953839,0.017751595296321));
#3420=CARTESIAN_POINT('',(1.15018787769698E-19,-0.0258214284952872,0.0190285235546906));
#3421=CARTESIAN_POINT('',(1.14926146697033E-19,-0.0258405381597023,0.0190026260301775));
#3422=CARTESIAN_POINT('',(1.14833444673707E-19,-0.0258596097716022,0.0189766988184693));
#3423=CARTESIAN_POINT('',(2.30037575539397E-19,-0.0274984602304619,0.020257068283718));
#3424=CARTESIAN_POINT('',(2.29852293394066E-19,-0.0275188178275667,0.0202294511326217));
#3425=CARTESIAN_POINT('',(2.29666889347413E-19,-0.0275391347478205,0.0202018023406176));
#3426=CARTESIAN_POINT('',(0.00034273063633514,-0.0309253918229969,0.0228144118063027));
#3427=CARTESIAN_POINT('',(0.00034273063633514,-0.0309482558079881,0.0227835222419761));
#3428=CARTESIAN_POINT('',(0.00034273063633514,-0.0309710747345315,0.0227525972087254));
#3429=CARTESIAN_POINT('',(0.0029980475103693,-0.0328070356308471,0.0241928493954999));
#3430=CARTESIAN_POINT('',(0.0029980475103693,-0.0328312998068835,0.0241600303955853));
#3431=CARTESIAN_POINT('',(0.0029980475103693,-0.0328555159799452,0.0241271737346644));
#3432=CARTESIAN_POINT('',(0.,-0.0241978755938031,0.0177273620083732));
#3433=CARTESIAN_POINT('',(0.,-0.024202323293408,0.0177213036863863));
#3434=CARTESIAN_POINT('',(0.,-0.0242067687739424,0.0177152436358659));
#3435=CARTESIAN_POINT('',(1.14740690547396E-19,-0.0258786432501113,0.018950742005997));
#3436=CARTESIAN_POINT('',(1.14717502015818E-19,-0.0258834016197386,0.018944252802879));
#3437=CARTESIAN_POINT('',(1.14694310227804E-19,-0.0258881576060289,0.0189377617497132));
#3438=CARTESIAN_POINT('',(2.29481381094792E-19,-0.0275594109064195,0.0201741220036208));
#3439=CARTESIAN_POINT('',(2.29435004031636E-19,-0.0275644799460692,0.0201672019193717));
#3440=CARTESIAN_POINT('',(2.29388620455608E-19,-0.0275695464381155,0.0201602798635604));
#3441=CARTESIAN_POINT('',(0.00034273063633514,-0.0309938485013002,0.0227216367970144));
#3442=CARTESIAN_POINT('',(0.00034273063633514,-0.0309995419429923,0.0227138966940866));
#3443=CARTESIAN_POINT('',(0.00034273063633514,-0.0310052325621986,0.0227061543800051));
#3444=CARTESIAN_POINT('',(0.0029980475103693,-0.0328796840442977,0.0240942795138422));
#3445=CARTESIAN_POINT('',(0.0029980475103693,-0.0328857260603858,0.0240860559586367));
#3446=CARTESIAN_POINT('',(0.0029980475103693,-0.0328917650696795,0.0240778300559373));
#3447=CARTESIAN_POINT('',(0.,-0.0242112120342041,0.0177091818580143));
#3448=CARTESIAN_POINT('',(0.,-0.0242156552944658,0.0177031200801628));
#3449=CARTESIAN_POINT('',(0.,-0.0242200963344547,0.01769705657498));
#3450=CARTESIAN_POINT('',(1.14671115321598E-19,-0.0258929112077187,0.0189312688478501));
#3451=CARTESIAN_POINT('',(1.14647920415392E-19,-0.0258976648094085,0.018924775945987));
#3452=CARTESIAN_POINT('',(1.14624722390995E-19,-0.0259024160264976,0.0189182811954267));
#3453=CARTESIAN_POINT('',(2.29342230643196E-19,-0.0275746103812333,0.0201533558376858));
#3454=CARTESIAN_POINT('',(2.29295840830784E-19,-0.0275796743243512,0.0201464318118112));
#3455=CARTESIAN_POINT('',(2.29249444781989E-19,-0.0275847357185405,0.0201395058158733));
#3456=CARTESIAN_POINT('',(0.00034273063633514,-0.0310109203573357,0.0226984098561833));
#3457=CARTESIAN_POINT('',(0.00034273063633514,-0.0310166081524728,0.0226906653323615));
#3458=CARTESIAN_POINT('',(0.00034273063633514,-0.0310222931235408,0.0226829185987994));
#3459=CARTESIAN_POINT('',(0.0029980475103693,-0.0328978010705269,0.0240696018073238));
#3460=CARTESIAN_POINT('',(0.0029980475103693,-0.0329038370713742,0.0240613735587104));
#3461=CARTESIAN_POINT('',(0.0029980475103693,-0.0329098700637752,0.0240531429641828));
#3462=CARTESIAN_POINT('',(1.92592994438724E-35,-0.0242245351529687,0.0176909913436684));
#3463=CARTESIAN_POINT('',(0.,-0.0242334127899967,0.0176788608810452));
#3464=CARTESIAN_POINT('',(1.92592994438724E-35,-0.0242422815411246,0.0176667235139065));
#3465=CARTESIAN_POINT('',(1.14601521386651E-19,-0.0259071648577225,0.0189117845975195));
#3466=CARTESIAN_POINT('',(1.14555119377962E-19,-0.0259166625201723,0.0188987914017053));
#3467=CARTESIAN_POINT('',(1.14508705449488E-19,-0.0259261506391649,0.0188857908165039));
#3468=CARTESIAN_POINT('',(2.29203042773301E-19,-0.0275897945624763,0.0201325778513706));
#3469=CARTESIAN_POINT('',(2.29110238755925E-19,-0.0275999122503479,0.0201187219223653));
#3470=CARTESIAN_POINT('',(2.29017410898975E-19,-0.0276100197372052,0.0201048581191012));
#3471=CARTESIAN_POINT('',(0.00034273063633514,-0.0310279752689564,0.0226751696569105));
#3472=CARTESIAN_POINT('',(0.00034273063633514,-0.0310393395597875,0.0226596717731327));
#3473=CARTESIAN_POINT('',(0.000342730636335139,-0.0310506925480092,0.0226441650560478));
#3474=CARTESIAN_POINT('',(0.0029980475103693,-0.0329159000460775,0.024044910025321));
#3475=CARTESIAN_POINT('',(0.00299804751036929,-0.0329279600106823,0.0240284441475973));
#3476=CARTESIAN_POINT('',(0.00299804751036929,-0.0329400079348929,0.0240119688925364));
#3477=CARTESIAN_POINT('',(0.,-0.0242511413967341,0.0176545792518707));
#3478=CARTESIAN_POINT('',(0.,-0.0243220202416105,0.0175574251555841));
#3479=CARTESIAN_POINT('',(0.,-0.0243923297733095,0.0174598297858822));
#3480=CARTESIAN_POINT('',(1.14462280707186E-19,-0.0259356292045911,0.0188727828527192));
#3481=CARTESIAN_POINT('',(1.14090882768772E-19,-0.0260114577280001,0.0187687191424419));
#3482=CARTESIAN_POINT('',(1.13718792745432E-19,-0.0260866748231513,0.018664183202836));
#3483=CARTESIAN_POINT('',(2.28924561414372E-19,-0.027620117012448,0.0200909864535677));
#3484=CARTESIAN_POINT('',(2.28181765537545E-19,-0.0277008952143898,0.0199800131292997));
#3485=CARTESIAN_POINT('',(2.27437585490864E-19,-0.0277810198729932,0.0198685366197899));
#3486=CARTESIAN_POINT('',(0.000342730636335137,-0.0310620342209554,0.0226286495169638));
#3487=CARTESIAN_POINT('',(0.000342730636335137,-0.0311527676045257,0.0225045252042912));
#3488=CARTESIAN_POINT('',(0.000342730636335137,-0.0312427768104723,0.0223798362836712));
#3489=CARTESIAN_POINT('',(0.00299804751036929,-0.0329520438054926,0.0239954842727764));
#3490=CARTESIAN_POINT('',(0.00299804751036929,-0.0330483307702901,0.0238636073146961));
#3491=CARTESIAN_POINT('',(0.00299804751036929,-0.0331438463039869,0.0237311310158716));
#3492=CARTESIAN_POINT('',(0.,-0.024462065067225,0.0173617980673711));
#3493=CARTESIAN_POINT('',(0.,-0.0246015356550561,0.0171657346303488));
#3494=CARTESIAN_POINT('',(0.,-0.0247387092917531,0.0169679257980897));
#3495=CARTESIAN_POINT('',(1.13346576888469E-19,-0.0261612753140196,0.0185591805654865));
#3496=CARTESIAN_POINT('',(1.12602145174542E-19,-0.0263104762957562,0.0183491752907875));
#3497=CARTESIAN_POINT('',(1.11857210126123E-19,-0.0264572108603612,0.0181373032251138));
#3498=CARTESIAN_POINT('',(2.26693153776937E-19,-0.0278604855608142,0.019756563063602));
#3499=CARTESIAN_POINT('',(2.25204290349084E-19,-0.0280194169364564,0.0195326159512261));
#3500=CARTESIAN_POINT('',(2.23714420252246E-19,-0.0281757124289693,0.0193066806521378));
#3501=CARTESIAN_POINT('',(0.000342730636335137,-0.0313320553538795,0.0222545885447783));
#3502=CARTESIAN_POINT('',(0.000342730636335137,-0.0315106124406939,0.0220040930669925));
#3503=CARTESIAN_POINT('',(0.000342730636335137,-0.0316862468773507,0.0217513623161154));
#3504=CARTESIAN_POINT('',(0.00299804751036929,-0.0332385836395733,0.0235980618470128));
#3505=CARTESIAN_POINT('',(0.00299804751036929,-0.033428058310746,0.0233319235092952));
#3506=CARTESIAN_POINT('',(0.00299804751036929,-0.0336144201894768,0.0230634136914404));
#3507=CARTESIAN_POINT('',(0.,-0.0248735465804662,0.0167684109674437));
#3508=CARTESIAN_POINT('',(0.,-0.0259522448901715,0.0151722923222758));
#3509=CARTESIAN_POINT('',(0.,-0.0268814169289103,0.013466989780343));
#3510=CARTESIAN_POINT('',(1.11116301753641E-19,-0.0266014375996343,0.0179236086211447));
#3511=CARTESIAN_POINT('',(1.05189034773789E-19,-0.0277552515138189,0.0162140517893926));
#3512=CARTESIAN_POINT('',(9.95194750539305E-20,-0.0287485646067632,0.0143878525067398));
#3513=CARTESIAN_POINT('',(2.22232603507283E-19,-0.0283293286188023,0.0190788062748457));
#3514=CARTESIAN_POINT('',(2.10378069547578E-19,-0.0295582581374662,0.0172558112565094));
#3515=CARTESIAN_POINT('',(1.99038950107861E-19,-0.030615712284616,0.0153087152331367));
#3516=CARTESIAN_POINT('',(0.000342730636335137,-0.0318589067845237,0.0214964426095446));
#3517=CARTESIAN_POINT('',(0.000342730636335137,-0.0332401860419073,0.0194570849569774));
#3518=CARTESIAN_POINT('',(0.000342730636335136,-0.0344310954123223,0.0172776341400052));
#3519=CARTESIAN_POINT('',(0.00299804751036929,-0.0337976151396872,0.0227925841591278));
#3520=CARTESIAN_POINT('',(0.00299804751036929,-0.0352631747413702,0.0206259479006268));
#3521=CARTESIAN_POINT('',(0.00299804751036929,-0.0365260509177456,0.0183108499168219));
#3522=CARTESIAN_POINT('',(0.,-0.027640891509582,0.011672674528746));
#3523=CARTESIAN_POINT('',(0.,-0.0291598406709253,0.00808404402555199));
#3524=CARTESIAN_POINT('',(0.,-0.03,0.00413936268370133));
#3525=CARTESIAN_POINT('',(0.,-0.03,0.));
#3526=CARTESIAN_POINT('',(9.64269879340076E-20,-0.0295601758799402,0.0124676681449991));
#3527=CARTESIAN_POINT('',(9.02420136941618E-20,-0.0311833984262943,0.00862729942151756));
#3528=CARTESIAN_POINT('',(9.4365329854059E-20,-0.0320798136935793,0.00441099038168411));
#3529=CARTESIAN_POINT('',(1.27351859133237E-19,-0.0320798136935793,-9.25185853854297E-19));
#3530=CARTESIAN_POINT('',(1.92853975868015E-19,-0.0314794602502984,0.0132626617612522));
#3531=CARTESIAN_POINT('',(1.80484027388324E-19,-0.0332069561816633,0.00917055481748313));
#3532=CARTESIAN_POINT('',(1.88730659708118E-19,-0.0341596273871586,0.00468261807966689));
#3533=CARTESIAN_POINT('',(2.54703718266473E-19,-0.0341596273871586,-1.85037170770859E-18));
#3534=CARTESIAN_POINT('',(0.000342730636335136,-0.0354050726807052,0.0149818046661278));
#3535=CARTESIAN_POINT('',(0.000342730636335136,-0.0373530272174711,0.010390145718373));
#3536=CARTESIAN_POINT('',(0.000342730636335136,-0.0384332533461084,0.00533297214299739));
#3537=CARTESIAN_POINT('',(0.000342730636335135,-0.0384332533461084,1.68846418328409E-18));
#3538=CARTESIAN_POINT('',(0.00299804751036929,-0.0375585259966093,0.0158737942355126));
#3539=CARTESIAN_POINT('',(0.00299804751036929,-0.0396234761543367,0.010999682872894));
#3540=CARTESIAN_POINT('',(0.00299804751036929,-0.0407668219220172,0.0056377407202579));
#3541=CARTESIAN_POINT('',(0.00299804751036929,-0.0407668219220172,8.32667268468867E-19));
#3542=CARTESIAN_POINT('',(0.006,0.,0.0425));
#3543=CARTESIAN_POINT('',(0.006,-0.00586409713524356,0.0425));
#3544=CARTESIAN_POINT('',(0.006,-0.0114523957028653,0.0413097742838109));
#3545=CARTESIAN_POINT('',(0.00900195248963071,-1.02257383847054E-18,0.0442331780779828));
#3546=CARTESIAN_POINT('',(0.00900195248963071,-0.00609045355022921,0.0442331780779828));
#3547=CARTESIAN_POINT('',(0.00900195248963071,-0.0119051085328366,0.042996072413285));
#3548=CARTESIAN_POINT('',(0.012350540594858,-1.5803413867272E-18,0.0453659656580394));
#3549=CARTESIAN_POINT('',(0.012350540594858,-0.00623839780294001,0.0453659656580394));
#3550=CARTESIAN_POINT('',(0.012350540594858,-0.0122009970382582,0.0440982197353677));
#3551=CARTESIAN_POINT('',(0.0276826860935282,0.,0.05));
#3552=CARTESIAN_POINT('',(0.0276826860935277,-0.00833333333333333,0.05));
#3553=CARTESIAN_POINT('',(0.0276826860935279,-0.0166666666666667,0.05));
#3554=CARTESIAN_POINT('',(0.0388413430467641,0.,0.05));
#3555=CARTESIAN_POINT('',(0.0388413430467638,-0.00833333333333333,0.05));
#3556=CARTESIAN_POINT('',(0.0388413430467639,-0.0166666666666667,0.05));
#3557=CARTESIAN_POINT('',(0.006,-0.0165362889157235,0.0391579296385745));
#3558=CARTESIAN_POINT('',(0.006,-0.0190782355221526,0.0380820073159563));
#3559=CARTESIAN_POINT('',(0.006,-0.0214940807898908,0.0367656802610763));
#3560=CARTESIAN_POINT('',(0.00900195248963071,-0.0171987835959344,0.0407573332805397));
#3561=CARTESIAN_POINT('',(0.00900195248963071,-0.0198456211274833,0.039637963714167));
#3562=CARTESIAN_POINT('',(0.00900195248963071,-0.0223622136791548,0.0382681857807824));
#3563=CARTESIAN_POINT('',(0.012350540594858,-0.0176317833869714,0.041802687248566));
#3564=CARTESIAN_POINT('',(0.012350540594858,-0.020347176561328,0.0406549210051651));
#3565=CARTESIAN_POINT('',(0.012350540594858,-0.0229296165140334,0.0392502081207318));
#3566=CARTESIAN_POINT('',(0.0276826860935282,-0.025,0.05));
#3567=CARTESIAN_POINT('',(0.0276826860935283,-0.0291666666666667,0.05));
#3568=CARTESIAN_POINT('',(0.0276826860935285,-0.0333333333333333,0.05));
#3569=CARTESIAN_POINT('',(0.0388413430467641,-0.025,0.05));
#3570=CARTESIAN_POINT('',(0.0388413430467642,-0.0291666666666667,0.05));
#3571=CARTESIAN_POINT('',(0.0388413430467642,-0.0333333333333333,0.05));
#3572=CARTESIAN_POINT('',(0.006,-0.0237552488705453,0.0352375243223272));
#3573=CARTESIAN_POINT('',(0.006,-0.0240378948806271,0.0350465048299835));
#3574=CARTESIAN_POINT('',(0.006,-0.0243181240596608,0.0348521755113294));
#3575=CARTESIAN_POINT('',(0.00900195248963071,-0.0247179135819628,0.0366774335049672));
#3576=CARTESIAN_POINT('',(0.00900195248963071,-0.0250123760698138,0.0364785894704903));
#3577=CARTESIAN_POINT('',(0.00900195248963071,-0.0253043246100263,0.0362762927119129));
#3578=CARTESIAN_POINT('',(0.012350540594858,-0.0253471014552146,0.0376185435150837));
#3579=CARTESIAN_POINT('',(0.012350540594858,-0.0256492870728622,0.0374145854393777));
#3580=CARTESIAN_POINT('',(0.012350540594858,-0.0259488952684548,0.0372070812430277));
#3581=CARTESIAN_POINT('',(0.0276826860935282,-0.0375,0.05));
#3582=CARTESIAN_POINT('',(0.0276826860935282,-0.0380208333333333,0.05));
#3583=CARTESIAN_POINT('',(0.0276826860935281,-0.0385416666666667,0.05));
#3584=CARTESIAN_POINT('',(0.0388413430467641,-0.0375,0.05));
#3585=CARTESIAN_POINT('',(0.0388413430467641,-0.0380208333333333,0.05));
#3586=CARTESIAN_POINT('',(0.0388413430467641,-0.0385416666666667,0.05));
#3587=CARTESIAN_POINT('',(0.006,-0.0245958805954423,0.0346545921785688));
#3588=CARTESIAN_POINT('',(0.006,-0.0247347588633331,0.0345558005121885));
#3589=CARTESIAN_POINT('',(0.006,-0.0248730189704109,0.0344561953422815));
#3590=CARTESIAN_POINT('',(0.00900195248963071,-0.0255936993438719,0.0360706007175643));
#3591=CARTESIAN_POINT('',(0.00900195248963071,-0.0257383867107947,0.03596775472039));
#3592=CARTESIAN_POINT('',(0.00900195248963071,-0.0258824306261257,0.0358640599142729));
#3593=CARTESIAN_POINT('',(0.012350540594858,-0.0262458635384965,0.0369960895098615));
#3594=CARTESIAN_POINT('',(0.012350540594858,-0.0263943476735173,0.0368905936432784));
#3595=CARTESIAN_POINT('',(0.012350540594858,-0.0265421718271504,0.0367842258924912));
#3596=CARTESIAN_POINT('',(0.0276826860935282,-0.0390625,0.05));
#3597=CARTESIAN_POINT('',(0.0276826860935282,-0.0393229166666667,0.05));
#3598=CARTESIAN_POINT('',(0.0276826860935283,-0.0395833333333333,0.05));
#3599=CARTESIAN_POINT('',(0.0388413430467641,-0.0390625,0.05));
#3600=CARTESIAN_POINT('',(0.0388413430467641,-0.0393229166666667,0.05));
#3601=CARTESIAN_POINT('',(0.0388413430467642,-0.0395833333333333,0.05));
#3602=CARTESIAN_POINT('',(0.006,-0.0250106539401501,0.0343557836453734));
#3603=CARTESIAN_POINT('',(0.006,-0.0250278583113675,0.0343432321832599));
#3604=CARTESIAN_POINT('',(0.006,-0.025045052914814,0.034330668119162));
#3605=CARTESIAN_POINT('',(0.00900195248963071,-0.0260258236075239,0.0357595234852541));
#3606=CARTESIAN_POINT('',(0.00900195248963071,-0.0260437477301987,0.0357464564316268));
#3607=CARTESIAN_POINT('',(0.00900195248963071,-0.0260616616820308,0.0357333762276416));
#3608=CARTESIAN_POINT('',(0.012350540594858,-0.0266893281864588,0.0366769935804785));
#3609=CARTESIAN_POINT('',(0.012350540594858,-0.0267077227313724,0.0366635895414769));
#3610=CARTESIAN_POINT('',(0.012350540594858,-0.0267261068419996,0.0366501719937062));
#3611=CARTESIAN_POINT('',(0.0276826860935282,-0.03984375,0.05));
#3612=CARTESIAN_POINT('',(0.0276826860935282,-0.0398763020833333,0.05));
#3613=CARTESIAN_POINT('',(0.0276826860935282,-0.0399088541666667,0.05));
#3614=CARTESIAN_POINT('',(0.0388413430467641,-0.03984375,0.05));
#3615=CARTESIAN_POINT('',(0.0388413430467641,-0.0398763020833333,0.05));
#3616=CARTESIAN_POINT('',(0.0388413430467641,-0.0399088541666667,0.05));
#3617=CARTESIAN_POINT('',(0.006,-0.0250622377368636,0.0343180914667057));
#3618=CARTESIAN_POINT('',(0.006,-0.0250708301478884,0.0343118031404775));
#3619=CARTESIAN_POINT('',(0.006,-0.0250794201135639,0.0343055116671598));
#3620=CARTESIAN_POINT('',(0.00900195248963071,-0.0260795654484062,0.0357202828873338));
#3621=CARTESIAN_POINT('',(0.00900195248963071,-0.0260885173315939,0.0357137362171799));
#3622=CARTESIAN_POINT('',(0.00900195248963071,-0.0260974666684174,0.0357071862629454));
#3623=CARTESIAN_POINT('',(0.012350540594858,-0.0267444805030809,0.036636740951469));
#3624=CARTESIAN_POINT('',(0.012350540594858,-0.0267536673336215,0.0366300254303503));
#3625=CARTESIAN_POINT('',(0.012350540594858,-0.0267628515517756,0.0366233065356151));
#3626=CARTESIAN_POINT('',(0.0276826860935282,-0.03994140625,0.05));
#3627=CARTESIAN_POINT('',(0.0276826860935282,-0.0399576822916667,0.05));
#3628=CARTESIAN_POINT('',(0.0276826860935282,-0.0399739583333333,0.05));
#3629=CARTESIAN_POINT('',(0.0388413430467641,-0.03994140625,0.05));
#3630=CARTESIAN_POINT('',(0.0388413430467641,-0.0399576822916667,0.05));
#3631=CARTESIAN_POINT('',(0.0388413430467641,-0.0399739583333333,0.05));
#3632=CARTESIAN_POINT('',(0.006,-0.025088007632187,0.0342992170484558));
#3633=CARTESIAN_POINT('',(0.006,-0.02509659515081,0.0342929224297517));
#3634=CARTESIAN_POINT('',(0.006,-0.0251051802223806,0.0342866246656613));
#3635=CARTESIAN_POINT('',(0.00900195248963071,-0.0261064134570501,0.0357006330263846));
#3636=CARTESIAN_POINT('',(0.00900195248963071,-0.0261153602456827,0.0356940797898238));
#3637=CARTESIAN_POINT('',(0.00900195248963071,-0.0261243044861245,0.0356875232709368));
#3638=CARTESIAN_POINT('',(0.012350540594858,-0.0267720331556358,0.0366165842690512));
#3639=CARTESIAN_POINT('',(0.012350540594858,-0.026781214759496,0.0366098620024872));
#3640=CARTESIAN_POINT('',(0.012350540594858,-0.0267903937490623,0.0366031363640944));
#3641=CARTESIAN_POINT('',(0.0276826860935282,-0.039990234375,0.05));
#3642=CARTESIAN_POINT('',(0.0276826860935282,-0.0400065104166667,0.05));
#3643=CARTESIAN_POINT('',(0.0276826860935282,-0.0400181171127843,0.0499999919488228));
#3644=CARTESIAN_POINT('',(0.0388413430467641,-0.039990234375,0.05));
#3645=CARTESIAN_POINT('',(0.0388413430467641,-0.0400065104166667,0.05));
#3646=CARTESIAN_POINT('',(0.0388413430467641,-0.0400181171127843,0.0499999919488228));
#3647=CARTESIAN_POINT('',(0.006,-0.0251137628451954,0.0342803237578878));
#3648=CARTESIAN_POINT('',(0.006,-0.0251480933364547,0.0342551201267938));
#3649=CARTESIAN_POINT('',(0.006,-0.0251823846476221,0.0342298661967705));
#3650=CARTESIAN_POINT('',(0.00900195248963071,-0.0261332461765486,0.0356809634714779));
#3651=CARTESIAN_POINT('',(0.00900195248963071,-0.026169012938245,0.0356547242736424));
#3652=CARTESIAN_POINT('',(0.00900195248963071,-0.0262047388996589,0.0356284325866575));
#3653=CARTESIAN_POINT('',(0.012350540594858,-0.0267995701224271,0.0365964073556607));
#3654=CARTESIAN_POINT('',(0.012350540594858,-0.0268362756158865,0.0365694913219258));
#3655=CARTESIAN_POINT('',(0.012350540594858,-0.0268729392501234,0.0365425213675359));
#3656=CARTESIAN_POINT('',(0.0276826860935282,-0.0400310544645875,0.0499999517280349));
#3657=CARTESIAN_POINT('',(0.0276826860935282,-0.0400828038718,0.0499997908448833));
#3658=CARTESIAN_POINT('',(0.0276826860935283,-0.040134512827732,0.0499992279293432));
#3659=CARTESIAN_POINT('',(0.0388413430467641,-0.0400310544645875,0.0499999517280349));
#3660=CARTESIAN_POINT('',(0.0388413430467641,-0.0400828038718,0.0499997908448833));
#3661=CARTESIAN_POINT('',(0.0388413430467642,-0.040134512827732,0.0499992279293432));
#3662=CARTESIAN_POINT('',(0.006,-0.0252166366696895,0.034204562076826));
#3663=CARTESIAN_POINT('',(0.006,-0.0252851407138242,0.0341539538369371));
#3664=CARTESIAN_POINT('',(0.006,-0.0253534876015585,0.0341031448373635));
#3665=CARTESIAN_POINT('',(0.00900195248963071,-0.026240423943879,0.0356020885228049));
#3666=CARTESIAN_POINT('',(0.00900195248963071,-0.0263117940323191,0.0355494003950999));
#3667=CARTESIAN_POINT('',(0.00900195248963071,-0.0263830004519833,0.0354965027599246));
#3668=CARTESIAN_POINT('',(0.012350540594858,-0.0269095609030608,0.0365154976069125));
#3669=CARTESIAN_POINT('',(0.012350540594858,-0.0269828042089355,0.0364614500856657));
#3670=CARTESIAN_POINT('',(0.012350540594858,-0.0270558795896119,0.0364071873394847));
#3671=CARTESIAN_POINT('',(0.0276826860935284,-0.0401861770956674,0.0499982647363199));
#3672=CARTESIAN_POINT('',(0.0276826860935285,-0.0402895056315384,0.0499963383502732));
#3673=CARTESIAN_POINT('',(0.0276826860935283,-0.0403926554154231,0.0499928108542936));
#3674=CARTESIAN_POINT('',(0.0388413430467642,-0.0401861770956674,0.0499982647363199));
#3675=CARTESIAN_POINT('',(0.0388413430467642,-0.0402895056315384,0.0499963383502732));
#3676=CARTESIAN_POINT('',(0.0388413430467641,-0.0403926554154231,0.0499928108542936));
#3677=CARTESIAN_POINT('',(0.006,-0.0254216764608269,0.034052135950171));
#3678=CARTESIAN_POINT('',(0.006,-0.025967187334974,0.0336440648526313));
#3679=CARTESIAN_POINT('',(0.006,-0.0265025843872971,0.0332232009474808));
#3680=CARTESIAN_POINT('',(0.00900195248963071,-0.0264540422675791,0.0354433965155341));
#3681=CARTESIAN_POINT('',(0.00900195248963071,-0.0270223767923452,0.0350185465604105));
#3682=CARTESIAN_POINT('',(0.00900195248963071,-0.0275801766567296,0.0345803456155192));
#3683=CARTESIAN_POINT('',(0.012350540594858,-0.0271287860684729,0.036352710283742));
#3684=CARTESIAN_POINT('',(0.012350540594858,-0.0277120378993609,0.0359168938378003));
#3685=CARTESIAN_POINT('',(0.012350540594858,-0.0282844800140619,0.0354673615799048));
#3686=CARTESIAN_POINT('',(0.0276826860935281,-0.0404955925535938,0.0499876962876227));
#3687=CARTESIAN_POINT('',(0.0276826860935268,-0.0413190896589588,0.0499467797542559));
#3688=CARTESIAN_POINT('',(0.0276826860935275,-0.0421289774386181,0.0498042906966531));
#3689=CARTESIAN_POINT('',(0.0388413430467641,-0.0404955925535938,0.0499876962876227));
#3690=CARTESIAN_POINT('',(0.0388413430467634,-0.0413190896589588,0.0499467797542559));
#3691=CARTESIAN_POINT('',(0.0388413430467637,-0.0421289774386181,0.0498042906966531));
#3692=CARTESIAN_POINT('',(0.006,-0.0270274211201653,0.0327899907323508));
#3693=CARTESIAN_POINT('',(0.006,-0.0280770945859017,0.0319235703020908));
#3694=CARTESIAN_POINT('',(0.006,-0.029084526773818,0.0310077646319126));
#3695=CARTESIAN_POINT('',(0.00900195248963071,-0.0281269629909041,0.034129253587494));
#3696=CARTESIAN_POINT('',(0.00900195248963071,-0.0292205356592532,0.0332270695314437));
#3697=CARTESIAN_POINT('',(0.00900195248963071,-0.0302700542067632,0.0322733211428584));
#3698=CARTESIAN_POINT('',(0.012350540594858,-0.0288456123846091,0.0350045821806777));
#3699=CARTESIAN_POINT('',(0.012350540594858,-0.0299678771257035,0.0340790233822234));
#3700=CARTESIAN_POINT('',(0.012350540594858,-0.0310449028901828,0.0331004760184427));
#3701=CARTESIAN_POINT('',(0.0276826860935279,-0.0429079023038325,0.049567417206626));
#3702=CARTESIAN_POINT('',(0.0276826860935287,-0.0444657520342612,0.0490936702265719));
#3703=CARTESIAN_POINT('',(0.0276826860935283,-0.0458997501069103,0.0482423855168207));
#3704=CARTESIAN_POINT('',(0.0388413430467639,-0.0429079023038325,0.049567417206626));
#3705=CARTESIAN_POINT('',(0.0388413430467644,-0.0444657520342612,0.0490936702265719));
#3706=CARTESIAN_POINT('',(0.0388413430467642,-0.0458997501069103,0.0482423855168207));
#3707=CARTESIAN_POINT('',(0.006,-0.0300461457028653,0.0300461457028653));
#3708=CARTESIAN_POINT('',(0.006,-0.0310077646319126,0.029084526773818));
#3709=CARTESIAN_POINT('',(0.006,-0.0319235703020908,0.0280770945859017));
#3710=CARTESIAN_POINT('',(0.00900195248963071,-0.0312716876748108,0.0312716876748108));
#3711=CARTESIAN_POINT('',(0.00900195248963071,-0.0322733211428584,0.0302700542067632));
#3712=CARTESIAN_POINT('',(0.00900195248963071,-0.0332270695314437,0.0292205356592532));
#3713=CARTESIAN_POINT('',(0.012350540594858,-0.0320726894543127,0.0320726894543127));
#3714=CARTESIAN_POINT('',(0.012350540594858,-0.0331004760184427,0.0310449028901828));
#3715=CARTESIAN_POINT('',(0.012350540594858,-0.0340790233822234,0.0299678771257035));
#3716=CARTESIAN_POINT('',(0.0276826860935282,-0.0470710678118655,0.0470710678118655));
#3717=CARTESIAN_POINT('',(0.0276826860935281,-0.0482423855168207,0.0458997501069103));
#3718=CARTESIAN_POINT('',(0.0276826860935282,-0.0490936702265719,0.0444657520342612));
#3719=CARTESIAN_POINT('',(0.0388413430467641,-0.0470710678118655,0.0470710678118655));
#3720=CARTESIAN_POINT('',(0.038841343046764,-0.0482423855168207,0.0458997501069103));
#3721=CARTESIAN_POINT('',(0.0388413430467641,-0.0490936702265719,0.0444657520342612));
#3722=CARTESIAN_POINT('',(0.006,-0.0327899907323508,0.0270274211201653));
#3723=CARTESIAN_POINT('',(0.006,-0.0332232009474808,0.0265025843872971));
#3724=CARTESIAN_POINT('',(0.006,-0.0336440648526313,0.0259671873349739));
#3725=CARTESIAN_POINT('',(0.00900195248963071,-0.034129253587494,0.0281269629909041));
#3726=CARTESIAN_POINT('',(0.00900195248963071,-0.0345803456155192,0.0275801766567296));
#3727=CARTESIAN_POINT('',(0.00900195248963071,-0.0350185465604105,0.0270223767923452));
#3728=CARTESIAN_POINT('',(0.012350540594858,-0.0350045821806777,0.0288456123846091));
#3729=CARTESIAN_POINT('',(0.012350540594858,-0.0354673615799048,0.0282844800140619));
#3730=CARTESIAN_POINT('',(0.012350540594858,-0.0359168938378003,0.0277120378993609));
#3731=CARTESIAN_POINT('',(0.0276826860935282,-0.049567417206626,0.0429079023038325));
#3732=CARTESIAN_POINT('',(0.0276826860935282,-0.0498042906966531,0.0421289774386181));
#3733=CARTESIAN_POINT('',(0.0276826860935281,-0.0499467797542559,0.0413190896589588));
#3734=CARTESIAN_POINT('',(0.0388413430467641,-0.049567417206626,0.0429079023038325));
#3735=CARTESIAN_POINT('',(0.0388413430467641,-0.0498042906966531,0.0421289774386181));
#3736=CARTESIAN_POINT('',(0.0388413430467641,-0.0499467797542559,0.0413190896589588));
#3737=CARTESIAN_POINT('',(0.006,-0.034052135950171,0.0254216764608269));
#3738=CARTESIAN_POINT('',(0.006,-0.0341031448373635,0.0253534876015585));
#3739=CARTESIAN_POINT('',(0.006,-0.0341539538369371,0.0252851407138241));
#3740=CARTESIAN_POINT('',(0.00900195248963071,-0.0354433965155341,0.026454042267579));
#3741=CARTESIAN_POINT('',(0.00900195248963071,-0.0354965027599245,0.0263830004519833));
#3742=CARTESIAN_POINT('',(0.00900195248963071,-0.0355494003950999,0.026311794032319));
#3743=CARTESIAN_POINT('',(0.012350540594858,-0.036352710283742,0.0271287860684729));
#3744=CARTESIAN_POINT('',(0.012350540594858,-0.0364071873394847,0.0270558795896119));
#3745=CARTESIAN_POINT('',(0.012350540594858,-0.0364614500856656,0.0269828042089355));
#3746=CARTESIAN_POINT('',(0.0276826860935282,-0.0499876962876227,0.0404955925535938));
#3747=CARTESIAN_POINT('',(0.0276826860935282,-0.0499928108542936,0.0403926554154231));
#3748=CARTESIAN_POINT('',(0.0276826860935282,-0.0499963383502732,0.0402895056315384));
#3749=CARTESIAN_POINT('',(0.0388413430467641,-0.0499876962876227,0.0404955925535938));
#3750=CARTESIAN_POINT('',(0.0388413430467641,-0.0499928108542936,0.0403926554154231));
#3751=CARTESIAN_POINT('',(0.0388413430467641,-0.0499963383502732,0.0402895056315384));
#3752=CARTESIAN_POINT('',(0.006,-0.034204562076826,0.0252166366696894));
#3753=CARTESIAN_POINT('',(0.006,-0.0342298661967705,0.0251823846476221));
#3754=CARTESIAN_POINT('',(0.006,-0.0342551201267938,0.0251480933364547));
#3755=CARTESIAN_POINT('',(0.00900195248963071,-0.0356020885228049,0.026240423943879));
#3756=CARTESIAN_POINT('',(0.00900195248963071,-0.0356284325866575,0.0262047388996589));
#3757=CARTESIAN_POINT('',(0.00900195248963071,-0.0356547242736424,0.0261690129382449));
#3758=CARTESIAN_POINT('',(0.012350540594858,-0.0365154976069125,0.0269095609030607));
#3759=CARTESIAN_POINT('',(0.012350540594858,-0.0365425213675359,0.0268729392501234));
#3760=CARTESIAN_POINT('',(0.012350540594858,-0.0365694913219258,0.0268362756158864));
#3761=CARTESIAN_POINT('',(0.0276826860935282,-0.0499982647363199,0.0401861770956674));
#3762=CARTESIAN_POINT('',(0.0276826860935282,-0.0499992279293432,0.040134512827732));
#3763=CARTESIAN_POINT('',(0.0276826860935282,-0.0499997908448833,0.0400828038718));
#3764=CARTESIAN_POINT('',(0.0388413430467641,-0.0499982647363199,0.0401861770956674));
#3765=CARTESIAN_POINT('',(0.0388413430467641,-0.0499992279293432,0.040134512827732));
#3766=CARTESIAN_POINT('',(0.0388413430467641,-0.0499997908448833,0.0400828038718));
#3767=CARTESIAN_POINT('',(0.006,-0.0342803237578878,0.0251137628451954));
#3768=CARTESIAN_POINT('',(0.006,-0.0342866246656613,0.0251051802223806));
#3769=CARTESIAN_POINT('',(0.006,-0.0342929224297517,0.02509659515081));
#3770=CARTESIAN_POINT('',(0.00900195248963071,-0.0356809634714779,0.0261332461765486));
#3771=CARTESIAN_POINT('',(0.00900195248963071,-0.0356875232709368,0.0261243044861245));
#3772=CARTESIAN_POINT('',(0.00900195248963071,-0.0356940797898238,0.0261153602456827));
#3773=CARTESIAN_POINT('',(0.012350540594858,-0.0365964073556607,0.0267995701224271));
#3774=CARTESIAN_POINT('',(0.012350540594858,-0.0366031363640944,0.0267903937490622));
#3775=CARTESIAN_POINT('',(0.012350540594858,-0.0366098620024872,0.026781214759496));
#3776=CARTESIAN_POINT('',(0.0276826860935282,-0.0499999517280349,0.0400310544645875));
#3777=CARTESIAN_POINT('',(0.0276826860935282,-0.0499999919488228,0.0400181171127843));
#3778=CARTESIAN_POINT('',(0.0276826860935282,-0.05,0.0400065104166667));
#3779=CARTESIAN_POINT('',(0.0388413430467641,-0.0499999517280349,0.0400310544645875));
#3780=CARTESIAN_POINT('',(0.0388413430467641,-0.0499999919488228,0.0400181171127843));
#3781=CARTESIAN_POINT('',(0.0388413430467641,-0.05,0.0400065104166667));
#3782=CARTESIAN_POINT('',(0.006,-0.0342992170484558,0.0250880076321869));
#3783=CARTESIAN_POINT('',(0.006,-0.0343055116671598,0.0250794201135639));
#3784=CARTESIAN_POINT('',(0.006,-0.0343118031404775,0.0250708301478884));
#3785=CARTESIAN_POINT('',(0.00900195248963071,-0.0357006330263846,0.0261064134570501));
#3786=CARTESIAN_POINT('',(0.00900195248963071,-0.0357071862629454,0.0260974666684174));
#3787=CARTESIAN_POINT('',(0.00900195248963071,-0.03571373621718,0.0260885173315939));
#3788=CARTESIAN_POINT('',(0.012350540594858,-0.0366165842690512,0.0267720331556358));
#3789=CARTESIAN_POINT('',(0.012350540594858,-0.0366233065356152,0.0267628515517756));
#3790=CARTESIAN_POINT('',(0.012350540594858,-0.0366300254303504,0.0267536673336215));
#3791=CARTESIAN_POINT('',(0.0276826860935282,-0.05,0.039990234375));
#3792=CARTESIAN_POINT('',(0.0276826860935282,-0.05,0.0399739583333333));
#3793=CARTESIAN_POINT('',(0.0276826860935282,-0.05,0.0399576822916667));
#3794=CARTESIAN_POINT('',(0.0388413430467641,-0.05,0.039990234375));
#3795=CARTESIAN_POINT('',(0.0388413430467641,-0.05,0.0399739583333333));
#3796=CARTESIAN_POINT('',(0.0388413430467641,-0.05,0.0399576822916667));
#3797=CARTESIAN_POINT('',(0.006,-0.0343180914667057,0.0250622377368636));
#3798=CARTESIAN_POINT('',(0.006,-0.034330668119162,0.025045052914814));
#3799=CARTESIAN_POINT('',(0.006,-0.0343432321832599,0.0250278583113675));
#3800=CARTESIAN_POINT('',(0.00900195248963071,-0.0357202828873338,0.0260795654484062));
#3801=CARTESIAN_POINT('',(0.00900195248963071,-0.0357333762276416,0.0260616616820307));
#3802=CARTESIAN_POINT('',(0.00900195248963071,-0.0357464564316268,0.0260437477301987));
#3803=CARTESIAN_POINT('',(0.012350540594858,-0.036636740951469,0.0267444805030808));
#3804=CARTESIAN_POINT('',(0.012350540594858,-0.0366501719937062,0.0267261068419996));
#3805=CARTESIAN_POINT('',(0.012350540594858,-0.0366635895414769,0.0267077227313724));
#3806=CARTESIAN_POINT('',(0.0276826860935282,-0.05,0.03994140625));
#3807=CARTESIAN_POINT('',(0.0276826860935282,-0.05,0.0399088541666667));
#3808=CARTESIAN_POINT('',(0.0276826860935282,-0.05,0.0398763020833333));
#3809=CARTESIAN_POINT('',(0.0388413430467641,-0.05,0.03994140625));
#3810=CARTESIAN_POINT('',(0.0388413430467641,-0.05,0.0399088541666667));
#3811=CARTESIAN_POINT('',(0.0388413430467641,-0.05,0.0398763020833333));
#3812=CARTESIAN_POINT('',(0.006,-0.0343557836453734,0.0250106539401501));
#3813=CARTESIAN_POINT('',(0.006,-0.0344561953422815,0.0248730189704109));
#3814=CARTESIAN_POINT('',(0.006,-0.0345558005121885,0.0247347588633331));
#3815=CARTESIAN_POINT('',(0.00900195248963071,-0.0357595234852541,0.0260258236075239));
#3816=CARTESIAN_POINT('',(0.00900195248963071,-0.0358640599142729,0.0258824306261257));
#3817=CARTESIAN_POINT('',(0.00900195248963071,-0.03596775472039,0.0257383867107946));
#3818=CARTESIAN_POINT('',(0.012350540594858,-0.0366769935804785,0.0266893281864588));
#3819=CARTESIAN_POINT('',(0.012350540594858,-0.0367842258924912,0.0265421718271504));
#3820=CARTESIAN_POINT('',(0.012350540594858,-0.0368905936432784,0.0263943476735173));
#3821=CARTESIAN_POINT('',(0.0276826860935282,-0.05,0.03984375));
#3822=CARTESIAN_POINT('',(0.0276826860935285,-0.05,0.0395833333333333));
#3823=CARTESIAN_POINT('',(0.0276826860935284,-0.05,0.0393229166666667));
#3824=CARTESIAN_POINT('',(0.0388413430467641,-0.05,0.03984375));
#3825=CARTESIAN_POINT('',(0.0388413430467642,-0.05,0.0395833333333333));
#3826=CARTESIAN_POINT('',(0.0388413430467642,-0.05,0.0393229166666667));
#3827=CARTESIAN_POINT('',(0.006,-0.0346545921785688,0.0245958805954423));
#3828=CARTESIAN_POINT('',(0.006,-0.0348521755113295,0.0243181240596608));
#3829=CARTESIAN_POINT('',(0.006,-0.0350465048299835,0.0240378948806271));
#3830=CARTESIAN_POINT('',(0.00900195248963071,-0.0360706007175643,0.0255936993438719));
#3831=CARTESIAN_POINT('',(0.00900195248963071,-0.0362762927119129,0.0253043246100263));
#3832=CARTESIAN_POINT('',(0.00900195248963071,-0.0364785894704903,0.0250123760698138));
#3833=CARTESIAN_POINT('',(0.012350540594858,-0.0369960895098615,0.0262458635384965));
#3834=CARTESIAN_POINT('',(0.012350540594858,-0.0372070812430277,0.0259488952684548));
#3835=CARTESIAN_POINT('',(0.012350540594858,-0.0374145854393777,0.0256492870728622));
#3836=CARTESIAN_POINT('',(0.0276826860935283,-0.05,0.0390625));
#3837=CARTESIAN_POINT('',(0.0276826860935282,-0.05,0.0385416666666667));
#3838=CARTESIAN_POINT('',(0.0276826860935282,-0.05,0.0380208333333333));
#3839=CARTESIAN_POINT('',(0.0388413430467642,-0.05,0.0390625));
#3840=CARTESIAN_POINT('',(0.0388413430467641,-0.05,0.0385416666666667));
#3841=CARTESIAN_POINT('',(0.0388413430467641,-0.05,0.0380208333333333));
#3842=CARTESIAN_POINT('',(0.006,-0.0352375243223272,0.0237552488705453));
#3843=CARTESIAN_POINT('',(0.006,-0.0367656802610763,0.0214940807898908));
#3844=CARTESIAN_POINT('',(0.006,-0.0380820073159563,0.0190782355221526));
#3845=CARTESIAN_POINT('',(0.00900195248963071,-0.0366774335049672,0.0247179135819628));
#3846=CARTESIAN_POINT('',(0.00900195248963071,-0.0382681857807824,0.0223622136791547));
#3847=CARTESIAN_POINT('',(0.00900195248963071,-0.039637963714167,0.0198456211274833));
#3848=CARTESIAN_POINT('',(0.012350540594858,-0.0376185435150837,0.0253471014552146));
#3849=CARTESIAN_POINT('',(0.012350540594858,-0.0392502081207318,0.0229296165140334));
#3850=CARTESIAN_POINT('',(0.012350540594858,-0.0406549210051651,0.020347176561328));
#3851=CARTESIAN_POINT('',(0.0276826860935281,-0.05,0.0375));
#3852=CARTESIAN_POINT('',(0.0276826860935279,-0.05,0.0333333333333333));
#3853=CARTESIAN_POINT('',(0.0276826860935275,-0.05,0.0291666666666667));
#3854=CARTESIAN_POINT('',(0.0388413430467641,-0.05,0.0375));
#3855=CARTESIAN_POINT('',(0.038841343046764,-0.05,0.0333333333333333));
#3856=CARTESIAN_POINT('',(0.0388413430467637,-0.05,0.0291666666666667));
#3857=CARTESIAN_POINT('',(0.006,-0.0391579296385745,0.0165362889157235));
#3858=CARTESIAN_POINT('',(0.006,-0.0413097742838109,0.0114523957028653));
#3859=CARTESIAN_POINT('',(0.006,-0.0425,0.00586409713524355));
#3860=CARTESIAN_POINT('',(0.006,-0.0425,0.));
#3861=CARTESIAN_POINT('',(0.00900195248963071,-0.0407573332805397,0.0171987835959344));
#3862=CARTESIAN_POINT('',(0.00900195248963071,-0.042996072413285,0.0119051085328366));
#3863=CARTESIAN_POINT('',(0.00900195248963071,-0.0442331780779828,0.0060904535502292));
#3864=CARTESIAN_POINT('',(0.00900195248963071,-0.0442331780779828,-8.32667268468867E-19));
#3865=CARTESIAN_POINT('',(0.012350540594858,-0.041802687248566,0.0176317833869714));
#3866=CARTESIAN_POINT('',(0.012350540594858,-0.0440982197353677,0.0122009970382582));
#3867=CARTESIAN_POINT('',(0.012350540594858,-0.0453659656580394,0.00623839780294));
#3868=CARTESIAN_POINT('',(0.012350540594858,-0.0453659656580394,-1.64220489059138E-18));
#3869=CARTESIAN_POINT('',(0.0276826860935273,-0.05,0.025));
#3870=CARTESIAN_POINT('',(0.027682686093527,-0.05,0.0166666666666667));
#3871=CARTESIAN_POINT('',(0.0276826860935279,-0.05,0.00833333333333333));
#3872=CARTESIAN_POINT('',(0.0276826860935282,-0.05,0.));
#3873=CARTESIAN_POINT('',(0.0388413430467637,-0.05,0.025));
#3874=CARTESIAN_POINT('',(0.0388413430467635,-0.05,0.0166666666666667));
#3875=CARTESIAN_POINT('',(0.038841343046764,-0.05,0.00833333333333333));
#3876=CARTESIAN_POINT('',(0.0388413430467641,-0.05,0.));
#3877=CARTESIAN_POINT('',(0.05,0.,0.05));
#3878=CARTESIAN_POINT('',(0.05,-0.00833333333333333,0.05));
#3879=CARTESIAN_POINT('',(0.05,-0.0166666666666667,0.05));
#3880=CARTESIAN_POINT('',(0.0611586569532359,0.,0.05));
#3881=CARTESIAN_POINT('',(0.0611586569532362,-0.00833333333333333,0.05));
#3882=CARTESIAN_POINT('',(0.0611586569532361,-0.0166666666666667,0.05));
#3883=CARTESIAN_POINT('',(0.0723173139064718,0.,0.05));
#3884=CARTESIAN_POINT('',(0.0723173139064724,-0.00833333333333333,0.05));
#3885=CARTESIAN_POINT('',(0.0723173139064721,-0.0166666666666667,0.05));
#3886=CARTESIAN_POINT('',(0.08,0.,0.05));
#3887=CARTESIAN_POINT('',(0.0800000000000005,-0.00833333333333333,0.05));
#3888=CARTESIAN_POINT('',(0.0800000000000002,-0.0166666666666667,0.05));
#3889=CARTESIAN_POINT('',(0.09,0.,0.05));
#3890=CARTESIAN_POINT('',(0.0900000000000002,-0.00833333333333333,0.05));
#3891=CARTESIAN_POINT('',(0.0900000000000001,-0.0166666666666667,0.05));
#3892=CARTESIAN_POINT('',(0.1,0.,0.05));
#3893=CARTESIAN_POINT('',(0.1,-0.00833333333333333,0.05));
#3894=CARTESIAN_POINT('',(0.1,-0.0166666666666667,0.05));
#3895=CARTESIAN_POINT('',(0.05,-0.025,0.05));
#3896=CARTESIAN_POINT('',(0.05,-0.0291666666666667,0.05));
#3897=CARTESIAN_POINT('',(0.05,-0.0333333333333333,0.05));
#3898=CARTESIAN_POINT('',(0.0611586569532359,-0.025,0.05));
#3899=CARTESIAN_POINT('',(0.0611586569532358,-0.0291666666666667,0.05));
#3900=CARTESIAN_POINT('',(0.0611586569532358,-0.0333333333333333,0.05));
#3901=CARTESIAN_POINT('',(0.0723173139064718,-0.025,0.05));
#3902=CARTESIAN_POINT('',(0.0723173139064717,-0.0291666666666667,0.05));
#3903=CARTESIAN_POINT('',(0.0723173139064715,-0.0333333333333333,0.05));
#3904=CARTESIAN_POINT('',(0.08,-0.025,0.05));
#3905=CARTESIAN_POINT('',(0.0799999999999999,-0.0291666666666667,0.05));
#3906=CARTESIAN_POINT('',(0.0799999999999998,-0.0333333333333333,0.05));
#3907=CARTESIAN_POINT('',(0.09,-0.025,0.05));
#3908=CARTESIAN_POINT('',(0.09,-0.0291666666666667,0.05));
#3909=CARTESIAN_POINT('',(0.0899999999999999,-0.0333333333333333,0.05));
#3910=CARTESIAN_POINT('',(0.1,-0.025,0.05));
#3911=CARTESIAN_POINT('',(0.1,-0.0291666666666667,0.05));
#3912=CARTESIAN_POINT('',(0.1,-0.0333333333333333,0.05));
#3913=CARTESIAN_POINT('',(0.05,-0.0375,0.05));
#3914=CARTESIAN_POINT('',(0.05,-0.0380208333333333,0.05));
#3915=CARTESIAN_POINT('',(0.05,-0.0385416666666667,0.05));
#3916=CARTESIAN_POINT('',(0.0611586569532359,-0.0375,0.05));
#3917=CARTESIAN_POINT('',(0.0611586569532359,-0.0380208333333333,0.05));
#3918=CARTESIAN_POINT('',(0.061158656953236,-0.0385416666666667,0.05));
#3919=CARTESIAN_POINT('',(0.0723173139064718,-0.0375,0.05));
#3920=CARTESIAN_POINT('',(0.0723173139064719,-0.0380208333333333,0.05));
#3921=CARTESIAN_POINT('',(0.0723173139064719,-0.0385416666666667,0.05));
#3922=CARTESIAN_POINT('',(0.08,-0.0375,0.05));
#3923=CARTESIAN_POINT('',(0.08,-0.0380208333333333,0.05));
#3924=CARTESIAN_POINT('',(0.08,-0.0385416666666667,0.05));
#3925=CARTESIAN_POINT('',(0.09,-0.0375,0.05));
#3926=CARTESIAN_POINT('',(0.09,-0.0380208333333333,0.05));
#3927=CARTESIAN_POINT('',(0.09,-0.0385416666666667,0.05));
#3928=CARTESIAN_POINT('',(0.1,-0.0375,0.05));
#3929=CARTESIAN_POINT('',(0.1,-0.0380208333333333,0.05));
#3930=CARTESIAN_POINT('',(0.1,-0.0385416666666667,0.05));
#3931=CARTESIAN_POINT('',(0.05,-0.0390625,0.05));
#3932=CARTESIAN_POINT('',(0.05,-0.0393229166666667,0.05));
#3933=CARTESIAN_POINT('',(0.05,-0.0395833333333333,0.05));
#3934=CARTESIAN_POINT('',(0.0611586569532359,-0.0390625,0.05));
#3935=CARTESIAN_POINT('',(0.0611586569532359,-0.0393229166666667,0.05));
#3936=CARTESIAN_POINT('',(0.0611586569532359,-0.0395833333333333,0.05));
#3937=CARTESIAN_POINT('',(0.0723173139064718,-0.0390625,0.05));
#3938=CARTESIAN_POINT('',(0.0723173139064718,-0.0393229166666667,0.05));
#3939=CARTESIAN_POINT('',(0.0723173139064717,-0.0395833333333333,0.05));
#3940=CARTESIAN_POINT('',(0.08,-0.0390625,0.05));
#3941=CARTESIAN_POINT('',(0.08,-0.0393229166666667,0.05));
#3942=CARTESIAN_POINT('',(0.0799999999999999,-0.0395833333333333,0.05));
#3943=CARTESIAN_POINT('',(0.09,-0.0390625,0.05));
#3944=CARTESIAN_POINT('',(0.09,-0.0393229166666667,0.05));
#3945=CARTESIAN_POINT('',(0.09,-0.0395833333333333,0.05));
#3946=CARTESIAN_POINT('',(0.1,-0.0390625,0.05));
#3947=CARTESIAN_POINT('',(0.1,-0.0393229166666667,0.05));
#3948=CARTESIAN_POINT('',(0.1,-0.0395833333333333,0.05));
#3949=CARTESIAN_POINT('',(0.05,-0.03984375,0.05));
#3950=CARTESIAN_POINT('',(0.05,-0.0398763020833333,0.05));
#3951=CARTESIAN_POINT('',(0.05,-0.0399088541666667,0.05));
#3952=CARTESIAN_POINT('',(0.0611586569532359,-0.03984375,0.05));
#3953=CARTESIAN_POINT('',(0.0611586569532359,-0.0398763020833333,0.05));
#3954=CARTESIAN_POINT('',(0.0611586569532359,-0.0399088541666667,0.05));
#3955=CARTESIAN_POINT('',(0.0723173139064718,-0.03984375,0.05));
#3956=CARTESIAN_POINT('',(0.0723173139064718,-0.0398763020833333,0.05));
#3957=CARTESIAN_POINT('',(0.0723173139064719,-0.0399088541666667,0.05));
#3958=CARTESIAN_POINT('',(0.08,-0.03984375,0.05));
#3959=CARTESIAN_POINT('',(0.08,-0.0398763020833333,0.05));
#3960=CARTESIAN_POINT('',(0.08,-0.0399088541666667,0.05));
#3961=CARTESIAN_POINT('',(0.09,-0.03984375,0.05));
#3962=CARTESIAN_POINT('',(0.09,-0.0398763020833333,0.05));
#3963=CARTESIAN_POINT('',(0.09,-0.0399088541666667,0.05));
#3964=CARTESIAN_POINT('',(0.1,-0.03984375,0.05));
#3965=CARTESIAN_POINT('',(0.1,-0.0398763020833333,0.05));
#3966=CARTESIAN_POINT('',(0.1,-0.0399088541666667,0.05));
#3967=CARTESIAN_POINT('',(0.05,-0.03994140625,0.05));
#3968=CARTESIAN_POINT('',(0.05,-0.0399576822916667,0.05));
#3969=CARTESIAN_POINT('',(0.05,-0.0399739583333333,0.05));
#3970=CARTESIAN_POINT('',(0.0611586569532359,-0.03994140625,0.05));
#3971=CARTESIAN_POINT('',(0.0611586569532359,-0.0399576822916667,0.05));
#3972=CARTESIAN_POINT('',(0.0611586569532359,-0.0399739583333333,0.05));
#3973=CARTESIAN_POINT('',(0.0723173139064718,-0.03994140625,0.05));
#3974=CARTESIAN_POINT('',(0.0723173139064718,-0.0399576822916667,0.05));
#3975=CARTESIAN_POINT('',(0.0723173139064718,-0.0399739583333333,0.05));
#3976=CARTESIAN_POINT('',(0.08,-0.03994140625,0.05));
#3977=CARTESIAN_POINT('',(0.08,-0.0399576822916667,0.05));
#3978=CARTESIAN_POINT('',(0.08,-0.0399739583333333,0.05));
#3979=CARTESIAN_POINT('',(0.09,-0.03994140625,0.05));
#3980=CARTESIAN_POINT('',(0.09,-0.0399576822916667,0.05));
#3981=CARTESIAN_POINT('',(0.09,-0.0399739583333333,0.05));
#3982=CARTESIAN_POINT('',(0.1,-0.03994140625,0.05));
#3983=CARTESIAN_POINT('',(0.1,-0.0399576822916667,0.05));
#3984=CARTESIAN_POINT('',(0.1,-0.0399739583333333,0.05));
#3985=CARTESIAN_POINT('',(0.05,-0.039990234375,0.05));
#3986=CARTESIAN_POINT('',(0.05,-0.0400065104166667,0.05));
#3987=CARTESIAN_POINT('',(0.05,-0.0400181171127843,0.0499999919488228));
#3988=CARTESIAN_POINT('',(0.0611586569532359,-0.039990234375,0.05));
#3989=CARTESIAN_POINT('',(0.0611586569532359,-0.0400065104166667,0.05));
#3990=CARTESIAN_POINT('',(0.0611586569532359,-0.0400181171127843,0.0499999919488228));
#3991=CARTESIAN_POINT('',(0.0723173139064718,-0.039990234375,0.05));
#3992=CARTESIAN_POINT('',(0.0723173139064718,-0.0400065104166667,0.05));
#3993=CARTESIAN_POINT('',(0.0723173139064718,-0.0400181171127843,0.0499999919488228));
#3994=CARTESIAN_POINT('',(0.08,-0.039990234375,0.05));
#3995=CARTESIAN_POINT('',(0.08,-0.0400065104166667,0.05));
#3996=CARTESIAN_POINT('',(0.08,-0.0400181171127843,0.0499999919488228));
#3997=CARTESIAN_POINT('',(0.09,-0.039990234375,0.05));
#3998=CARTESIAN_POINT('',(0.09,-0.0400065104166667,0.05));
#3999=CARTESIAN_POINT('',(0.09,-0.0400181171127843,0.0499999919488228));
#4000=CARTESIAN_POINT('',(0.1,-0.039990234375,0.05));
#4001=CARTESIAN_POINT('',(0.1,-0.0400065104166667,0.05));
#4002=CARTESIAN_POINT('',(0.1,-0.0400181171127843,0.0499999919488228));
#4003=CARTESIAN_POINT('',(0.05,-0.0400310544645875,0.0499999517280349));
#4004=CARTESIAN_POINT('',(0.05,-0.0400828038718,0.0499997908448833));
#4005=CARTESIAN_POINT('',(0.05,-0.040134512827732,0.0499992279293432));
#4006=CARTESIAN_POINT('',(0.0611586569532359,-0.0400310544645875,0.0499999517280349));
#4007=CARTESIAN_POINT('',(0.0611586569532359,-0.0400828038718,0.0499997908448833));
#4008=CARTESIAN_POINT('',(0.0611586569532358,-0.040134512827732,0.0499992279293432));
#4009=CARTESIAN_POINT('',(0.0723173139064718,-0.0400310544645875,0.0499999517280349));
#4010=CARTESIAN_POINT('',(0.0723173139064718,-0.0400828038718,0.0499997908448833));
#4011=CARTESIAN_POINT('',(0.0723173139064717,-0.040134512827732,0.0499992279293432));
#4012=CARTESIAN_POINT('',(0.08,-0.0400310544645875,0.0499999517280349));
#4013=CARTESIAN_POINT('',(0.08,-0.0400828038718,0.0499997908448833));
#4014=CARTESIAN_POINT('',(0.08,-0.040134512827732,0.0499992279293432));
#4015=CARTESIAN_POINT('',(0.09,-0.0400310544645875,0.0499999517280349));
#4016=CARTESIAN_POINT('',(0.09,-0.0400828038718,0.0499997908448833));
#4017=CARTESIAN_POINT('',(0.09,-0.040134512827732,0.0499992279293432));
#4018=CARTESIAN_POINT('',(0.1,-0.0400310544645875,0.0499999517280349));
#4019=CARTESIAN_POINT('',(0.1,-0.0400828038718,0.0499997908448833));
#4020=CARTESIAN_POINT('',(0.1,-0.040134512827732,0.0499992279293432));
#4021=CARTESIAN_POINT('',(0.05,-0.0401861770956674,0.0499982647363199));
#4022=CARTESIAN_POINT('',(0.05,-0.0402895056315384,0.0499963383502732));
#4023=CARTESIAN_POINT('',(0.05,-0.0403926554154231,0.0499928108542936));
#4024=CARTESIAN_POINT('',(0.0611586569532358,-0.0401861770956674,0.0499982647363199));
#4025=CARTESIAN_POINT('',(0.0611586569532358,-0.0402895056315384,0.0499963383502732));
#4026=CARTESIAN_POINT('',(0.0611586569532359,-0.0403926554154231,0.0499928108542936));
#4027=CARTESIAN_POINT('',(0.0723173139064716,-0.0401861770956674,0.0499982647363199));
#4028=CARTESIAN_POINT('',(0.0723173139064715,-0.0402895056315384,0.0499963383502732));
#4029=CARTESIAN_POINT('',(0.0723173139064717,-0.0403926554154231,0.0499928108542936));
#4030=CARTESIAN_POINT('',(0.08,-0.0401861770956674,0.0499982647363199));
#4031=CARTESIAN_POINT('',(0.08,-0.0402895056315384,0.0499963383502732));
#4032=CARTESIAN_POINT('',(0.08,-0.0403926554154231,0.0499928108542936));
#4033=CARTESIAN_POINT('',(0.09,-0.0401861770956674,0.0499982647363199));
#4034=CARTESIAN_POINT('',(0.09,-0.0402895056315384,0.0499963383502732));
#4035=CARTESIAN_POINT('',(0.09,-0.0403926554154231,0.0499928108542936));
#4036=CARTESIAN_POINT('',(0.1,-0.0401861770956674,0.0499982647363199));
#4037=CARTESIAN_POINT('',(0.1,-0.0402895056315384,0.0499963383502732));
#4038=CARTESIAN_POINT('',(0.1,-0.0403926554154231,0.0499928108542936));
#4039=CARTESIAN_POINT('',(0.05,-0.0404955925535938,0.0499876962876227));
#4040=CARTESIAN_POINT('',(0.05,-0.0413190896589588,0.0499467797542559));
#4041=CARTESIAN_POINT('',(0.05,-0.0421289774386181,0.0498042906966531));
#4042=CARTESIAN_POINT('',(0.0611586569532359,-0.0404955925535938,0.0499876962876227));
#4043=CARTESIAN_POINT('',(0.0611586569532366,-0.0413190896589588,0.0499467797542559));
#4044=CARTESIAN_POINT('',(0.0611586569532363,-0.0421289774386181,0.0498042906966531));
#4045=CARTESIAN_POINT('',(0.0723173139064719,-0.0404955925535938,0.0499876962876227));
#4046=CARTESIAN_POINT('',(0.0723173139064732,-0.0413190896589588,0.0499467797542559));
#4047=CARTESIAN_POINT('',(0.0723173139064725,-0.0421289774386181,0.0498042906966531));
#4048=CARTESIAN_POINT('',(0.08,-0.0404955925535938,0.0499876962876227));
#4049=CARTESIAN_POINT('',(0.0799999999999997,-0.0413190896589588,0.0499467797542559));
#4050=CARTESIAN_POINT('',(0.08,-0.0421289774386181,0.0498042906966531));
#4051=CARTESIAN_POINT('',(0.09,-0.0404955925535938,0.0499876962876227));
#4052=CARTESIAN_POINT('',(0.0899999999999998,-0.0413190896589588,0.0499467797542559));
#4053=CARTESIAN_POINT('',(0.09,-0.0421289774386181,0.0498042906966531));
#4054=CARTESIAN_POINT('',(0.1,-0.0404955925535938,0.0499876962876227));
#4055=CARTESIAN_POINT('',(0.1,-0.0413190896589588,0.0499467797542559));
#4056=CARTESIAN_POINT('',(0.1,-0.0421289774386181,0.0498042906966531));
#4057=CARTESIAN_POINT('',(0.05,-0.0429079023038325,0.049567417206626));
#4058=CARTESIAN_POINT('',(0.05,-0.0444657520342612,0.0490936702265719));
#4059=CARTESIAN_POINT('',(0.05,-0.0458997501069103,0.0482423855168207));
#4060=CARTESIAN_POINT('',(0.0611586569532361,-0.0429079023038325,0.049567417206626));
#4061=CARTESIAN_POINT('',(0.0611586569532356,-0.0444657520342612,0.0490936702265719));
#4062=CARTESIAN_POINT('',(0.0611586569532359,-0.0458997501069103,0.0482423855168207));
#4063=CARTESIAN_POINT('',(0.0723173139064721,-0.0429079023038325,0.049567417206626));
#4064=CARTESIAN_POINT('',(0.0723173139064713,-0.0444657520342612,0.0490936702265719));
#4065=CARTESIAN_POINT('',(0.0723173139064717,-0.0458997501069103,0.0482423855168207));
#4066=CARTESIAN_POINT('',(0.0800000000000001,-0.0429079023038325,0.049567417206626));
#4067=CARTESIAN_POINT('',(0.0800000000000004,-0.0444657520342612,0.0490936702265719));
#4068=CARTESIAN_POINT('',(0.0800000000000001,-0.0458997501069103,0.0482423855168207));
#4069=CARTESIAN_POINT('',(0.0900000000000001,-0.0429079023038325,0.049567417206626));
#4070=CARTESIAN_POINT('',(0.0900000000000002,-0.0444657520342612,0.0490936702265719));
#4071=CARTESIAN_POINT('',(0.0900000000000001,-0.0458997501069103,0.0482423855168207));
#4072=CARTESIAN_POINT('',(0.1,-0.0429079023038325,0.049567417206626));
#4073=CARTESIAN_POINT('',(0.1,-0.0444657520342612,0.0490936702265719));
#4074=CARTESIAN_POINT('',(0.1,-0.0458997501069103,0.0482423855168207));
#4075=CARTESIAN_POINT('',(0.05,-0.0470710678118655,0.0470710678118655));
#4076=CARTESIAN_POINT('',(0.05,-0.0482423855168207,0.0458997501069103));
#4077=CARTESIAN_POINT('',(0.05,-0.0490936702265719,0.0444657520342612));
#4078=CARTESIAN_POINT('',(0.0611586569532359,-0.0470710678118655,0.0470710678118655));
#4079=CARTESIAN_POINT('',(0.061158656953236,-0.0482423855168207,0.0458997501069103));
#4080=CARTESIAN_POINT('',(0.0611586569532359,-0.0490936702265719,0.0444657520342612));
#4081=CARTESIAN_POINT('',(0.0723173139064718,-0.0470710678118655,0.0470710678118655));
#4082=CARTESIAN_POINT('',(0.0723173139064719,-0.0482423855168207,0.0458997501069103));
#4083=CARTESIAN_POINT('',(0.0723173139064718,-0.0490936702265719,0.0444657520342612));
#4084=CARTESIAN_POINT('',(0.08,-0.0470710678118655,0.0470710678118655));
#4085=CARTESIAN_POINT('',(0.0799999999999999,-0.0482423855168207,0.0458997501069103));
#4086=CARTESIAN_POINT('',(0.08,-0.0490936702265719,0.0444657520342612));
#4087=CARTESIAN_POINT('',(0.09,-0.0470710678118655,0.0470710678118655));
#4088=CARTESIAN_POINT('',(0.0899999999999999,-0.0482423855168207,0.0458997501069103));
#4089=CARTESIAN_POINT('',(0.09,-0.0490936702265719,0.0444657520342612));
#4090=CARTESIAN_POINT('',(0.1,-0.0470710678118655,0.0470710678118655));
#4091=CARTESIAN_POINT('',(0.1,-0.0482423855168207,0.0458997501069103));
#4092=CARTESIAN_POINT('',(0.1,-0.0490936702265719,0.0444657520342612));
#4093=CARTESIAN_POINT('',(0.05,-0.049567417206626,0.0429079023038325));
#4094=CARTESIAN_POINT('',(0.05,-0.0498042906966531,0.0421289774386181));
#4095=CARTESIAN_POINT('',(0.05,-0.0499467797542559,0.0413190896589588));
#4096=CARTESIAN_POINT('',(0.0611586569532359,-0.049567417206626,0.0429079023038325));
#4097=CARTESIAN_POINT('',(0.0611586569532359,-0.0498042906966531,0.0421289774386181));
#4098=CARTESIAN_POINT('',(0.061158656953236,-0.0499467797542559,0.0413190896589588));
#4099=CARTESIAN_POINT('',(0.0723173139064718,-0.049567417206626,0.0429079023038325));
#4100=CARTESIAN_POINT('',(0.0723173139064718,-0.0498042906966531,0.0421289774386181));
#4101=CARTESIAN_POINT('',(0.0723173139064719,-0.0499467797542559,0.0413190896589588));
#4102=CARTESIAN_POINT('',(0.08,-0.049567417206626,0.0429079023038325));
#4103=CARTESIAN_POINT('',(0.08,-0.0498042906966531,0.0421289774386181));
#4104=CARTESIAN_POINT('',(0.0799999999999999,-0.0499467797542559,0.0413190896589588));
#4105=CARTESIAN_POINT('',(0.09,-0.049567417206626,0.0429079023038325));
#4106=CARTESIAN_POINT('',(0.09,-0.0498042906966531,0.0421289774386181));
#4107=CARTESIAN_POINT('',(0.09,-0.0499467797542559,0.0413190896589588));
#4108=CARTESIAN_POINT('',(0.1,-0.049567417206626,0.0429079023038325));
#4109=CARTESIAN_POINT('',(0.1,-0.0498042906966531,0.0421289774386181));
#4110=CARTESIAN_POINT('',(0.1,-0.0499467797542559,0.0413190896589588));
#4111=CARTESIAN_POINT('',(0.05,-0.0499876962876227,0.0404955925535938));
#4112=CARTESIAN_POINT('',(0.05,-0.0499928108542936,0.0403926554154231));
#4113=CARTESIAN_POINT('',(0.05,-0.0499963383502732,0.0402895056315384));
#4114=CARTESIAN_POINT('',(0.0611586569532359,-0.0499876962876227,0.0404955925535938));
#4115=CARTESIAN_POINT('',(0.0611586569532359,-0.0499928108542936,0.0403926554154231));
#4116=CARTESIAN_POINT('',(0.0611586569532359,-0.0499963383502732,0.0402895056315384));
#4117=CARTESIAN_POINT('',(0.0723173139064718,-0.0499876962876227,0.0404955925535938));
#4118=CARTESIAN_POINT('',(0.0723173139064718,-0.0499928108542936,0.0403926554154231));
#4119=CARTESIAN_POINT('',(0.0723173139064718,-0.0499963383502732,0.0402895056315384));
#4120=CARTESIAN_POINT('',(0.08,-0.0499876962876227,0.0404955925535938));
#4121=CARTESIAN_POINT('',(0.08,-0.0499928108542936,0.0403926554154231));
#4122=CARTESIAN_POINT('',(0.08,-0.0499963383502732,0.0402895056315384));
#4123=CARTESIAN_POINT('',(0.09,-0.0499876962876227,0.0404955925535938));
#4124=CARTESIAN_POINT('',(0.09,-0.0499928108542936,0.0403926554154231));
#4125=CARTESIAN_POINT('',(0.09,-0.0499963383502732,0.0402895056315384));
#4126=CARTESIAN_POINT('',(0.1,-0.0499876962876227,0.0404955925535938));
#4127=CARTESIAN_POINT('',(0.1,-0.0499928108542936,0.0403926554154231));
#4128=CARTESIAN_POINT('',(0.1,-0.0499963383502732,0.0402895056315384));
#4129=CARTESIAN_POINT('',(0.05,-0.0499982647363199,0.0401861770956674));
#4130=CARTESIAN_POINT('',(0.05,-0.0499992279293432,0.040134512827732));
#4131=CARTESIAN_POINT('',(0.05,-0.0499997908448833,0.0400828038718));
#4132=CARTESIAN_POINT('',(0.0611586569532359,-0.0499982647363199,0.0401861770956674));
#4133=CARTESIAN_POINT('',(0.0611586569532359,-0.0499992279293432,0.040134512827732));
#4134=CARTESIAN_POINT('',(0.0611586569532359,-0.0499997908448833,0.0400828038718));
#4135=CARTESIAN_POINT('',(0.0723173139064718,-0.0499982647363199,0.0401861770956674));
#4136=CARTESIAN_POINT('',(0.0723173139064718,-0.0499992279293432,0.040134512827732));
#4137=CARTESIAN_POINT('',(0.0723173139064719,-0.0499997908448833,0.0400828038718));
#4138=CARTESIAN_POINT('',(0.08,-0.0499982647363199,0.0401861770956674));
#4139=CARTESIAN_POINT('',(0.08,-0.0499992279293432,0.040134512827732));
#4140=CARTESIAN_POINT('',(0.08,-0.0499997908448833,0.0400828038718));
#4141=CARTESIAN_POINT('',(0.09,-0.0499982647363199,0.0401861770956674));
#4142=CARTESIAN_POINT('',(0.09,-0.0499992279293432,0.040134512827732));
#4143=CARTESIAN_POINT('',(0.09,-0.0499997908448833,0.0400828038718));
#4144=CARTESIAN_POINT('',(0.1,-0.0499982647363199,0.0401861770956674));
#4145=CARTESIAN_POINT('',(0.1,-0.0499992279293432,0.040134512827732));
#4146=CARTESIAN_POINT('',(0.1,-0.0499997908448833,0.0400828038718));
#4147=CARTESIAN_POINT('',(0.05,-0.0499999517280349,0.0400310544645875));
#4148=CARTESIAN_POINT('',(0.05,-0.0499999919488228,0.0400181171127843));
#4149=CARTESIAN_POINT('',(0.05,-0.05,0.0400065104166667));
#4150=CARTESIAN_POINT('',(0.0611586569532359,-0.0499999517280349,0.0400310544645875));
#4151=CARTESIAN_POINT('',(0.0611586569532359,-0.0499999919488228,0.0400181171127843));
#4152=CARTESIAN_POINT('',(0.0611586569532359,-0.05,0.0400065104166667));
#4153=CARTESIAN_POINT('',(0.0723173139064718,-0.0499999517280349,0.0400310544645875));
#4154=CARTESIAN_POINT('',(0.0723173139064718,-0.0499999919488228,0.0400181171127843));
#4155=CARTESIAN_POINT('',(0.0723173139064718,-0.05,0.0400065104166667));
#4156=CARTESIAN_POINT('',(0.08,-0.0499999517280349,0.0400310544645875));
#4157=CARTESIAN_POINT('',(0.08,-0.0499999919488228,0.0400181171127843));
#4158=CARTESIAN_POINT('',(0.08,-0.05,0.0400065104166667));
#4159=CARTESIAN_POINT('',(0.09,-0.0499999517280349,0.0400310544645875));
#4160=CARTESIAN_POINT('',(0.09,-0.0499999919488228,0.0400181171127843));
#4161=CARTESIAN_POINT('',(0.09,-0.05,0.0400065104166667));
#4162=CARTESIAN_POINT('',(0.1,-0.0499999517280349,0.0400310544645875));
#4163=CARTESIAN_POINT('',(0.1,-0.0499999919488228,0.0400181171127843));
#4164=CARTESIAN_POINT('',(0.1,-0.05,0.0400065104166667));
#4165=CARTESIAN_POINT('',(0.05,-0.05,0.039990234375));
#4166=CARTESIAN_POINT('',(0.05,-0.05,0.0399739583333333));
#4167=CARTESIAN_POINT('',(0.05,-0.05,0.0399576822916667));
#4168=CARTESIAN_POINT('',(0.0611586569532359,-0.05,0.039990234375));
#4169=CARTESIAN_POINT('',(0.0611586569532359,-0.05,0.0399739583333333));
#4170=CARTESIAN_POINT('',(0.0611586569532359,-0.05,0.0399576822916667));
#4171=CARTESIAN_POINT('',(0.0723173139064718,-0.05,0.039990234375));
#4172=CARTESIAN_POINT('',(0.0723173139064718,-0.05,0.0399739583333333));
#4173=CARTESIAN_POINT('',(0.0723173139064718,-0.05,0.0399576822916667));
#4174=CARTESIAN_POINT('',(0.08,-0.05,0.039990234375));
#4175=CARTESIAN_POINT('',(0.08,-0.05,0.0399739583333333));
#4176=CARTESIAN_POINT('',(0.08,-0.05,0.0399576822916667));
#4177=CARTESIAN_POINT('',(0.09,-0.05,0.039990234375));
#4178=CARTESIAN_POINT('',(0.09,-0.05,0.0399739583333333));
#4179=CARTESIAN_POINT('',(0.09,-0.05,0.0399576822916667));
#4180=CARTESIAN_POINT('',(0.1,-0.05,0.039990234375));
#4181=CARTESIAN_POINT('',(0.1,-0.05,0.0399739583333333));
#4182=CARTESIAN_POINT('',(0.1,-0.05,0.0399576822916667));
#4183=CARTESIAN_POINT('',(0.05,-0.05,0.03994140625));
#4184=CARTESIAN_POINT('',(0.05,-0.05,0.0399088541666667));
#4185=CARTESIAN_POINT('',(0.05,-0.05,0.0398763020833333));
#4186=CARTESIAN_POINT('',(0.0611586569532359,-0.05,0.03994140625));
#4187=CARTESIAN_POINT('',(0.0611586569532359,-0.05,0.0399088541666667));
#4188=CARTESIAN_POINT('',(0.0611586569532359,-0.05,0.0398763020833333));
#4189=CARTESIAN_POINT('',(0.0723173139064718,-0.05,0.03994140625));
#4190=CARTESIAN_POINT('',(0.0723173139064718,-0.05,0.0399088541666667));
#4191=CARTESIAN_POINT('',(0.0723173139064718,-0.05,0.0398763020833333));
#4192=CARTESIAN_POINT('',(0.08,-0.05,0.03994140625));
#4193=CARTESIAN_POINT('',(0.08,-0.05,0.0399088541666667));
#4194=CARTESIAN_POINT('',(0.08,-0.05,0.0398763020833333));
#4195=CARTESIAN_POINT('',(0.09,-0.05,0.03994140625));
#4196=CARTESIAN_POINT('',(0.09,-0.05,0.0399088541666667));
#4197=CARTESIAN_POINT('',(0.09,-0.05,0.0398763020833333));
#4198=CARTESIAN_POINT('',(0.1,-0.05,0.03994140625));
#4199=CARTESIAN_POINT('',(0.1,-0.05,0.0399088541666667));
#4200=CARTESIAN_POINT('',(0.1,-0.05,0.0398763020833333));
#4201=CARTESIAN_POINT('',(0.05,-0.05,0.03984375));
#4202=CARTESIAN_POINT('',(0.05,-0.05,0.0395833333333333));
#4203=CARTESIAN_POINT('',(0.05,-0.05,0.0393229166666667));
#4204=CARTESIAN_POINT('',(0.0611586569532359,-0.05,0.03984375));
#4205=CARTESIAN_POINT('',(0.0611586569532358,-0.05,0.0395833333333333));
#4206=CARTESIAN_POINT('',(0.0611586569532358,-0.05,0.0393229166666667));
#4207=CARTESIAN_POINT('',(0.0723173139064718,-0.05,0.03984375));
#4208=CARTESIAN_POINT('',(0.0723173139064715,-0.05,0.0395833333333333));
#4209=CARTESIAN_POINT('',(0.0723173139064716,-0.05,0.0393229166666667));
#4210=CARTESIAN_POINT('',(0.08,-0.05,0.03984375));
#4211=CARTESIAN_POINT('',(0.08,-0.05,0.0395833333333333));
#4212=CARTESIAN_POINT('',(0.0799999999999999,-0.05,0.0393229166666667));
#4213=CARTESIAN_POINT('',(0.09,-0.05,0.03984375));
#4214=CARTESIAN_POINT('',(0.09,-0.05,0.0395833333333333));
#4215=CARTESIAN_POINT('',(0.0899999999999999,-0.05,0.0393229166666667));
#4216=CARTESIAN_POINT('',(0.1,-0.05,0.03984375));
#4217=CARTESIAN_POINT('',(0.1,-0.05,0.0395833333333333));
#4218=CARTESIAN_POINT('',(0.1,-0.05,0.0393229166666667));
#4219=CARTESIAN_POINT('',(0.05,-0.05,0.0390625));
#4220=CARTESIAN_POINT('',(0.05,-0.05,0.0385416666666667));
#4221=CARTESIAN_POINT('',(0.05,-0.05,0.0380208333333333));
#4222=CARTESIAN_POINT('',(0.0611586569532359,-0.05,0.0390625));
#4223=CARTESIAN_POINT('',(0.0611586569532359,-0.05,0.0385416666666667));
#4224=CARTESIAN_POINT('',(0.0611586569532359,-0.05,0.0380208333333333));
#4225=CARTESIAN_POINT('',(0.0723173139064717,-0.05,0.0390625));
#4226=CARTESIAN_POINT('',(0.0723173139064718,-0.05,0.0385416666666667));
#4227=CARTESIAN_POINT('',(0.0723173139064719,-0.05,0.0380208333333333));
#4228=CARTESIAN_POINT('',(0.0799999999999998,-0.05,0.0390625));
#4229=CARTESIAN_POINT('',(0.0799999999999998,-0.05,0.0385416666666667));
#4230=CARTESIAN_POINT('',(0.0799999999999999,-0.05,0.0380208333333333));
#4231=CARTESIAN_POINT('',(0.0899999999999999,-0.05,0.0390625));
#4232=CARTESIAN_POINT('',(0.0899999999999999,-0.05,0.0385416666666667));
#4233=CARTESIAN_POINT('',(0.09,-0.05,0.0380208333333333));
#4234=CARTESIAN_POINT('',(0.1,-0.05,0.0390625));
#4235=CARTESIAN_POINT('',(0.1,-0.05,0.0385416666666667));
#4236=CARTESIAN_POINT('',(0.1,-0.05,0.0380208333333333));
#4237=CARTESIAN_POINT('',(0.05,-0.05,0.0375));
#4238=CARTESIAN_POINT('',(0.05,-0.05,0.0333333333333333));
#4239=CARTESIAN_POINT('',(0.05,-0.05,0.0291666666666667));
#4240=CARTESIAN_POINT('',(0.0611586569532359,-0.05,0.0375));
#4241=CARTESIAN_POINT('',(0.061158656953236,-0.05,0.0333333333333333));
#4242=CARTESIAN_POINT('',(0.0611586569532363,-0.05,0.0291666666666667));
#4243=CARTESIAN_POINT('',(0.0723173139064719,-0.05,0.0375));
#4244=CARTESIAN_POINT('',(0.0723173139064721,-0.05,0.0333333333333333));
#4245=CARTESIAN_POINT('',(0.0723173139064725,-0.05,0.0291666666666667));
#4246=CARTESIAN_POINT('',(0.08,-0.05,0.0375));
#4247=CARTESIAN_POINT('',(0.0800000000000009,-0.05,0.0333333333333333));
#4248=CARTESIAN_POINT('',(0.0800000000000006,-0.05,0.0291666666666667));
#4249=CARTESIAN_POINT('',(0.09,-0.05,0.0375));
#4250=CARTESIAN_POINT('',(0.0900000000000005,-0.05,0.0333333333333333));
#4251=CARTESIAN_POINT('',(0.0900000000000003,-0.05,0.0291666666666667));
#4252=CARTESIAN_POINT('',(0.1,-0.05,0.0375));
#4253=CARTESIAN_POINT('',(0.1,-0.05,0.0333333333333333));
#4254=CARTESIAN_POINT('',(0.1,-0.05,0.0291666666666667));
#4255=CARTESIAN_POINT('',(0.05,-0.05,0.025));
#4256=CARTESIAN_POINT('',(0.05,-0.05,0.0166666666666667));
#4257=CARTESIAN_POINT('',(0.05,-0.05,0.00833333333333333));
#4258=CARTESIAN_POINT('',(0.05,-0.05,0.));
#4259=CARTESIAN_POINT('',(0.0611586569532363,-0.05,0.025));
#4260=CARTESIAN_POINT('',(0.0611586569532365,-0.05,0.0166666666666667));
#4261=CARTESIAN_POINT('',(0.061158656953236,-0.05,0.00833333333333333));
#4262=CARTESIAN_POINT('',(0.0611586569532359,-0.05,0.));
#4263=CARTESIAN_POINT('',(0.0723173139064727,-0.05,0.025));
#4264=CARTESIAN_POINT('',(0.072317313906473,-0.05,0.0166666666666667));
#4265=CARTESIAN_POINT('',(0.0723173139064721,-0.05,0.00833333333333333));
#4266=CARTESIAN_POINT('',(0.0723173139064718,-0.05,0.));
#4267=CARTESIAN_POINT('',(0.0800000000000003,-0.05,0.025));
#4268=CARTESIAN_POINT('',(0.0799999999999999,-0.05,0.0166666666666667));
#4269=CARTESIAN_POINT('',(0.08,-0.05,0.00833333333333333));
#4270=CARTESIAN_POINT('',(0.08,-0.05,0.));
#4271=CARTESIAN_POINT('',(0.0900000000000002,-0.05,0.025));
#4272=CARTESIAN_POINT('',(0.0899999999999999,-0.05,0.0166666666666667));
#4273=CARTESIAN_POINT('',(0.09,-0.05,0.00833333333333333));
#4274=CARTESIAN_POINT('',(0.09,-0.05,0.));
#4275=CARTESIAN_POINT('',(0.1,-0.05,0.025));
#4276=CARTESIAN_POINT('',(0.1,-0.05,0.0166666666666667));
#4277=CARTESIAN_POINT('',(0.1,-0.05,0.00833333333333333));
#4278=CARTESIAN_POINT('',(0.1,-0.05,0.));
#4279=B_SPLINE_SURFACE_WITH_KNOTS('Surf_QONVFZOQQQ, Nose, 0, 3',5,3,((#4280, #4281, #4282, #4295, #4296, #4297, #4310, #4311, #4312, #4325, #4326, #4327, #4340, #4341, #4342, #4355, #4356, #4357, #4370, #4371, #4372, #4385, #4386, #4387, #4400, #4401, #4402, #4415, #4416, #4417, #4430, #4431, #4432, #4445, #4446, #4447, #4460, #4461, #4462, #4475, #4476, #4477, #4490, #4491, #4492, #4505, #4506, #4507, #4520, #4521, #4522, #4535, #4536, #4537, #4550, #4551, #4552, #4565, #4566, #4567, #4580, #4581, #4582, #4595, #4596, #4597, #4598),(#4283, #4284, #4285, #4298, #4299, #4300, #4313, #4314, #4315, #4328, #4329, #4330, #4343, #4344, #4345, #4358, #4359, #4360, #4373, #4374, #4375, #4388, #4389, #4390, #4403, #4404, #4405, #4418, #4419, #4420, #4433, #4434, #4435, #4448, #4449, #4450, #4463, #4464, #4465, #4478, #4479, #4480, #4493, #4494, #4495, #4508, #4509, #4510, #4523, #4524, #4525, #4538, #4539, #4540, #4553, #4554, #4555, #4568, #4569, #4570, #4583, #4584, #4585, #4599, #4600, #4601, #4602),(#4286, #4287, #4288, #4301, #4302, #4303, #4316, #4317, #4318, #4331, #4332, #4333, #4346, #4347, #4348, #4361, #4362, #4363, #4376, #4377, #4378, #4391, #4392, #4393, #4406, #4407, #4408, #4421, #4422, #4423, #4436, #4437, #4438, #4451, #4452, #4453, #4466, #4467, #4468, #4481, #4482, #4483, #4496, #4497, #4498, #4511, #4512, #4513, #4526, #4527, #4528, #4541, #4542, #4543, #4556, #4557, #4558, #4571, #4572, #4573, #4586, #4587, #4588, #4603, #4604, #4605, #4606),(#4289, #4290, #4291, #4304, #4305, #4306, #4319, #4320, #4321, #4334, #4335, #4336, #4349, #4350, #4351, #4364, #4365, #4366, #4379, #4380, #4381, #4394, #4395, #4396, #4409, #4410, #4411, #4424, #4425, #4426, #4439, #4440, #4441, #4454, #4455, #4456, #4469, #4470, #4471, #4484, #4485, #4486, #4499, #4500, #4501, #4514, #4515, #4516, #4529, #4530, #4531, #4544, #4545, #4546, #4559, #4560, #4561, #4574, #4575, #4576, #4589, #4590, #4591, #4607, #4608, #4609, #4610),(#4292, #4293, #4294, #4307, #4308, #4309, #4322, #4323, #4324, #4337, #4338, #4339, #4352, #4353, #4354, #4367, #4368, #4369, #4382, #4383, #4384, #4397, #4398, #4399, #4412, #4413, #4414, #4427, #4428, #4429, #4442, #4443, #4444, #4457, #4458, #4459, #4472, #4473, #4474, #4487, #4488, #4489, #4502, #4503, #4504, #4517, #4518, #4519, #4532, #4533, #4534, #4547, #4548, #4549, #4562, #4563, #4564, #4577, #4578, #4579, #4592, #4593, #4594, #4611, #4612, #4613, #4614),(#4615, #4616, #4617, #4630, #4631, #4632, #4645, #4646, #4647, #4660, #4661, #4662, #4675, #4676, #4677, #4690, #4691, #4692, #4705, #4706, #4707, #4720, #4721, #4722, #4735, #4736, #4737, #4750, #4751, #4752, #4765, #4766, #4767, #4780, #4781, #4782, #4795, #4796, #4797, #4810, #4811, #4812, #4825, #4826, #4827, #4840, #4841, #4842, #4855, #4856, #4857, #4870, #4871, #4872, #4885, #4886, #4887, #4900, #4901, #4902, #4915, #4916, #4917, #4930, #4931, #4932, #4933),(#4618, #4619, #4620, #4633, #4634, #4635, #4648, #4649, #4650, #4663, #4664, #4665, #4678, #4679, #4680, #4693, #4694, #4695, #4708, #4709, #4710, #4723, #4724, #4725, #4738, #4739, #4740, #4753, #4754, #4755, #4768, #4769, #4770, #4783, #4784, #4785, #4798, #4799, #4800, #4813, #4814, #4815, #4828, #4829, #4830, #4843, #4844, #4845, #4858, #4859, #4860, #4873, #4874, #4875, #4888, #4889, #4890, #4903, #4904, #4905, #4918, #4919, #4920, #4934, #4935, #4936, #4937),(#4621, #4622, #4623, #4636, #4637, #4638, #4651, #4652, #4653, #4666, #4667, #4668, #4681, #4682, #4683, #4696, #4697, #4698, #4711, #4712, #4713, #4726, #4727, #4728, #4741, #4742, #4743, #4756, #4757, #4758, #4771, #4772, #4773, #4786, #4787, #4788, #4801, #4802, #4803, #4816, #4817, #4818, #4831, #4832, #4833, #4846, #4847, #4848, #4861, #4862, #4863, #4876, #4877, #4878, #4891, #4892, #4893, #4906, #4907, #4908, #4921, #4922, #4923, #4938, #4939, #4940, #4941),(#4624, #4625, #4626, #4639, #4640, #4641, #4654, #4655, #4656, #4669, #4670, #4671, #4684, #4685, #4686, #4699, #4700, #4701, #4714, #4715, #4716, #4729, #4730, #4731, #4744, #4745, #4746, #4759, #4760, #4761, #4774, #4775, #4776, #4789, #4790, #4791, #4804, #4805, #4806, #4819, #4820, #4821, #4834, #4835, #4836, #4849, #4850, #4851, #4864, #4865, #4866, #4879, #4880, #4881, #4894, #4895, #4896, #4909, #4910, #4911, #4924, #4925, #4926, #4942, #4943, #4944, #4945),(#4627, #4628, #4629, #4642, #4643, #4644, #4657, #4658, #4659, #4672, #4673, #4674, #4687, #4688, #4689, #4702, #4703, #4704, #4717, #4718, #4719, #4732, #4733, #4734, #4747, #4748, #4749, #4762, #4763, #4764, #4777, #4778, #4779, #4792, #4793, #4794, #4807, #4808, #4809, #4822, #4823, #4824, #4837, #4838, #4839, #4852, #4853, #4854, #4867, #4868, #4869, #4882, #4883, #4884, #4897, #4898, #4899, #4912, #4913, #4914, #4927, #4928, #4929, #4946, #4947, #4948, #4949),(#4950, #4951, #4952, #4965, #4966, #4967, #4980, #4981, #4982, #4995, #4996, #4997, #5010, #5011, #5012, #5025, #5026, #5027, #5040, #5041, #5042, #5055, #5056, #5057, #5070, #5071, #5072, #5085, #5086, #5087, #5100, #5101, #5102, #5115, #5116, #5117, #5130, #5131, #5132, #5145, #5146, #5147, #5160, #5161, #5162, #5175, #5176, #5177, #5190, #5191, #5192, #5205, #5206, #5207, #5220, #5221, #5222, #5235, #5236, #5237, #5250, #5251, #5252, #5265, #5266, #5267, #5268),(#4953, #4954, #4955, #4968, #4969, #4970, #4983, #4984, #4985, #4998, #4999, #5000, #5013, #5014, #5015, #5028, #5029, #5030, #5043, #5044, #5045, #5058, #5059, #5060, #5073, #5074, #5075, #5088, #5089, #5090, #5103, #5104, #5105, #5118, #5119, #5120, #5133, #5134, #5135, #5148, #5149, #5150, #5163, #5164, #5165, #5178, #5179, #5180, #5193, #5194, #5195, #5208, #5209, #5210, #5223, #5224, #5225, #5238, #5239, #5240, #5253, #5254, #5255, #5269, #5270, #5271, #5272),(#4956, #4957, #4958, #4971, #4972, #4973, #4986, #4987, #4988, #5001, #5002, #5003, #5016, #5017, #5018, #5031, #5032, #5033, #5046, #5047, #5048, #5061, #5062, #5063, #5076, #5077, #5078, #5091, #5092, #5093, #5106, #5107, #5108, #5121, #5122, #5123, #5136, #5137, #5138, #5151, #5152, #5153, #5166, #5167, #5168, #5181, #5182, #5183, #5196, #5197, #5198, #5211, #5212, #5213, #5226, #5227, #5228, #5241, #5242, #5243, #5256, #5257, #5258, #5273, #5274, #5275, #5276),(#4959, #4960, #4961, #4974, #4975, #4976, #4989, #4990, #4991, #5004, #5005, #5006, #5019, #5020, #5021, #5034, #5035, #5036, #5049, #5050, #5051, #5064, #5065, #5066, #5079, #5080, #5081, #5094, #5095, #5096, #5109, #5110, #5111, #5124, #5125, #5126, #5139, #5140, #5141, #5154, #5155, #5156, #5169, #5170, #5171, #5184, #5185, #5186, #5199, #5200, #5201, #5214, #5215, #5216, #5229, #5230, #5231, #5244, #5245, #5246, #5259, #5260, #5261, #5277, #5278, #5279, #5280),(#4962, #4963, #4964, #4977, #4978, #4979, #4992, #4993, #4994, #5007, #5008, #5009, #5022, #5023, #5024, #5037, #5038, #5039, #5052, #5053, #5054, #5067, #5068, #5069, #5082, #5083, #5084, #5097, #5098, #5099, #5112, #5113, #5114, #5127, #5128, #5129, #5142, #5143, #5144, #5157, #5158, #5159, #5172, #5173, #5174, #5187, #5188, #5189, #5202, #5203, #5204, #5217, #5218, #5219, #5232, #5233, #5234, #5247, #5248, #5249, #5262, #5263, #5264, #5281, #5282, #5283, #5284),(#5285, #5286, #5287, #5303, #5304, #5305, #5321, #5322, #5323, #5339, #5340, #5341, #5357, #5358, #5359, #5375, #5376, #5377, #5393, #5394, #5395, #5411, #5412, #5413, #5429, #5430, #5431, #5447, #5448, #5449, #5465, #5466, #5467, #5483, #5484, #5485, #5501, #5502, #5503, #5519, #5520, #5521, #5537, #5538, #5539, #5555, #5556, #5557, #5573, #5574, #5575, #5591, #5592, #5593, #5609, #5610, #5611, #5627, #5628, #5629, #5645, #5646, #5647, #5663, #5664, #5665, #5666),(#5288, #5289, #5290, #5306, #5307, #5308, #5324, #5325, #5326, #5342, #5343, #5344, #5360, #5361, #5362, #5378, #5379, #5380, #5396, #5397, #5398, #5414, #5415, #5416, #5432, #5433, #5434, #5450, #5451, #5452, #5468, #5469, #5470, #5486, #5487, #5488, #5504, #5505, #5506, #5522, #5523, #5524, #5540, #5541, #5542, #5558, #5559, #5560, #5576, #5577, #5578, #5594, #5595, #5596, #5612, #5613, #5614, #5630, #5631, #5632, #5648, #5649, #5650, #5667, #5668, #5669, #5670),(#5291, #5292, #5293, #5309, #5310, #5311, #5327, #5328, #5329, #5345, #5346, #5347, #5363, #5364, #5365, #5381, #5382, #5383, #5399, #5400, #5401, #5417, #5418, #5419, #5435, #5436, #5437, #5453, #5454, #5455, #5471, #5472, #5473, #5489, #5490, #5491, #5507, #5508, #5509, #5525, #5526, #5527, #5543, #5544, #5545, #5561, #5562, #5563, #5579, #5580, #5581, #5597, #5598, #5599, #5615, #5616, #5617, #5633, #5634, #5635, #5651, #5652, #5653, #5671, #5672, #5673, #5674),(#5294, #5295, #5296, #5312, #5313, #5314, #5330, #5331, #5332, #5348, #5349, #5350, #5366, #5367, #5368, #5384, #5385, #5386, #5402, #5403, #5404, #5420, #5421, #5422, #5438, #5439, #5440, #5456, #5457, #5458, #5474, #5475, #5476, #5492, #5493, #5494, #5510, #5511, #5512, #5528, #5529, #5530, #5546, #5547, #5548, #5564, #5565, #5566, #5582, #5583, #5584, #5600, #5601, #5602, #5618, #5619, #5620, #5636, #5637, #5638, #5654, #5655, #5656, #5675, #5676, #5677, #5678),(#5297, #5298, #5299, #5315, #5316, #5317, #5333, #5334, #5335, #5351, #5352, #5353, #5369, #5370, #5371, #5387, #5388, #5389, #5405, #5406, #5407, #5423, #5424, #5425, #5441, #5442, #5443, #5459, #5460, #5461, #5477, #5478, #5479, #5495, #5496, #5497, #5513, #5514, #5515, #5531, #5532, #5533, #5549, #5550, #5551, #5567, #5568, #5569, #5585, #5586, #5587, #5603, #5604, #5605, #5621, #5622, #5623, #5639, #5640, #5641, #5657, #5658, #5659, #5679, #5680, #5681, #5682),(#5300, #5301, #5302, #5318, #5319, #5320, #5336, #5337, #5338, #5354, #5355, #5356, #5372, #5373, #5374, #5390, #5391, #5392, #5408, #5409, #5410, #5426, #5427, #5428, #5444, #5445, #5446, #5462, #5463, #5464, #5480, #5481, #5482, #5498, #5499, #5500, #5516, #5517, #5518, #5534, #5535, #5536, #5552, #5553, #5554, #5570, #5571, #5572, #5588, #5589, #5590, #5606, #5607, #5608, #5624, #5625, #5626, #5642, #5643, #5644, #5660, #5661, #5662, #5683, #5684, #5685, #5686)),.UNSPECIFIED.,.F.,.F.,.F.,(6,5,5,5,6),(4,3,3,3,3,3,3,3,3,3,3,3,3,3,3,3,3,3,3,3,3,3,4),(0.,1.,2.,3.,4.),(0.,1.,2.,3.,4.,5.,6.,7.,8.,9.,10.,11.,12.,13.,14.,15.,16.,17.,18.,19.,20.,21.,22.),.PIECEWISE_BEZIER_KNOTS.);
#4280=CARTESIAN_POINT('',(0.,0.,0.));
#4281=CARTESIAN_POINT('',(0.,0.,0.));
#4282=CARTESIAN_POINT('',(1.92592994438724E-35,0.,0.));
#4283=CARTESIAN_POINT('',(3.67394039744206E-19,0.006,0.));
#4284=CARTESIAN_POINT('',(2.00860586050432E-19,0.006,0.00075));
#4285=CARTESIAN_POINT('',(1.17593859203546E-19,0.0058125,0.0015));
#4286=CARTESIAN_POINT('',(7.34788079488412E-19,0.012,0.));
#4287=CARTESIAN_POINT('',(4.01721172100865E-19,0.012,0.0015));
#4288=CARTESIAN_POINT('',(2.35187718407091E-19,0.011625,0.003));
#4289=CARTESIAN_POINT('',(-2.54703718266473E-19,0.0258403726128414,0.));
#4290=CARTESIAN_POINT('',(-1.88730659708118E-19,0.0258403726128414,0.00359610728773576));
#4291=CARTESIAN_POINT('',(-1.80484027388324E-19,0.0251127251601874,0.00699753323362086));
#4292=CARTESIAN_POINT('',(-1.27351859133237E-19,0.0279201863064207,0.));
#4293=CARTESIAN_POINT('',(-9.4365329854059E-20,0.0279201863064207,0.00386773498571855));
#4294=CARTESIAN_POINT('',(-9.02420136941618E-20,0.0271362829155564,0.00754078862958643));
#4295=CARTESIAN_POINT('',(9.62964972193618E-36,0.,0.));
#4296=CARTESIAN_POINT('',(0.,6.93889390390723E-19,0.));
#4297=CARTESIAN_POINT('',(0.,6.93889390390723E-19,3.46944695195361E-19));
#4298=CARTESIAN_POINT('',(8.63688366359632E-20,0.005484375,0.002203125));
#4299=CARTESIAN_POINT('',(7.07563253521719E-20,0.0053203125,0.0025546875));
#4300=CARTESIAN_POINT('',(6.81542401382067E-20,0.00512109375,0.00289453125));
#4301=CARTESIAN_POINT('',(1.72737673271926E-19,0.01096875,0.00440625));
#4302=CARTESIAN_POINT('',(1.41512650704344E-19,0.010640625,0.005109375));
#4303=CARTESIAN_POINT('',(1.36308480276413E-19,0.0102421875,0.0057890625));
#4304=CARTESIAN_POINT('',(-1.92853975868015E-19,0.0238023227688656,0.0100826872962398));
#4305=CARTESIAN_POINT('',(-1.99038950107861E-19,0.0231471215732046,0.0116252643275493));
#4306=CARTESIAN_POINT('',(-2.10378069547578E-19,0.0223462316428768,0.0130887733880423));
#4307=CARTESIAN_POINT('',(-9.64269879340076E-20,0.0257216071392238,0.0108776809124929));
#4308=CARTESIAN_POINT('',(-9.95194750539305E-20,0.0250142692510575,0.0125461270539462));
#4309=CARTESIAN_POINT('',(-1.05189034773789E-19,0.0241492382665241,0.014130532855159));
#4310=CARTESIAN_POINT('',(0.,0.,0.));
#4311=CARTESIAN_POINT('',(9.62964972193618E-36,6.93889390390723E-19,0.));
#4312=CARTESIAN_POINT('',(0.,0.,0.));
#4313=CARTESIAN_POINT('',(7.46594531731197E-20,0.004892578125,0.003216796875));
#4314=CARTESIAN_POINT('',(7.54726048024839E-20,0.004864013671875,0.003257080078125));
#4315=CARTESIAN_POINT('',(7.64280579669867E-20,0.00483499145507812,0.00329708862304688));
#4316=CARTESIAN_POINT('',(1.49318906346239E-19,0.00978515625,0.00643359375));
#4317=CARTESIAN_POINT('',(1.50945209604968E-19,0.00972802734375,0.00651416015625));
#4318=CARTESIAN_POINT('',(1.52856115933973E-19,0.00966998291015625,0.00659417724609375));
#4319=CARTESIAN_POINT('',(-2.22232603507283E-19,0.0214177645421302,0.0144580156600417));
#4320=CARTESIAN_POINT('',(-2.23714420252246E-19,0.0213017061545369,0.0146291709440417));
#4321=CARTESIAN_POINT('',(-2.25204290349084E-19,0.0211836543736558,0.0147988533094714));
#4322=CARTESIAN_POINT('',(-1.11116301753641E-19,0.0231456555612982,0.0156132133137427));
#4323=CARTESIAN_POINT('',(-1.11857210126123E-19,0.023020207723145,0.0157985483710657));
#4324=CARTESIAN_POINT('',(-1.12602145174542E-19,0.0228925950143559,0.0159822939699101));
#4325=CARTESIAN_POINT('',(9.62964972193618E-36,0.,0.));
#4326=CARTESIAN_POINT('',(0.,6.93889390390723E-19,6.93889390390723E-19));
#4327=CARTESIAN_POINT('',(9.62964972193618E-36,6.93889390390723E-19,0.));
#4328=CARTESIAN_POINT('',(7.7518189370103E-20,0.00480552291870117,0.00333681106567383));
#4329=CARTESIAN_POINT('',(7.80632550716611E-20,0.0047907886505127,0.00335667228698731));
#4330=CARTESIAN_POINT('',(7.86419903328727E-20,0.0047759428024292,0.00337646198272705));
#4331=CARTESIAN_POINT('',(1.55036378740206E-19,0.00961104583740234,0.00667362213134766));
#4332=CARTESIAN_POINT('',(1.56126510143322E-19,0.00958157730102539,0.00671334457397461));
#4333=CARTESIAN_POINT('',(1.57283980665745E-19,0.0095518856048584,0.0067529239654541));
#4334=CARTESIAN_POINT('',(-2.26693153776937E-19,0.0210636445736358,0.0149670330711401));
#4335=CARTESIAN_POINT('',(-2.27437585490864E-19,0.0210036396736258,0.0150511229519745));
#4336=CARTESIAN_POINT('',(-2.28181765537545E-19,0.0209431452688311,0.0151348371818686));
#4337=CARTESIAN_POINT('',(-1.13346576888469E-19,0.0227628548204304,0.0161644155692556));
#4338=CARTESIAN_POINT('',(-1.13718792745432E-19,0.0226979847234677,0.0162554763689284));
#4339=CARTESIAN_POINT('',(-1.14090882768772E-19,0.0226325827552208,0.0163461311687264));
#4340=CARTESIAN_POINT('',(9.62964972193618E-36,6.93889390390723E-19,0.));
#4341=CARTESIAN_POINT('',(0.,0.,6.93889390390723E-19));
#4342=CARTESIAN_POINT('',(0.,0.,0.));
#4343=CARTESIAN_POINT('',(7.92534422416719E-20,0.00476098680496216,0.00339617872238159));
#4344=CARTESIAN_POINT('',(7.93298737302717E-20,0.00475911730527878,0.00339864331483841));
#4345=CARTESIAN_POINT('',(7.94068164164902E-20,0.00475724608451128,0.0034011067673564));
#4346=CARTESIAN_POINT('',(1.58506884483344E-19,0.00952197360992432,0.00679235744476319));
#4347=CARTESIAN_POINT('',(1.58659747460543E-19,0.00951823461055756,0.00679728662967682));
#4348=CARTESIAN_POINT('',(1.5881363283298E-19,0.00951449216902256,0.00680221353471279));
#4349=CARTESIAN_POINT('',(-2.28924561414372E-19,0.0208821657810203,0.0152181720501737));
#4350=CARTESIAN_POINT('',(-2.29017410898975E-19,0.020874543345044,0.0152285889087118));
#4351=CARTESIAN_POINT('',(-2.29110238755925E-19,0.0208669133296455,0.0152389998397251));
#4352=CARTESIAN_POINT('',(-1.14462280707186E-19,0.0225666535888772,0.0164363756510222));
#4353=CARTESIAN_POINT('',(-1.14508705449488E-19,0.0225584124430843,0.0164476562113091));
#4354=CARTESIAN_POINT('',(-1.14555119377962E-19,0.0225501630598211,0.0164589303603851));
#4355=CARTESIAN_POINT('',(0.,0.,0.));
#4356=CARTESIAN_POINT('',(0.,6.93889390390723E-19,0.));
#4357=CARTESIAN_POINT('',(0.,6.93889390390723E-19,6.93889390390723E-19));
#4358=CARTESIAN_POINT('',(7.94842684391708E-20,0.00475537314545363,0.00340356907714158));
#4359=CARTESIAN_POINT('',(7.95229944505111E-20,0.00475443667592481,0.00340480023203418));
#4360=CARTESIAN_POINT('',(7.9561847795967E-20,0.00475349977682345,0.00340603110124357));
#4361=CARTESIAN_POINT('',(1.58968536878342E-19,0.00951074629090726,0.00680713815428317));
#4362=CARTESIAN_POINT('',(1.59045988901022E-19,0.00950887335184962,0.00680960046406835));
#4363=CARTESIAN_POINT('',(1.59123695591934E-19,0.00950699955364689,0.00681206220248714));
#4364=CARTESIAN_POINT('',(-2.29203042773301E-19,0.0208592757434612,0.0152494048359662));
#4365=CARTESIAN_POINT('',(-2.29249444781989E-19,0.020855456950369,0.0152546073340868));
#4366=CARTESIAN_POINT('',(-2.29295840830784E-19,0.0208516362645804,0.0152598083485143));
#4367=CARTESIAN_POINT('',(-1.1460152138665E-19,0.0225419054482149,0.0164701980898173));
#4368=CARTESIAN_POINT('',(-1.14624722390995E-19,0.0225377766424119,0.0164758319545334));
#4369=CARTESIAN_POINT('',(-1.14647920415392E-19,0.0225336457795231,0.0164814642143385));
#4370=CARTESIAN_POINT('',(9.62964972193618E-36,0.,0.));
#4371=CARTESIAN_POINT('',(9.62964972193618E-36,0.,0.));
#4372=CARTESIAN_POINT('',(0.,0.,0.));
#4373=CARTESIAN_POINT('',(7.96008282428939E-20,0.00475256244849879,0.00340726168442052));
#4374=CARTESIAN_POINT('',(7.96398086898207E-20,0.00475162512017414,0.00340849226759747));
#4375=CARTESIAN_POINT('',(7.96789162382186E-20,0.00475068736262619,0.00340972256474197));
#4376=CARTESIAN_POINT('',(1.59201656485788E-19,0.00950512489699758,0.00681452336884104));
#4377=CARTESIAN_POINT('',(1.59279617379641E-19,0.00950325024034828,0.00681698453519493));
#4378=CARTESIAN_POINT('',(1.59357832476437E-19,0.00950137472525239,0.00681944512948394));
#4379=CARTESIAN_POINT('',(-2.29342230643196E-19,0.0208478136871748,0.0152650078783428));
#4380=CARTESIAN_POINT('',(-2.29388620455607E-19,0.0208439911097692,0.0152702074081713));
#4381=CARTESIAN_POINT('',(-2.29435004031636E-19,0.0208401666407467,0.0152754054534009));
#4382=CARTESIAN_POINT('',(-1.14671115321598E-19,0.0225295128606894,0.0164870948681786));
#4383=CARTESIAN_POINT('',(-1.14694310227804E-19,0.0225253799418558,0.0164927255220186));
#4384=CARTESIAN_POINT('',(-1.14717502015818E-19,0.0225212449670773,0.0164983545698936));
#4385=CARTESIAN_POINT('',(0.,6.93889390390723E-19,0.));
#4386=CARTESIAN_POINT('',(9.62964972193618E-36,6.93889390390723E-19,0.));
#4387=CARTESIAN_POINT('',(9.62964972193618E-36,0.,0.));
#4388=CARTESIAN_POINT('',(7.97181506554429E-20,0.0047497491762042,0.00341095257550478));
#4389=CARTESIAN_POINT('',(7.98750883243401E-20,0.00474599643051624,0.00341587261855602));
#4390=CARTESIAN_POINT('',(8.00340558944606E-20,0.00474223682284355,0.0034207880795002));
#4391=CARTESIAN_POINT('',(1.59436301310886E-19,0.00949949835240841,0.00682190515100956));
#4392=CARTESIAN_POINT('',(1.5975017664868E-19,0.00949199286103249,0.00683174523711205));
#4393=CARTESIAN_POINT('',(1.60068111788921E-19,0.0094844736456871,0.0068415761590004));
#4394=CARTESIAN_POINT('',(-2.29481381094791E-19,0.0208363402811868,0.0152806020131256));
#4395=CARTESIAN_POINT('',(-2.29666889347413E-19,0.0208210348429473,0.0153013882520243));
#4396=CARTESIAN_POINT('',(-2.29852293394066E-19,0.0208056991561093,0.0153221507228449));
#4397=CARTESIAN_POINT('',(-1.14740690547396E-19,0.022517107937495,0.0165039820107494));
#4398=CARTESIAN_POINT('',(-1.14833444673707E-19,0.0225005598191656,0.0165264917741726));
#4399=CARTESIAN_POINT('',(-1.14926146697033E-19,0.0224839788239737,0.0165489758252891));
#4400=CARTESIAN_POINT('',(9.62964972193618E-36,6.93889390390723E-19,0.));
#4401=CARTESIAN_POINT('',(9.62964972193618E-36,0.,0.));
#4402=CARTESIAN_POINT('',(0.,6.93889390390723E-19,0.));
#4403=CARTESIAN_POINT('',(8.01950384765532E-20,0.00473847037553787,0.00342569893598557));
#4404=CARTESIAN_POINT('',(8.05170036407384E-20,0.00473093748092651,0.0034355206489563));
#4405=CARTESIAN_POINT('',(8.08470288528124E-20,0.0047233772277832,0.0034453239440918));
#4406=CARTESIAN_POINT('',(1.60390076953106E-19,0.00947694075107574,0.00685139787197113));
#4407=CARTESIAN_POINT('',(1.61034007281477E-19,0.00946187496185302,0.0068710412979126));
#4408=CARTESIAN_POINT('',(1.61694057705625E-19,0.0094467544555664,0.0068906478881836));
#4409=CARTESIAN_POINT('',(-2.30037575539396E-19,0.0207903332897631,0.0153428893676083));
#4410=CARTESIAN_POINT('',(-2.30408139830057E-19,0.0207596015570707,0.0153843666571351));
#4411=CARTESIAN_POINT('',(-2.30778216515429E-19,0.0207287491063454,0.0154257486424336));
#4412=CARTESIAN_POINT('',(-1.15018787769698E-19,0.0224673650249378,0.0165714340966357));
#4413=CARTESIAN_POINT('',(-1.15204069915029E-19,0.0224341374268661,0.016616350639329));
#4414=CARTESIAN_POINT('',(-1.15389108257714E-19,0.0224007786134187,0.0166611640629434));
#4415=CARTESIAN_POINT('',(9.62964972193618E-36,0.,6.93889390390723E-19));
#4416=CARTESIAN_POINT('',(9.62964972193618E-36,6.93889390390723E-19,0.));
#4417=CARTESIAN_POINT('',(0.,0.,0.));
#4418=CARTESIAN_POINT('',(8.11849949987668E-20,0.00471578979492187,0.00345510864257813));
#4419=CARTESIAN_POINT('',(8.38887241664026E-20,0.00465509033203125,0.00353338623046875));
#4420=CARTESIAN_POINT('',(8.71006731023909E-20,0.0045926513671875,0.0036104736328125));
#4421=CARTESIAN_POINT('',(1.62369989997534E-19,0.00943157958984375,0.00691021728515625));
#4422=CARTESIAN_POINT('',(1.67777448332805E-19,0.0093101806640625,0.0070667724609375));
#4423=CARTESIAN_POINT('',(1.74201346204782E-19,0.009185302734375,0.007220947265625));
#4424=CARTESIAN_POINT('',(-2.31147664032685E-19,0.0206977764903082,0.0154670348596726));
#4425=CARTESIAN_POINT('',(-2.34103244170737E-19,0.0204499955620106,0.0157973245975846));
#4426=CARTESIAN_POINT('',(-2.37018557549414E-19,0.0201945240537532,0.0161214851796895));
#4427=CARTESIAN_POINT('',(-1.15573832016343E-19,0.0223672891687439,0.0167058738277752));
#4428=CARTESIAN_POINT('',(-1.17051622085368E-19,0.0220993736113458,0.0170635519464302));
#4429=CARTESIAN_POINT('',(-1.18509278774707E-19,0.0218230976553993,0.0174145959030085));
#4430=CARTESIAN_POINT('',(0.,0.,0.));
#4431=CARTESIAN_POINT('',(0.,6.93889390390723E-19,0.));
#4432=CARTESIAN_POINT('',(0.,0.,0.));
#4433=CARTESIAN_POINT('',(9.07598554345294E-20,0.004528564453125,0.003686279296875));
#4434=CARTESIAN_POINT('',(9.80782200988066E-20,0.004400390625,0.003837890625));
#4435=CARTESIAN_POINT('',(1.07185518347685E-19,0.004265625,0.003984375));
#4436=CARTESIAN_POINT('',(1.81519710869059E-19,0.00905712890625,0.00737255859375));
#4437=CARTESIAN_POINT('',(1.96156440197613E-19,0.00880078125,0.00767578125));
#4438=CARTESIAN_POINT('',(2.1437103669537E-19,0.00853125,0.00796875));
#4439=CARTESIAN_POINT('',(-2.39821124001844E-19,0.0199316449587275,0.0164392791244612));
#4440=CARTESIAN_POINT('',(-2.45426256906704E-19,0.0194058867686759,0.0170748670140046));
#4441=CARTESIAN_POINT('',(-2.50580402106576E-19,0.0188504982315507,0.017684988354215));
#4442=CARTESIAN_POINT('',(-1.19910562000922E-19,0.0215387603848993,0.0177587293693478));
#4443=CARTESIAN_POINT('',(-1.22713128453352E-19,0.0209700858438994,0.0184469963020264));
#4444=CARTESIAN_POINT('',(-1.25290201053288E-19,0.0203691660446857,0.0191076212737492));
#4445=CARTESIAN_POINT('',(0.,0.,0.));
#4446=CARTESIAN_POINT('',(0.,0.,0.));
#4447=CARTESIAN_POINT('',(0.,6.93889390390723E-19,0.));
#4448=CARTESIAN_POINT('',(1.17593859203546E-19,0.004125,0.004125));
#4449=CARTESIAN_POINT('',(1.28002200059406E-19,0.003984375,0.004265625));
#4450=CARTESIAN_POINT('',(1.3971158352225E-19,0.003837890625,0.004400390625));
#4451=CARTESIAN_POINT('',(2.35187718407091E-19,0.00825,0.00825));
#4452=CARTESIAN_POINT('',(2.56004400118813E-19,0.00796874999999999,0.00853125));
#4453=CARTESIAN_POINT('',(2.794231670445E-19,0.00767578125,0.00880078125));
#4454=CARTESIAN_POINT('',(-2.54703718266473E-19,0.0182677432928829,0.0182677432928829));
#4455=CARTESIAN_POINT('',(-2.5882703442637E-19,0.0176849883542151,0.0188504982315507));
#4456=CARTESIAN_POINT('',(-2.61919521546293E-19,0.0170748670140046,0.0194058867686759));
#4457=CARTESIAN_POINT('',(-1.27351859133237E-19,0.0197383936592174,0.0197383936592174));
#4458=CARTESIAN_POINT('',(-1.29413517213185E-19,0.0191076212737492,0.0203691660446857));
#4459=CARTESIAN_POINT('',(-1.30959760773147E-19,0.0184469963020264,0.0209700858438994));
#4460=CARTESIAN_POINT('',(0.,0.,0.));
#4461=CARTESIAN_POINT('',(1.92592994438724E-35,6.93889390390723E-19,0.));
#4462=CARTESIAN_POINT('',(0.,0.,0.));
#4463=CARTESIAN_POINT('',(1.52234118614458E-19,0.003686279296875,0.004528564453125));
#4464=CARTESIAN_POINT('',(1.58495386160561E-19,0.0036104736328125,0.0045926513671875));
#4465=CARTESIAN_POINT('',(1.64959941614006E-19,0.00353338623046875,0.00465509033203125));
#4466=CARTESIAN_POINT('',(3.04468237228915E-19,0.00737255859375,0.00905712890625));
#4467=CARTESIAN_POINT('',(3.16990772321123E-19,0.007220947265625,0.009185302734375));
#4468=CARTESIAN_POINT('',(3.29919883228012E-19,0.0070667724609375,0.0093101806640625));
#4469=CARTESIAN_POINT('',(-2.64174460071237E-19,0.0164392791244613,0.0199316449587274));
#4470=CARTESIAN_POINT('',(-2.65301929333709E-19,0.0161214851796896,0.0201945240537532));
#4471=CARTESIAN_POINT('',(-2.66220011447436E-19,0.0157973245975846,0.0204499955620106));
#4472=CARTESIAN_POINT('',(-1.32087230035619E-19,0.0177587293693478,0.0215387603848993));
#4473=CARTESIAN_POINT('',(-1.32650964666855E-19,0.0174145959030085,0.0218230976553993));
#4474=CARTESIAN_POINT('',(-1.33110005723718E-19,0.0170635519464302,0.0220993736113457));
#4475=CARTESIAN_POINT('',(1.92592994438724E-35,0.,0.));
#4476=CARTESIAN_POINT('',(0.,0.,0.));
#4477=CARTESIAN_POINT('',(0.,0.,6.93889390390723E-19));
#4478=CARTESIAN_POINT('',(1.7156679860259E-19,0.00345510864257812,0.00471578979492188));
#4479=CARTESIAN_POINT('',(1.72392655726163E-19,0.00344532394409179,0.0047233772277832));
#4480=CARTESIAN_POINT('',(1.73220736311222E-19,0.0034355206489563,0.00473093748092651));
#4481=CARTESIAN_POINT('',(3.43133597205179E-19,0.00691021728515624,0.00943157958984375));
#4482=CARTESIAN_POINT('',(3.44785311452325E-19,0.00689064788818359,0.00944675445556641));
#4483=CARTESIAN_POINT('',(3.46441472622444E-19,0.00687104129791259,0.00946187496185303));
#4484=CARTESIAN_POINT('',(-2.66952866468043E-19,0.0154670348596726,0.0206977764903082));
#4485=CARTESIAN_POINT('',(-2.67044473345619E-19,0.0154257486424336,0.0207287491063454));
#4486=CARTESIAN_POINT('',(-2.67133186049864E-19,0.0153843666571351,0.0207596015570707));
#4487=CARTESIAN_POINT('',(-1.33476433234021E-19,0.0167058738277752,0.0223672891687439));
#4488=CARTESIAN_POINT('',(-1.33522236672809E-19,0.0166611640629433,0.0224007786134186));
#4489=CARTESIAN_POINT('',(-1.33566593024932E-19,0.016616350639329,0.0224341374268661));
#4490=CARTESIAN_POINT('',(0.,6.93889390390723E-19,6.93889390390723E-19));
#4491=CARTESIAN_POINT('',(0.,0.,0.));
#4492=CARTESIAN_POINT('',(0.,0.,0.));
#4493=CARTESIAN_POINT('',(1.7405092124376E-19,0.00342569893598556,0.00473847037553787));
#4494=CARTESIAN_POINT('',(1.74466013710029E-19,0.0034207880795002,0.00474223682284355));
#4495=CARTESIAN_POINT('',(1.74881632263167E-19,0.00341587261855602,0.00474599643051624));
#4496=CARTESIAN_POINT('',(3.4810184248752E-19,0.00685139787197113,0.00947694075107575));
#4497=CARTESIAN_POINT('',(3.48932027420058E-19,0.00684157615900039,0.0094844736456871));
#4498=CARTESIAN_POINT('',(3.49763264526335E-19,0.00683174523711204,0.00949199286103249));
#4499=CARTESIAN_POINT('',(-2.67219051768389E-19,0.0153428893676083,0.0207903332897631));
#4500=CARTESIAN_POINT('',(-2.67261984627651E-19,0.0153221507228449,0.0208056991561093));
#4501=CARTESIAN_POINT('',(-2.67304205740483E-19,0.0153013882520243,0.0208210348429472));
#4502=CARTESIAN_POINT('',(-1.33609525884194E-19,0.0165714340966357,0.0224673650249378));
#4503=CARTESIAN_POINT('',(-1.33630992313826E-19,0.0165489758252891,0.0224839788239736));
#4504=CARTESIAN_POINT('',(-1.33652102870242E-19,0.0165264917741726,0.0225005598191656));
#4505=CARTESIAN_POINT('',(0.,0.,0.));
#4506=CARTESIAN_POINT('',(0.,0.,6.93889390390723E-19));
#4507=CARTESIAN_POINT('',(0.,0.,0.));
#4508=CARTESIAN_POINT('',(1.75297762013924E-19,0.00341095257550478,0.00474974917620421));
#4509=CARTESIAN_POINT('',(1.75401794451614E-19,0.00340972256474197,0.0047506873626262));
#4510=CARTESIAN_POINT('',(1.75505858839154E-19,0.00340849226759746,0.00475162512017414));
#4511=CARTESIAN_POINT('',(3.50595524027849E-19,0.00682190515100956,0.00949949835240841));
#4512=CARTESIAN_POINT('',(3.50803588903227E-19,0.00681944512948393,0.00950137472525239));
#4513=CARTESIAN_POINT('',(3.51011717678308E-19,0.00681698453519493,0.00950325024034828));
#4514=CARTESIAN_POINT('',(-2.67345721005336E-19,0.0152806020131256,0.0208363402811868));
#4515=CARTESIAN_POINT('',(-2.67356099821549E-19,0.0152754054534009,0.0208401666407467));
#4516=CARTESIAN_POINT('',(-2.67366434522263E-19,0.0152702074081713,0.0208439911097692));
#4517=CARTESIAN_POINT('',(-1.33672860502668E-19,0.0165039820107494,0.022517107937495));
#4518=CARTESIAN_POINT('',(-1.33678049910774E-19,0.0164983545698936,0.0225212449670773));
#4519=CARTESIAN_POINT('',(-1.33683217261132E-19,0.0164927255220186,0.0225253799418558));
#4520=CARTESIAN_POINT('',(0.,0.,6.93889390390723E-19));
#4521=CARTESIAN_POINT('',(0.,0.,6.93889390390723E-19));
#4522=CARTESIAN_POINT('',(0.,0.,6.93889390390723E-19));
#4523=CARTESIAN_POINT('',(1.75609954943901E-19,0.00340726168442052,0.00475256244849879));
#4524=CARTESIAN_POINT('',(1.75714051048648E-19,0.00340603110124357,0.00475349977682345));
#4525=CARTESIAN_POINT('',(1.75818178870602E-19,0.00340480023203418,0.00475443667592481));
#4526=CARTESIAN_POINT('',(3.51219909887802E-19,0.00681452336884103,0.00950512489699759));
#4527=CARTESIAN_POINT('',(3.51428102097296E-19,0.00681206220248714,0.00950699955364689));
#4528=CARTESIAN_POINT('',(3.51636357741204E-19,0.00680960046406835,0.00950887335184962));
#4529=CARTESIAN_POINT('',(-2.67376725199642E-19,0.0152650078783428,0.0208478136871748));
#4530=CARTESIAN_POINT('',(-2.67387015877021E-19,0.0152598083485143,0.0208516362645804));
#4531=CARTESIAN_POINT('',(-2.67397262531065E-19,0.0152546073340868,0.020855456950369));
#4532=CARTESIAN_POINT('',(-1.33688362599821E-19,0.0164870948681786,0.0225295128606894));
#4533=CARTESIAN_POINT('',(-1.33693507938511E-19,0.0164814642143385,0.0225336457795231));
#4534=CARTESIAN_POINT('',(-1.33698631265533E-19,0.0164758319545334,0.0225377766424119));
#4535=CARTESIAN_POINT('',(0.,0.,0.));
#4536=CARTESIAN_POINT('',(0.,0.,0.));
#4537=CARTESIAN_POINT('',(0.,0.,0.));
#4538=CARTESIAN_POINT('',(1.75922338177118E-19,0.00340356907714158,0.00475537314545363));
#4539=CARTESIAN_POINT('',(1.76130656790149E-19,0.0034011067673564,0.00475724608451128));
#4540=CARTESIAN_POINT('',(1.76339101341429E-19,0.00339864331483841,0.00475911730527878));
#4541=CARTESIAN_POINT('',(3.51844676354235E-19,0.00680713815428316,0.00951074629090727));
#4542=CARTESIAN_POINT('',(3.52261313580298E-19,0.00680221353471279,0.00951449216902256));
#4543=CARTESIAN_POINT('',(3.52678202682857E-19,0.00679728662967682,0.00951823461055756));
#4544=CARTESIAN_POINT('',(-2.67407465253937E-19,0.0152494048359662,0.0208592757434612));
#4545=CARTESIAN_POINT('',(-2.6742787069968E-19,0.0152389998397251,0.0208669133296455));
#4546=CARTESIAN_POINT('',(-2.67448100420734E-19,0.0152285889087118,0.020874543345044));
#4547=CARTESIAN_POINT('',(-1.33703732626968E-19,0.0164701980898173,0.0225419054482149));
#4548=CARTESIAN_POINT('',(-1.3371393534984E-19,0.0164589303603851,0.0225501630598211));
#4549=CARTESIAN_POINT('',(-1.33724050210367E-19,0.0164476562113091,0.0225584124430843));
#4550=CARTESIAN_POINT('',(0.,0.,6.93889390390723E-19));
#4551=CARTESIAN_POINT('',(0.,0.,6.93889390390723E-19));
#4552=CARTESIAN_POINT('',(0.,0.,6.93889390390723E-19));
#4553=CARTESIAN_POINT('',(1.765476699698E-19,0.00339617872238159,0.00476098680496216));
#4554=CARTESIAN_POINT('',(1.78216218996773E-19,0.00337646198272705,0.0047759428024292));
#4555=CARTESIAN_POINT('',(1.79892708957626E-19,0.0033566722869873,0.0047907886505127));
#4556=CARTESIAN_POINT('',(3.530953399396E-19,0.00679235744476318,0.00952197360992432));
#4557=CARTESIAN_POINT('',(3.56432437993546E-19,0.0067529239654541,0.0095518856048584));
#4558=CARTESIAN_POINT('',(3.59785417915252E-19,0.00671334457397461,0.00958157730102539));
#4559=CARTESIAN_POINT('',(-2.67468155154407E-19,0.0152181720501737,0.0208821657810203));
#4560=CARTESIAN_POINT('',(-2.67628593023788E-19,0.0151348371818686,0.0209431452688311));
#4561=CARTESIAN_POINT('',(-2.67777831700718E-19,0.0150511229519745,0.0210036396736258));
#4562=CARTESIAN_POINT('',(-1.33734077577203E-19,0.0164363756510222,0.0225666535888772));
#4563=CARTESIAN_POINT('',(-1.33814296511894E-19,0.0163461311687264,0.0226325827552208));
#4564=CARTESIAN_POINT('',(-1.33888915850359E-19,0.0162554763689284,0.0226979847234677));
#4565=CARTESIAN_POINT('',(0.,6.93889390390723E-19,6.93889390390723E-19));
#4566=CARTESIAN_POINT('',(0.,0.,0.));
#4567=CARTESIAN_POINT('',(3.85185988877447E-35,0.,0.));
#4568=CARTESIAN_POINT('',(1.81576186940294E-19,0.00333681106567383,0.00480552291870117));
#4569=CARTESIAN_POINT('',(1.8494314290563E-19,0.00329708862304687,0.00483499145507813));
#4570=CARTESIAN_POINT('',(1.88338050958225E-19,0.003257080078125,0.004864013671875));
#4571=CARTESIAN_POINT('',(3.63152373880588E-19,0.00667362213134766,0.00961104583740235));
#4572=CARTESIAN_POINT('',(3.69886285811259E-19,0.00659417724609375,0.00966998291015625));
#4573=CARTESIAN_POINT('',(3.7667610191645E-19,0.00651416015625,0.00972802734375));
#4574=CARTESIAN_POINT('',(-2.67916248686066E-19,0.0149670330711401,0.0210636445736358));
#4575=CARTESIAN_POINT('',(-2.68193082656762E-19,0.0147988533094714,0.0211836543736558));
#4576=CARTESIAN_POINT('',(-2.68426629861131E-19,0.0146291709440417,0.0213017061545369));
#4577=CARTESIAN_POINT('',(-1.33958124343033E-19,0.0161644155692556,0.0227628548204304));
#4578=CARTESIAN_POINT('',(-1.34096541328381E-19,0.0159822939699101,0.0228925950143559));
#4579=CARTESIAN_POINT('',(-1.34213314930566E-19,0.0157985483710657,0.023020207723145));
#4580=CARTESIAN_POINT('',(0.,0.,6.93889390390723E-19));
#4581=CARTESIAN_POINT('',(3.85185988877447E-35,0.,0.));
#4582=CARTESIAN_POINT('',(3.85185988877447E-35,0.,0.));
#4583=CARTESIAN_POINT('',(1.91753287801554E-19,0.003216796875,0.004892578125));
#4584=CARTESIAN_POINT('',(2.19075182548189E-19,0.00289453125,0.00512109375));
#4585=CARTESIAN_POINT('',(2.47698119901806E-19,0.0025546875,0.0053203125));
#4586=CARTESIAN_POINT('',(3.83506575603108E-19,0.00643359375,0.00978515625));
#4587=CARTESIAN_POINT('',(4.38150365096378E-19,0.0057890625,0.0102421875));
#4588=CARTESIAN_POINT('',(4.95396239803612E-19,0.005109375,0.010640625));
#4589=CARTESIAN_POINT('',(-2.68619910306126E-19,0.0144580156600417,0.0214177645421302));
#4590=CARTESIAN_POINT('',(-2.70166153866088E-19,0.0130887733880423,0.0223462316428768));
#4591=CARTESIAN_POINT('',(-2.69135324826113E-19,0.0116252643275493,0.0231471215732046));
#4592=CARTESIAN_POINT('',(-1.34309955153063E-19,0.0156132133137427,0.0231456555612982));
#4593=CARTESIAN_POINT('',(-1.35083076933044E-19,0.014130532855159,0.0241492382665241));
#4594=CARTESIAN_POINT('',(-1.34567662413057E-19,0.0125461270539462,0.0250142692510575));
#4595=CARTESIAN_POINT('',(0.,3.46944695195361E-19,0.));
#4596=CARTESIAN_POINT('',(0.,1.73472347597681E-19,6.93889390390723E-19));
#4597=CARTESIAN_POINT('',(0.,8.67361737988404E-20,6.93889390390723E-19));
#4598=CARTESIAN_POINT('',(0.,0.,6.93889390390723E-19));
#4599=CARTESIAN_POINT('',(2.73718972041458E-19,0.002203125,0.005484375));
#4600=CARTESIAN_POINT('',(3.25760676320763E-19,0.0015,0.0058125));
#4601=CARTESIAN_POINT('',(3.67394039744206E-19,0.000749999999999999,0.006));
#4602=CARTESIAN_POINT('',(3.67394039744206E-19,-7.37257477290143E-19,0.006));
#4603=CARTESIAN_POINT('',(5.47437944082917E-19,0.00440625,0.01096875));
#4604=CARTESIAN_POINT('',(6.51521352641525E-19,0.003,0.011625));
#4605=CARTESIAN_POINT('',(7.34788079488412E-19,0.0015,0.012));
#4606=CARTESIAN_POINT('',(7.34788079488412E-19,-1.47451495458029E-18,0.012));
#4607=CARTESIAN_POINT('',(-2.67073666746165E-19,0.0100826872962398,0.0238023227688655));
#4608=CARTESIAN_POINT('',(-2.62950350586268E-19,0.00699753323362086,0.0251127251601874));
#4609=CARTESIAN_POINT('',(-2.54703718266473E-19,0.00359610728773577,0.0258403726128414));
#4610=CARTESIAN_POINT('',(-2.54703718266473E-19,5.57767548256658E-19,0.0258403726128414));
#4611=CARTESIAN_POINT('',(-1.33536833373082E-19,0.0108776809124929,0.0257216071392238));
#4612=CARTESIAN_POINT('',(-1.31475175293134E-19,0.00754078862958643,0.0271362829155563));
#4613=CARTESIAN_POINT('',(-1.27351859133237E-19,0.00386773498571855,0.0279201863064207));
#4614=CARTESIAN_POINT('',(-1.27351859133237E-19,2.78883774128329E-19,0.0279201863064207));
#4615=CARTESIAN_POINT('',(0.,0.03,0.));
#4616=CARTESIAN_POINT('',(0.,0.03,0.00413936268370133));
#4617=CARTESIAN_POINT('',(0.,0.0291598406709253,0.008084044025552));
#4618=CARTESIAN_POINT('',(1.27351859133237E-19,0.0320798136935793,0.));
#4619=CARTESIAN_POINT('',(9.4365329854059E-20,0.0320798136935793,0.00441099038168411));
#4620=CARTESIAN_POINT('',(9.02420136941618E-20,0.0311833984262943,0.00862729942151756));
#4621=CARTESIAN_POINT('',(2.54703718266473E-19,0.0341596273871586,0.));
#4622=CARTESIAN_POINT('',(1.88730659708118E-19,0.0341596273871586,0.0046826180796669));
#4623=CARTESIAN_POINT('',(1.80484027388324E-19,0.0332069561816633,0.00917055481748313));
#4624=CARTESIAN_POINT('',(0.000342730636335135,0.0384332533461084,0.));
#4625=CARTESIAN_POINT('',(0.000342730636335135,0.0384332533461084,0.00533297214299739));
#4626=CARTESIAN_POINT('',(0.000342730636335135,0.0373530272174711,0.010390145718373));
#4627=CARTESIAN_POINT('',(0.00299804751036929,0.0407668219220172,0.));
#4628=CARTESIAN_POINT('',(0.00299804751036929,0.0407668219220173,0.0056377407202579));
#4629=CARTESIAN_POINT('',(0.00299804751036929,0.0396234761543367,0.010999682872894));
#4630=CARTESIAN_POINT('',(0.,0.027640891509582,0.011672674528746));
#4631=CARTESIAN_POINT('',(0.,0.0268814169289103,0.013466989780343));
#4632=CARTESIAN_POINT('',(0.,0.0259522448901715,0.0151722923222758));
#4633=CARTESIAN_POINT('',(9.64269879340076E-20,0.0295601758799402,0.0124676681449991));
#4634=CARTESIAN_POINT('',(9.95194750539305E-20,0.0287485646067632,0.0143878525067398));
#4635=CARTESIAN_POINT('',(1.05189034773789E-19,0.0277552515138189,0.0162140517893926));
#4636=CARTESIAN_POINT('',(1.92853975868015E-19,0.0314794602502985,0.0132626617612522));
#4637=CARTESIAN_POINT('',(1.99038950107861E-19,0.030615712284616,0.0153087152331367));
#4638=CARTESIAN_POINT('',(2.10378069547578E-19,0.0295582581374662,0.0172558112565094));
#4639=CARTESIAN_POINT('',(0.000342730636335135,0.0354050726807052,0.0149818046661278));
#4640=CARTESIAN_POINT('',(0.000342730636335136,0.0344310954123223,0.0172776341400052));
#4641=CARTESIAN_POINT('',(0.000342730636335136,0.0332401860419073,0.0194570849569774));
#4642=CARTESIAN_POINT('',(0.00299804751036929,0.0375585259966093,0.0158737942355126));
#4643=CARTESIAN_POINT('',(0.00299804751036929,0.0365260509177456,0.0183108499168219));
#4644=CARTESIAN_POINT('',(0.00299804751036929,0.0352631747413701,0.0206259479006268));
#4645=CARTESIAN_POINT('',(0.,0.0248735465804663,0.0167684109674437));
#4646=CARTESIAN_POINT('',(0.,0.0247387092917531,0.0169679257980897));
#4647=CARTESIAN_POINT('',(0.,0.0246015356550561,0.0171657346303488));
#4648=CARTESIAN_POINT('',(1.11116301753641E-19,0.0266014375996343,0.0179236086211447));
#4649=CARTESIAN_POINT('',(1.11857210126123E-19,0.0264572108603612,0.0181373032251138));
#4650=CARTESIAN_POINT('',(1.12602145174542E-19,0.0263104762957562,0.0183491752907875));
#4651=CARTESIAN_POINT('',(2.22232603507283E-19,0.0283293286188023,0.0190788062748457));
#4652=CARTESIAN_POINT('',(2.23714420252246E-19,0.0281757124289693,0.0193066806521378));
#4653=CARTESIAN_POINT('',(2.25204290349084E-19,0.0280194169364564,0.0195326159512261));
#4654=CARTESIAN_POINT('',(0.000342730636335137,0.0318589067845237,0.0214964426095446));
#4655=CARTESIAN_POINT('',(0.000342730636335138,0.0316862468773507,0.0217513623161155));
#4656=CARTESIAN_POINT('',(0.00034273063633514,0.0315106124406939,0.0220040930669925));
#4657=CARTESIAN_POINT('',(0.00299804751036929,0.0337976151396872,0.0227925841591278));
#4658=CARTESIAN_POINT('',(0.00299804751036929,0.0336144201894768,0.0230634136914404));
#4659=CARTESIAN_POINT('',(0.00299804751036929,0.033428058310746,0.0233319235092952));
#4660=CARTESIAN_POINT('',(1.92592994438724E-35,0.024462065067225,0.017361798067371));
#4661=CARTESIAN_POINT('',(0.,0.0243923297733095,0.0174598297858822));
#4662=CARTESIAN_POINT('',(1.92592994438724E-35,0.0243220202416105,0.0175574251555841));
#4663=CARTESIAN_POINT('',(1.13346576888469E-19,0.0261612753140196,0.0185591805654865));
#4664=CARTESIAN_POINT('',(1.13718792745432E-19,0.0260866748231514,0.018664183202836));
#4665=CARTESIAN_POINT('',(1.14090882768772E-19,0.0260114577280002,0.0187687191424419));
#4666=CARTESIAN_POINT('',(2.26693153776937E-19,0.0278604855608143,0.019756563063602));
#4667=CARTESIAN_POINT('',(2.27437585490864E-19,0.0277810198729932,0.0198685366197899));
#4668=CARTESIAN_POINT('',(2.28181765537545E-19,0.0277008952143898,0.0199800131292997));
#4669=CARTESIAN_POINT('',(0.00034273063633514,0.0313320553538795,0.0222545885447783));
#4670=CARTESIAN_POINT('',(0.00034273063633514,0.0312427768104723,0.0223798362836712));
#4671=CARTESIAN_POINT('',(0.00034273063633514,0.0311527676045257,0.0225045252042912));
#4672=CARTESIAN_POINT('',(0.0029980475103693,0.0332385836395733,0.0235980618470128));
#4673=CARTESIAN_POINT('',(0.0029980475103693,0.0331438463039869,0.0237311310158716));
#4674=CARTESIAN_POINT('',(0.0029980475103693,0.0330483307702901,0.0238636073146961));
#4675=CARTESIAN_POINT('',(0.,0.0242511413967342,0.0176545792518707));
#4676=CARTESIAN_POINT('',(1.92592994438724E-35,0.0242422815411246,0.0176667235139065));
#4677=CARTESIAN_POINT('',(1.92592994438724E-35,0.0242334127899967,0.0176788608810452));
#4678=CARTESIAN_POINT('',(1.14462280707186E-19,0.0259356292045911,0.0188727828527192));
#4679=CARTESIAN_POINT('',(1.14508705449488E-19,0.0259261506391649,0.0188857908165038));
#4680=CARTESIAN_POINT('',(1.14555119377962E-19,0.0259166625201723,0.0188987914017052));
#4681=CARTESIAN_POINT('',(2.28924561414372E-19,0.027620117012448,0.0200909864535677));
#4682=CARTESIAN_POINT('',(2.29017410898975E-19,0.0276100197372053,0.0201048581191012));
#4683=CARTESIAN_POINT('',(2.29110238755925E-19,0.0275999122503479,0.0201187219223653));
#4684=CARTESIAN_POINT('',(0.00034273063633514,0.0310620342209554,0.0226286495169638));
#4685=CARTESIAN_POINT('',(0.00034273063633514,0.0310506925480092,0.0226441650560479));
#4686=CARTESIAN_POINT('',(0.00034273063633514,0.0310393395597875,0.0226596717731328));
#4687=CARTESIAN_POINT('',(0.0029980475103693,0.0329520438054926,0.0239954842727764));
#4688=CARTESIAN_POINT('',(0.0029980475103693,0.0329400079348929,0.0240119688925364));
#4689=CARTESIAN_POINT('',(0.0029980475103693,0.0329279600106823,0.0240284441475973));
#4690=CARTESIAN_POINT('',(0.,0.0242245351529687,0.0176909913436684));
#4691=CARTESIAN_POINT('',(0.,0.0242200963344547,0.01769705657498));
#4692=CARTESIAN_POINT('',(1.92592994438724E-35,0.0242156552944658,0.0177031200801627));
#4693=CARTESIAN_POINT('',(1.1460152138665E-19,0.0259071648577225,0.0189117845975195));
#4694=CARTESIAN_POINT('',(1.14624722390995E-19,0.0259024160264976,0.0189182811954266));
#4695=CARTESIAN_POINT('',(1.14647920415392E-19,0.0258976648094085,0.018924775945987));
#4696=CARTESIAN_POINT('',(2.29203042773301E-19,0.0275897945624763,0.0201325778513706));
#4697=CARTESIAN_POINT('',(2.29249444781989E-19,0.0275847357185405,0.0201395058158733));
#4698=CARTESIAN_POINT('',(2.29295840830784E-19,0.0275796743243512,0.0201464318118112));
#4699=CARTESIAN_POINT('',(0.00034273063633514,0.0310279752689563,0.0226751696569105));
#4700=CARTESIAN_POINT('',(0.00034273063633514,0.0310222931235408,0.0226829185987994));
#4701=CARTESIAN_POINT('',(0.00034273063633514,0.0310166081524728,0.0226906653323615));
#4702=CARTESIAN_POINT('',(0.0029980475103693,0.0329159000460775,0.024044910025321));
#4703=CARTESIAN_POINT('',(0.0029980475103693,0.0329098700637751,0.0240531429641828));
#4704=CARTESIAN_POINT('',(0.0029980475103693,0.0329038370713742,0.0240613735587104));
#4705=CARTESIAN_POINT('',(0.,0.0242112120342041,0.0177091818580143));
#4706=CARTESIAN_POINT('',(0.,0.0242067687739424,0.0177152436358659));
#4707=CARTESIAN_POINT('',(1.92592994438724E-35,0.024202323293408,0.0177213036863863));
#4708=CARTESIAN_POINT('',(1.14671115321598E-19,0.0258929112077187,0.0189312688478501));
#4709=CARTESIAN_POINT('',(1.14694310227804E-19,0.0258881576060289,0.0189377617497132));
#4710=CARTESIAN_POINT('',(1.14717502015818E-19,0.0258834016197386,0.018944252802879));
#4711=CARTESIAN_POINT('',(2.29342230643196E-19,0.0275746103812333,0.0201533558376858));
#4712=CARTESIAN_POINT('',(2.29388620455607E-19,0.0275695464381155,0.0201602798635604));
#4713=CARTESIAN_POINT('',(2.29435004031636E-19,0.0275644799460692,0.0201672019193717));
#4714=CARTESIAN_POINT('',(0.00034273063633514,0.0310109203573357,0.0226984098561833));
#4715=CARTESIAN_POINT('',(0.00034273063633514,0.0310052325621986,0.0227061543800051));
#4716=CARTESIAN_POINT('',(0.00034273063633514,0.0309995419429923,0.0227138966940866));
#4717=CARTESIAN_POINT('',(0.0029980475103693,0.0328978010705269,0.0240696018073238));
#4718=CARTESIAN_POINT('',(0.0029980475103693,0.0328917650696795,0.0240778300559373));
#4719=CARTESIAN_POINT('',(0.0029980475103693,0.0328857260603858,0.0240860559586367));
#4720=CARTESIAN_POINT('',(0.,0.0241978755938031,0.0177273620083732));
#4721=CARTESIAN_POINT('',(1.92592994438724E-35,0.0241800847953839,0.017751595296321));
#4722=CARTESIAN_POINT('',(0.,0.024162258491838,0.0177758009277333));
#4723=CARTESIAN_POINT('',(1.14740690547396E-19,0.0258786432501113,0.018950742005997));
#4724=CARTESIAN_POINT('',(1.14833444673707E-19,0.0258596097716022,0.0189766988184693));
#4725=CARTESIAN_POINT('',(1.14926146697033E-19,0.0258405381597023,0.0190026260301775));
#4726=CARTESIAN_POINT('',(2.29481381094791E-19,0.0275594109064195,0.0201741220036208));
#4727=CARTESIAN_POINT('',(2.29666889347413E-19,0.0275391347478205,0.0202018023406176));
#4728=CARTESIAN_POINT('',(2.29852293394066E-19,0.0275188178275667,0.0202294511326217));
#4729=CARTESIAN_POINT('',(0.00034273063633514,0.0309938485013002,0.0227216367970144));
#4730=CARTESIAN_POINT('',(0.00034273063633514,0.0309710747345315,0.0227525972087254));
#4731=CARTESIAN_POINT('',(0.00034273063633514,0.0309482558079881,0.0227835222419761));
#4732=CARTESIAN_POINT('',(0.0029980475103693,0.0328796840442977,0.0240942795138422));
#4733=CARTESIAN_POINT('',(0.0029980475103693,0.0328555159799452,0.0241271737346644));
#4734=CARTESIAN_POINT('',(0.0029980475103693,0.0328312998068835,0.0241600303955853));
#4735=CARTESIAN_POINT('',(0.,0.0241443967601125,0.0177999788256631));
#4736=CARTESIAN_POINT('',(0.,0.0241086732966615,0.0178483346215229));
#4737=CARTESIAN_POINT('',(0.,0.0240728081204919,0.0178965794834531));
#4738=CARTESIAN_POINT('',(1.15018787769698E-19,0.0258214284952872,0.0190285235546906));
#4739=CARTESIAN_POINT('',(1.15204069915029E-19,0.0257832091664568,0.0190803186037168));
#4740=CARTESIAN_POINT('',(1.15389108257714E-19,0.0257448376275651,0.0191319949039628));
#4741=CARTESIAN_POINT('',(2.30037575539396E-19,0.0274984602304619,0.020257068283718));
#4742=CARTESIAN_POINT('',(2.30408139830057E-19,0.0274577450362522,0.0203123025859107));
#4743=CARTESIAN_POINT('',(2.30778216515429E-19,0.0274168671346384,0.0203674103244725));
#4744=CARTESIAN_POINT('',(0.00034273063633514,0.0309253918229969,0.0228144118063027));
#4745=CARTESIAN_POINT('',(0.00034273063633514,0.0308796638530144,0.0228761909349559));
#4746=CARTESIAN_POINT('',(0.000342730636335138,0.0308337556492406,0.0229378281879128));
#4747=CARTESIAN_POINT('',(0.0029980475103693,0.0328070356308471,0.0241928493954999));
#4748=CARTESIAN_POINT('',(0.00299804751036929,0.0327585072787743,0.0242584873953292));
#4749=CARTESIAN_POINT('',(0.00299804751036929,0.0327097869148025,0.0243239747511338));
#4750=CARTESIAN_POINT('',(0.,0.0240368018471796,0.0179447127958778));
#4751=CARTESIAN_POINT('',(0.,0.0237487516606809,0.0183297792952757));
#4752=CARTESIAN_POINT('',(0.,0.0234516712570453,0.0187077066263274));
#4753=CARTESIAN_POINT('',(1.15573832016343E-19,0.0257063145256152,0.0191835517639804));
#4754=CARTESIAN_POINT('',(1.17051622085368E-19,0.025398129710016,0.0195960066441213));
#4755=CARTESIAN_POINT('',(1.18509278774707E-19,0.0250802448586913,0.0200008173496463));
#4756=CARTESIAN_POINT('',(2.31147664032685E-19,0.0273758272040509,0.020422390732083));
#4757=CARTESIAN_POINT('',(2.34103244170737E-19,0.0270475077593512,0.0208622339929668));
#4758=CARTESIAN_POINT('',(2.37018557549414E-19,0.0267088184603373,0.0212939280729652));
#4759=CARTESIAN_POINT('',(0.000342730636335137,0.0307876680222898,0.0229993228414643));
#4760=CARTESIAN_POINT('',(0.000342730636335136,0.0304189670066832,0.0234912800698757));
#4761=CARTESIAN_POINT('',(0.000342730636335136,0.0300387829077514,0.0239741109363322));
#4762=CARTESIAN_POINT('',(0.00299804751036929,0.032660875384808,0.0243893106540747));
#4763=CARTESIAN_POINT('',(0.00299804751036929,0.032269583144852,0.0249119978776027));
#4764=CARTESIAN_POINT('',(0.00299804751036929,0.0318660562794425,0.0254249921178647));
#4765=CARTESIAN_POINT('',(0.,0.0231458758110712,0.0190781796142343));
#4766=CARTESIAN_POINT('',(0.,0.0225342849191229,0.0198191255900482));
#4767=CARTESIAN_POINT('',(0.,0.0218878338578207,0.0205302541932833));
#4768=CARTESIAN_POINT('',(1.19910562000922E-19,0.024752991237243,0.0203976298591209));
#4769=CARTESIAN_POINT('',(1.22713128453352E-19,0.0240984839943464,0.02119125487807));
#4770=CARTESIAN_POINT('',(1.25290201053288E-19,0.0234065016709557,0.0219528871128175));
#4771=CARTESIAN_POINT('',(2.39821124001844E-19,0.0263601066634149,0.0217170801040074));
#4772=CARTESIAN_POINT('',(2.45426256906704E-19,0.02566268306957,0.0225633841660918));
#4773=CARTESIAN_POINT('',(2.50580402106576E-19,0.0249251694840907,0.0233755200323516));
#4774=CARTESIAN_POINT('',(0.000342730636335136,0.0296475307601048,0.024447444901654));
#4775=CARTESIAN_POINT('',(0.000342730636335136,0.0288650264648117,0.0253941128322975));
#4776=CARTESIAN_POINT('',(0.000342730636335136,0.0280382499746594,0.0263027931584023));
#4777=CARTESIAN_POINT('',(0.00299804751036929,0.0314507278772076,0.0259278792494265));
#4778=CARTESIAN_POINT('',(0.00299804751036929,0.0306200710727379,0.0269336535125502));
#4779=CARTESIAN_POINT('',(0.00299804751036929,0.0297422081209668,0.0278989993408729));
#4780=CARTESIAN_POINT('',(0.,0.021209044025552,0.021209044025552));
#4781=CARTESIAN_POINT('',(0.,0.0205302541932833,0.0218878338578207));
#4782=CARTESIAN_POINT('',(0.,0.0198191255900482,0.0225342849191229));
#4783=CARTESIAN_POINT('',(1.27351859133237E-19,0.0226796943918866,0.0226796943918866));
#4784=CARTESIAN_POINT('',(1.29413517213185E-19,0.0219528871128175,0.0234065016709557));
#4785=CARTESIAN_POINT('',(1.30959760773147E-19,0.02119125487807,0.0240984839943464));
#4786=CARTESIAN_POINT('',(2.54703718266473E-19,0.0241503447582211,0.0241503447582211));
#4787=CARTESIAN_POINT('',(2.5882703442637E-19,0.0233755200323516,0.0249251694840907));
#4788=CARTESIAN_POINT('',(2.61919521546293E-19,0.0225633841660918,0.02566268306957));
#4789=CARTESIAN_POINT('',(0.000342730636335136,0.0271705215665308,0.0271705215665308));
#4790=CARTESIAN_POINT('',(0.000342730636335137,0.0263027931584023,0.0280382499746594));
#4791=CARTESIAN_POINT('',(0.000342730636335137,0.0253941128322975,0.0288650264648117));
#4792=CARTESIAN_POINT('',(0.00299804751036929,0.0288206037309199,0.0288206037309199));
#4793=CARTESIAN_POINT('',(0.00299804751036929,0.0278989993408729,0.0297422081209668));
#4794=CARTESIAN_POINT('',(0.00299804751036929,0.0269336535125502,0.0306200710727379));
#4795=CARTESIAN_POINT('',(1.92592994438724E-35,0.0190781796142343,0.0231458758110712));
#4796=CARTESIAN_POINT('',(0.,0.0187077066263274,0.0234516712570453));
#4797=CARTESIAN_POINT('',(0.,0.0183297792952757,0.0237487516606809));
#4798=CARTESIAN_POINT('',(1.32087230035619E-19,0.0203976298591209,0.024752991237243));
#4799=CARTESIAN_POINT('',(1.32650964666855E-19,0.0200008173496463,0.0250802448586913));
#4800=CARTESIAN_POINT('',(1.33110005723718E-19,0.0195960066441213,0.025398129710016));
#4801=CARTESIAN_POINT('',(2.64174460071237E-19,0.0217170801040074,0.0263601066634149));
#4802=CARTESIAN_POINT('',(2.65301929333709E-19,0.0212939280729652,0.0267088184603373));
#4803=CARTESIAN_POINT('',(2.66220011447436E-19,0.0208622339929668,0.0270475077593512));
#4804=CARTESIAN_POINT('',(0.000342730636335138,0.024447444901654,0.0296475307601048));
#4805=CARTESIAN_POINT('',(0.000342730636335139,0.0239741109363322,0.0300387829077514));
#4806=CARTESIAN_POINT('',(0.000342730636335139,0.0234912800698757,0.0304189670066831));
#4807=CARTESIAN_POINT('',(0.00299804751036929,0.0259278792494265,0.0314507278772076));
#4808=CARTESIAN_POINT('',(0.00299804751036929,0.0254249921178647,0.0318660562794425));
#4809=CARTESIAN_POINT('',(0.00299804751036929,0.0249119978776026,0.032269583144852));
#4810=CARTESIAN_POINT('',(0.,0.0179447127958778,0.0240368018471796));
#4811=CARTESIAN_POINT('',(0.,0.0178965794834531,0.0240728081204919));
#4812=CARTESIAN_POINT('',(0.,0.0178483346215229,0.0241086732966615));
#4813=CARTESIAN_POINT('',(1.33476433234021E-19,0.0191835517639804,0.0257063145256152));
#4814=CARTESIAN_POINT('',(1.33522236672809E-19,0.0191319949039628,0.0257448376275651));
#4815=CARTESIAN_POINT('',(1.33566593024932E-19,0.0190803186037168,0.0257832091664568));
#4816=CARTESIAN_POINT('',(2.66952866468043E-19,0.020422390732083,0.0273758272040509));
#4817=CARTESIAN_POINT('',(2.67044473345619E-19,0.0203674103244725,0.0274168671346384));
#4818=CARTESIAN_POINT('',(2.67133186049864E-19,0.0203123025859107,0.0274577450362522));
#4819=CARTESIAN_POINT('',(0.000342730636335137,0.0229993228414643,0.0307876680222897));
#4820=CARTESIAN_POINT('',(0.000342730636335139,0.0229378281879128,0.0308337556492406));
#4821=CARTESIAN_POINT('',(0.00034273063633514,0.0228761909349558,0.0308796638530144));
#4822=CARTESIAN_POINT('',(0.00299804751036929,0.0243893106540747,0.032660875384808));
#4823=CARTESIAN_POINT('',(0.00299804751036929,0.0243239747511337,0.0327097869148025));
#4824=CARTESIAN_POINT('',(0.00299804751036929,0.0242584873953292,0.0327585072787743));
#4825=CARTESIAN_POINT('',(1.92592994438724E-35,0.0177999788256631,0.0241443967601125));
#4826=CARTESIAN_POINT('',(1.92592994438724E-35,0.0177758009277333,0.024162258491838));
#4827=CARTESIAN_POINT('',(1.92592994438724E-35,0.017751595296321,0.0241800847953839));
#4828=CARTESIAN_POINT('',(1.33609525884195E-19,0.0190285235546906,0.0258214284952872));
#4829=CARTESIAN_POINT('',(1.33630992313826E-19,0.0190026260301775,0.0258405381597023));
#4830=CARTESIAN_POINT('',(1.33652102870242E-19,0.0189766988184693,0.0258596097716022));
#4831=CARTESIAN_POINT('',(2.67219051768389E-19,0.020257068283718,0.0274984602304619));
#4832=CARTESIAN_POINT('',(2.67261984627651E-19,0.0202294511326217,0.0275188178275667));
#4833=CARTESIAN_POINT('',(2.67304205740483E-19,0.0202018023406176,0.0275391347478205));
#4834=CARTESIAN_POINT('',(0.00034273063633514,0.0228144118063027,0.0309253918229969));
#4835=CARTESIAN_POINT('',(0.00034273063633514,0.0227835222419761,0.0309482558079881));
#4836=CARTESIAN_POINT('',(0.00034273063633514,0.0227525972087254,0.0309710747345315));
#4837=CARTESIAN_POINT('',(0.0029980475103693,0.0241928493954999,0.0328070356308471));
#4838=CARTESIAN_POINT('',(0.0029980475103693,0.0241600303955853,0.0328312998068835));
#4839=CARTESIAN_POINT('',(0.0029980475103693,0.0241271737346644,0.0328555159799452));
#4840=CARTESIAN_POINT('',(0.,0.0177273620083732,0.0241978755938031));
#4841=CARTESIAN_POINT('',(0.,0.0177213036863863,0.024202323293408));
#4842=CARTESIAN_POINT('',(1.92592994438724E-35,0.0177152436358659,0.0242067687739424));
#4843=CARTESIAN_POINT('',(1.33672860502668E-19,0.018950742005997,0.0258786432501113));
#4844=CARTESIAN_POINT('',(1.33678049910774E-19,0.018944252802879,0.0258834016197386));
#4845=CARTESIAN_POINT('',(1.33683217261132E-19,0.0189377617497132,0.0258881576060289));
#4846=CARTESIAN_POINT('',(2.67345721005336E-19,0.0201741220036208,0.0275594109064195));
#4847=CARTESIAN_POINT('',(2.67356099821549E-19,0.0201672019193717,0.0275644799460692));
#4848=CARTESIAN_POINT('',(2.67366434522263E-19,0.0201602798635604,0.0275695464381155));
#4849=CARTESIAN_POINT('',(0.00034273063633514,0.0227216367970144,0.0309938485013002));
#4850=CARTESIAN_POINT('',(0.00034273063633514,0.0227138966940866,0.0309995419429923));
#4851=CARTESIAN_POINT('',(0.00034273063633514,0.0227061543800051,0.0310052325621986));
#4852=CARTESIAN_POINT('',(0.0029980475103693,0.0240942795138422,0.0328796840442977));
#4853=CARTESIAN_POINT('',(0.0029980475103693,0.0240860559586367,0.0328857260603858));
#4854=CARTESIAN_POINT('',(0.0029980475103693,0.0240778300559373,0.0328917650696795));
#4855=CARTESIAN_POINT('',(0.,0.0177091818580143,0.0242112120342041));
#4856=CARTESIAN_POINT('',(1.92592994438724E-35,0.0177031200801628,0.0242156552944658));
#4857=CARTESIAN_POINT('',(0.,0.01769705657498,0.0242200963344547));
#4858=CARTESIAN_POINT('',(1.33688362599821E-19,0.0189312688478501,0.0258929112077187));
#4859=CARTESIAN_POINT('',(1.33693507938511E-19,0.018924775945987,0.0258976648094085));
#4860=CARTESIAN_POINT('',(1.33698631265533E-19,0.0189182811954266,0.0259024160264976));
#4861=CARTESIAN_POINT('',(2.67376725199642E-19,0.0201533558376858,0.0275746103812333));
#4862=CARTESIAN_POINT('',(2.67387015877021E-19,0.0201464318118112,0.0275796743243512));
#4863=CARTESIAN_POINT('',(2.67397262531065E-19,0.0201395058158733,0.0275847357185405));
#4864=CARTESIAN_POINT('',(0.00034273063633514,0.0226984098561833,0.0310109203573357));
#4865=CARTESIAN_POINT('',(0.00034273063633514,0.0226906653323615,0.0310166081524728));
#4866=CARTESIAN_POINT('',(0.00034273063633514,0.0226829185987994,0.0310222931235408));
#4867=CARTESIAN_POINT('',(0.0029980475103693,0.0240696018073238,0.0328978010705269));
#4868=CARTESIAN_POINT('',(0.0029980475103693,0.0240613735587104,0.0329038370713742));
#4869=CARTESIAN_POINT('',(0.0029980475103693,0.0240531429641828,0.0329098700637752));
#4870=CARTESIAN_POINT('',(0.,0.0176909913436684,0.0242245351529687));
#4871=CARTESIAN_POINT('',(0.,0.0176788608810452,0.0242334127899967));
#4872=CARTESIAN_POINT('',(0.,0.0176667235139065,0.0242422815411246));
#4873=CARTESIAN_POINT('',(1.33703732626968E-19,0.0189117845975195,0.0259071648577225));
#4874=CARTESIAN_POINT('',(1.3371393534984E-19,0.0188987914017053,0.0259166625201723));
#4875=CARTESIAN_POINT('',(1.33724050210367E-19,0.0188857908165039,0.0259261506391649));
#4876=CARTESIAN_POINT('',(2.67407465253937E-19,0.0201325778513706,0.0275897945624763));
#4877=CARTESIAN_POINT('',(2.6742787069968E-19,0.0201187219223653,0.0275999122503479));
#4878=CARTESIAN_POINT('',(2.67448100420734E-19,0.0201048581191012,0.0276100197372052));
#4879=CARTESIAN_POINT('',(0.00034273063633514,0.0226751696569105,0.0310279752689564));
#4880=CARTESIAN_POINT('',(0.00034273063633514,0.0226596717731327,0.0310393395597875));
#4881=CARTESIAN_POINT('',(0.000342730636335138,0.0226441650560479,0.0310506925480092));
#4882=CARTESIAN_POINT('',(0.0029980475103693,0.024044910025321,0.0329159000460775));
#4883=CARTESIAN_POINT('',(0.00299804751036929,0.0240284441475973,0.0329279600106823));
#4884=CARTESIAN_POINT('',(0.00299804751036929,0.0240119688925364,0.0329400079348929));
#4885=CARTESIAN_POINT('',(0.,0.0176545792518707,0.0242511413967341));
#4886=CARTESIAN_POINT('',(1.92592994438724E-35,0.0175574251555841,0.0243220202416105));
#4887=CARTESIAN_POINT('',(1.92592994438724E-35,0.0174598297858822,0.0243923297733095));
#4888=CARTESIAN_POINT('',(1.33734077577203E-19,0.0188727828527192,0.0259356292045911));
#4889=CARTESIAN_POINT('',(1.33814296511894E-19,0.0187687191424419,0.0260114577280001));
#4890=CARTESIAN_POINT('',(1.33888915850359E-19,0.018664183202836,0.0260866748231513));
#4891=CARTESIAN_POINT('',(2.67468155154407E-19,0.0200909864535677,0.027620117012448));
#4892=CARTESIAN_POINT('',(2.67628593023788E-19,0.0199800131292997,0.0277008952143898));
#4893=CARTESIAN_POINT('',(2.67777831700718E-19,0.0198685366197899,0.0277810198729932));
#4894=CARTESIAN_POINT('',(0.000342730636335137,0.0226286495169638,0.0310620342209554));
#4895=CARTESIAN_POINT('',(0.000342730636335137,0.0225045252042912,0.0311527676045257));
#4896=CARTESIAN_POINT('',(0.000342730636335137,0.0223798362836712,0.0312427768104723));
#4897=CARTESIAN_POINT('',(0.00299804751036929,0.0239954842727764,0.0329520438054926));
#4898=CARTESIAN_POINT('',(0.00299804751036929,0.0238636073146961,0.0330483307702901));
#4899=CARTESIAN_POINT('',(0.00299804751036929,0.0237311310158716,0.0331438463039869));
#4900=CARTESIAN_POINT('',(1.92592994438724E-35,0.0173617980673711,0.024462065067225));
#4901=CARTESIAN_POINT('',(0.,0.0171657346303488,0.0246015356550561));
#4902=CARTESIAN_POINT('',(0.,0.0169679257980897,0.0247387092917531));
#4903=CARTESIAN_POINT('',(1.33958124343033E-19,0.0185591805654865,0.0261612753140196));
#4904=CARTESIAN_POINT('',(1.34096541328381E-19,0.0183491752907875,0.0263104762957562));
#4905=CARTESIAN_POINT('',(1.34213314930566E-19,0.0181373032251138,0.0264572108603612));
#4906=CARTESIAN_POINT('',(2.67916248686066E-19,0.019756563063602,0.0278604855608142));
#4907=CARTESIAN_POINT('',(2.68193082656762E-19,0.0195326159512261,0.0280194169364564));
#4908=CARTESIAN_POINT('',(2.68426629861131E-19,0.0193066806521378,0.0281757124289693));
#4909=CARTESIAN_POINT('',(0.000342730636335137,0.0222545885447783,0.0313320553538795));
#4910=CARTESIAN_POINT('',(0.000342730636335137,0.0220040930669925,0.0315106124406939));
#4911=CARTESIAN_POINT('',(0.000342730636335137,0.0217513623161155,0.0316862468773507));
#4912=CARTESIAN_POINT('',(0.00299804751036929,0.0235980618470128,0.0332385836395733));
#4913=CARTESIAN_POINT('',(0.00299804751036929,0.0233319235092952,0.033428058310746));
#4914=CARTESIAN_POINT('',(0.00299804751036929,0.0230634136914404,0.0336144201894768));
#4915=CARTESIAN_POINT('',(1.92592994438724E-35,0.0167684109674437,0.0248735465804662));
#4916=CARTESIAN_POINT('',(0.,0.0151722923222758,0.0259522448901715));
#4917=CARTESIAN_POINT('',(0.,0.013466989780343,0.0268814169289103));
#4918=CARTESIAN_POINT('',(1.34309955153063E-19,0.0179236086211447,0.0266014375996343));
#4919=CARTESIAN_POINT('',(1.35083076933044E-19,0.0162140517893926,0.0277552515138189));
#4920=CARTESIAN_POINT('',(1.34567662413057E-19,0.0143878525067398,0.0287485646067632));
#4921=CARTESIAN_POINT('',(2.68619910306126E-19,0.0190788062748458,0.0283293286188023));
#4922=CARTESIAN_POINT('',(2.70166153866088E-19,0.0172558112565094,0.0295582581374662));
#4923=CARTESIAN_POINT('',(2.69135324826113E-19,0.0153087152331367,0.030615712284616));
#4924=CARTESIAN_POINT('',(0.000342730636335137,0.0214964426095446,0.0318589067845237));
#4925=CARTESIAN_POINT('',(0.000342730636335137,0.0194570849569774,0.0332401860419073));
#4926=CARTESIAN_POINT('',(0.000342730636335138,0.0172776341400052,0.0344310954123223));
#4927=CARTESIAN_POINT('',(0.00299804751036929,0.0227925841591278,0.0337976151396872));
#4928=CARTESIAN_POINT('',(0.00299804751036929,0.0206259479006268,0.0352631747413702));
#4929=CARTESIAN_POINT('',(0.00299804751036929,0.0183108499168219,0.0365260509177456));
#4930=CARTESIAN_POINT('',(0.,0.011672674528746,0.027640891509582));
#4931=CARTESIAN_POINT('',(0.,0.008084044025552,0.0291598406709253));
#4932=CARTESIAN_POINT('',(0.,0.00413936268370133,0.03));
#4933=CARTESIAN_POINT('',(0.,0.,0.03));
#4934=CARTESIAN_POINT('',(1.33536833373082E-19,0.0124676681449991,0.0295601758799402));
#4935=CARTESIAN_POINT('',(1.31475175293134E-19,0.00862729942151757,0.0311833984262943));
#4936=CARTESIAN_POINT('',(1.27351859133237E-19,0.00441099038168411,0.0320798136935793));
#4937=CARTESIAN_POINT('',(1.27351859133237E-19,-2.78883774128329E-19,0.0320798136935793));
#4938=CARTESIAN_POINT('',(2.67073666746165E-19,0.0132626617612522,0.0314794602502984));
#4939=CARTESIAN_POINT('',(2.62950350586268E-19,0.00917055481748313,0.0332069561816633));
#4940=CARTESIAN_POINT('',(2.54703718266473E-19,0.0046826180796669,0.0341596273871586));
#4941=CARTESIAN_POINT('',(2.54703718266473E-19,-5.57767548256658E-19,0.0341596273871586));
#4942=CARTESIAN_POINT('',(0.000342730636335138,0.0149818046661278,0.0354050726807052));
#4943=CARTESIAN_POINT('',(0.000342730636335138,0.010390145718373,0.0373530272174711));
#4944=CARTESIAN_POINT('',(0.000342730636335138,0.00533297214299739,0.0384332533461084));
#4945=CARTESIAN_POINT('',(0.000342730636335139,2.50995396715496E-18,0.0384332533461084));
#4946=CARTESIAN_POINT('',(0.00299804751036929,0.0158737942355126,0.0375585259966093));
#4947=CARTESIAN_POINT('',(0.00299804751036929,0.010999682872894,0.0396234761543367));
#4948=CARTESIAN_POINT('',(0.00299804751036929,0.0056377407202579,0.0407668219220172));
#4949=CARTESIAN_POINT('',(0.00299804751036929,1.02257383847054E-18,0.0407668219220172));
#4950=CARTESIAN_POINT('',(0.006,0.0425,0.));
#4951=CARTESIAN_POINT('',(0.006,0.0425,0.00586409713524355));
#4952=CARTESIAN_POINT('',(0.006,0.0413097742838109,0.0114523957028653));
#4953=CARTESIAN_POINT('',(0.00900195248963071,0.0442331780779828,0.));
#4954=CARTESIAN_POINT('',(0.00900195248963071,0.0442331780779828,0.00609045355022921));
#4955=CARTESIAN_POINT('',(0.00900195248963071,0.042996072413285,0.0119051085328366));
#4956=CARTESIAN_POINT('',(0.012350540594858,0.0453659656580394,0.));
#4957=CARTESIAN_POINT('',(0.012350540594858,0.0453659656580394,0.00623839780294));
#4958=CARTESIAN_POINT('',(0.012350540594858,0.0440982197353677,0.0122009970382582));
#4959=CARTESIAN_POINT('',(0.0276826860935282,0.05,0.));
#4960=CARTESIAN_POINT('',(0.0276826860935285,0.05,0.00833333333333333));
#4961=CARTESIAN_POINT('',(0.0276826860935282,0.05,0.0166666666666667));
#4962=CARTESIAN_POINT('',(0.0388413430467641,0.05,0.));
#4963=CARTESIAN_POINT('',(0.0388413430467643,0.05,0.00833333333333333));
#4964=CARTESIAN_POINT('',(0.0388413430467641,0.05,0.0166666666666667));
#4965=CARTESIAN_POINT('',(0.006,0.0391579296385745,0.0165362889157235));
#4966=CARTESIAN_POINT('',(0.006,0.0380820073159563,0.0190782355221526));
#4967=CARTESIAN_POINT('',(0.006,0.0367656802610763,0.0214940807898908));
#4968=CARTESIAN_POINT('',(0.00900195248963071,0.0407573332805397,0.0171987835959344));
#4969=CARTESIAN_POINT('',(0.00900195248963071,0.039637963714167,0.0198456211274833));
#4970=CARTESIAN_POINT('',(0.00900195248963071,0.0382681857807824,0.0223622136791547));
#4971=CARTESIAN_POINT('',(0.012350540594858,0.041802687248566,0.0176317833869714));
#4972=CARTESIAN_POINT('',(0.012350540594858,0.0406549210051651,0.020347176561328));
#4973=CARTESIAN_POINT('',(0.012350540594858,0.0392502081207318,0.0229296165140334));
#4974=CARTESIAN_POINT('',(0.0276826860935282,0.05,0.025));
#4975=CARTESIAN_POINT('',(0.0276826860935282,0.05,0.0291666666666667));
#4976=CARTESIAN_POINT('',(0.0276826860935282,0.05,0.0333333333333333));
#4977=CARTESIAN_POINT('',(0.0388413430467641,0.05,0.025));
#4978=CARTESIAN_POINT('',(0.0388413430467641,0.05,0.0291666666666667));
#4979=CARTESIAN_POINT('',(0.0388413430467641,0.05,0.0333333333333333));
#4980=CARTESIAN_POINT('',(0.006,0.0352375243223272,0.0237552488705453));
#4981=CARTESIAN_POINT('',(0.006,0.0350465048299835,0.0240378948806271));
#4982=CARTESIAN_POINT('',(0.006,0.0348521755113295,0.0243181240596608));
#4983=CARTESIAN_POINT('',(0.00900195248963071,0.0366774335049672,0.0247179135819628));
#4984=CARTESIAN_POINT('',(0.00900195248963071,0.0364785894704903,0.0250123760698138));
#4985=CARTESIAN_POINT('',(0.00900195248963071,0.0362762927119129,0.0253043246100263));
#4986=CARTESIAN_POINT('',(0.012350540594858,0.0376185435150837,0.0253471014552146));
#4987=CARTESIAN_POINT('',(0.012350540594858,0.0374145854393777,0.0256492870728622));
#4988=CARTESIAN_POINT('',(0.012350540594858,0.0372070812430277,0.0259488952684548));
#4989=CARTESIAN_POINT('',(0.0276826860935282,0.05,0.0375));
#4990=CARTESIAN_POINT('',(0.0276826860935282,0.05,0.0380208333333333));
#4991=CARTESIAN_POINT('',(0.0276826860935282,0.05,0.0385416666666667));
#4992=CARTESIAN_POINT('',(0.0388413430467641,0.05,0.0375));
#4993=CARTESIAN_POINT('',(0.0388413430467641,0.05,0.0380208333333333));
#4994=CARTESIAN_POINT('',(0.0388413430467641,0.05,0.0385416666666667));
#4995=CARTESIAN_POINT('',(0.006,0.0346545921785688,0.0245958805954423));
#4996=CARTESIAN_POINT('',(0.006,0.0345558005121885,0.0247347588633331));
#4997=CARTESIAN_POINT('',(0.006,0.0344561953422815,0.0248730189704109));
#4998=CARTESIAN_POINT('',(0.00900195248963071,0.0360706007175643,0.0255936993438719));
#4999=CARTESIAN_POINT('',(0.00900195248963071,0.03596775472039,0.0257383867107947));
#5000=CARTESIAN_POINT('',(0.00900195248963071,0.0358640599142729,0.0258824306261257));
#5001=CARTESIAN_POINT('',(0.012350540594858,0.0369960895098615,0.0262458635384965));
#5002=CARTESIAN_POINT('',(0.012350540594858,0.0368905936432784,0.0263943476735173));
#5003=CARTESIAN_POINT('',(0.012350540594858,0.0367842258924912,0.0265421718271504));
#5004=CARTESIAN_POINT('',(0.0276826860935282,0.05,0.0390625));
#5005=CARTESIAN_POINT('',(0.0276826860935282,0.05,0.0393229166666667));
#5006=CARTESIAN_POINT('',(0.0276826860935282,0.05,0.0395833333333333));
#5007=CARTESIAN_POINT('',(0.0388413430467641,0.05,0.0390625));
#5008=CARTESIAN_POINT('',(0.0388413430467641,0.05,0.0393229166666667));
#5009=CARTESIAN_POINT('',(0.0388413430467641,0.05,0.0395833333333333));
#5010=CARTESIAN_POINT('',(0.006,0.0343557836453734,0.0250106539401501));
#5011=CARTESIAN_POINT('',(0.006,0.0343432321832599,0.0250278583113675));
#5012=CARTESIAN_POINT('',(0.006,0.034330668119162,0.025045052914814));
#5013=CARTESIAN_POINT('',(0.00900195248963071,0.0357595234852541,0.0260258236075239));
#5014=CARTESIAN_POINT('',(0.00900195248963071,0.0357464564316268,0.0260437477301987));
#5015=CARTESIAN_POINT('',(0.00900195248963071,0.0357333762276416,0.0260616616820308));
#5016=CARTESIAN_POINT('',(0.012350540594858,0.0366769935804785,0.0266893281864588));
#5017=CARTESIAN_POINT('',(0.012350540594858,0.0366635895414769,0.0267077227313724));
#5018=CARTESIAN_POINT('',(0.012350540594858,0.0366501719937062,0.0267261068419996));
#5019=CARTESIAN_POINT('',(0.0276826860935282,0.05,0.03984375));
#5020=CARTESIAN_POINT('',(0.0276826860935282,0.05,0.0398763020833333));
#5021=CARTESIAN_POINT('',(0.0276826860935282,0.05,0.0399088541666667));
#5022=CARTESIAN_POINT('',(0.0388413430467641,0.05,0.03984375));
#5023=CARTESIAN_POINT('',(0.0388413430467641,0.05,0.0398763020833333));
#5024=CARTESIAN_POINT('',(0.0388413430467641,0.05,0.0399088541666667));
#5025=CARTESIAN_POINT('',(0.006,0.0343180914667057,0.0250622377368636));
#5026=CARTESIAN_POINT('',(0.006,0.0343118031404775,0.0250708301478884));
#5027=CARTESIAN_POINT('',(0.006,0.0343055116671598,0.0250794201135639));
#5028=CARTESIAN_POINT('',(0.00900195248963071,0.0357202828873338,0.0260795654484062));
#5029=CARTESIAN_POINT('',(0.00900195248963071,0.0357137362171799,0.0260885173315939));
#5030=CARTESIAN_POINT('',(0.00900195248963071,0.0357071862629454,0.0260974666684174));
#5031=CARTESIAN_POINT('',(0.012350540594858,0.036636740951469,0.0267444805030809));
#5032=CARTESIAN_POINT('',(0.012350540594858,0.0366300254303503,0.0267536673336215));
#5033=CARTESIAN_POINT('',(0.012350540594858,0.0366233065356151,0.0267628515517756));
#5034=CARTESIAN_POINT('',(0.0276826860935282,0.05,0.03994140625));
#5035=CARTESIAN_POINT('',(0.0276826860935282,0.05,0.0399576822916667));
#5036=CARTESIAN_POINT('',(0.0276826860935282,0.05,0.0399739583333333));
#5037=CARTESIAN_POINT('',(0.0388413430467641,0.05,0.03994140625));
#5038=CARTESIAN_POINT('',(0.0388413430467641,0.05,0.0399576822916667));
#5039=CARTESIAN_POINT('',(0.0388413430467641,0.05,0.0399739583333333));
#5040=CARTESIAN_POINT('',(0.006,0.0342992170484557,0.025088007632187));
#5041=CARTESIAN_POINT('',(0.006,0.0342929224297517,0.02509659515081));
#5042=CARTESIAN_POINT('',(0.006,0.0342866246656613,0.0251051802223806));
#5043=CARTESIAN_POINT('',(0.00900195248963071,0.0357006330263846,0.0261064134570501));
#5044=CARTESIAN_POINT('',(0.00900195248963071,0.0356940797898238,0.0261153602456827));
#5045=CARTESIAN_POINT('',(0.00900195248963071,0.0356875232709368,0.0261243044861245));
#5046=CARTESIAN_POINT('',(0.012350540594858,0.0366165842690512,0.0267720331556358));
#5047=CARTESIAN_POINT('',(0.012350540594858,0.0366098620024872,0.026781214759496));
#5048=CARTESIAN_POINT('',(0.012350540594858,0.0366031363640944,0.0267903937490623));
#5049=CARTESIAN_POINT('',(0.0276826860935282,0.05,0.039990234375));
#5050=CARTESIAN_POINT('',(0.0276826860935282,0.05,0.0400065104166667));
#5051=CARTESIAN_POINT('',(0.0276826860935282,0.0499999919488228,0.0400181171127843));
#5052=CARTESIAN_POINT('',(0.0388413430467641,0.05,0.039990234375));
#5053=CARTESIAN_POINT('',(0.0388413430467641,0.05,0.0400065104166667));
#5054=CARTESIAN_POINT('',(0.0388413430467641,0.0499999919488228,0.0400181171127843));
#5055=CARTESIAN_POINT('',(0.006,0.0342803237578878,0.0251137628451954));
#5056=CARTESIAN_POINT('',(0.006,0.0342551201267938,0.0251480933364547));
#5057=CARTESIAN_POINT('',(0.006,0.0342298661967705,0.0251823846476221));
#5058=CARTESIAN_POINT('',(0.00900195248963071,0.0356809634714779,0.0261332461765486));
#5059=CARTESIAN_POINT('',(0.00900195248963071,0.0356547242736424,0.026169012938245));
#5060=CARTESIAN_POINT('',(0.00900195248963071,0.0356284325866575,0.0262047388996589));
#5061=CARTESIAN_POINT('',(0.012350540594858,0.0365964073556607,0.0267995701224271));
#5062=CARTESIAN_POINT('',(0.012350540594858,0.0365694913219258,0.0268362756158865));
#5063=CARTESIAN_POINT('',(0.012350540594858,0.0365425213675359,0.0268729392501234));
#5064=CARTESIAN_POINT('',(0.0276826860935282,0.0499999517280349,0.0400310544645875));
#5065=CARTESIAN_POINT('',(0.0276826860935282,0.0499997908448833,0.0400828038718));
#5066=CARTESIAN_POINT('',(0.0276826860935283,0.0499992279293432,0.040134512827732));
#5067=CARTESIAN_POINT('',(0.0388413430467641,0.0499999517280349,0.0400310544645875));
#5068=CARTESIAN_POINT('',(0.0388413430467641,0.0499997908448833,0.0400828038718));
#5069=CARTESIAN_POINT('',(0.0388413430467641,0.0499992279293432,0.040134512827732));
#5070=CARTESIAN_POINT('',(0.006,0.034204562076826,0.0252166366696895));
#5071=CARTESIAN_POINT('',(0.006,0.0341539538369371,0.0252851407138242));
#5072=CARTESIAN_POINT('',(0.006,0.0341031448373635,0.0253534876015585));
#5073=CARTESIAN_POINT('',(0.00900195248963071,0.0356020885228049,0.026240423943879));
#5074=CARTESIAN_POINT('',(0.00900195248963071,0.0355494003950999,0.0263117940323191));
#5075=CARTESIAN_POINT('',(0.00900195248963071,0.0354965027599245,0.0263830004519833));
#5076=CARTESIAN_POINT('',(0.012350540594858,0.0365154976069125,0.0269095609030608));
#5077=CARTESIAN_POINT('',(0.012350540594858,0.0364614500856657,0.0269828042089355));
#5078=CARTESIAN_POINT('',(0.012350540594858,0.0364071873394847,0.0270558795896119));
#5079=CARTESIAN_POINT('',(0.0276826860935283,0.0499982647363199,0.0401861770956674));
#5080=CARTESIAN_POINT('',(0.0276826860935284,0.0499963383502732,0.0402895056315384));
#5081=CARTESIAN_POINT('',(0.0276826860935283,0.0499928108542936,0.0403926554154231));
#5082=CARTESIAN_POINT('',(0.0388413430467641,0.0499982647363199,0.0401861770956674));
#5083=CARTESIAN_POINT('',(0.0388413430467642,0.0499963383502732,0.0402895056315384));
#5084=CARTESIAN_POINT('',(0.0388413430467641,0.0499928108542936,0.0403926554154231));
#5085=CARTESIAN_POINT('',(0.006,0.034052135950171,0.0254216764608269));
#5086=CARTESIAN_POINT('',(0.006,0.0336440648526313,0.025967187334974));
#5087=CARTESIAN_POINT('',(0.006,0.0332232009474808,0.0265025843872971));
#5088=CARTESIAN_POINT('',(0.00900195248963071,0.0354433965155341,0.0264540422675791));
#5089=CARTESIAN_POINT('',(0.00900195248963071,0.0350185465604105,0.0270223767923452));
#5090=CARTESIAN_POINT('',(0.00900195248963071,0.0345803456155192,0.0275801766567296));
#5091=CARTESIAN_POINT('',(0.012350540594858,0.036352710283742,0.0271287860684729));
#5092=CARTESIAN_POINT('',(0.012350540594858,0.0359168938378003,0.0277120378993609));
#5093=CARTESIAN_POINT('',(0.012350540594858,0.0354673615799048,0.0282844800140619));
#5094=CARTESIAN_POINT('',(0.0276826860935282,0.0499876962876227,0.0404955925535938));
#5095=CARTESIAN_POINT('',(0.0276826860935274,0.0499467797542559,0.0413190896589588));
#5096=CARTESIAN_POINT('',(0.0276826860935281,0.0498042906966531,0.0421289774386181));
#5097=CARTESIAN_POINT('',(0.0388413430467641,0.0499876962876227,0.0404955925535938));
#5098=CARTESIAN_POINT('',(0.0388413430467637,0.0499467797542559,0.0413190896589588));
#5099=CARTESIAN_POINT('',(0.0388413430467641,0.0498042906966531,0.0421289774386181));
#5100=CARTESIAN_POINT('',(0.006,0.0327899907323508,0.0270274211201653));
#5101=CARTESIAN_POINT('',(0.006,0.0319235703020908,0.0280770945859017));
#5102=CARTESIAN_POINT('',(0.006,0.0310077646319126,0.029084526773818));
#5103=CARTESIAN_POINT('',(0.00900195248963071,0.034129253587494,0.0281269629909041));
#5104=CARTESIAN_POINT('',(0.00900195248963071,0.0332270695314437,0.0292205356592532));
#5105=CARTESIAN_POINT('',(0.00900195248963071,0.0322733211428584,0.0302700542067632));
#5106=CARTESIAN_POINT('',(0.012350540594858,0.0350045821806777,0.0288456123846091));
#5107=CARTESIAN_POINT('',(0.012350540594858,0.0340790233822234,0.0299678771257035));
#5108=CARTESIAN_POINT('',(0.012350540594858,0.0331004760184427,0.0310449028901828));
#5109=CARTESIAN_POINT('',(0.0276826860935284,0.049567417206626,0.0429079023038325));
#5110=CARTESIAN_POINT('',(0.0276826860935291,0.0490936702265719,0.0444657520342612));
#5111=CARTESIAN_POINT('',(0.0276826860935284,0.0482423855168207,0.0458997501069103));
#5112=CARTESIAN_POINT('',(0.0388413430467642,0.049567417206626,0.0429079023038325));
#5113=CARTESIAN_POINT('',(0.0388413430467646,0.0490936702265719,0.0444657520342612));
#5114=CARTESIAN_POINT('',(0.0388413430467642,0.0482423855168207,0.0458997501069103));
#5115=CARTESIAN_POINT('',(0.006,0.0300461457028653,0.0300461457028653));
#5116=CARTESIAN_POINT('',(0.006,0.029084526773818,0.0310077646319126));
#5117=CARTESIAN_POINT('',(0.006,0.0280770945859017,0.0319235703020908));
#5118=CARTESIAN_POINT('',(0.00900195248963071,0.0312716876748108,0.0312716876748108));
#5119=CARTESIAN_POINT('',(0.00900195248963071,0.0302700542067632,0.0322733211428584));
#5120=CARTESIAN_POINT('',(0.00900195248963071,0.0292205356592532,0.0332270695314437));
#5121=CARTESIAN_POINT('',(0.012350540594858,0.0320726894543127,0.0320726894543127));
#5122=CARTESIAN_POINT('',(0.012350540594858,0.0310449028901827,0.0331004760184427));
#5123=CARTESIAN_POINT('',(0.012350540594858,0.0299678771257035,0.0340790233822234));
#5124=CARTESIAN_POINT('',(0.0276826860935282,0.0470710678118655,0.0470710678118655));
#5125=CARTESIAN_POINT('',(0.0276826860935279,0.0458997501069103,0.0482423855168207));
#5126=CARTESIAN_POINT('',(0.0276826860935281,0.0444657520342612,0.0490936702265719));
#5127=CARTESIAN_POINT('',(0.0388413430467641,0.0470710678118655,0.0470710678118655));
#5128=CARTESIAN_POINT('',(0.038841343046764,0.0458997501069103,0.0482423855168207));
#5129=CARTESIAN_POINT('',(0.038841343046764,0.0444657520342612,0.0490936702265719));
#5130=CARTESIAN_POINT('',(0.006,0.0270274211201653,0.0327899907323508));
#5131=CARTESIAN_POINT('',(0.006,0.0265025843872971,0.0332232009474808));
#5132=CARTESIAN_POINT('',(0.006,0.0259671873349739,0.0336440648526313));
#5133=CARTESIAN_POINT('',(0.00900195248963071,0.0281269629909041,0.034129253587494));
#5134=CARTESIAN_POINT('',(0.00900195248963071,0.0275801766567296,0.0345803456155192));
#5135=CARTESIAN_POINT('',(0.00900195248963071,0.0270223767923452,0.0350185465604105));
#5136=CARTESIAN_POINT('',(0.012350540594858,0.0288456123846091,0.0350045821806777));
#5137=CARTESIAN_POINT('',(0.012350540594858,0.0282844800140619,0.0354673615799048));
#5138=CARTESIAN_POINT('',(0.012350540594858,0.0277120378993609,0.0359168938378003));
#5139=CARTESIAN_POINT('',(0.0276826860935282,0.0429079023038325,0.049567417206626));
#5140=CARTESIAN_POINT('',(0.0276826860935282,0.0421289774386181,0.0498042906966531));
#5141=CARTESIAN_POINT('',(0.0276826860935283,0.0413190896589588,0.0499467797542559));
#5142=CARTESIAN_POINT('',(0.0388413430467641,0.0429079023038325,0.049567417206626));
#5143=CARTESIAN_POINT('',(0.0388413430467641,0.0421289774386181,0.0498042906966531));
#5144=CARTESIAN_POINT('',(0.0388413430467641,0.0413190896589588,0.0499467797542559));
#5145=CARTESIAN_POINT('',(0.006,0.0254216764608269,0.034052135950171));
#5146=CARTESIAN_POINT('',(0.006,0.0253534876015585,0.0341031448373635));
#5147=CARTESIAN_POINT('',(0.006,0.0252851407138241,0.0341539538369371));
#5148=CARTESIAN_POINT('',(0.00900195248963071,0.026454042267579,0.0354433965155341));
#5149=CARTESIAN_POINT('',(0.00900195248963071,0.0263830004519833,0.0354965027599245));
#5150=CARTESIAN_POINT('',(0.00900195248963071,0.026311794032319,0.0355494003950999));
#5151=CARTESIAN_POINT('',(0.012350540594858,0.0271287860684729,0.036352710283742));
#5152=CARTESIAN_POINT('',(0.012350540594858,0.0270558795896119,0.0364071873394847));
#5153=CARTESIAN_POINT('',(0.012350540594858,0.0269828042089355,0.0364614500856656));
#5154=CARTESIAN_POINT('',(0.0276826860935282,0.0404955925535938,0.0499876962876227));
#5155=CARTESIAN_POINT('',(0.0276826860935282,0.0403926554154231,0.0499928108542936));
#5156=CARTESIAN_POINT('',(0.0276826860935282,0.0402895056315384,0.0499963383502732));
#5157=CARTESIAN_POINT('',(0.0388413430467641,0.0404955925535938,0.0499876962876227));
#5158=CARTESIAN_POINT('',(0.0388413430467641,0.0403926554154231,0.0499928108542936));
#5159=CARTESIAN_POINT('',(0.0388413430467641,0.0402895056315384,0.0499963383502732));
#5160=CARTESIAN_POINT('',(0.006,0.0252166366696894,0.034204562076826));
#5161=CARTESIAN_POINT('',(0.006,0.0251823846476221,0.0342298661967705));
#5162=CARTESIAN_POINT('',(0.006,0.0251480933364547,0.0342551201267938));
#5163=CARTESIAN_POINT('',(0.00900195248963071,0.026240423943879,0.0356020885228049));
#5164=CARTESIAN_POINT('',(0.00900195248963071,0.0262047388996589,0.0356284325866575));
#5165=CARTESIAN_POINT('',(0.00900195248963071,0.0261690129382449,0.0356547242736424));
#5166=CARTESIAN_POINT('',(0.012350540594858,0.0269095609030607,0.0365154976069125));
#5167=CARTESIAN_POINT('',(0.012350540594858,0.0268729392501234,0.0365425213675359));
#5168=CARTESIAN_POINT('',(0.012350540594858,0.0268362756158864,0.0365694913219258));
#5169=CARTESIAN_POINT('',(0.0276826860935282,0.0401861770956674,0.0499982647363199));
#5170=CARTESIAN_POINT('',(0.0276826860935282,0.040134512827732,0.0499992279293432));
#5171=CARTESIAN_POINT('',(0.0276826860935282,0.0400828038718,0.0499997908448833));
#5172=CARTESIAN_POINT('',(0.0388413430467641,0.0401861770956674,0.0499982647363199));
#5173=CARTESIAN_POINT('',(0.0388413430467641,0.040134512827732,0.0499992279293432));
#5174=CARTESIAN_POINT('',(0.0388413430467641,0.0400828038718,0.0499997908448833));
#5175=CARTESIAN_POINT('',(0.006,0.0251137628451954,0.0342803237578878));
#5176=CARTESIAN_POINT('',(0.006,0.0251051802223806,0.0342866246656613));
#5177=CARTESIAN_POINT('',(0.006,0.02509659515081,0.0342929224297517));
#5178=CARTESIAN_POINT('',(0.00900195248963071,0.0261332461765486,0.0356809634714779));
#5179=CARTESIAN_POINT('',(0.00900195248963071,0.0261243044861245,0.0356875232709368));
#5180=CARTESIAN_POINT('',(0.00900195248963071,0.0261153602456827,0.0356940797898238));
#5181=CARTESIAN_POINT('',(0.012350540594858,0.0267995701224271,0.0365964073556607));
#5182=CARTESIAN_POINT('',(0.012350540594858,0.0267903937490622,0.0366031363640944));
#5183=CARTESIAN_POINT('',(0.012350540594858,0.026781214759496,0.0366098620024872));
#5184=CARTESIAN_POINT('',(0.0276826860935282,0.0400310544645874,0.0499999517280349));
#5185=CARTESIAN_POINT('',(0.0276826860935282,0.0400181171127843,0.0499999919488228));
#5186=CARTESIAN_POINT('',(0.0276826860935282,0.0400065104166667,0.05));
#5187=CARTESIAN_POINT('',(0.0388413430467641,0.0400310544645874,0.0499999517280349));
#5188=CARTESIAN_POINT('',(0.0388413430467641,0.0400181171127843,0.0499999919488228));
#5189=CARTESIAN_POINT('',(0.0388413430467641,0.0400065104166667,0.05));
#5190=CARTESIAN_POINT('',(0.006,0.0250880076321869,0.0342992170484558));
#5191=CARTESIAN_POINT('',(0.006,0.0250794201135639,0.0343055116671598));
#5192=CARTESIAN_POINT('',(0.006,0.0250708301478884,0.0343118031404776));
#5193=CARTESIAN_POINT('',(0.00900195248963071,0.0261064134570501,0.0357006330263846));
#5194=CARTESIAN_POINT('',(0.00900195248963071,0.0260974666684174,0.0357071862629454));
#5195=CARTESIAN_POINT('',(0.00900195248963071,0.0260885173315939,0.03571373621718));
#5196=CARTESIAN_POINT('',(0.012350540594858,0.0267720331556358,0.0366165842690512));
#5197=CARTESIAN_POINT('',(0.012350540594858,0.0267628515517756,0.0366233065356152));
#5198=CARTESIAN_POINT('',(0.012350540594858,0.0267536673336215,0.0366300254303504));
#5199=CARTESIAN_POINT('',(0.0276826860935282,0.039990234375,0.05));
#5200=CARTESIAN_POINT('',(0.0276826860935282,0.0399739583333333,0.05));
#5201=CARTESIAN_POINT('',(0.0276826860935282,0.0399576822916667,0.05));
#5202=CARTESIAN_POINT('',(0.0388413430467641,0.039990234375,0.05));
#5203=CARTESIAN_POINT('',(0.0388413430467641,0.0399739583333333,0.05));
#5204=CARTESIAN_POINT('',(0.0388413430467641,0.0399576822916667,0.05));
#5205=CARTESIAN_POINT('',(0.006,0.0250622377368636,0.0343180914667057));
#5206=CARTESIAN_POINT('',(0.006,0.025045052914814,0.034330668119162));
#5207=CARTESIAN_POINT('',(0.006,0.0250278583113675,0.0343432321832599));
#5208=CARTESIAN_POINT('',(0.00900195248963071,0.0260795654484062,0.0357202828873338));
#5209=CARTESIAN_POINT('',(0.00900195248963071,0.0260616616820307,0.0357333762276416));
#5210=CARTESIAN_POINT('',(0.00900195248963071,0.0260437477301987,0.0357464564316268));
#5211=CARTESIAN_POINT('',(0.012350540594858,0.0267444805030808,0.036636740951469));
#5212=CARTESIAN_POINT('',(0.012350540594858,0.0267261068419996,0.0366501719937062));
#5213=CARTESIAN_POINT('',(0.012350540594858,0.0267077227313724,0.0366635895414769));
#5214=CARTESIAN_POINT('',(0.0276826860935282,0.03994140625,0.05));
#5215=CARTESIAN_POINT('',(0.0276826860935282,0.0399088541666667,0.05));
#5216=CARTESIAN_POINT('',(0.0276826860935282,0.0398763020833333,0.05));
#5217=CARTESIAN_POINT('',(0.0388413430467641,0.03994140625,0.05));
#5218=CARTESIAN_POINT('',(0.0388413430467641,0.0399088541666667,0.05));
#5219=CARTESIAN_POINT('',(0.0388413430467641,0.0398763020833333,0.05));
#5220=CARTESIAN_POINT('',(0.006,0.0250106539401501,0.0343557836453734));
#5221=CARTESIAN_POINT('',(0.006,0.0248730189704109,0.0344561953422815));
#5222=CARTESIAN_POINT('',(0.006,0.0247347588633331,0.0345558005121885));
#5223=CARTESIAN_POINT('',(0.00900195248963071,0.0260258236075239,0.0357595234852541));
#5224=CARTESIAN_POINT('',(0.00900195248963071,0.0258824306261257,0.0358640599142729));
#5225=CARTESIAN_POINT('',(0.00900195248963071,0.0257383867107946,0.03596775472039));
#5226=CARTESIAN_POINT('',(0.012350540594858,0.0266893281864588,0.0366769935804785));
#5227=CARTESIAN_POINT('',(0.012350540594858,0.0265421718271504,0.0367842258924912));
#5228=CARTESIAN_POINT('',(0.012350540594858,0.0263943476735173,0.0368905936432784));
#5229=CARTESIAN_POINT('',(0.0276826860935282,0.03984375,0.05));
#5230=CARTESIAN_POINT('',(0.0276826860935282,0.0395833333333333,0.05));
#5231=CARTESIAN_POINT('',(0.0276826860935285,0.0393229166666667,0.05));
#5232=CARTESIAN_POINT('',(0.0388413430467641,0.03984375,0.05));
#5233=CARTESIAN_POINT('',(0.0388413430467641,0.0395833333333333,0.05));
#5234=CARTESIAN_POINT('',(0.0388413430467642,0.0393229166666667,0.05));
#5235=CARTESIAN_POINT('',(0.006,0.0245958805954423,0.0346545921785688));
#5236=CARTESIAN_POINT('',(0.006,0.0243181240596608,0.0348521755113295));
#5237=CARTESIAN_POINT('',(0.006,0.0240378948806271,0.0350465048299835));
#5238=CARTESIAN_POINT('',(0.00900195248963071,0.0255936993438719,0.0360706007175643));
#5239=CARTESIAN_POINT('',(0.00900195248963071,0.0253043246100263,0.0362762927119129));
#5240=CARTESIAN_POINT('',(0.00900195248963071,0.0250123760698138,0.0364785894704903));
#5241=CARTESIAN_POINT('',(0.012350540594858,0.0262458635384965,0.0369960895098615));
#5242=CARTESIAN_POINT('',(0.012350540594858,0.0259488952684548,0.0372070812430277));
#5243=CARTESIAN_POINT('',(0.012350540594858,0.0256492870728622,0.0374145854393777));
#5244=CARTESIAN_POINT('',(0.0276826860935286,0.0390625,0.05));
#5245=CARTESIAN_POINT('',(0.0276826860935288,0.0385416666666667,0.05));
#5246=CARTESIAN_POINT('',(0.0276826860935284,0.0380208333333333,0.05));
#5247=CARTESIAN_POINT('',(0.0388413430467643,0.0390625,0.05));
#5248=CARTESIAN_POINT('',(0.0388413430467644,0.0385416666666667,0.05));
#5249=CARTESIAN_POINT('',(0.0388413430467642,0.0380208333333333,0.05));
#5250=CARTESIAN_POINT('',(0.006,0.0237552488705453,0.0352375243223272));
#5251=CARTESIAN_POINT('',(0.006,0.0214940807898908,0.0367656802610763));
#5252=CARTESIAN_POINT('',(0.006,0.0190782355221526,0.0380820073159563));
#5253=CARTESIAN_POINT('',(0.00900195248963071,0.0247179135819628,0.0366774335049672));
#5254=CARTESIAN_POINT('',(0.00900195248963071,0.0223622136791547,0.0382681857807824));
#5255=CARTESIAN_POINT('',(0.00900195248963071,0.0198456211274833,0.039637963714167));
#5256=CARTESIAN_POINT('',(0.012350540594858,0.0253471014552146,0.0376185435150837));
#5257=CARTESIAN_POINT('',(0.012350540594858,0.0229296165140334,0.0392502081207318));
#5258=CARTESIAN_POINT('',(0.012350540594858,0.020347176561328,0.0406549210051651));
#5259=CARTESIAN_POINT('',(0.0276826860935282,0.0375,0.05));
#5260=CARTESIAN_POINT('',(0.0276826860935262,0.0333333333333333,0.05));
#5261=CARTESIAN_POINT('',(0.0276826860935277,0.0291666666666667,0.05));
#5262=CARTESIAN_POINT('',(0.0388413430467641,0.0375,0.05));
#5263=CARTESIAN_POINT('',(0.0388413430467631,0.0333333333333333,0.05));
#5264=CARTESIAN_POINT('',(0.0388413430467638,0.0291666666666667,0.05));
#5265=CARTESIAN_POINT('',(0.006,0.0165362889157235,0.0391579296385745));
#5266=CARTESIAN_POINT('',(0.006,0.0114523957028653,0.0413097742838109));
#5267=CARTESIAN_POINT('',(0.006,0.00586409713524355,0.0425));
#5268=CARTESIAN_POINT('',(0.006,0.,0.0425));
#5269=CARTESIAN_POINT('',(0.00900195248963071,0.0171987835959344,0.0407573332805397));
#5270=CARTESIAN_POINT('',(0.00900195248963071,0.0119051085328366,0.042996072413285));
#5271=CARTESIAN_POINT('',(0.00900195248963071,0.00609045355022921,0.0442331780779828));
#5272=CARTESIAN_POINT('',(0.00900195248963071,-1.02257383847054E-18,0.0442331780779828));
#5273=CARTESIAN_POINT('',(0.012350540594858,0.0176317833869714,0.041802687248566));
#5274=CARTESIAN_POINT('',(0.012350540594858,0.0122009970382582,0.0440982197353677));
#5275=CARTESIAN_POINT('',(0.012350540594858,0.00623839780294,0.0453659656580394));
#5276=CARTESIAN_POINT('',(0.012350540594858,-1.5803413867272E-18,0.0453659656580394));
#5277=CARTESIAN_POINT('',(0.0276826860935285,0.025,0.05));
#5278=CARTESIAN_POINT('',(0.02768268609353,0.0166666666666667,0.05));
#5279=CARTESIAN_POINT('',(0.0276826860935287,0.00833333333333333,0.05));
#5280=CARTESIAN_POINT('',(0.0276826860935282,0.,0.05));
#5281=CARTESIAN_POINT('',(0.0388413430467642,0.025,0.05));
#5282=CARTESIAN_POINT('',(0.038841343046765,0.0166666666666667,0.05));
#5283=CARTESIAN_POINT('',(0.0388413430467644,0.00833333333333333,0.05));
#5284=CARTESIAN_POINT('',(0.0388413430467641,0.,0.05));
#5285=CARTESIAN_POINT('',(0.05,0.05,0.));
#5286=CARTESIAN_POINT('',(0.05,0.05,0.00833333333333333));
#5287=CARTESIAN_POINT('',(0.05,0.05,0.0166666666666667));
#5288=CARTESIAN_POINT('',(0.0611586569532359,0.05,0.));
#5289=CARTESIAN_POINT('',(0.0611586569532357,0.05,0.00833333333333333));
#5290=CARTESIAN_POINT('',(0.0611586569532359,0.05,0.0166666666666667));
#5291=CARTESIAN_POINT('',(0.0723173139064718,0.05,0.));
#5292=CARTESIAN_POINT('',(0.0723173139064715,0.05,0.00833333333333333));
#5293=CARTESIAN_POINT('',(0.0723173139064718,0.05,0.0166666666666667));
#5294=CARTESIAN_POINT('',(0.08,0.05,0.));
#5295=CARTESIAN_POINT('',(0.0800000000000003,0.05,0.00833333333333333));
#5296=CARTESIAN_POINT('',(0.0800000000000001,0.05,0.0166666666666667));
#5297=CARTESIAN_POINT('',(0.09,0.05,0.));
#5298=CARTESIAN_POINT('',(0.0900000000000001,0.05,0.00833333333333333));
#5299=CARTESIAN_POINT('',(0.09,0.05,0.0166666666666667));
#5300=CARTESIAN_POINT('',(0.1,0.05,0.));
#5301=CARTESIAN_POINT('',(0.1,0.05,0.00833333333333333));
#5302=CARTESIAN_POINT('',(0.1,0.05,0.0166666666666667));
#5303=CARTESIAN_POINT('',(0.05,0.05,0.025));
#5304=CARTESIAN_POINT('',(0.05,0.05,0.0291666666666667));
#5305=CARTESIAN_POINT('',(0.05,0.05,0.0333333333333333));
#5306=CARTESIAN_POINT('',(0.0611586569532359,0.05,0.025));
#5307=CARTESIAN_POINT('',(0.0611586569532359,0.05,0.0291666666666667));
#5308=CARTESIAN_POINT('',(0.0611586569532359,0.05,0.0333333333333333));
#5309=CARTESIAN_POINT('',(0.0723173139064718,0.05,0.025));
#5310=CARTESIAN_POINT('',(0.0723173139064719,0.05,0.0291666666666667));
#5311=CARTESIAN_POINT('',(0.0723173139064718,0.05,0.0333333333333333));
#5312=CARTESIAN_POINT('',(0.08,0.05,0.025));
#5313=CARTESIAN_POINT('',(0.08,0.05,0.0291666666666667));
#5314=CARTESIAN_POINT('',(0.08,0.05,0.0333333333333333));
#5315=CARTESIAN_POINT('',(0.09,0.05,0.025));
#5316=CARTESIAN_POINT('',(0.09,0.05,0.0291666666666667));
#5317=CARTESIAN_POINT('',(0.09,0.05,0.0333333333333333));
#5318=CARTESIAN_POINT('',(0.1,0.05,0.025));
#5319=CARTESIAN_POINT('',(0.1,0.05,0.0291666666666667));
#5320=CARTESIAN_POINT('',(0.1,0.05,0.0333333333333333));
#5321=CARTESIAN_POINT('',(0.05,0.05,0.0375));
#5322=CARTESIAN_POINT('',(0.05,0.05,0.0380208333333333));
#5323=CARTESIAN_POINT('',(0.05,0.05,0.0385416666666667));
#5324=CARTESIAN_POINT('',(0.0611586569532359,0.05,0.0375));
#5325=CARTESIAN_POINT('',(0.0611586569532359,0.05,0.0380208333333333));
#5326=CARTESIAN_POINT('',(0.0611586569532359,0.05,0.0385416666666667));
#5327=CARTESIAN_POINT('',(0.0723173139064718,0.05,0.0375));
#5328=CARTESIAN_POINT('',(0.0723173139064718,0.05,0.0380208333333333));
#5329=CARTESIAN_POINT('',(0.0723173139064718,0.05,0.0385416666666667));
#5330=CARTESIAN_POINT('',(0.08,0.05,0.0375));
#5331=CARTESIAN_POINT('',(0.08,0.05,0.0380208333333333));
#5332=CARTESIAN_POINT('',(0.08,0.05,0.0385416666666667));
#5333=CARTESIAN_POINT('',(0.09,0.05,0.0375));
#5334=CARTESIAN_POINT('',(0.09,0.05,0.0380208333333333));
#5335=CARTESIAN_POINT('',(0.09,0.05,0.0385416666666667));
#5336=CARTESIAN_POINT('',(0.1,0.05,0.0375));
#5337=CARTESIAN_POINT('',(0.1,0.05,0.0380208333333333));
#5338=CARTESIAN_POINT('',(0.1,0.05,0.0385416666666667));
#5339=CARTESIAN_POINT('',(0.05,0.05,0.0390625));
#5340=CARTESIAN_POINT('',(0.05,0.05,0.0393229166666667));
#5341=CARTESIAN_POINT('',(0.05,0.05,0.0395833333333333));
#5342=CARTESIAN_POINT('',(0.0611586569532359,0.05,0.0390625));
#5343=CARTESIAN_POINT('',(0.0611586569532359,0.05,0.0393229166666667));
#5344=CARTESIAN_POINT('',(0.0611586569532359,0.05,0.0395833333333333));
#5345=CARTESIAN_POINT('',(0.0723173139064718,0.05,0.0390625));
#5346=CARTESIAN_POINT('',(0.0723173139064718,0.05,0.0393229166666667));
#5347=CARTESIAN_POINT('',(0.0723173139064718,0.05,0.0395833333333333));
#5348=CARTESIAN_POINT('',(0.08,0.05,0.0390625));
#5349=CARTESIAN_POINT('',(0.08,0.05,0.0393229166666667));
#5350=CARTESIAN_POINT('',(0.08,0.05,0.0395833333333333));
#5351=CARTESIAN_POINT('',(0.09,0.05,0.0390625));
#5352=CARTESIAN_POINT('',(0.09,0.05,0.0393229166666667));
#5353=CARTESIAN_POINT('',(0.09,0.05,0.0395833333333333));
#5354=CARTESIAN_POINT('',(0.1,0.05,0.0390625));
#5355=CARTESIAN_POINT('',(0.1,0.05,0.0393229166666667));
#5356=CARTESIAN_POINT('',(0.1,0.05,0.0395833333333333));
#5357=CARTESIAN_POINT('',(0.05,0.05,0.03984375));
#5358=CARTESIAN_POINT('',(0.05,0.05,0.0398763020833333));
#5359=CARTESIAN_POINT('',(0.05,0.05,0.0399088541666667));
#5360=CARTESIAN_POINT('',(0.0611586569532359,0.05,0.03984375));
#5361=CARTESIAN_POINT('',(0.0611586569532359,0.05,0.0398763020833333));
#5362=CARTESIAN_POINT('',(0.0611586569532359,0.05,0.0399088541666667));
#5363=CARTESIAN_POINT('',(0.0723173139064718,0.05,0.03984375));
#5364=CARTESIAN_POINT('',(0.0723173139064718,0.05,0.0398763020833333));
#5365=CARTESIAN_POINT('',(0.0723173139064718,0.05,0.0399088541666667));
#5366=CARTESIAN_POINT('',(0.08,0.05,0.03984375));
#5367=CARTESIAN_POINT('',(0.08,0.05,0.0398763020833333));
#5368=CARTESIAN_POINT('',(0.08,0.05,0.0399088541666667));
#5369=CARTESIAN_POINT('',(0.09,0.05,0.03984375));
#5370=CARTESIAN_POINT('',(0.09,0.05,0.0398763020833333));
#5371=CARTESIAN_POINT('',(0.09,0.05,0.0399088541666667));
#5372=CARTESIAN_POINT('',(0.1,0.05,0.03984375));
#5373=CARTESIAN_POINT('',(0.1,0.05,0.0398763020833333));
#5374=CARTESIAN_POINT('',(0.1,0.05,0.0399088541666667));
#5375=CARTESIAN_POINT('',(0.05,0.05,0.03994140625));
#5376=CARTESIAN_POINT('',(0.05,0.05,0.0399576822916667));
#5377=CARTESIAN_POINT('',(0.05,0.05,0.0399739583333333));
#5378=CARTESIAN_POINT('',(0.0611586569532359,0.05,0.03994140625));
#5379=CARTESIAN_POINT('',(0.0611586569532359,0.05,0.0399576822916667));
#5380=CARTESIAN_POINT('',(0.0611586569532359,0.05,0.0399739583333333));
#5381=CARTESIAN_POINT('',(0.0723173139064718,0.05,0.03994140625));
#5382=CARTESIAN_POINT('',(0.0723173139064718,0.05,0.0399576822916667));
#5383=CARTESIAN_POINT('',(0.0723173139064718,0.05,0.0399739583333333));
#5384=CARTESIAN_POINT('',(0.08,0.05,0.03994140625));
#5385=CARTESIAN_POINT('',(0.08,0.05,0.0399576822916667));
#5386=CARTESIAN_POINT('',(0.08,0.05,0.0399739583333333));
#5387=CARTESIAN_POINT('',(0.09,0.05,0.03994140625));
#5388=CARTESIAN_POINT('',(0.09,0.05,0.0399576822916667));
#5389=CARTESIAN_POINT('',(0.09,0.05,0.0399739583333333));
#5390=CARTESIAN_POINT('',(0.1,0.05,0.03994140625));
#5391=CARTESIAN_POINT('',(0.1,0.05,0.0399576822916667));
#5392=CARTESIAN_POINT('',(0.1,0.05,0.0399739583333333));
#5393=CARTESIAN_POINT('',(0.05,0.05,0.039990234375));
#5394=CARTESIAN_POINT('',(0.05,0.05,0.0400065104166667));
#5395=CARTESIAN_POINT('',(0.05,0.0499999919488228,0.0400181171127843));
#5396=CARTESIAN_POINT('',(0.0611586569532359,0.05,0.039990234375));
#5397=CARTESIAN_POINT('',(0.0611586569532359,0.05,0.0400065104166667));
#5398=CARTESIAN_POINT('',(0.0611586569532359,0.0499999919488228,0.0400181171127843));
#5399=CARTESIAN_POINT('',(0.0723173139064718,0.05,0.039990234375));
#5400=CARTESIAN_POINT('',(0.0723173139064718,0.05,0.0400065104166667));
#5401=CARTESIAN_POINT('',(0.0723173139064718,0.0499999919488228,0.0400181171127843));
#5402=CARTESIAN_POINT('',(0.08,0.05,0.039990234375));
#5403=CARTESIAN_POINT('',(0.08,0.05,0.0400065104166667));
#5404=CARTESIAN_POINT('',(0.08,0.0499999919488228,0.0400181171127843));
#5405=CARTESIAN_POINT('',(0.09,0.05,0.039990234375));
#5406=CARTESIAN_POINT('',(0.09,0.05,0.0400065104166667));
#5407=CARTESIAN_POINT('',(0.09,0.0499999919488228,0.0400181171127843));
#5408=CARTESIAN_POINT('',(0.1,0.05,0.039990234375));
#5409=CARTESIAN_POINT('',(0.1,0.05,0.0400065104166667));
#5410=CARTESIAN_POINT('',(0.1,0.0499999919488228,0.0400181171127843));
#5411=CARTESIAN_POINT('',(0.05,0.0499999517280349,0.0400310544645875));
#5412=CARTESIAN_POINT('',(0.05,0.0499997908448833,0.0400828038718));
#5413=CARTESIAN_POINT('',(0.05,0.0499992279293432,0.040134512827732));
#5414=CARTESIAN_POINT('',(0.0611586569532359,0.0499999517280349,0.0400310544645875));
#5415=CARTESIAN_POINT('',(0.0611586569532359,0.0499997908448833,0.0400828038718));
#5416=CARTESIAN_POINT('',(0.0611586569532359,0.0499992279293432,0.040134512827732));
#5417=CARTESIAN_POINT('',(0.0723173139064718,0.0499999517280349,0.0400310544645875));
#5418=CARTESIAN_POINT('',(0.0723173139064718,0.0499997908448833,0.0400828038718));
#5419=CARTESIAN_POINT('',(0.0723173139064717,0.0499992279293432,0.040134512827732));
#5420=CARTESIAN_POINT('',(0.08,0.0499999517280349,0.0400310544645875));
#5421=CARTESIAN_POINT('',(0.08,0.0499997908448833,0.0400828038718));
#5422=CARTESIAN_POINT('',(0.08,0.0499992279293432,0.040134512827732));
#5423=CARTESIAN_POINT('',(0.09,0.0499999517280349,0.0400310544645875));
#5424=CARTESIAN_POINT('',(0.09,0.0499997908448833,0.0400828038718));
#5425=CARTESIAN_POINT('',(0.09,0.0499992279293432,0.040134512827732));
#5426=CARTESIAN_POINT('',(0.1,0.0499999517280349,0.0400310544645875));
#5427=CARTESIAN_POINT('',(0.1,0.0499997908448833,0.0400828038718));
#5428=CARTESIAN_POINT('',(0.1,0.0499992279293432,0.040134512827732));
#5429=CARTESIAN_POINT('',(0.05,0.0499982647363199,0.0401861770956674));
#5430=CARTESIAN_POINT('',(0.05,0.0499963383502732,0.0402895056315384));
#5431=CARTESIAN_POINT('',(0.05,0.0499928108542936,0.0403926554154231));
#5432=CARTESIAN_POINT('',(0.0611586569532359,0.0499982647363199,0.0401861770956674));
#5433=CARTESIAN_POINT('',(0.0611586569532358,0.0499963383502732,0.0402895056315384));
#5434=CARTESIAN_POINT('',(0.0611586569532359,0.0499928108542936,0.0403926554154231));
#5435=CARTESIAN_POINT('',(0.0723173139064717,0.0499982647363199,0.0401861770956674));
#5436=CARTESIAN_POINT('',(0.0723173139064716,0.0499963383502732,0.0402895056315384));
#5437=CARTESIAN_POINT('',(0.0723173139064718,0.0499928108542936,0.0403926554154231));
#5438=CARTESIAN_POINT('',(0.08,0.0499982647363199,0.0401861770956674));
#5439=CARTESIAN_POINT('',(0.08,0.0499963383502732,0.0402895056315384));
#5440=CARTESIAN_POINT('',(0.08,0.0499928108542936,0.0403926554154231));
#5441=CARTESIAN_POINT('',(0.09,0.0499982647363199,0.0401861770956674));
#5442=CARTESIAN_POINT('',(0.09,0.0499963383502732,0.0402895056315384));
#5443=CARTESIAN_POINT('',(0.09,0.0499928108542936,0.0403926554154231));
#5444=CARTESIAN_POINT('',(0.1,0.0499982647363199,0.0401861770956674));
#5445=CARTESIAN_POINT('',(0.1,0.0499963383502732,0.0402895056315384));
#5446=CARTESIAN_POINT('',(0.1,0.0499928108542936,0.0403926554154231));
#5447=CARTESIAN_POINT('',(0.05,0.0499876962876227,0.0404955925535938));
#5448=CARTESIAN_POINT('',(0.05,0.0499467797542559,0.0413190896589588));
#5449=CARTESIAN_POINT('',(0.05,0.0498042906966531,0.0421289774386181));
#5450=CARTESIAN_POINT('',(0.0611586569532359,0.0499876962876227,0.0404955925535938));
#5451=CARTESIAN_POINT('',(0.0611586569532363,0.0499467797542559,0.0413190896589588));
#5452=CARTESIAN_POINT('',(0.0611586569532359,0.0498042906966531,0.0421289774386181));
#5453=CARTESIAN_POINT('',(0.0723173139064719,0.0499876962876227,0.0404955925535938));
#5454=CARTESIAN_POINT('',(0.0723173139064726,0.0499467797542559,0.0413190896589588));
#5455=CARTESIAN_POINT('',(0.0723173139064719,0.0498042906966531,0.0421289774386181));
#5456=CARTESIAN_POINT('',(0.08,0.0499876962876227,0.0404955925535938));
#5457=CARTESIAN_POINT('',(0.0800000000000002,0.0499467797542559,0.0413190896589588));
#5458=CARTESIAN_POINT('',(0.0799999999999999,0.0498042906966531,0.0421289774386181));
#5459=CARTESIAN_POINT('',(0.09,0.0499876962876227,0.0404955925535938));
#5460=CARTESIAN_POINT('',(0.0900000000000001,0.0499467797542559,0.0413190896589588));
#5461=CARTESIAN_POINT('',(0.0899999999999999,0.0498042906966531,0.0421289774386181));
#5462=CARTESIAN_POINT('',(0.1,0.0499876962876227,0.0404955925535938));
#5463=CARTESIAN_POINT('',(0.1,0.0499467797542559,0.0413190896589588));
#5464=CARTESIAN_POINT('',(0.1,0.0498042906966531,0.0421289774386181));
#5465=CARTESIAN_POINT('',(0.05,0.049567417206626,0.0429079023038325));
#5466=CARTESIAN_POINT('',(0.05,0.0490936702265719,0.0444657520342612));
#5467=CARTESIAN_POINT('',(0.05,0.0482423855168207,0.0458997501069103));
#5468=CARTESIAN_POINT('',(0.0611586569532358,0.049567417206626,0.0429079023038325));
#5469=CARTESIAN_POINT('',(0.0611586569532354,0.0490936702265719,0.0444657520342612));
#5470=CARTESIAN_POINT('',(0.0611586569532358,0.0482423855168207,0.0458997501069103));
#5471=CARTESIAN_POINT('',(0.0723173139064716,0.049567417206626,0.0429079023038325));
#5472=CARTESIAN_POINT('',(0.0723173139064709,0.0490936702265719,0.0444657520342612));
#5473=CARTESIAN_POINT('',(0.0723173139064716,0.0482423855168207,0.0458997501069103));
#5474=CARTESIAN_POINT('',(0.0799999999999998,0.049567417206626,0.0429079023038325));
#5475=CARTESIAN_POINT('',(0.0799999999999995,0.0490936702265719,0.0444657520342612));
#5476=CARTESIAN_POINT('',(0.0799999999999999,0.0482423855168207,0.0458997501069103));
#5477=CARTESIAN_POINT('',(0.0899999999999999,0.049567417206626,0.0429079023038325));
#5478=CARTESIAN_POINT('',(0.0899999999999998,0.0490936702265719,0.0444657520342612));
#5479=CARTESIAN_POINT('',(0.0899999999999999,0.0482423855168207,0.0458997501069103));
#5480=CARTESIAN_POINT('',(0.1,0.049567417206626,0.0429079023038325));
#5481=CARTESIAN_POINT('',(0.1,0.0490936702265719,0.0444657520342612));
#5482=CARTESIAN_POINT('',(0.1,0.0482423855168207,0.0458997501069103));
#5483=CARTESIAN_POINT('',(0.05,0.0470710678118655,0.0470710678118655));
#5484=CARTESIAN_POINT('',(0.05,0.0458997501069103,0.0482423855168207));
#5485=CARTESIAN_POINT('',(0.05,0.0444657520342612,0.0490936702265719));
#5486=CARTESIAN_POINT('',(0.0611586569532359,0.0470710678118655,0.0470710678118655));
#5487=CARTESIAN_POINT('',(0.061158656953236,0.0458997501069103,0.0482423855168207));
#5488=CARTESIAN_POINT('',(0.061158656953236,0.0444657520342612,0.0490936702265719));
#5489=CARTESIAN_POINT('',(0.0723173139064718,0.0470710678118655,0.0470710678118655));
#5490=CARTESIAN_POINT('',(0.0723173139064721,0.0458997501069103,0.0482423855168207));
#5491=CARTESIAN_POINT('',(0.0723173139064719,0.0444657520342612,0.0490936702265719));
#5492=CARTESIAN_POINT('',(0.08,0.0470710678118655,0.0470710678118655));
#5493=CARTESIAN_POINT('',(0.0800000000000001,0.0458997501069103,0.0482423855168207));
#5494=CARTESIAN_POINT('',(0.08,0.0444657520342612,0.0490936702265719));
#5495=CARTESIAN_POINT('',(0.09,0.0470710678118655,0.0470710678118655));
#5496=CARTESIAN_POINT('',(0.0900000000000001,0.0458997501069103,0.0482423855168207));
#5497=CARTESIAN_POINT('',(0.09,0.0444657520342612,0.0490936702265719));
#5498=CARTESIAN_POINT('',(0.1,0.0470710678118655,0.0470710678118655));
#5499=CARTESIAN_POINT('',(0.1,0.0458997501069103,0.0482423855168207));
#5500=CARTESIAN_POINT('',(0.1,0.0444657520342612,0.0490936702265719));
#5501=CARTESIAN_POINT('',(0.05,0.0429079023038325,0.049567417206626));
#5502=CARTESIAN_POINT('',(0.05,0.0421289774386181,0.0498042906966531));
#5503=CARTESIAN_POINT('',(0.05,0.0413190896589588,0.0499467797542559));
#5504=CARTESIAN_POINT('',(0.0611586569532359,0.0429079023038325,0.049567417206626));
#5505=CARTESIAN_POINT('',(0.0611586569532359,0.0421289774386181,0.0498042906966531));
#5506=CARTESIAN_POINT('',(0.0611586569532359,0.0413190896589588,0.0499467797542559));
#5507=CARTESIAN_POINT('',(0.0723173139064718,0.0429079023038325,0.049567417206626));
#5508=CARTESIAN_POINT('',(0.0723173139064718,0.0421289774386181,0.0498042906966531));
#5509=CARTESIAN_POINT('',(0.0723173139064717,0.0413190896589588,0.0499467797542559));
#5510=CARTESIAN_POINT('',(0.08,0.0429079023038325,0.049567417206626));
#5511=CARTESIAN_POINT('',(0.08,0.0421289774386181,0.0498042906966531));
#5512=CARTESIAN_POINT('',(0.0800000000000001,0.0413190896589588,0.0499467797542559));
#5513=CARTESIAN_POINT('',(0.09,0.0429079023038325,0.049567417206626));
#5514=CARTESIAN_POINT('',(0.09,0.0421289774386181,0.0498042906966531));
#5515=CARTESIAN_POINT('',(0.09,0.0413190896589588,0.0499467797542559));
#5516=CARTESIAN_POINT('',(0.1,0.0429079023038325,0.049567417206626));
#5517=CARTESIAN_POINT('',(0.1,0.0421289774386181,0.0498042906966531));
#5518=CARTESIAN_POINT('',(0.1,0.0413190896589588,0.0499467797542559));
#5519=CARTESIAN_POINT('',(0.05,0.0404955925535938,0.0499876962876227));
#5520=CARTESIAN_POINT('',(0.05,0.0403926554154231,0.0499928108542936));
#5521=CARTESIAN_POINT('',(0.05,0.0402895056315384,0.0499963383502732));
#5522=CARTESIAN_POINT('',(0.0611586569532359,0.0404955925535938,0.0499876962876227));
#5523=CARTESIAN_POINT('',(0.0611586569532359,0.0403926554154231,0.0499928108542936));
#5524=CARTESIAN_POINT('',(0.0611586569532359,0.0402895056315384,0.0499963383502732));
#5525=CARTESIAN_POINT('',(0.0723173139064718,0.0404955925535938,0.0499876962876227));
#5526=CARTESIAN_POINT('',(0.0723173139064718,0.0403926554154231,0.0499928108542936));
#5527=CARTESIAN_POINT('',(0.0723173139064718,0.0402895056315384,0.0499963383502732));
#5528=CARTESIAN_POINT('',(0.08,0.0404955925535938,0.0499876962876227));
#5529=CARTESIAN_POINT('',(0.08,0.0403926554154231,0.0499928108542936));
#5530=CARTESIAN_POINT('',(0.08,0.0402895056315384,0.0499963383502732));
#5531=CARTESIAN_POINT('',(0.09,0.0404955925535938,0.0499876962876227));
#5532=CARTESIAN_POINT('',(0.09,0.0403926554154231,0.0499928108542936));
#5533=CARTESIAN_POINT('',(0.09,0.0402895056315384,0.0499963383502732));
#5534=CARTESIAN_POINT('',(0.1,0.0404955925535938,0.0499876962876227));
#5535=CARTESIAN_POINT('',(0.1,0.0403926554154231,0.0499928108542936));
#5536=CARTESIAN_POINT('',(0.1,0.0402895056315384,0.0499963383502732));
#5537=CARTESIAN_POINT('',(0.05,0.0401861770956674,0.0499982647363199));
#5538=CARTESIAN_POINT('',(0.05,0.040134512827732,0.0499992279293432));
#5539=CARTESIAN_POINT('',(0.05,0.0400828038718,0.0499997908448833));
#5540=CARTESIAN_POINT('',(0.0611586569532359,0.0401861770956674,0.0499982647363199));
#5541=CARTESIAN_POINT('',(0.0611586569532359,0.040134512827732,0.0499992279293432));
#5542=CARTESIAN_POINT('',(0.0611586569532359,0.0400828038718,0.0499997908448833));
#5543=CARTESIAN_POINT('',(0.0723173139064718,0.0401861770956674,0.0499982647363199));
#5544=CARTESIAN_POINT('',(0.0723173139064718,0.040134512827732,0.0499992279293432));
#5545=CARTESIAN_POINT('',(0.0723173139064718,0.0400828038718,0.0499997908448833));
#5546=CARTESIAN_POINT('',(0.08,0.0401861770956674,0.0499982647363199));
#5547=CARTESIAN_POINT('',(0.08,0.040134512827732,0.0499992279293432));
#5548=CARTESIAN_POINT('',(0.08,0.0400828038718,0.0499997908448833));
#5549=CARTESIAN_POINT('',(0.09,0.0401861770956674,0.0499982647363199));
#5550=CARTESIAN_POINT('',(0.09,0.040134512827732,0.0499992279293432));
#5551=CARTESIAN_POINT('',(0.09,0.0400828038718,0.0499997908448833));
#5552=CARTESIAN_POINT('',(0.1,0.0401861770956674,0.0499982647363199));
#5553=CARTESIAN_POINT('',(0.1,0.040134512827732,0.0499992279293432));
#5554=CARTESIAN_POINT('',(0.1,0.0400828038718,0.0499997908448833));
#5555=CARTESIAN_POINT('',(0.05,0.0400310544645874,0.0499999517280349));
#5556=CARTESIAN_POINT('',(0.05,0.0400181171127843,0.0499999919488228));
#5557=CARTESIAN_POINT('',(0.05,0.0400065104166667,0.05));
#5558=CARTESIAN_POINT('',(0.0611586569532359,0.0400310544645874,0.0499999517280349));
#5559=CARTESIAN_POINT('',(0.0611586569532359,0.0400181171127843,0.0499999919488228));
#5560=CARTESIAN_POINT('',(0.0611586569532359,0.0400065104166667,0.05));
#5561=CARTESIAN_POINT('',(0.0723173139064718,0.0400310544645874,0.0499999517280349));
#5562=CARTESIAN_POINT('',(0.0723173139064718,0.0400181171127843,0.0499999919488228));
#5563=CARTESIAN_POINT('',(0.0723173139064718,0.0400065104166667,0.05));
#5564=CARTESIAN_POINT('',(0.08,0.0400310544645874,0.0499999517280349));
#5565=CARTESIAN_POINT('',(0.08,0.0400181171127843,0.0499999919488228));
#5566=CARTESIAN_POINT('',(0.08,0.0400065104166667,0.05));
#5567=CARTESIAN_POINT('',(0.09,0.0400310544645874,0.0499999517280349));
#5568=CARTESIAN_POINT('',(0.09,0.0400181171127843,0.0499999919488228));
#5569=CARTESIAN_POINT('',(0.09,0.0400065104166667,0.05));
#5570=CARTESIAN_POINT('',(0.1,0.0400310544645874,0.0499999517280349));
#5571=CARTESIAN_POINT('',(0.1,0.0400181171127843,0.0499999919488228));
#5572=CARTESIAN_POINT('',(0.1,0.0400065104166667,0.05));
#5573=CARTESIAN_POINT('',(0.05,0.039990234375,0.05));
#5574=CARTESIAN_POINT('',(0.05,0.0399739583333333,0.05));
#5575=CARTESIAN_POINT('',(0.05,0.0399576822916667,0.05));
#5576=CARTESIAN_POINT('',(0.0611586569532359,0.039990234375,0.05));
#5577=CARTESIAN_POINT('',(0.0611586569532359,0.0399739583333333,0.05));
#5578=CARTESIAN_POINT('',(0.0611586569532359,0.0399576822916667,0.05));
#5579=CARTESIAN_POINT('',(0.0723173139064718,0.039990234375,0.05));
#5580=CARTESIAN_POINT('',(0.0723173139064718,0.0399739583333333,0.05));
#5581=CARTESIAN_POINT('',(0.0723173139064718,0.0399576822916667,0.05));
#5582=CARTESIAN_POINT('',(0.08,0.039990234375,0.05));
#5583=CARTESIAN_POINT('',(0.08,0.0399739583333333,0.05));
#5584=CARTESIAN_POINT('',(0.08,0.0399576822916667,0.05));
#5585=CARTESIAN_POINT('',(0.09,0.039990234375,0.05));
#5586=CARTESIAN_POINT('',(0.09,0.0399739583333333,0.05));
#5587=CARTESIAN_POINT('',(0.09,0.0399576822916667,0.05));
#5588=CARTESIAN_POINT('',(0.1,0.039990234375,0.05));
#5589=CARTESIAN_POINT('',(0.1,0.0399739583333333,0.05));
#5590=CARTESIAN_POINT('',(0.1,0.0399576822916667,0.05));
#5591=CARTESIAN_POINT('',(0.05,0.03994140625,0.05));
#5592=CARTESIAN_POINT('',(0.05,0.0399088541666667,0.05));
#5593=CARTESIAN_POINT('',(0.05,0.0398763020833333,0.05));
#5594=CARTESIAN_POINT('',(0.0611586569532359,0.03994140625,0.05));
#5595=CARTESIAN_POINT('',(0.0611586569532359,0.0399088541666667,0.05));
#5596=CARTESIAN_POINT('',(0.0611586569532359,0.0398763020833333,0.05));
#5597=CARTESIAN_POINT('',(0.0723173139064718,0.03994140625,0.05));
#5598=CARTESIAN_POINT('',(0.0723173139064718,0.0399088541666667,0.05));
#5599=CARTESIAN_POINT('',(0.0723173139064718,0.0398763020833333,0.05));
#5600=CARTESIAN_POINT('',(0.08,0.03994140625,0.05));
#5601=CARTESIAN_POINT('',(0.08,0.0399088541666667,0.05));
#5602=CARTESIAN_POINT('',(0.08,0.0398763020833333,0.05));
#5603=CARTESIAN_POINT('',(0.09,0.03994140625,0.05));
#5604=CARTESIAN_POINT('',(0.09,0.0399088541666667,0.05));
#5605=CARTESIAN_POINT('',(0.09,0.0398763020833333,0.05));
#5606=CARTESIAN_POINT('',(0.1,0.03994140625,0.05));
#5607=CARTESIAN_POINT('',(0.1,0.0399088541666667,0.05));
#5608=CARTESIAN_POINT('',(0.1,0.0398763020833333,0.05));
#5609=CARTESIAN_POINT('',(0.05,0.03984375,0.05));
#5610=CARTESIAN_POINT('',(0.05,0.0395833333333333,0.05));
#5611=CARTESIAN_POINT('',(0.05,0.0393229166666667,0.05));
#5612=CARTESIAN_POINT('',(0.0611586569532359,0.03984375,0.05));
#5613=CARTESIAN_POINT('',(0.0611586569532359,0.0395833333333333,0.05));
#5614=CARTESIAN_POINT('',(0.0611586569532358,0.0393229166666667,0.05));
#5615=CARTESIAN_POINT('',(0.0723173139064718,0.03984375,0.05));
#5616=CARTESIAN_POINT('',(0.0723173139064718,0.0395833333333333,0.05));
#5617=CARTESIAN_POINT('',(0.0723173139064715,0.0393229166666667,0.05));
#5618=CARTESIAN_POINT('',(0.08,0.03984375,0.05));
#5619=CARTESIAN_POINT('',(0.0800000000000001,0.0395833333333333,0.05));
#5620=CARTESIAN_POINT('',(0.0799999999999999,0.0393229166666667,0.05));
#5621=CARTESIAN_POINT('',(0.09,0.03984375,0.05));
#5622=CARTESIAN_POINT('',(0.0900000000000001,0.0395833333333333,0.05));
#5623=CARTESIAN_POINT('',(0.09,0.0393229166666667,0.05));
#5624=CARTESIAN_POINT('',(0.1,0.03984375,0.05));
#5625=CARTESIAN_POINT('',(0.1,0.0395833333333333,0.05));
#5626=CARTESIAN_POINT('',(0.1,0.0393229166666667,0.05));
#5627=CARTESIAN_POINT('',(0.05,0.0390625,0.05));
#5628=CARTESIAN_POINT('',(0.05,0.0385416666666667,0.05));
#5629=CARTESIAN_POINT('',(0.05,0.0380208333333333,0.05));
#5630=CARTESIAN_POINT('',(0.0611586569532357,0.0390625,0.05));
#5631=CARTESIAN_POINT('',(0.0611586569532356,0.0385416666666667,0.05));
#5632=CARTESIAN_POINT('',(0.0611586569532358,0.0380208333333333,0.05));
#5633=CARTESIAN_POINT('',(0.0723173139064714,0.0390625,0.05));
#5634=CARTESIAN_POINT('',(0.0723173139064713,0.0385416666666667,0.05));
#5635=CARTESIAN_POINT('',(0.0723173139064716,0.0380208333333333,0.05));
#5636=CARTESIAN_POINT('',(0.0799999999999999,0.0390625,0.05));
#5637=CARTESIAN_POINT('',(0.0799999999999997,0.0385416666666667,0.05));
#5638=CARTESIAN_POINT('',(0.0799999999999999,0.0380208333333333,0.05));
#5639=CARTESIAN_POINT('',(0.0899999999999999,0.0390625,0.05));
#5640=CARTESIAN_POINT('',(0.0899999999999999,0.0385416666666667,0.05));
#5641=CARTESIAN_POINT('',(0.0899999999999999,0.0380208333333333,0.05));
#5642=CARTESIAN_POINT('',(0.1,0.0390625,0.05));
#5643=CARTESIAN_POINT('',(0.1,0.0385416666666667,0.05));
#5644=CARTESIAN_POINT('',(0.1,0.0380208333333333,0.05));
#5645=CARTESIAN_POINT('',(0.05,0.0375,0.05));
#5646=CARTESIAN_POINT('',(0.05,0.0333333333333333,0.05));
#5647=CARTESIAN_POINT('',(0.05,0.0291666666666667,0.05));
#5648=CARTESIAN_POINT('',(0.0611586569532359,0.0375,0.05));
#5649=CARTESIAN_POINT('',(0.0611586569532369,0.0333333333333333,0.05));
#5650=CARTESIAN_POINT('',(0.0611586569532362,0.0291666666666667,0.05));
#5651=CARTESIAN_POINT('',(0.0723173139064718,0.0375,0.05));
#5652=CARTESIAN_POINT('',(0.0723173139064738,0.0333333333333333,0.05));
#5653=CARTESIAN_POINT('',(0.0723173139064723,0.0291666666666667,0.05));
#5654=CARTESIAN_POINT('',(0.08,0.0375,0.05));
#5655=CARTESIAN_POINT('',(0.0800000000000012,0.0333333333333333,0.05));
#5656=CARTESIAN_POINT('',(0.0799999999999999,0.0291666666666667,0.05));
#5657=CARTESIAN_POINT('',(0.09,0.0375,0.05));
#5658=CARTESIAN_POINT('',(0.0900000000000006,0.0333333333333333,0.05));
#5659=CARTESIAN_POINT('',(0.09,0.0291666666666667,0.05));
#5660=CARTESIAN_POINT('',(0.1,0.0375,0.05));
#5661=CARTESIAN_POINT('',(0.1,0.0333333333333333,0.05));
#5662=CARTESIAN_POINT('',(0.1,0.0291666666666667,0.05));
#5663=CARTESIAN_POINT('',(0.05,0.025,0.05));
#5664=CARTESIAN_POINT('',(0.05,0.0166666666666667,0.05));
#5665=CARTESIAN_POINT('',(0.05,0.00833333333333333,0.05));
#5666=CARTESIAN_POINT('',(0.05,0.,0.05));
#5667=CARTESIAN_POINT('',(0.0611586569532358,0.025,0.05));
#5668=CARTESIAN_POINT('',(0.061158656953235,0.0166666666666667,0.05));
#5669=CARTESIAN_POINT('',(0.0611586569532356,0.00833333333333333,0.05));
#5670=CARTESIAN_POINT('',(0.0611586569532359,0.,0.05));
#5671=CARTESIAN_POINT('',(0.0723173139064715,0.025,0.05));
#5672=CARTESIAN_POINT('',(0.07231731390647,0.0166666666666667,0.05));
#5673=CARTESIAN_POINT('',(0.0723173139064713,0.00833333333333333,0.05));
#5674=CARTESIAN_POINT('',(0.0723173139064718,0.,0.05));
#5675=CARTESIAN_POINT('',(0.0799999999999993,0.025,0.05));
#5676=CARTESIAN_POINT('',(0.0799999999999982,0.0166666666666667,0.05));
#5677=CARTESIAN_POINT('',(0.0799999999999995,0.00833333333333333,0.05));
#5678=CARTESIAN_POINT('',(0.08,0.,0.05));
#5679=CARTESIAN_POINT('',(0.0899999999999997,0.025,0.05));
#5680=CARTESIAN_POINT('',(0.0899999999999991,0.0166666666666667,0.05));
#5681=CARTESIAN_POINT('',(0.0899999999999997,0.00833333333333333,0.05));
#5682=CARTESIAN_POINT('',(0.09,0.,0.05));
#5683=CARTESIAN_POINT('',(0.1,0.025,0.05));
#5684=CARTESIAN_POINT('',(0.1,0.0166666666666667,0.05));
#5685=CARTESIAN_POINT('',(0.1,0.00833333333333333,0.05));
#5686=CARTESIAN_POINT('',(0.1,0.,0.05));
#5687=B_SPLINE_SURFACE_WITH_KNOTS('Surf_QONVFZOQQQ, Nose, 0, 4',5,3,((#5688, #5689, #5690, #5706, #5707, #5708, #5724, #5725, #5726, #5742, #5743, #5744, #5760, #5761, #5762, #5778, #5779, #5780, #5796, #5797, #5798, #5814, #5815, #5816, #5832, #5833, #5834, #5850, #5851, #5852, #5868, #5869, #5870, #5886, #5887, #5888, #5904, #5905, #5906, #5922, #5923, #5924, #5940, #5941, #5942, #5958, #5959, #5960, #5976, #5977, #5978, #5994, #5995, #5996, #6012, #6013, #6014, #6030, #6031, #6032, #6048, #6049, #6050, #6066, #6067, #6068, #6069),(#5691, #5692, #5693, #5709, #5710, #5711, #5727, #5728, #5729, #5745, #5746, #5747, #5763, #5764, #5765, #5781, #5782, #5783, #5799, #5800, #5801, #5817, #5818, #5819, #5835, #5836, #5837, #5853, #5854, #5855, #5871, #5872, #5873, #5889, #5890, #5891, #5907, #5908, #5909, #5925, #5926, #5927, #5943, #5944, #5945, #5961, #5962, #5963, #5979, #5980, #5981, #5997, #5998, #5999, #6015, #6016, #6017, #6033, #6034, #6035, #6051, #6052, #6053, #6070, #6071, #6072, #6073),(#5694, #5695, #5696, #5712, #5713, #5714, #5730, #5731, #5732, #5748, #5749, #5750, #5766, #5767, #5768, #5784, #5785, #5786, #5802, #5803, #5804, #5820, #5821, #5822, #5838, #5839, #5840, #5856, #5857, #5858, #5874, #5875, #5876, #5892, #5893, #5894, #5910, #5911, #5912, #5928, #5929, #5930, #5946, #5947, #5948, #5964, #5965, #5966, #5982, #5983, #5984, #6000, #6001, #6002, #6018, #6019, #6020, #6036, #6037, #6038, #6054, #6055, #6056, #6074, #6075, #6076, #6077),(#5697, #5698, #5699, #5715, #5716, #5717, #5733, #5734, #5735, #5751, #5752, #5753, #5769, #5770, #5771, #5787, #5788, #5789, #5805, #5806, #5807, #5823, #5824, #5825, #5841, #5842, #5843, #5859, #5860, #5861, #5877, #5878, #5879, #5895, #5896, #5897, #5913, #5914, #5915, #5931, #5932, #5933, #5949, #5950, #5951, #5967, #5968, #5969, #5985, #5986, #5987, #6003, #6004, #6005, #6021, #6022, #6023, #6039, #6040, #6041, #6057, #6058, #6059, #6078, #6079, #6080, #6081),(#5700, #5701, #5702, #5718, #5719, #5720, #5736, #5737, #5738, #5754, #5755, #5756, #5772, #5773, #5774, #5790, #5791, #5792, #5808, #5809, #5810, #5826, #5827, #5828, #5844, #5845, #5846, #5862, #5863, #5864, #5880, #5881, #5882, #5898, #5899, #5900, #5916, #5917, #5918, #5934, #5935, #5936, #5952, #5953, #5954, #5970, #5971, #5972, #5988, #5989, #5990, #6006, #6007, #6008, #6024, #6025, #6026, #6042, #6043, #6044, #6060, #6061, #6062, #6082, #6083, #6084, #6085),(#5703, #5704, #5705, #5721, #5722, #5723, #5739, #5740, #5741, #5757, #5758, #5759, #5775, #5776, #5777, #5793, #5794, #5795, #5811, #5812, #5813, #5829, #5830, #5831, #5847, #5848, #5849, #5865, #5866, #5867, #5883, #5884, #5885, #5901, #5902, #5903, #5919, #5920, #5921, #5937, #5938, #5939, #5955, #5956, #5957, #5973, #5974, #5975, #5991, #5992, #5993, #6009, #6010, #6011, #6027, #6028, #6029, #6045, #6046, #6047, #6063, #6064, #6065, #6086, #6087, #6088, #6089)),.UNSPECIFIED.,.F.,.F.,.F.,(6,6),(4,3,3,3,3,3,3,3,3,3,3,3,3,3,3,3,3,3,3,3,3,3,4),(0.,1.),(0.,1.,2.,3.,4.,5.,6.,7.,8.,9.,10.,11.,12.,13.,14.,15.,16.,17.,18.,19.,20.,21.,22.),.PIECEWISE_BEZIER_KNOTS.);
#5688=CARTESIAN_POINT('',(0.1,-7.70371977754894E-35,-0.05));
#5689=CARTESIAN_POINT('',(0.1,0.00833333333333333,-0.05));
#5690=CARTESIAN_POINT('',(0.1,0.0166666666666667,-0.05));
#5691=CARTESIAN_POINT('',(0.1,-6.12323399573677E-19,-0.04));
#5692=CARTESIAN_POINT('',(0.1,0.00702465227378244,-0.0400000000000001));
#5693=CARTESIAN_POINT('',(0.1,0.0140493045475651,-0.0402606855074133));
#5694=CARTESIAN_POINT('',(0.1,-1.22464679914735E-18,-0.03));
#5695=CARTESIAN_POINT('',(0.1,0.00571597121423154,-0.0300000000000003));
#5696=CARTESIAN_POINT('',(0.1,0.0114319424284635,-0.0305213710148266));
#5697=CARTESIAN_POINT('',(0.1,-2.08166817117217E-18,-0.02));
#5698=CARTESIAN_POINT('',(0.1,0.0025,-0.02));
#5699=CARTESIAN_POINT('',(0.1,0.005,-0.019375));
#5700=CARTESIAN_POINT('',(0.1,-1.04083408558608E-18,-0.01));
#5701=CARTESIAN_POINT('',(0.1,0.00125,-0.01));
#5702=CARTESIAN_POINT('',(0.1,0.0025,-0.0096875));
#5703=CARTESIAN_POINT('',(0.1,0.,0.));
#5704=CARTESIAN_POINT('',(0.1,0.,0.));
#5705=CARTESIAN_POINT('',(0.1,0.,0.));
#5706=CARTESIAN_POINT('',(0.1,0.025,-0.05));
#5707=CARTESIAN_POINT('',(0.1,0.0291666666666667,-0.05));
#5708=CARTESIAN_POINT('',(0.1,0.0333333333333333,-0.05));
#5709=CARTESIAN_POINT('',(0.1,0.0211731656763491,-0.0407612046748871));
#5710=CARTESIAN_POINT('',(0.1,0.0247350962407411,-0.0410114642586241));
#5711=CARTESIAN_POINT('',(0.1,0.0283218290188835,-0.0413216822573762));
#5712=CARTESIAN_POINT('',(0.1,0.0173463313526982,-0.0315224093497743));
#5713=CARTESIAN_POINT('',(0.1,0.0203035258148156,-0.0320229285172481));
#5714=CARTESIAN_POINT('',(0.1,0.0233103247044337,-0.0326433645147523));
#5715=CARTESIAN_POINT('',(0.1,0.00734375,-0.01828125));
#5716=CARTESIAN_POINT('',(0.1,0.008515625,-0.017734375));
#5717=CARTESIAN_POINT('',(0.1,0.0096484375,-0.0170703125));
#5718=CARTESIAN_POINT('',(0.1,0.003671875,-0.009140625));
#5719=CARTESIAN_POINT('',(0.1,0.0042578125,-0.0088671875));
#5720=CARTESIAN_POINT('',(0.1,0.00482421875,-0.00853515625));
#5721=CARTESIAN_POINT('',(0.1,0.,0.));
#5722=CARTESIAN_POINT('',(0.1,0.,0.));
#5723=CARTESIAN_POINT('',(0.1,0.,0.));
#5724=CARTESIAN_POINT('',(0.1,0.0375,-0.05));
#5725=CARTESIAN_POINT('',(0.1,0.0380208333333333,-0.05));
#5726=CARTESIAN_POINT('',(0.1,0.0385416666666667,-0.05));
#5727=CARTESIAN_POINT('',(0.1,0.031944297669804,-0.0416853038769745));
#5728=CARTESIAN_POINT('',(0.1,0.032397106251169,-0.0417307565794243));
#5729=CARTESIAN_POINT('',(0.1,0.0328504732055463,-0.0417770437134499));
#5730=CARTESIAN_POINT('',(0.1,0.026388595339608,-0.0333706077539491));
#5731=CARTESIAN_POINT('',(0.1,0.0267733791690047,-0.0334615131588487));
#5732=CARTESIAN_POINT('',(0.1,0.0271592797444259,-0.0335540874268997));
#5733=CARTESIAN_POINT('',(0.1,0.01072265625,-0.01630859375));
#5734=CARTESIAN_POINT('',(0.1,0.01085693359375,-0.01621337890625));
#5735=CARTESIAN_POINT('',(0.1,0.0109902954101562,-0.0161166381835937));
#5736=CARTESIAN_POINT('',(0.1,0.005361328125,-0.008154296875));
#5737=CARTESIAN_POINT('',(0.1,0.005428466796875,-0.008106689453125));
#5738=CARTESIAN_POINT('',(0.1,0.00549514770507812,-0.00805831909179687));
#5739=CARTESIAN_POINT('',(0.1,0.,0.));
#5740=CARTESIAN_POINT('',(0.1,0.,0.));
#5741=CARTESIAN_POINT('',(0.1,0.,0.));
#5742=CARTESIAN_POINT('',(0.1,0.0390625,-0.05));
#5743=CARTESIAN_POINT('',(0.1,0.0393229166666667,-0.05));
#5744=CARTESIAN_POINT('',(0.1,0.0395833333333333,-0.05));
#5745=CARTESIAN_POINT('',(0.1,0.0333044180858216,-0.0418241518684842));
#5746=CARTESIAN_POINT('',(0.1,0.0335313905259592,-0.0418477059460013));
#5747=CARTESIAN_POINT('',(0.1,0.0337585074475714,-0.0418714652787707));
#5748=CARTESIAN_POINT('',(0.1,0.0275463361716431,-0.0336483037369683));
#5749=CARTESIAN_POINT('',(0.1,0.0277398643852517,-0.0336954118920026));
#5750=CARTESIAN_POINT('',(0.1,0.0279336815618094,-0.0337429305575413));
#5751=CARTESIAN_POINT('',(0.1,0.0111227035522461,-0.0160184097290039));
#5752=CARTESIAN_POINT('',(0.1,0.011188907623291,-0.015969295501709));
#5753=CARTESIAN_POINT('',(0.1,0.0112548732757568,-0.0159198093414307));
#5754=CARTESIAN_POINT('',(0.1,0.00556135177612305,-0.00800920486450195));
#5755=CARTESIAN_POINT('',(0.1,0.00559445381164551,-0.00798464775085449));
#5756=CARTESIAN_POINT('',(0.1,0.00562743663787842,-0.00795990467071533));
#5757=CARTESIAN_POINT('',(0.1,0.,0.));
#5758=CARTESIAN_POINT('',(0.1,0.,0.));
#5759=CARTESIAN_POINT('',(0.1,0.,0.));
#5760=CARTESIAN_POINT('',(0.1,0.03984375,-0.05));
#5761=CARTESIAN_POINT('',(0.1,0.0398763020833333,-0.05));
#5762=CARTESIAN_POINT('',(0.1,0.0399088541666667,-0.05));
#5763=CARTESIAN_POINT('',(0.1,0.0339857714254356,-0.0418954280174741));
#5764=CARTESIAN_POINT('',(0.1,0.0340141794226686,-0.041898423359812));
#5765=CARTESIAN_POINT('',(0.1,0.0340425897176556,-0.0419014218803676));
#5766=CARTESIAN_POINT('',(0.1,0.0281277928508712,-0.0337908560349481));
#5767=CARTESIAN_POINT('',(0.1,0.028152056762004,-0.0337968467196239));
#5768=CARTESIAN_POINT('',(0.1,0.0281763252686446,-0.0338028437607352));
#5769=CARTESIAN_POINT('',(0.1,0.011320595741272,-0.0158699560165405));
#5770=CARTESIAN_POINT('',(0.1,0.0113288110494614,-0.0158637243509293));
#5771=CARTESIAN_POINT('',(0.1,0.0113370225578547,-0.0158574869483709));
#5772=CARTESIAN_POINT('',(0.1,0.00566029787063599,-0.00793497800827026));
#5773=CARTESIAN_POINT('',(0.1,0.00566440552473068,-0.00793186217546463));
#5774=CARTESIAN_POINT('',(0.1,0.00566851127892733,-0.00792874347418547));
#5775=CARTESIAN_POINT('',(0.1,0.,0.));
#5776=CARTESIAN_POINT('',(0.1,0.,0.));
#5777=CARTESIAN_POINT('',(0.1,0.,0.));
#5778=CARTESIAN_POINT('',(0.1,0.03994140625,-0.05));
#5779=CARTESIAN_POINT('',(0.1,0.0399576822916667,-0.05));
#5780=CARTESIAN_POINT('',(0.1,0.0399739583333334,-0.05));
#5781=CARTESIAN_POINT('',(0.1,0.0340710023147908,-0.0419044235759595));
#5782=CARTESIAN_POINT('',(0.1,0.0340852086133584,-0.0419059244237554));
#5783=CARTESIAN_POINT('',(0.1,0.0340994154874631,-0.0419074260653104));
#5784=CARTESIAN_POINT('',(0.1,0.0282005983795816,-0.033808847151919));
#5785=CARTESIAN_POINT('',(0.1,0.0282127349350502,-0.0338118488475109));
#5786=CARTESIAN_POINT('',(0.1,0.0282248726415929,-0.0338148521306208));
#5787=CARTESIAN_POINT('',(0.1,0.0113452302571386,-0.0158512438181788));
#5788=CARTESIAN_POINT('',(0.1,0.0113493341067806,-0.0158481222530827));
#5789=CARTESIAN_POINT('',(0.1,0.0113534370041452,-0.0158449992560782));
#5790=CARTESIAN_POINT('',(0.1,0.0056726151285693,-0.00792562190908938));
#5791=CARTESIAN_POINT('',(0.1,0.00567466705339029,-0.00792406112654134));
#5792=CARTESIAN_POINT('',(0.1,0.00567671850207262,-0.00792249962803908));
#5793=CARTESIAN_POINT('',(0.1,0.,0.));
#5794=CARTESIAN_POINT('',(0.1,0.,0.));
#5795=CARTESIAN_POINT('',(0.1,0.,0.));
#5796=CARTESIAN_POINT('',(0.1,0.039990234375,-0.05));
#5797=CARTESIAN_POINT('',(0.1,0.0400065104166667,-0.05));
#5798=CARTESIAN_POINT('',(0.1,0.0400181171127843,-0.0499999919488228));
#5799=CARTESIAN_POINT('',(0.1,0.0341136229377526,-0.0419089285001544));
#5800=CARTESIAN_POINT('',(0.1,0.0341278303880422,-0.0419104309349984));
#5801=CARTESIAN_POINT('',(0.1,0.0341373690689676,-0.0419119261119542));
#5802=CARTESIAN_POINT('',(0.1,0.0282370115005053,-0.0338178570003088));
#5803=CARTESIAN_POINT('',(0.1,0.0282491503594177,-0.0338208618699968));
#5804=CARTESIAN_POINT('',(0.1,0.0282566210251509,-0.0338238602750856));
#5805=CARTESIAN_POINT('',(0.1,0.0113575389480684,-0.0158418748283293));
#5806=CARTESIAN_POINT('',(0.1,0.0113616408919916,-0.0158387504005805));
#5807=CARTESIAN_POINT('',(0.1,0.0113657418824732,-0.0158356245420873));
#5808=CARTESIAN_POINT('',(0.1,0.0056787694740342,-0.00792093741416465));
#5809=CARTESIAN_POINT('',(0.1,0.00568082044599578,-0.00791937520029023));
#5810=CARTESIAN_POINT('',(0.1,0.00568287094123661,-0.00791781227104366));
#5811=CARTESIAN_POINT('',(0.1,0.,0.));
#5812=CARTESIAN_POINT('',(0.1,0.,0.));
#5813=CARTESIAN_POINT('',(0.1,0.,0.));
#5814=CARTESIAN_POINT('',(0.1,0.0400310544645875,-0.0499999517280349));
#5815=CARTESIAN_POINT('',(0.1,0.0400828038718,-0.0499997908448833));
#5816=CARTESIAN_POINT('',(0.1,0.040134512827732,-0.0499992279293432));
#5817=CARTESIAN_POINT('',(0.1,0.034148238982361,-0.0419133899121532));
#5818=CARTESIAN_POINT('',(0.1,0.0341917186359347,-0.0419192451129489));
#5819=CARTESIAN_POINT('',(0.1,0.0342351670667484,-0.0419247109670177));
#5820=CARTESIAN_POINT('',(0.1,0.0282654235001346,-0.0338268280962714));
#5821=CARTESIAN_POINT('',(0.1,0.0283006334000694,-0.0338386993810145));
#5822=CARTESIAN_POINT('',(0.1,0.0283358213057647,-0.0338501940046921));
#5823=CARTESIAN_POINT('',(0.1,0.0113698419183493,-0.015832497254014));
#5824=CARTESIAN_POINT('',(0.1,0.0113862420618534,-0.0158199881017208));
#5825=CARTESIAN_POINT('',(0.1,0.0114026269316673,-0.0158074560761452));
#5826=CARTESIAN_POINT('',(0.1,0.00568492095917463,-0.00791624862700701));
#5827=CARTESIAN_POINT('',(0.1,0.0056931210309267,-0.0079099940508604));
#5828=CARTESIAN_POINT('',(0.1,0.00570131346583366,-0.00790372803807258));
#5829=CARTESIAN_POINT('',(0.1,0.,0.));
#5830=CARTESIAN_POINT('',(0.1,0.,0.));
#5831=CARTESIAN_POINT('',(0.1,0.,0.));
#5832=CARTESIAN_POINT('',(0.1,0.0401861770956674,-0.0499982647363199));
#5833=CARTESIAN_POINT('',(0.1,0.0402895056315384,-0.0499963383502732));
#5834=CARTESIAN_POINT('',(0.1,0.0403926554154232,-0.0499928108542936));
#5835=CARTESIAN_POINT('',(0.1,0.0342785800770787,-0.0419297892008819));
#5836=CARTESIAN_POINT('',(0.1,0.0343654060977394,-0.0419399456686103));
#5837=CARTESIAN_POINT('',(0.1,0.0344520904364668,-0.0419485516555205));
#5838=CARTESIAN_POINT('',(0.1,0.02837098305849,-0.0338613136654439));
#5839=CARTESIAN_POINT('',(0.1,0.0284413065639404,-0.0338835529869474));
#5840=CARTESIAN_POINT('',(0.1,0.0285115254575104,-0.0339042924567474));
#5841=CARTESIAN_POINT('',(0.1,0.0114189964532852,-0.0157949012517929));
#5842=CARTESIAN_POINT('',(0.1,0.011451735496521,-0.0157697916030884));
#5843=CARTESIAN_POINT('',(0.1,0.0114844131469727,-0.0157445907592773));
#5844=CARTESIAN_POINT('',(0.1,0.00570949822664261,-0.00789745062589645));
#5845=CARTESIAN_POINT('',(0.1,0.0057258677482605,-0.00788489580154419));
#5846=CARTESIAN_POINT('',(0.1,0.00574220657348633,-0.00787229537963867));
#5847=CARTESIAN_POINT('',(0.1,0.,0.));
#5848=CARTESIAN_POINT('',(0.1,0.,0.));
#5849=CARTESIAN_POINT('',(0.1,0.,0.));
#5850=CARTESIAN_POINT('',(0.1,0.0404955925535938,-0.0499876962876227));
#5851=CARTESIAN_POINT('',(0.1,0.0413190896589588,-0.0499467797542559));
#5852=CARTESIAN_POINT('',(0.1,0.0421289774386181,-0.0498042906966531));
#5853=CARTESIAN_POINT('',(0.1,0.0345385995086695,-0.0419556209728163));
#5854=CARTESIAN_POINT('',(0.1,0.0352306720862907,-0.0420121755111822));
#5855=CARTESIAN_POINT('',(0.1,0.0359115276063299,-0.0419703831942237));
#5856=CARTESIAN_POINT('',(0.1,0.0285816064637451,-0.0339235456580098));
#5857=CARTESIAN_POINT('',(0.1,0.0291422545136226,-0.0340775712681086));
#5858=CARTESIAN_POINT('',(0.1,0.0296940777740418,-0.0341364756917942));
#5859=CARTESIAN_POINT('',(0.1,0.0115170288085937,-0.0157192993164062));
#5860=CARTESIAN_POINT('',(0.1,0.0117779541015625,-0.0155169677734375));
#5861=CARTESIAN_POINT('',(0.1,0.012034912109375,-0.015308837890625));
#5862=CARTESIAN_POINT('',(0.1,0.00575851440429687,-0.00785964965820312));
#5863=CARTESIAN_POINT('',(0.1,0.00588897705078125,-0.00775848388671875));
#5864=CARTESIAN_POINT('',(0.1,0.0060174560546875,-0.0076544189453125));
#5865=CARTESIAN_POINT('',(0.1,0.,0.));
#5866=CARTESIAN_POINT('',(0.1,0.,0.));
#5867=CARTESIAN_POINT('',(0.1,0.,0.));
#5868=CARTESIAN_POINT('',(0.1,0.0429079023038325,-0.049567417206626));
#5869=CARTESIAN_POINT('',(0.1,0.0444657520342612,-0.0490936702265719));
#5870=CARTESIAN_POINT('',(0.1,0.0458997501069103,-0.0482423855168207));
#5871=CARTESIAN_POINT('',(0.1,0.036563969462196,-0.0418373126729986));
#5872=CARTESIAN_POINT('',(0.1,0.0378688531739281,-0.0415711716305485));
#5873=CARTESIAN_POINT('',(0.1,0.0390600822289673,-0.0409399177710326));
#5874=CARTESIAN_POINT('',(0.1,0.0302200366205595,-0.0341072081393712));
#5875=CARTESIAN_POINT('',(0.1,0.031271954313595,-0.0340486730345251));
#5876=CARTESIAN_POINT('',(0.1,0.0322204143510244,-0.0336374500252446));
#5877=CARTESIAN_POINT('',(0.1,0.01228759765625,-0.01509521484375));
#5878=CARTESIAN_POINT('',(0.1,0.01279296875,-0.01466796875));
#5879=CARTESIAN_POINT('',(0.1,0.01328125,-0.01421875));
#5880=CARTESIAN_POINT('',(0.1,0.006143798828125,-0.007547607421875));
#5881=CARTESIAN_POINT('',(0.1,0.006396484375,-0.007333984375));
#5882=CARTESIAN_POINT('',(0.1,0.006640625,-0.007109375));
#5883=CARTESIAN_POINT('',(0.1,0.,0.));
#5884=CARTESIAN_POINT('',(0.1,0.,0.));
#5885=CARTESIAN_POINT('',(0.1,0.,0.));
#5886=CARTESIAN_POINT('',(0.1,0.0470710678118655,-0.0470710678118655));
#5887=CARTESIAN_POINT('',(0.1,0.0482423855168207,-0.0458997501069103));
#5888=CARTESIAN_POINT('',(0.1,0.0490936702265719,-0.0444657520342612));
#5889=CARTESIAN_POINT('',(0.1,0.04,-0.04));
#5890=CARTESIAN_POINT('',(0.1,0.0409399177710327,-0.0390600822289674));
#5891=CARTESIAN_POINT('',(0.1,0.0415711716305486,-0.0378688531739281));
#5892=CARTESIAN_POINT('',(0.1,0.0329289321881345,-0.0329289321881345));
#5893=CARTESIAN_POINT('',(0.1,0.0336374500252447,-0.0322204143510244));
#5894=CARTESIAN_POINT('',(0.1,0.0340486730345253,-0.031271954313595));
#5895=CARTESIAN_POINT('',(0.1,0.01375,-0.01375));
#5896=CARTESIAN_POINT('',(0.1,0.01421875,-0.01328125));
#5897=CARTESIAN_POINT('',(0.1,0.01466796875,-0.01279296875));
#5898=CARTESIAN_POINT('',(0.1,0.006875,-0.006875));
#5899=CARTESIAN_POINT('',(0.1,0.007109375,-0.006640625));
#5900=CARTESIAN_POINT('',(0.1,0.007333984375,-0.006396484375));
#5901=CARTESIAN_POINT('',(0.1,0.,0.));
#5902=CARTESIAN_POINT('',(0.1,0.,0.));
#5903=CARTESIAN_POINT('',(0.1,0.,0.));
#5904=CARTESIAN_POINT('',(0.1,0.049567417206626,-0.0429079023038325));
#5905=CARTESIAN_POINT('',(0.1,0.0498042906966531,-0.0421289774386181));
#5906=CARTESIAN_POINT('',(0.1,0.0499467797542559,-0.0413190896589588));
#5907=CARTESIAN_POINT('',(0.1,0.0418373126729987,-0.036563969462196));
#5908=CARTESIAN_POINT('',(0.1,0.0419703831942237,-0.03591152760633));
#5909=CARTESIAN_POINT('',(0.1,0.0420121755111822,-0.0352306720862907));
#5910=CARTESIAN_POINT('',(0.1,0.0341072081393713,-0.0302200366205596));
#5911=CARTESIAN_POINT('',(0.1,0.0341364756917943,-0.0296940777740419));
#5912=CARTESIAN_POINT('',(0.1,0.0340775712681086,-0.0291422545136227));
#5913=CARTESIAN_POINT('',(0.1,0.01509521484375,-0.01228759765625));
#5914=CARTESIAN_POINT('',(0.1,0.015308837890625,-0.012034912109375));
#5915=CARTESIAN_POINT('',(0.1,0.0155169677734375,-0.0117779541015625));
#5916=CARTESIAN_POINT('',(0.1,0.007547607421875,-0.006143798828125));
#5917=CARTESIAN_POINT('',(0.1,0.0076544189453125,-0.0060174560546875));
#5918=CARTESIAN_POINT('',(0.1,0.00775848388671875,-0.00588897705078125));
#5919=CARTESIAN_POINT('',(0.1,0.,0.));
#5920=CARTESIAN_POINT('',(0.1,0.,0.));
#5921=CARTESIAN_POINT('',(0.1,0.,0.));
#5922=CARTESIAN_POINT('',(0.1,0.0499876962876227,-0.0404955925535938));
#5923=CARTESIAN_POINT('',(0.1,0.0499928108542936,-0.0403926554154231));
#5924=CARTESIAN_POINT('',(0.1,0.0499963383502732,-0.0402895056315384));
#5925=CARTESIAN_POINT('',(0.1,0.0419556209728163,-0.0345385995086694));
#5926=CARTESIAN_POINT('',(0.1,0.0419485516555205,-0.0344520904364668));
#5927=CARTESIAN_POINT('',(0.1,0.0419399456686103,-0.0343654060977394));
#5928=CARTESIAN_POINT('',(0.1,0.0339235456580098,-0.0285816064637451));
#5929=CARTESIAN_POINT('',(0.1,0.0339042924567474,-0.0285115254575104));
#5930=CARTESIAN_POINT('',(0.1,0.0338835529869474,-0.0284413065639404));
#5931=CARTESIAN_POINT('',(0.1,0.0157192993164063,-0.0115170288085937));
#5932=CARTESIAN_POINT('',(0.1,0.0157445907592773,-0.0114844131469726));
#5933=CARTESIAN_POINT('',(0.1,0.0157697916030884,-0.011451735496521));
#5934=CARTESIAN_POINT('',(0.1,0.00785964965820313,-0.00575851440429687));
#5935=CARTESIAN_POINT('',(0.1,0.00787229537963867,-0.00574220657348632));
#5936=CARTESIAN_POINT('',(0.1,0.00788489580154419,-0.00572586774826049));
#5937=CARTESIAN_POINT('',(0.1,0.,0.));
#5938=CARTESIAN_POINT('',(0.1,0.,0.));
#5939=CARTESIAN_POINT('',(0.1,0.,0.));
#5940=CARTESIAN_POINT('',(0.1,0.0499982647363199,-0.0401861770956674));
#5941=CARTESIAN_POINT('',(0.1,0.0499992279293432,-0.040134512827732));
#5942=CARTESIAN_POINT('',(0.1,0.0499997908448833,-0.0400828038718));
#5943=CARTESIAN_POINT('',(0.1,0.0419297892008819,-0.0342785800770787));
#5944=CARTESIAN_POINT('',(0.1,0.0419247109670177,-0.0342351670667484));
#5945=CARTESIAN_POINT('',(0.1,0.0419192451129489,-0.0341917186359347));
#5946=CARTESIAN_POINT('',(0.1,0.0338613136654439,-0.02837098305849));
#5947=CARTESIAN_POINT('',(0.1,0.0338501940046921,-0.0283358213057647));
#5948=CARTESIAN_POINT('',(0.1,0.0338386993810145,-0.0283006334000694));
#5949=CARTESIAN_POINT('',(0.1,0.0157949012517929,-0.0114189964532852));
#5950=CARTESIAN_POINT('',(0.1,0.0158074560761452,-0.0114026269316673));
#5951=CARTESIAN_POINT('',(0.1,0.0158199881017208,-0.0113862420618534));
#5952=CARTESIAN_POINT('',(0.1,0.00789745062589645,-0.00570949822664261));
#5953=CARTESIAN_POINT('',(0.1,0.00790372803807259,-0.00570131346583366));
#5954=CARTESIAN_POINT('',(0.1,0.0079099940508604,-0.0056931210309267));
#5955=CARTESIAN_POINT('',(0.1,0.,0.));
#5956=CARTESIAN_POINT('',(0.1,0.,0.));
#5957=CARTESIAN_POINT('',(0.1,0.,0.));
#5958=CARTESIAN_POINT('',(0.1,0.0499999517280349,-0.0400310544645874));
#5959=CARTESIAN_POINT('',(0.1,0.0499999919488228,-0.0400181171127843));
#5960=CARTESIAN_POINT('',(0.1,0.05,-0.0400065104166667));
#5961=CARTESIAN_POINT('',(0.1,0.0419133899121532,-0.034148238982361));
#5962=CARTESIAN_POINT('',(0.1,0.0419119261119542,-0.0341373690689676));
#5963=CARTESIAN_POINT('',(0.1,0.0419104309349984,-0.0341278303880422));
#5964=CARTESIAN_POINT('',(0.1,0.0338268280962714,-0.0282654235001346));
#5965=CARTESIAN_POINT('',(0.1,0.0338238602750856,-0.0282566210251509));
#5966=CARTESIAN_POINT('',(0.1,0.0338208618699968,-0.0282491503594177));
#5967=CARTESIAN_POINT('',(0.1,0.015832497254014,-0.0113698419183493));
#5968=CARTESIAN_POINT('',(0.1,0.0158356245420873,-0.0113657418824732));
#5969=CARTESIAN_POINT('',(0.1,0.0158387504005805,-0.0113616408919916));
#5970=CARTESIAN_POINT('',(0.1,0.00791624862700701,-0.00568492095917463));
#5971=CARTESIAN_POINT('',(0.1,0.00791781227104366,-0.00568287094123661));
#5972=CARTESIAN_POINT('',(0.1,0.00791937520029023,-0.00568082044599578));
#5973=CARTESIAN_POINT('',(0.1,0.,0.));
#5974=CARTESIAN_POINT('',(0.1,0.,0.));
#5975=CARTESIAN_POINT('',(0.1,0.,0.));
#5976=CARTESIAN_POINT('',(0.1,0.05,-0.039990234375));
#5977=CARTESIAN_POINT('',(0.1,0.05,-0.0399739583333333));
#5978=CARTESIAN_POINT('',(0.1,0.05,-0.0399576822916667));
#5979=CARTESIAN_POINT('',(0.1,0.0419089285001544,-0.0341136229377526));
#5980=CARTESIAN_POINT('',(0.1,0.0419074260653104,-0.0340994154874631));
#5981=CARTESIAN_POINT('',(0.1,0.0419059244237554,-0.0340852086133584));
#5982=CARTESIAN_POINT('',(0.1,0.0338178570003088,-0.0282370115005053));
#5983=CARTESIAN_POINT('',(0.1,0.0338148521306208,-0.0282248726415928));
#5984=CARTESIAN_POINT('',(0.1,0.0338118488475109,-0.0282127349350502));
#5985=CARTESIAN_POINT('',(0.1,0.0158418748283293,-0.0113575389480684));
#5986=CARTESIAN_POINT('',(0.1,0.0158449992560782,-0.0113534370041452));
#5987=CARTESIAN_POINT('',(0.1,0.0158481222530827,-0.0113493341067806));
#5988=CARTESIAN_POINT('',(0.1,0.00792093741416466,-0.0056787694740342));
#5989=CARTESIAN_POINT('',(0.1,0.00792249962803908,-0.00567671850207262));
#5990=CARTESIAN_POINT('',(0.1,0.00792406112654135,-0.00567466705339029));
#5991=CARTESIAN_POINT('',(0.1,0.,0.));
#5992=CARTESIAN_POINT('',(0.1,0.,0.));
#5993=CARTESIAN_POINT('',(0.1,0.,0.));
#5994=CARTESIAN_POINT('',(0.1,0.05,-0.03994140625));
#5995=CARTESIAN_POINT('',(0.1,0.05,-0.0399088541666667));
#5996=CARTESIAN_POINT('',(0.1,0.05,-0.0398763020833333));
#5997=CARTESIAN_POINT('',(0.1,0.0419044235759595,-0.0340710023147908));
#5998=CARTESIAN_POINT('',(0.1,0.0419014218803676,-0.0340425897176556));
#5999=CARTESIAN_POINT('',(0.1,0.041898423359812,-0.0340141794226686));
#6000=CARTESIAN_POINT('',(0.1,0.033808847151919,-0.0282005983795816));
#6001=CARTESIAN_POINT('',(0.1,0.0338028437607352,-0.0281763252686446));
#6002=CARTESIAN_POINT('',(0.1,0.033796846719624,-0.028152056762004));
#6003=CARTESIAN_POINT('',(0.1,0.0158512438181788,-0.0113452302571386));
#6004=CARTESIAN_POINT('',(0.1,0.0158574869483709,-0.0113370225578547));
#6005=CARTESIAN_POINT('',(0.1,0.0158637243509293,-0.0113288110494614));
#6006=CARTESIAN_POINT('',(0.1,0.00792562190908939,-0.0056726151285693));
#6007=CARTESIAN_POINT('',(0.1,0.00792874347418547,-0.00566851127892733));
#6008=CARTESIAN_POINT('',(0.1,0.00793186217546463,-0.00566440552473068));
#6009=CARTESIAN_POINT('',(0.1,0.,0.));
#6010=CARTESIAN_POINT('',(0.1,0.,0.));
#6011=CARTESIAN_POINT('',(0.1,0.,0.));
#6012=CARTESIAN_POINT('',(0.1,0.05,-0.03984375));
#6013=CARTESIAN_POINT('',(0.1,0.05,-0.0395833333333333));
#6014=CARTESIAN_POINT('',(0.1,0.05,-0.0393229166666667));
#6015=CARTESIAN_POINT('',(0.1,0.0418954280174741,-0.0339857714254356));
#6016=CARTESIAN_POINT('',(0.1,0.0418714652787708,-0.0337585074475715));
#6017=CARTESIAN_POINT('',(0.1,0.0418477059460015,-0.0335313905259592));
#6018=CARTESIAN_POINT('',(0.1,0.0337908560349482,-0.0281277928508713));
#6019=CARTESIAN_POINT('',(0.1,0.0337429305575416,-0.0279336815618096));
#6020=CARTESIAN_POINT('',(0.1,0.0336954118920029,-0.0277398643852518));
#6021=CARTESIAN_POINT('',(0.1,0.0158699560165405,-0.011320595741272));
#6022=CARTESIAN_POINT('',(0.1,0.0159198093414307,-0.0112548732757568));
#6023=CARTESIAN_POINT('',(0.1,0.015969295501709,-0.011188907623291));
#6024=CARTESIAN_POINT('',(0.1,0.00793497800827027,-0.00566029787063599));
#6025=CARTESIAN_POINT('',(0.1,0.00795990467071533,-0.00562743663787842));
#6026=CARTESIAN_POINT('',(0.1,0.00798464775085449,-0.00559445381164551));
#6027=CARTESIAN_POINT('',(0.1,0.,0.));
#6028=CARTESIAN_POINT('',(0.1,0.,0.));
#6029=CARTESIAN_POINT('',(0.1,0.,0.));
#6030=CARTESIAN_POINT('',(0.1,0.05,-0.0390625));
#6031=CARTESIAN_POINT('',(0.1,0.05,-0.0385416666666667));
#6032=CARTESIAN_POINT('',(0.1,0.05,-0.0380208333333333));
#6033=CARTESIAN_POINT('',(0.1,0.0418241518684844,-0.0333044180858216));
#6034=CARTESIAN_POINT('',(0.1,0.0417770437134501,-0.0328504732055462));
#6035=CARTESIAN_POINT('',(0.1,0.0417307565794247,-0.0323971062511691));
#6036=CARTESIAN_POINT('',(0.1,0.0336483037369687,-0.0275463361716431));
#6037=CARTESIAN_POINT('',(0.1,0.0335540874269002,-0.0271592797444258));
#6038=CARTESIAN_POINT('',(0.1,0.0334615131588494,-0.0267733791690048));
#6039=CARTESIAN_POINT('',(0.1,0.0160184097290039,-0.0111227035522461));
#6040=CARTESIAN_POINT('',(0.1,0.0161166381835938,-0.0109902954101562));
#6041=CARTESIAN_POINT('',(0.1,0.01621337890625,-0.01085693359375));
#6042=CARTESIAN_POINT('',(0.1,0.00800920486450196,-0.00556135177612305));
#6043=CARTESIAN_POINT('',(0.1,0.00805831909179688,-0.00549514770507812));
#6044=CARTESIAN_POINT('',(0.1,0.008106689453125,-0.005428466796875));
#6045=CARTESIAN_POINT('',(0.1,0.,0.));
#6046=CARTESIAN_POINT('',(0.1,0.,0.));
#6047=CARTESIAN_POINT('',(0.1,0.,0.));
#6048=CARTESIAN_POINT('',(0.1,0.05,-0.0375));
#6049=CARTESIAN_POINT('',(0.1,0.05,-0.0333333333333333));
#6050=CARTESIAN_POINT('',(0.1,0.05,-0.0291666666666667));
#6051=CARTESIAN_POINT('',(0.1,0.0416853038769749,-0.0319442976698041));
#6052=CARTESIAN_POINT('',(0.1,0.0413216822573771,-0.0283218290188842));
#6053=CARTESIAN_POINT('',(0.1,0.0410114642586244,-0.0247350962407414));
#6054=CARTESIAN_POINT('',(0.1,0.0333706077539499,-0.0263885953396082));
#6055=CARTESIAN_POINT('',(0.1,0.0326433645147541,-0.0233103247044351));
#6056=CARTESIAN_POINT('',(0.1,0.0320229285172488,-0.0203035258148162));
#6057=CARTESIAN_POINT('',(0.1,0.01630859375,-0.01072265625));
#6058=CARTESIAN_POINT('',(0.1,0.0170703125,-0.0096484375));
#6059=CARTESIAN_POINT('',(0.1,0.017734375,-0.008515625));
#6060=CARTESIAN_POINT('',(0.1,0.008154296875,-0.005361328125));
#6061=CARTESIAN_POINT('',(0.1,0.00853515625,-0.00482421875));
#6062=CARTESIAN_POINT('',(0.1,0.0088671875,-0.0042578125));
#6063=CARTESIAN_POINT('',(0.1,0.,0.));
#6064=CARTESIAN_POINT('',(0.1,0.,0.));
#6065=CARTESIAN_POINT('',(0.1,0.,0.));
#6066=CARTESIAN_POINT('',(0.1,0.05,-0.025));
#6067=CARTESIAN_POINT('',(0.1,0.05,-0.0166666666666667));
#6068=CARTESIAN_POINT('',(0.1,0.05,-0.00833333333333333));
#6069=CARTESIAN_POINT('',(0.1,0.05,0.));
#6070=CARTESIAN_POINT('',(0.1,0.0407612046748871,-0.0211731656763492));
#6071=CARTESIAN_POINT('',(0.1,0.0402606855074127,-0.0140493045475647));
#6072=CARTESIAN_POINT('',(0.1,0.0399999999999999,-0.00702465227378243));
#6073=CARTESIAN_POINT('',(0.1,0.04,0.));
#6074=CARTESIAN_POINT('',(0.1,0.0315224093497741,-0.0173463313526985));
#6075=CARTESIAN_POINT('',(0.1,0.0305213710148255,-0.0114319424284628));
#6076=CARTESIAN_POINT('',(0.1,0.0299999999999998,-0.00571597121423152));
#6077=CARTESIAN_POINT('',(0.1,0.03,0.));
#6078=CARTESIAN_POINT('',(0.1,0.01828125,-0.00734375));
#6079=CARTESIAN_POINT('',(0.1,0.019375,-0.005));
#6080=CARTESIAN_POINT('',(0.1,0.02,-0.0025));
#6081=CARTESIAN_POINT('',(0.1,0.02,0.));
#6082=CARTESIAN_POINT('',(0.1,0.009140625,-0.003671875));
#6083=CARTESIAN_POINT('',(0.1,0.0096875,-0.0025));
#6084=CARTESIAN_POINT('',(0.1,0.01,-0.00125));
#6085=CARTESIAN_POINT('',(0.1,0.01,0.));
#6086=CARTESIAN_POINT('',(0.1,0.,0.));
#6087=CARTESIAN_POINT('',(0.1,0.,0.));
#6088=CARTESIAN_POINT('',(0.1,0.,0.));
#6089=CARTESIAN_POINT('',(0.1,0.,0.));
#6090=B_SPLINE_SURFACE_WITH_KNOTS('Surf_QONVFZOQQQ, Nose, 0, 5',5,3,((#6091, #6092, #6093, #6109, #6110, #6111, #6127, #6128, #6129, #6145, #6146, #6147, #6163, #6164, #6165, #6181, #6182, #6183, #6199, #6200, #6201, #6217, #6218, #6219, #6235, #6236, #6237, #6253, #6254, #6255, #6271, #6272, #6273, #6289, #6290, #6291, #6307, #6308, #6309, #6325, #6326, #6327, #6343, #6344, #6345, #6361, #6362, #6363, #6379, #6380, #6381, #6397, #6398, #6399, #6415, #6416, #6417, #6433, #6434, #6435, #6451, #6452, #6453, #6469, #6470, #6471, #6472),(#6094, #6095, #6096, #6112, #6113, #6114, #6130, #6131, #6132, #6148, #6149, #6150, #6166, #6167, #6168, #6184, #6185, #6186, #6202, #6203, #6204, #6220, #6221, #6222, #6238, #6239, #6240, #6256, #6257, #6258, #6274, #6275, #6276, #6292, #6293, #6294, #6310, #6311, #6312, #6328, #6329, #6330, #6346, #6347, #6348, #6364, #6365, #6366, #6382, #6383, #6384, #6400, #6401, #6402, #6418, #6419, #6420, #6436, #6437, #6438, #6454, #6455, #6456, #6473, #6474, #6475, #6476),(#6097, #6098, #6099, #6115, #6116, #6117, #6133, #6134, #6135, #6151, #6152, #6153, #6169, #6170, #6171, #6187, #6188, #6189, #6205, #6206, #6207, #6223, #6224, #6225, #6241, #6242, #6243, #6259, #6260, #6261, #6277, #6278, #6279, #6295, #6296, #6297, #6313, #6314, #6315, #6331, #6332, #6333, #6349, #6350, #6351, #6367, #6368, #6369, #6385, #6386, #6387, #6403, #6404, #6405, #6421, #6422, #6423, #6439, #6440, #6441, #6457, #6458, #6459, #6477, #6478, #6479, #6480),(#6100, #6101, #6102, #6118, #6119, #6120, #6136, #6137, #6138, #6154, #6155, #6156, #6172, #6173, #6174, #6190, #6191, #6192, #6208, #6209, #6210, #6226, #6227, #6228, #6244, #6245, #6246, #6262, #6263, #6264, #6280, #6281, #6282, #6298, #6299, #6300, #6316, #6317, #6318, #6334, #6335, #6336, #6352, #6353, #6354, #6370, #6371, #6372, #6388, #6389, #6390, #6406, #6407, #6408, #6424, #6425, #6426, #6442, #6443, #6444, #6460, #6461, #6462, #6481, #6482, #6483, #6484),(#6103, #6104, #6105, #6121, #6122, #6123, #6139, #6140, #6141, #6157, #6158, #6159, #6175, #6176, #6177, #6193, #6194, #6195, #6211, #6212, #6213, #6229, #6230, #6231, #6247, #6248, #6249, #6265, #6266, #6267, #6283, #6284, #6285, #6301, #6302, #6303, #6319, #6320, #6321, #6337, #6338, #6339, #6355, #6356, #6357, #6373, #6374, #6375, #6391, #6392, #6393, #6409, #6410, #6411, #6427, #6428, #6429, #6445, #6446, #6447, #6463, #6464, #6465, #6485, #6486, #6487, #6488),(#6106, #6107, #6108, #6124, #6125, #6126, #6142, #6143, #6144, #6160, #6161, #6162, #6178, #6179, #6180, #6196, #6197, #6198, #6214, #6215, #6216, #6232, #6233, #6234, #6250, #6251, #6252, #6268, #6269, #6270, #6286, #6287, #6288, #6304, #6305, #6306, #6322, #6323, #6324, #6340, #6341, #6342, #6358, #6359, #6360, #6376, #6377, #6378, #6394, #6395, #6396, #6412, #6413, #6414, #6430, #6431, #6432, #6448, #6449, #6450, #6466, #6467, #6468, #6489, #6490, #6491, #6492)),.UNSPECIFIED.,.F.,.F.,.F.,(6,6),(4,3,3,3,3,3,3,3,3,3,3,3,3,3,3,3,3,3,3,3,3,3,4),(0.,1.),(0.,1.,2.,3.,4.,5.,6.,7.,8.,9.,10.,11.,12.,13.,14.,15.,16.,17.,18.,19.,20.,21.,22.),.PIECEWISE_BEZIER_KNOTS.);
#6091=CARTESIAN_POINT('',(0.1,-0.05,1.54074395550979E-34));
#6092=CARTESIAN_POINT('',(0.1,-0.05,-0.00833333333333333));
#6093=CARTESIAN_POINT('',(0.1,-0.05,-0.0166666666666667));
#6094=CARTESIAN_POINT('',(0.1,-0.04,1.22464679914735E-18));
#6095=CARTESIAN_POINT('',(0.1,-0.0400000000000001,-0.0070246522737825));
#6096=CARTESIAN_POINT('',(0.1,-0.0402606855074132,-0.0140493045475651));
#6097=CARTESIAN_POINT('',(0.1,-0.03,2.44929359829471E-18));
#6098=CARTESIAN_POINT('',(0.1,-0.0300000000000002,-0.00571597121423167));
#6099=CARTESIAN_POINT('',(0.1,-0.0305213710148264,-0.0114319424284635));
#6100=CARTESIAN_POINT('',(0.1,-0.02,-2.77555756156289E-18));
#6101=CARTESIAN_POINT('',(0.1,-0.02,-0.0025));
#6102=CARTESIAN_POINT('',(0.1,-0.019375,-0.005));
#6103=CARTESIAN_POINT('',(0.1,-0.01,-1.38777878078145E-18));
#6104=CARTESIAN_POINT('',(0.1,-0.01,-0.00125));
#6105=CARTESIAN_POINT('',(0.1,-0.0096875,-0.0025));
#6106=CARTESIAN_POINT('',(0.1,0.,0.));
#6107=CARTESIAN_POINT('',(0.1,0.,0.));
#6108=CARTESIAN_POINT('',(0.1,0.,0.));
#6109=CARTESIAN_POINT('',(0.1,-0.05,-0.025));
#6110=CARTESIAN_POINT('',(0.1,-0.05,-0.0291666666666667));
#6111=CARTESIAN_POINT('',(0.1,-0.05,-0.0333333333333333));
#6112=CARTESIAN_POINT('',(0.1,-0.0407612046748871,-0.0211731656763491));
#6113=CARTESIAN_POINT('',(0.1,-0.0410114642586241,-0.0247350962407411));
#6114=CARTESIAN_POINT('',(0.1,-0.0413216822573762,-0.0283218290188835));
#6115=CARTESIAN_POINT('',(0.1,-0.0315224093497743,-0.0173463313526982));
#6116=CARTESIAN_POINT('',(0.1,-0.0320229285172482,-0.0203035258148156));
#6117=CARTESIAN_POINT('',(0.1,-0.0326433645147525,-0.0233103247044337));
#6118=CARTESIAN_POINT('',(0.1,-0.01828125,-0.00734375));
#6119=CARTESIAN_POINT('',(0.1,-0.017734375,-0.008515625));
#6120=CARTESIAN_POINT('',(0.1,-0.0170703125,-0.0096484375));
#6121=CARTESIAN_POINT('',(0.1,-0.009140625,-0.003671875));
#6122=CARTESIAN_POINT('',(0.1,-0.0088671875,-0.0042578125));
#6123=CARTESIAN_POINT('',(0.1,-0.00853515625,-0.00482421875));
#6124=CARTESIAN_POINT('',(0.1,0.,0.));
#6125=CARTESIAN_POINT('',(0.1,0.,0.));
#6126=CARTESIAN_POINT('',(0.1,0.,0.));
#6127=CARTESIAN_POINT('',(0.1,-0.05,-0.0375));
#6128=CARTESIAN_POINT('',(0.1,-0.05,-0.0380208333333333));
#6129=CARTESIAN_POINT('',(0.1,-0.05,-0.0385416666666667));
#6130=CARTESIAN_POINT('',(0.1,-0.0416853038769745,-0.031944297669804));
#6131=CARTESIAN_POINT('',(0.1,-0.0417307565794243,-0.032397106251169));
#6132=CARTESIAN_POINT('',(0.1,-0.0417770437134498,-0.0328504732055463));
#6133=CARTESIAN_POINT('',(0.1,-0.0333706077539491,-0.026388595339608));
#6134=CARTESIAN_POINT('',(0.1,-0.0334615131588487,-0.0267733791690047));
#6135=CARTESIAN_POINT('',(0.1,-0.0335540874268997,-0.0271592797444259));
#6136=CARTESIAN_POINT('',(0.1,-0.01630859375,-0.01072265625));
#6137=CARTESIAN_POINT('',(0.1,-0.01621337890625,-0.01085693359375));
#6138=CARTESIAN_POINT('',(0.1,-0.0161166381835937,-0.0109902954101563));
#6139=CARTESIAN_POINT('',(0.1,-0.008154296875,-0.005361328125));
#6140=CARTESIAN_POINT('',(0.1,-0.008106689453125,-0.005428466796875));
#6141=CARTESIAN_POINT('',(0.1,-0.00805831909179687,-0.00549514770507813));
#6142=CARTESIAN_POINT('',(0.1,0.,0.));
#6143=CARTESIAN_POINT('',(0.1,0.,0.));
#6144=CARTESIAN_POINT('',(0.1,0.,0.));
#6145=CARTESIAN_POINT('',(0.1,-0.05,-0.0390625));
#6146=CARTESIAN_POINT('',(0.1,-0.05,-0.0393229166666667));
#6147=CARTESIAN_POINT('',(0.1,-0.05,-0.0395833333333333));
#6148=CARTESIAN_POINT('',(0.1,-0.0418241518684842,-0.0333044180858215));
#6149=CARTESIAN_POINT('',(0.1,-0.0418477059460013,-0.0335313905259592));
#6150=CARTESIAN_POINT('',(0.1,-0.0418714652787707,-0.0337585074475714));
#6151=CARTESIAN_POINT('',(0.1,-0.0336483037369683,-0.0275463361716431));
#6152=CARTESIAN_POINT('',(0.1,-0.0336954118920027,-0.0277398643852517));
#6153=CARTESIAN_POINT('',(0.1,-0.0337429305575414,-0.0279336815618094));
#6154=CARTESIAN_POINT('',(0.1,-0.0160184097290039,-0.0111227035522461));
#6155=CARTESIAN_POINT('',(0.1,-0.015969295501709,-0.011188907623291));
#6156=CARTESIAN_POINT('',(0.1,-0.0159198093414307,-0.0112548732757568));
#6157=CARTESIAN_POINT('',(0.1,-0.00800920486450195,-0.00556135177612305));
#6158=CARTESIAN_POINT('',(0.1,-0.00798464775085449,-0.00559445381164551));
#6159=CARTESIAN_POINT('',(0.1,-0.00795990467071533,-0.00562743663787842));
#6160=CARTESIAN_POINT('',(0.1,0.,0.));
#6161=CARTESIAN_POINT('',(0.1,0.,0.));
#6162=CARTESIAN_POINT('',(0.1,0.,0.));
#6163=CARTESIAN_POINT('',(0.1,-0.05,-0.03984375));
#6164=CARTESIAN_POINT('',(0.1,-0.05,-0.0398763020833333));
#6165=CARTESIAN_POINT('',(0.1,-0.05,-0.0399088541666667));
#6166=CARTESIAN_POINT('',(0.1,-0.0418954280174741,-0.0339857714254356));
#6167=CARTESIAN_POINT('',(0.1,-0.041898423359812,-0.0340141794226686));
#6168=CARTESIAN_POINT('',(0.1,-0.0419014218803676,-0.0340425897176556));
#6169=CARTESIAN_POINT('',(0.1,-0.0337908560349481,-0.0281277928508712));
#6170=CARTESIAN_POINT('',(0.1,-0.0337968467196239,-0.028152056762004));
#6171=CARTESIAN_POINT('',(0.1,-0.0338028437607352,-0.0281763252686446));
#6172=CARTESIAN_POINT('',(0.1,-0.0158699560165405,-0.011320595741272));
#6173=CARTESIAN_POINT('',(0.1,-0.0158637243509293,-0.0113288110494614));
#6174=CARTESIAN_POINT('',(0.1,-0.0158574869483709,-0.0113370225578547));
#6175=CARTESIAN_POINT('',(0.1,-0.00793497800827027,-0.00566029787063599));
#6176=CARTESIAN_POINT('',(0.1,-0.00793186217546463,-0.00566440552473069));
#6177=CARTESIAN_POINT('',(0.1,-0.00792874347418547,-0.00566851127892733));
#6178=CARTESIAN_POINT('',(0.1,0.,0.));
#6179=CARTESIAN_POINT('',(0.1,0.,0.));
#6180=CARTESIAN_POINT('',(0.1,0.,0.));
#6181=CARTESIAN_POINT('',(0.1,-0.05,-0.03994140625));
#6182=CARTESIAN_POINT('',(0.1,-0.05,-0.0399576822916667));
#6183=CARTESIAN_POINT('',(0.1,-0.05,-0.0399739583333333));
#6184=CARTESIAN_POINT('',(0.1,-0.0419044235759595,-0.0340710023147908));
#6185=CARTESIAN_POINT('',(0.1,-0.0419059244237554,-0.0340852086133584));
#6186=CARTESIAN_POINT('',(0.1,-0.0419074260653104,-0.0340994154874631));
#6187=CARTESIAN_POINT('',(0.1,-0.033808847151919,-0.0282005983795816));
#6188=CARTESIAN_POINT('',(0.1,-0.0338118488475109,-0.0282127349350502));
#6189=CARTESIAN_POINT('',(0.1,-0.0338148521306208,-0.0282248726415929));
#6190=CARTESIAN_POINT('',(0.1,-0.0158512438181788,-0.0113452302571386));
#6191=CARTESIAN_POINT('',(0.1,-0.0158481222530827,-0.0113493341067806));
#6192=CARTESIAN_POINT('',(0.1,-0.0158449992560782,-0.0113534370041452));
#6193=CARTESIAN_POINT('',(0.1,-0.00792562190908938,-0.00567261512856931));
#6194=CARTESIAN_POINT('',(0.1,-0.00792406112654134,-0.0056746670533903));
#6195=CARTESIAN_POINT('',(0.1,-0.00792249962803908,-0.00567671850207262));
#6196=CARTESIAN_POINT('',(0.1,0.,0.));
#6197=CARTESIAN_POINT('',(0.1,0.,0.));
#6198=CARTESIAN_POINT('',(0.1,0.,0.));
#6199=CARTESIAN_POINT('',(0.1,-0.05,-0.039990234375));
#6200=CARTESIAN_POINT('',(0.1,-0.05,-0.0400065104166667));
#6201=CARTESIAN_POINT('',(0.1,-0.0499999919488228,-0.0400181171127843));
#6202=CARTESIAN_POINT('',(0.1,-0.0419089285001544,-0.0341136229377526));
#6203=CARTESIAN_POINT('',(0.1,-0.0419104309349984,-0.0341278303880422));
#6204=CARTESIAN_POINT('',(0.1,-0.0419119261119542,-0.0341373690689676));
#6205=CARTESIAN_POINT('',(0.1,-0.0338178570003088,-0.0282370115005053));
#6206=CARTESIAN_POINT('',(0.1,-0.0338208618699968,-0.0282491503594177));
#6207=CARTESIAN_POINT('',(0.1,-0.0338238602750856,-0.0282566210251509));
#6208=CARTESIAN_POINT('',(0.1,-0.0158418748283293,-0.0113575389480684));
#6209=CARTESIAN_POINT('',(0.1,-0.0158387504005805,-0.0113616408919916));
#6210=CARTESIAN_POINT('',(0.1,-0.0158356245420873,-0.0113657418824732));
#6211=CARTESIAN_POINT('',(0.1,-0.00792093741416465,-0.0056787694740342));
#6212=CARTESIAN_POINT('',(0.1,-0.00791937520029023,-0.00568082044599578));
#6213=CARTESIAN_POINT('',(0.1,-0.00791781227104366,-0.00568287094123662));
#6214=CARTESIAN_POINT('',(0.1,0.,0.));
#6215=CARTESIAN_POINT('',(0.1,0.,0.));
#6216=CARTESIAN_POINT('',(0.1,0.,0.));
#6217=CARTESIAN_POINT('',(0.1,-0.0499999517280349,-0.0400310544645874));
#6218=CARTESIAN_POINT('',(0.1,-0.0499997908448833,-0.0400828038718));
#6219=CARTESIAN_POINT('',(0.1,-0.0499992279293432,-0.040134512827732));
#6220=CARTESIAN_POINT('',(0.1,-0.0419133899121531,-0.034148238982361));
#6221=CARTESIAN_POINT('',(0.1,-0.0419192451129489,-0.0341917186359347));
#6222=CARTESIAN_POINT('',(0.1,-0.0419247109670177,-0.0342351670667484));
#6223=CARTESIAN_POINT('',(0.1,-0.0338268280962714,-0.0282654235001346));
#6224=CARTESIAN_POINT('',(0.1,-0.0338386993810145,-0.0283006334000694));
#6225=CARTESIAN_POINT('',(0.1,-0.0338501940046921,-0.0283358213057647));
#6226=CARTESIAN_POINT('',(0.1,-0.015832497254014,-0.0113698419183493));
#6227=CARTESIAN_POINT('',(0.1,-0.0158199881017208,-0.0113862420618534));
#6228=CARTESIAN_POINT('',(0.1,-0.0158074560761452,-0.0114026269316673));
#6229=CARTESIAN_POINT('',(0.1,-0.00791624862700701,-0.00568492095917464));
#6230=CARTESIAN_POINT('',(0.1,-0.0079099940508604,-0.00569312103092671));
#6231=CARTESIAN_POINT('',(0.1,-0.00790372803807259,-0.00570131346583367));
#6232=CARTESIAN_POINT('',(0.1,0.,0.));
#6233=CARTESIAN_POINT('',(0.1,0.,0.));
#6234=CARTESIAN_POINT('',(0.1,0.,0.));
#6235=CARTESIAN_POINT('',(0.1,-0.0499982647363199,-0.0401861770956674));
#6236=CARTESIAN_POINT('',(0.1,-0.0499963383502732,-0.0402895056315384));
#6237=CARTESIAN_POINT('',(0.1,-0.0499928108542936,-0.0403926554154231));
#6238=CARTESIAN_POINT('',(0.1,-0.0419297892008819,-0.0342785800770787));
#6239=CARTESIAN_POINT('',(0.1,-0.0419399456686103,-0.0343654060977394));
#6240=CARTESIAN_POINT('',(0.1,-0.0419485516555205,-0.0344520904364668));
#6241=CARTESIAN_POINT('',(0.1,-0.0338613136654438,-0.02837098305849));
#6242=CARTESIAN_POINT('',(0.1,-0.0338835529869473,-0.0284413065639405));
#6243=CARTESIAN_POINT('',(0.1,-0.0339042924567474,-0.0285115254575104));
#6244=CARTESIAN_POINT('',(0.1,-0.0157949012517929,-0.0114189964532852));
#6245=CARTESIAN_POINT('',(0.1,-0.0157697916030884,-0.011451735496521));
#6246=CARTESIAN_POINT('',(0.1,-0.0157445907592773,-0.0114844131469727));
#6247=CARTESIAN_POINT('',(0.1,-0.00789745062589645,-0.00570949822664261));
#6248=CARTESIAN_POINT('',(0.1,-0.00788489580154419,-0.0057258677482605));
#6249=CARTESIAN_POINT('',(0.1,-0.00787229537963867,-0.00574220657348633));
#6250=CARTESIAN_POINT('',(0.1,0.,0.));
#6251=CARTESIAN_POINT('',(0.1,0.,0.));
#6252=CARTESIAN_POINT('',(0.1,0.,0.));
#6253=CARTESIAN_POINT('',(0.1,-0.0499876962876227,-0.0404955925535938));
#6254=CARTESIAN_POINT('',(0.1,-0.0499467797542559,-0.0413190896589588));
#6255=CARTESIAN_POINT('',(0.1,-0.0498042906966531,-0.0421289774386181));
#6256=CARTESIAN_POINT('',(0.1,-0.0419556209728162,-0.0345385995086695));
#6257=CARTESIAN_POINT('',(0.1,-0.0420121755111822,-0.0352306720862907));
#6258=CARTESIAN_POINT('',(0.1,-0.0419703831942239,-0.0359115276063299));
#6259=CARTESIAN_POINT('',(0.1,-0.0339235456580097,-0.0285816064637451));
#6260=CARTESIAN_POINT('',(0.1,-0.0340775712681086,-0.0291422545136227));
#6261=CARTESIAN_POINT('',(0.1,-0.0341364756917947,-0.0296940777740418));
#6262=CARTESIAN_POINT('',(0.1,-0.0157192993164062,-0.0115170288085938));
#6263=CARTESIAN_POINT('',(0.1,-0.0155169677734375,-0.0117779541015625));
#6264=CARTESIAN_POINT('',(0.1,-0.015308837890625,-0.012034912109375));
#6265=CARTESIAN_POINT('',(0.1,-0.00785964965820312,-0.00575851440429688));
#6266=CARTESIAN_POINT('',(0.1,-0.00775848388671875,-0.00588897705078125));
#6267=CARTESIAN_POINT('',(0.1,-0.0076544189453125,-0.0060174560546875));
#6268=CARTESIAN_POINT('',(0.1,0.,0.));
#6269=CARTESIAN_POINT('',(0.1,0.,0.));
#6270=CARTESIAN_POINT('',(0.1,0.,0.));
#6271=CARTESIAN_POINT('',(0.1,-0.049567417206626,-0.0429079023038325));
#6272=CARTESIAN_POINT('',(0.1,-0.0490936702265719,-0.0444657520342612));
#6273=CARTESIAN_POINT('',(0.1,-0.0482423855168207,-0.0458997501069103));
#6274=CARTESIAN_POINT('',(0.1,-0.041837312672999,-0.036563969462196));
#6275=CARTESIAN_POINT('',(0.1,-0.0415711716305491,-0.037868853173928));
#6276=CARTESIAN_POINT('',(0.1,-0.0409399177710328,-0.0390600822289673));
#6277=CARTESIAN_POINT('',(0.1,-0.0341072081393719,-0.0302200366205595));
#6278=CARTESIAN_POINT('',(0.1,-0.0340486730345263,-0.0312719543135948));
#6279=CARTESIAN_POINT('',(0.1,-0.0336374500252449,-0.0322204143510244));
#6280=CARTESIAN_POINT('',(0.1,-0.01509521484375,-0.01228759765625));
#6281=CARTESIAN_POINT('',(0.1,-0.01466796875,-0.01279296875));
#6282=CARTESIAN_POINT('',(0.1,-0.01421875,-0.01328125));
#6283=CARTESIAN_POINT('',(0.1,-0.007547607421875,-0.006143798828125));
#6284=CARTESIAN_POINT('',(0.1,-0.007333984375,-0.006396484375));
#6285=CARTESIAN_POINT('',(0.1,-0.007109375,-0.006640625));
#6286=CARTESIAN_POINT('',(0.1,0.,0.));
#6287=CARTESIAN_POINT('',(0.1,0.,0.));
#6288=CARTESIAN_POINT('',(0.1,0.,0.));
#6289=CARTESIAN_POINT('',(0.1,-0.0470710678118655,-0.0470710678118655));
#6290=CARTESIAN_POINT('',(0.1,-0.0458997501069103,-0.0482423855168207));
#6291=CARTESIAN_POINT('',(0.1,-0.0444657520342612,-0.0490936702265719));
#6292=CARTESIAN_POINT('',(0.1,-0.04,-0.04));
#6293=CARTESIAN_POINT('',(0.1,-0.0390600822289672,-0.0409399177710327));
#6294=CARTESIAN_POINT('',(0.1,-0.037868853173928,-0.0415711716305487));
#6295=CARTESIAN_POINT('',(0.1,-0.0329289321881345,-0.0329289321881345));
#6296=CARTESIAN_POINT('',(0.1,-0.0322204143510241,-0.0336374500252447));
#6297=CARTESIAN_POINT('',(0.1,-0.0312719543135948,-0.0340486730345254));
#6298=CARTESIAN_POINT('',(0.1,-0.01375,-0.01375));
#6299=CARTESIAN_POINT('',(0.1,-0.01328125,-0.01421875));
#6300=CARTESIAN_POINT('',(0.1,-0.01279296875,-0.01466796875));
#6301=CARTESIAN_POINT('',(0.1,-0.006875,-0.006875));
#6302=CARTESIAN_POINT('',(0.1,-0.006640625,-0.007109375));
#6303=CARTESIAN_POINT('',(0.1,-0.006396484375,-0.007333984375));
#6304=CARTESIAN_POINT('',(0.1,0.,0.));
#6305=CARTESIAN_POINT('',(0.1,0.,0.));
#6306=CARTESIAN_POINT('',(0.1,0.,0.));
#6307=CARTESIAN_POINT('',(0.1,-0.0429079023038325,-0.049567417206626));
#6308=CARTESIAN_POINT('',(0.1,-0.0421289774386181,-0.0498042906966531));
#6309=CARTESIAN_POINT('',(0.1,-0.0413190896589588,-0.0499467797542559));
#6310=CARTESIAN_POINT('',(0.1,-0.036563969462196,-0.0418373126729987));
#6311=CARTESIAN_POINT('',(0.1,-0.03591152760633,-0.0419703831942237));
#6312=CARTESIAN_POINT('',(0.1,-0.0352306720862908,-0.0420121755111822));
#6313=CARTESIAN_POINT('',(0.1,-0.0302200366205596,-0.0341072081393713));
#6314=CARTESIAN_POINT('',(0.1,-0.0296940777740419,-0.0341364756917943));
#6315=CARTESIAN_POINT('',(0.1,-0.0291422545136228,-0.0340775712681085));
#6316=CARTESIAN_POINT('',(0.1,-0.01228759765625,-0.01509521484375));
#6317=CARTESIAN_POINT('',(0.1,-0.012034912109375,-0.015308837890625));
#6318=CARTESIAN_POINT('',(0.1,-0.0117779541015625,-0.0155169677734375));
#6319=CARTESIAN_POINT('',(0.1,-0.006143798828125,-0.007547607421875));
#6320=CARTESIAN_POINT('',(0.1,-0.0060174560546875,-0.0076544189453125));
#6321=CARTESIAN_POINT('',(0.1,-0.00588897705078125,-0.00775848388671875));
#6322=CARTESIAN_POINT('',(0.1,0.,0.));
#6323=CARTESIAN_POINT('',(0.1,0.,0.));
#6324=CARTESIAN_POINT('',(0.1,0.,0.));
#6325=CARTESIAN_POINT('',(0.1,-0.0404955925535938,-0.0499876962876227));
#6326=CARTESIAN_POINT('',(0.1,-0.0403926554154231,-0.0499928108542936));
#6327=CARTESIAN_POINT('',(0.1,-0.0402895056315384,-0.0499963383502732));
#6328=CARTESIAN_POINT('',(0.1,-0.0345385995086694,-0.0419556209728163));
#6329=CARTESIAN_POINT('',(0.1,-0.0344520904364668,-0.0419485516555205));
#6330=CARTESIAN_POINT('',(0.1,-0.0343654060977394,-0.0419399456686103));
#6331=CARTESIAN_POINT('',(0.1,-0.0285816064637451,-0.0339235456580098));
#6332=CARTESIAN_POINT('',(0.1,-0.0285115254575104,-0.0339042924567475));
#6333=CARTESIAN_POINT('',(0.1,-0.0284413065639404,-0.0338835529869474));
#6334=CARTESIAN_POINT('',(0.1,-0.0115170288085937,-0.0157192993164063));
#6335=CARTESIAN_POINT('',(0.1,-0.0114844131469727,-0.0157445907592773));
#6336=CARTESIAN_POINT('',(0.1,-0.011451735496521,-0.0157697916030884));
#6337=CARTESIAN_POINT('',(0.1,-0.00575851440429687,-0.00785964965820313));
#6338=CARTESIAN_POINT('',(0.1,-0.00574220657348633,-0.00787229537963867));
#6339=CARTESIAN_POINT('',(0.1,-0.0057258677482605,-0.00788489580154419));
#6340=CARTESIAN_POINT('',(0.1,0.,0.));
#6341=CARTESIAN_POINT('',(0.1,0.,0.));
#6342=CARTESIAN_POINT('',(0.1,0.,0.));
#6343=CARTESIAN_POINT('',(0.1,-0.0401861770956674,-0.0499982647363199));
#6344=CARTESIAN_POINT('',(0.1,-0.040134512827732,-0.0499992279293432));
#6345=CARTESIAN_POINT('',(0.1,-0.0400828038718,-0.0499997908448833));
#6346=CARTESIAN_POINT('',(0.1,-0.0342785800770787,-0.0419297892008819));
#6347=CARTESIAN_POINT('',(0.1,-0.0342351670667484,-0.0419247109670177));
#6348=CARTESIAN_POINT('',(0.1,-0.0341917186359347,-0.0419192451129489));
#6349=CARTESIAN_POINT('',(0.1,-0.02837098305849,-0.0338613136654439));
#6350=CARTESIAN_POINT('',(0.1,-0.0283358213057648,-0.0338501940046921));
#6351=CARTESIAN_POINT('',(0.1,-0.0283006334000694,-0.0338386993810145));
#6352=CARTESIAN_POINT('',(0.1,-0.0114189964532852,-0.0157949012517929));
#6353=CARTESIAN_POINT('',(0.1,-0.0114026269316673,-0.0158074560761452));
#6354=CARTESIAN_POINT('',(0.1,-0.0113862420618534,-0.0158199881017208));
#6355=CARTESIAN_POINT('',(0.1,-0.00570949822664261,-0.00789745062589645));
#6356=CARTESIAN_POINT('',(0.1,-0.00570131346583366,-0.00790372803807259));
#6357=CARTESIAN_POINT('',(0.1,-0.0056931210309267,-0.0079099940508604));
#6358=CARTESIAN_POINT('',(0.1,0.,0.));
#6359=CARTESIAN_POINT('',(0.1,0.,0.));
#6360=CARTESIAN_POINT('',(0.1,0.,0.));
#6361=CARTESIAN_POINT('',(0.1,-0.0400310544645875,-0.0499999517280349));
#6362=CARTESIAN_POINT('',(0.1,-0.0400181171127843,-0.0499999919488228));
#6363=CARTESIAN_POINT('',(0.1,-0.0400065104166667,-0.05));
#6364=CARTESIAN_POINT('',(0.1,-0.034148238982361,-0.0419133899121532));
#6365=CARTESIAN_POINT('',(0.1,-0.0341373690689676,-0.0419119261119542));
#6366=CARTESIAN_POINT('',(0.1,-0.0341278303880422,-0.0419104309349984));
#6367=CARTESIAN_POINT('',(0.1,-0.0282654235001346,-0.0338268280962714));
#6368=CARTESIAN_POINT('',(0.1,-0.0282566210251509,-0.0338238602750856));
#6369=CARTESIAN_POINT('',(0.1,-0.0282491503594177,-0.0338208618699968));
#6370=CARTESIAN_POINT('',(0.1,-0.0113698419183493,-0.015832497254014));
#6371=CARTESIAN_POINT('',(0.1,-0.0113657418824732,-0.0158356245420873));
#6372=CARTESIAN_POINT('',(0.1,-0.0113616408919916,-0.0158387504005805));
#6373=CARTESIAN_POINT('',(0.1,-0.00568492095917463,-0.00791624862700701));
#6374=CARTESIAN_POINT('',(0.1,-0.00568287094123661,-0.00791781227104366));
#6375=CARTESIAN_POINT('',(0.1,-0.00568082044599578,-0.00791937520029023));
#6376=CARTESIAN_POINT('',(0.1,0.,0.));
#6377=CARTESIAN_POINT('',(0.1,0.,0.));
#6378=CARTESIAN_POINT('',(0.1,0.,0.));
#6379=CARTESIAN_POINT('',(0.1,-0.039990234375,-0.05));
#6380=CARTESIAN_POINT('',(0.1,-0.0399739583333333,-0.05));
#6381=CARTESIAN_POINT('',(0.1,-0.0399576822916667,-0.05));
#6382=CARTESIAN_POINT('',(0.1,-0.0341136229377526,-0.0419089285001544));
#6383=CARTESIAN_POINT('',(0.1,-0.0340994154874631,-0.0419074260653104));
#6384=CARTESIAN_POINT('',(0.1,-0.0340852086133584,-0.0419059244237554));
#6385=CARTESIAN_POINT('',(0.1,-0.0282370115005053,-0.0338178570003088));
#6386=CARTESIAN_POINT('',(0.1,-0.0282248726415928,-0.0338148521306208));
#6387=CARTESIAN_POINT('',(0.1,-0.0282127349350502,-0.0338118488475109));
#6388=CARTESIAN_POINT('',(0.1,-0.0113575389480684,-0.0158418748283293));
#6389=CARTESIAN_POINT('',(0.1,-0.0113534370041452,-0.0158449992560782));
#6390=CARTESIAN_POINT('',(0.1,-0.0113493341067806,-0.0158481222530827));
#6391=CARTESIAN_POINT('',(0.1,-0.0056787694740342,-0.00792093741416466));
#6392=CARTESIAN_POINT('',(0.1,-0.00567671850207262,-0.00792249962803908));
#6393=CARTESIAN_POINT('',(0.1,-0.0056746670533903,-0.00792406112654135));
#6394=CARTESIAN_POINT('',(0.1,0.,0.));
#6395=CARTESIAN_POINT('',(0.1,0.,0.));
#6396=CARTESIAN_POINT('',(0.1,0.,0.));
#6397=CARTESIAN_POINT('',(0.1,-0.03994140625,-0.05));
#6398=CARTESIAN_POINT('',(0.1,-0.0399088541666667,-0.05));
#6399=CARTESIAN_POINT('',(0.1,-0.0398763020833333,-0.05));
#6400=CARTESIAN_POINT('',(0.1,-0.0340710023147908,-0.0419044235759595));
#6401=CARTESIAN_POINT('',(0.1,-0.0340425897176556,-0.0419014218803676));
#6402=CARTESIAN_POINT('',(0.1,-0.0340141794226687,-0.041898423359812));
#6403=CARTESIAN_POINT('',(0.1,-0.0282005983795816,-0.033808847151919));
#6404=CARTESIAN_POINT('',(0.1,-0.0281763252686446,-0.0338028437607352));
#6405=CARTESIAN_POINT('',(0.1,-0.028152056762004,-0.033796846719624));
#6406=CARTESIAN_POINT('',(0.1,-0.0113452302571386,-0.0158512438181788));
#6407=CARTESIAN_POINT('',(0.1,-0.0113370225578547,-0.0158574869483709));
#6408=CARTESIAN_POINT('',(0.1,-0.0113288110494614,-0.0158637243509293));
#6409=CARTESIAN_POINT('',(0.1,-0.00567261512856931,-0.00792562190908939));
#6410=CARTESIAN_POINT('',(0.1,-0.00566851127892733,-0.00792874347418547));
#6411=CARTESIAN_POINT('',(0.1,-0.00566440552473068,-0.00793186217546463));
#6412=CARTESIAN_POINT('',(0.1,0.,0.));
#6413=CARTESIAN_POINT('',(0.1,0.,0.));
#6414=CARTESIAN_POINT('',(0.1,0.,0.));
#6415=CARTESIAN_POINT('',(0.1,-0.03984375,-0.05));
#6416=CARTESIAN_POINT('',(0.1,-0.0395833333333333,-0.05));
#6417=CARTESIAN_POINT('',(0.1,-0.0393229166666667,-0.05));
#6418=CARTESIAN_POINT('',(0.1,-0.0339857714254356,-0.0418954280174741));
#6419=CARTESIAN_POINT('',(0.1,-0.0337585074475714,-0.0418714652787707));
#6420=CARTESIAN_POINT('',(0.1,-0.0335313905259591,-0.0418477059460013));
#6421=CARTESIAN_POINT('',(0.1,-0.0281277928508713,-0.0337908560349481));
#6422=CARTESIAN_POINT('',(0.1,-0.0279336815618094,-0.0337429305575415));
#6423=CARTESIAN_POINT('',(0.1,-0.0277398643852516,-0.0336954118920026));
#6424=CARTESIAN_POINT('',(0.1,-0.011320595741272,-0.0158699560165405));
#6425=CARTESIAN_POINT('',(0.1,-0.0112548732757568,-0.0159198093414307));
#6426=CARTESIAN_POINT('',(0.1,-0.011188907623291,-0.015969295501709));
#6427=CARTESIAN_POINT('',(0.1,-0.00566029787063599,-0.00793497800827027));
#6428=CARTESIAN_POINT('',(0.1,-0.00562743663787842,-0.00795990467071533));
#6429=CARTESIAN_POINT('',(0.1,-0.00559445381164551,-0.00798464775085449));
#6430=CARTESIAN_POINT('',(0.1,0.,0.));
#6431=CARTESIAN_POINT('',(0.1,0.,0.));
#6432=CARTESIAN_POINT('',(0.1,0.,0.));
#6433=CARTESIAN_POINT('',(0.1,-0.0390625,-0.05));
#6434=CARTESIAN_POINT('',(0.1,-0.0385416666666667,-0.05));
#6435=CARTESIAN_POINT('',(0.1,-0.0380208333333333,-0.05));
#6436=CARTESIAN_POINT('',(0.1,-0.0333044180858214,-0.0418241518684841));
#6437=CARTESIAN_POINT('',(0.1,-0.032850473205546,-0.0417770437134497));
#6438=CARTESIAN_POINT('',(0.1,-0.0323971062511689,-0.0417307565794242));
#6439=CARTESIAN_POINT('',(0.1,-0.0275463361716428,-0.0336483037369682));
#6440=CARTESIAN_POINT('',(0.1,-0.0271592797444254,-0.0335540874268994));
#6441=CARTESIAN_POINT('',(0.1,-0.0267733791690045,-0.0334615131588485));
#6442=CARTESIAN_POINT('',(0.1,-0.0111227035522461,-0.0160184097290039));
#6443=CARTESIAN_POINT('',(0.1,-0.0109902954101563,-0.0161166381835938));
#6444=CARTESIAN_POINT('',(0.1,-0.01085693359375,-0.01621337890625));
#6445=CARTESIAN_POINT('',(0.1,-0.00556135177612305,-0.00800920486450196));
#6446=CARTESIAN_POINT('',(0.1,-0.00549514770507813,-0.00805831909179688));
#6447=CARTESIAN_POINT('',(0.1,-0.005428466796875,-0.008106689453125));
#6448=CARTESIAN_POINT('',(0.1,0.,0.));
#6449=CARTESIAN_POINT('',(0.1,0.,0.));
#6450=CARTESIAN_POINT('',(0.1,0.,0.));
#6451=CARTESIAN_POINT('',(0.1,-0.0375,-0.05));
#6452=CARTESIAN_POINT('',(0.1,-0.0333333333333333,-0.05));
#6453=CARTESIAN_POINT('',(0.1,-0.0291666666666667,-0.05));
#6454=CARTESIAN_POINT('',(0.1,-0.031944297669804,-0.0416853038769745));
#6455=CARTESIAN_POINT('',(0.1,-0.0283218290188844,-0.0413216822573767));
#6456=CARTESIAN_POINT('',(0.1,-0.0247350962407415,-0.0410114642586242));
#6457=CARTESIAN_POINT('',(0.1,-0.026388595339608,-0.033370607753949));
#6458=CARTESIAN_POINT('',(0.1,-0.0233103247044354,-0.0326433645147534));
#6459=CARTESIAN_POINT('',(0.1,-0.0203035258148164,-0.0320229285172483));
#6460=CARTESIAN_POINT('',(0.1,-0.01072265625,-0.01630859375));
#6461=CARTESIAN_POINT('',(0.1,-0.0096484375,-0.0170703125));
#6462=CARTESIAN_POINT('',(0.1,-0.008515625,-0.017734375));
#6463=CARTESIAN_POINT('',(0.1,-0.005361328125,-0.008154296875));
#6464=CARTESIAN_POINT('',(0.1,-0.00482421875,-0.00853515625));
#6465=CARTESIAN_POINT('',(0.1,-0.0042578125,-0.0088671875));
#6466=CARTESIAN_POINT('',(0.1,0.,0.));
#6467=CARTESIAN_POINT('',(0.1,0.,0.));
#6468=CARTESIAN_POINT('',(0.1,0.,0.));
#6469=CARTESIAN_POINT('',(0.1,-0.025,-0.05));
#6470=CARTESIAN_POINT('',(0.1,-0.0166666666666667,-0.05));
#6471=CARTESIAN_POINT('',(0.1,-0.00833333333333333,-0.05));
#6472=CARTESIAN_POINT('',(0.1,-7.70371977754894E-35,-0.05));
#6473=CARTESIAN_POINT('',(0.1,-0.0211731656763492,-0.040761204674887));
#6474=CARTESIAN_POINT('',(0.1,-0.0140493045475647,-0.0402606855074127));
#6475=CARTESIAN_POINT('',(0.1,-0.00702465227378244,-0.0399999999999999));
#6476=CARTESIAN_POINT('',(0.1,-6.12323399573677E-19,-0.04));
#6477=CARTESIAN_POINT('',(0.1,-0.0173463313526985,-0.031522409349774));
#6478=CARTESIAN_POINT('',(0.1,-0.0114319424284627,-0.0305213710148254));
#6479=CARTESIAN_POINT('',(0.1,-0.00571597121423155,-0.0299999999999997));
#6480=CARTESIAN_POINT('',(0.1,-1.22464679914735E-18,-0.03));
#6481=CARTESIAN_POINT('',(0.1,-0.00734375,-0.01828125));
#6482=CARTESIAN_POINT('',(0.1,-0.005,-0.019375));
#6483=CARTESIAN_POINT('',(0.1,-0.0025,-0.02));
#6484=CARTESIAN_POINT('',(0.1,-2.08166817117217E-18,-0.02));
#6485=CARTESIAN_POINT('',(0.1,-0.003671875,-0.009140625));
#6486=CARTESIAN_POINT('',(0.1,-0.0025,-0.0096875));
#6487=CARTESIAN_POINT('',(0.1,-0.00125,-0.01));
#6488=CARTESIAN_POINT('',(0.1,-1.04083408558608E-18,-0.01));
#6489=CARTESIAN_POINT('',(0.1,0.,0.));
#6490=CARTESIAN_POINT('',(0.1,0.,0.));
#6491=CARTESIAN_POINT('',(0.1,0.,0.));
#6492=CARTESIAN_POINT('',(0.1,0.,0.));
#6493=B_SPLINE_SURFACE_WITH_KNOTS('Surf_QONVFZOQQQ, Nose, 0, 6',5,3,((#6494, #6495, #6496, #6512, #6513, #6514, #6530, #6531, #6532, #6548, #6549, #6550, #6566, #6567, #6568, #6584, #6585, #6586, #6602, #6603, #6604, #6620, #6621, #6622, #6638, #6639, #6640, #6656, #6657, #6658, #6674, #6675, #6676, #6692, #6693, #6694, #6710, #6711, #6712, #6728, #6729, #6730, #6746, #6747, #6748, #6764, #6765, #6766, #6782, #6783, #6784, #6800, #6801, #6802, #6818, #6819, #6820, #6836, #6837, #6838, #6854, #6855, #6856, #6872, #6873, #6874, #6875),(#6497, #6498, #6499, #6515, #6516, #6517, #6533, #6534, #6535, #6551, #6552, #6553, #6569, #6570, #6571, #6587, #6588, #6589, #6605, #6606, #6607, #6623, #6624, #6625, #6641, #6642, #6643, #6659, #6660, #6661, #6677, #6678, #6679, #6695, #6696, #6697, #6713, #6714, #6715, #6731, #6732, #6733, #6749, #6750, #6751, #6767, #6768, #6769, #6785, #6786, #6787, #6803, #6804, #6805, #6821, #6822, #6823, #6839, #6840, #6841, #6857, #6858, #6859, #6876, #6877, #6878, #6879),(#6500, #6501, #6502, #6518, #6519, #6520, #6536, #6537, #6538, #6554, #6555, #6556, #6572, #6573, #6574, #6590, #6591, #6592, #6608, #6609, #6610, #6626, #6627, #6628, #6644, #6645, #6646, #6662, #6663, #6664, #6680, #6681, #6682, #6698, #6699, #6700, #6716, #6717, #6718, #6734, #6735, #6736, #6752, #6753, #6754, #6770, #6771, #6772, #6788, #6789, #6790, #6806, #6807, #6808, #6824, #6825, #6826, #6842, #6843, #6844, #6860, #6861, #6862, #6880, #6881, #6882, #6883),(#6503, #6504, #6505, #6521, #6522, #6523, #6539, #6540, #6541, #6557, #6558, #6559, #6575, #6576, #6577, #6593, #6594, #6595, #6611, #6612, #6613, #6629, #6630, #6631, #6647, #6648, #6649, #6665, #6666, #6667, #6683, #6684, #6685, #6701, #6702, #6703, #6719, #6720, #6721, #6737, #6738, #6739, #6755, #6756, #6757, #6773, #6774, #6775, #6791, #6792, #6793, #6809, #6810, #6811, #6827, #6828, #6829, #6845, #6846, #6847, #6863, #6864, #6865, #6884, #6885, #6886, #6887),(#6506, #6507, #6508, #6524, #6525, #6526, #6542, #6543, #6544, #6560, #6561, #6562, #6578, #6579, #6580, #6596, #6597, #6598, #6614, #6615, #6616, #6632, #6633, #6634, #6650, #6651, #6652, #6668, #6669, #6670, #6686, #6687, #6688, #6704, #6705, #6706, #6722, #6723, #6724, #6740, #6741, #6742, #6758, #6759, #6760, #6776, #6777, #6778, #6794, #6795, #6796, #6812, #6813, #6814, #6830, #6831, #6832, #6848, #6849, #6850, #6866, #6867, #6868, #6888, #6889, #6890, #6891),(#6509, #6510, #6511, #6527, #6528, #6529, #6545, #6546, #6547, #6563, #6564, #6565, #6581, #6582, #6583, #6599, #6600, #6601, #6617, #6618, #6619, #6635, #6636, #6637, #6653, #6654, #6655, #6671, #6672, #6673, #6689, #6690, #6691, #6707, #6708, #6709, #6725, #6726, #6727, #6743, #6744, #6745, #6761, #6762, #6763, #6779, #6780, #6781, #6797, #6798, #6799, #6815, #6816, #6817, #6833, #6834, #6835, #6851, #6852, #6853, #6869, #6870, #6871, #6892, #6893, #6894, #6895)),.UNSPECIFIED.,.F.,.F.,.F.,(6,6),(4,3,3,3,3,3,3,3,3,3,3,3,3,3,3,3,3,3,3,3,3,3,4),(0.,1.),(0.,1.,2.,3.,4.,5.,6.,7.,8.,9.,10.,11.,12.,13.,14.,15.,16.,17.,18.,19.,20.,21.,22.),.PIECEWISE_BEZIER_KNOTS.);
#6494=CARTESIAN_POINT('',(0.1,0.,0.05));
#6495=CARTESIAN_POINT('',(0.1,-0.00833333333333333,0.05));
#6496=CARTESIAN_POINT('',(0.1,-0.0166666666666667,0.05));
#6497=CARTESIAN_POINT('',(0.1,1.83697019872103E-18,0.04));
#6498=CARTESIAN_POINT('',(0.1,-0.00702465227378231,0.0400000000000002));
#6499=CARTESIAN_POINT('',(0.1,-0.014049304547565,0.0402606855074132));
#6500=CARTESIAN_POINT('',(0.1,3.67394039744206E-18,0.03));
#6501=CARTESIAN_POINT('',(0.1,-0.00571597121423128,0.0300000000000005));
#6502=CARTESIAN_POINT('',(0.1,-0.0114319424284633,0.0305213710148264));
#6503=CARTESIAN_POINT('',(0.1,-2.77555756156289E-18,0.02));
#6504=CARTESIAN_POINT('',(0.1,-0.0025,0.02));
#6505=CARTESIAN_POINT('',(0.1,-0.005,0.019375));
#6506=CARTESIAN_POINT('',(0.1,-1.38777878078145E-18,0.01));
#6507=CARTESIAN_POINT('',(0.1,-0.00125,0.01));
#6508=CARTESIAN_POINT('',(0.1,-0.0025,0.0096875));
#6509=CARTESIAN_POINT('',(0.1,0.,0.));
#6510=CARTESIAN_POINT('',(0.1,0.,0.));
#6511=CARTESIAN_POINT('',(0.1,0.,0.));
#6512=CARTESIAN_POINT('',(0.1,-0.025,0.05));
#6513=CARTESIAN_POINT('',(0.1,-0.0291666666666667,0.05));
#6514=CARTESIAN_POINT('',(0.1,-0.0333333333333333,0.05));
#6515=CARTESIAN_POINT('',(0.1,-0.0211731656763491,0.0407612046748871));
#6516=CARTESIAN_POINT('',(0.1,-0.0247350962407411,0.0410114642586241));
#6517=CARTESIAN_POINT('',(0.1,-0.0283218290188836,0.0413216822573763));
#6518=CARTESIAN_POINT('',(0.1,-0.0173463313526982,0.0315224093497743));
#6519=CARTESIAN_POINT('',(0.1,-0.0203035258148156,0.0320229285172482));
#6520=CARTESIAN_POINT('',(0.1,-0.0233103247044338,0.0326433645147527));
#6521=CARTESIAN_POINT('',(0.1,-0.00734375,0.01828125));
#6522=CARTESIAN_POINT('',(0.1,-0.008515625,0.017734375));
#6523=CARTESIAN_POINT('',(0.1,-0.0096484375,0.0170703125));
#6524=CARTESIAN_POINT('',(0.1,-0.003671875,0.009140625));
#6525=CARTESIAN_POINT('',(0.1,-0.0042578125,0.0088671875));
#6526=CARTESIAN_POINT('',(0.1,-0.00482421875,0.00853515625));
#6527=CARTESIAN_POINT('',(0.1,0.,0.));
#6528=CARTESIAN_POINT('',(0.1,0.,0.));
#6529=CARTESIAN_POINT('',(0.1,0.,0.));
#6530=CARTESIAN_POINT('',(0.1,-0.0375,0.05));
#6531=CARTESIAN_POINT('',(0.1,-0.0380208333333333,0.05));
#6532=CARTESIAN_POINT('',(0.1,-0.0385416666666667,0.05));
#6533=CARTESIAN_POINT('',(0.1,-0.031944297669804,0.0416853038769745));
#6534=CARTESIAN_POINT('',(0.1,-0.032397106251169,0.0417307565794243));
#6535=CARTESIAN_POINT('',(0.1,-0.0328504732055462,0.0417770437134498));
#6536=CARTESIAN_POINT('',(0.1,-0.026388595339608,0.0333706077539491));
#6537=CARTESIAN_POINT('',(0.1,-0.0267733791690047,0.0334615131588486));
#6538=CARTESIAN_POINT('',(0.1,-0.0271592797444258,0.0335540874268996));
#6539=CARTESIAN_POINT('',(0.1,-0.01072265625,0.01630859375));
#6540=CARTESIAN_POINT('',(0.1,-0.01085693359375,0.01621337890625));
#6541=CARTESIAN_POINT('',(0.1,-0.0109902954101563,0.0161166381835937));
#6542=CARTESIAN_POINT('',(0.1,-0.005361328125,0.008154296875));
#6543=CARTESIAN_POINT('',(0.1,-0.005428466796875,0.008106689453125));
#6544=CARTESIAN_POINT('',(0.1,-0.00549514770507813,0.00805831909179687));
#6545=CARTESIAN_POINT('',(0.1,0.,0.));
#6546=CARTESIAN_POINT('',(0.1,0.,0.));
#6547=CARTESIAN_POINT('',(0.1,0.,0.));
#6548=CARTESIAN_POINT('',(0.1,-0.0390625,0.05));
#6549=CARTESIAN_POINT('',(0.1,-0.0393229166666667,0.05));
#6550=CARTESIAN_POINT('',(0.1,-0.0395833333333333,0.05));
#6551=CARTESIAN_POINT('',(0.1,-0.0333044180858215,0.0418241518684842));
#6552=CARTESIAN_POINT('',(0.1,-0.0335313905259592,0.0418477059460013));
#6553=CARTESIAN_POINT('',(0.1,-0.0337585074475714,0.0418714652787707));
#6554=CARTESIAN_POINT('',(0.1,-0.0275463361716431,0.0336483037369683));
#6555=CARTESIAN_POINT('',(0.1,-0.0277398643852517,0.0336954118920027));
#6556=CARTESIAN_POINT('',(0.1,-0.0279336815618094,0.0337429305575414));
#6557=CARTESIAN_POINT('',(0.1,-0.0111227035522461,0.0160184097290039));
#6558=CARTESIAN_POINT('',(0.1,-0.011188907623291,0.015969295501709));
#6559=CARTESIAN_POINT('',(0.1,-0.0112548732757568,0.0159198093414307));
#6560=CARTESIAN_POINT('',(0.1,-0.00556135177612305,0.00800920486450195));
#6561=CARTESIAN_POINT('',(0.1,-0.00559445381164551,0.00798464775085449));
#6562=CARTESIAN_POINT('',(0.1,-0.00562743663787842,0.00795990467071533));
#6563=CARTESIAN_POINT('',(0.1,0.,0.));
#6564=CARTESIAN_POINT('',(0.1,0.,0.));
#6565=CARTESIAN_POINT('',(0.1,0.,0.));
#6566=CARTESIAN_POINT('',(0.1,-0.03984375,0.05));
#6567=CARTESIAN_POINT('',(0.1,-0.0398763020833333,0.05));
#6568=CARTESIAN_POINT('',(0.1,-0.0399088541666667,0.05));
#6569=CARTESIAN_POINT('',(0.1,-0.0339857714254356,0.0418954280174741));
#6570=CARTESIAN_POINT('',(0.1,-0.0340141794226686,0.041898423359812));
#6571=CARTESIAN_POINT('',(0.1,-0.0340425897176556,0.0419014218803676));
#6572=CARTESIAN_POINT('',(0.1,-0.0281277928508712,0.0337908560349481));
#6573=CARTESIAN_POINT('',(0.1,-0.028152056762004,0.0337968467196239));
#6574=CARTESIAN_POINT('',(0.1,-0.0281763252686445,0.0338028437607352));
#6575=CARTESIAN_POINT('',(0.1,-0.011320595741272,0.0158699560165405));
#6576=CARTESIAN_POINT('',(0.1,-0.0113288110494614,0.0158637243509293));
#6577=CARTESIAN_POINT('',(0.1,-0.0113370225578547,0.0158574869483709));
#6578=CARTESIAN_POINT('',(0.1,-0.00566029787063599,0.00793497800827026));
#6579=CARTESIAN_POINT('',(0.1,-0.00566440552473069,0.00793186217546463));
#6580=CARTESIAN_POINT('',(0.1,-0.00566851127892733,0.00792874347418547));
#6581=CARTESIAN_POINT('',(0.1,0.,0.));
#6582=CARTESIAN_POINT('',(0.1,0.,0.));
#6583=CARTESIAN_POINT('',(0.1,0.,0.));
#6584=CARTESIAN_POINT('',(0.1,-0.03994140625,0.05));
#6585=CARTESIAN_POINT('',(0.1,-0.0399576822916667,0.05));
#6586=CARTESIAN_POINT('',(0.1,-0.0399739583333333,0.05));
#6587=CARTESIAN_POINT('',(0.1,-0.0340710023147908,0.0419044235759595));
#6588=CARTESIAN_POINT('',(0.1,-0.0340852086133584,0.0419059244237554));
#6589=CARTESIAN_POINT('',(0.1,-0.0340994154874631,0.0419074260653104));
#6590=CARTESIAN_POINT('',(0.1,-0.0282005983795816,0.033808847151919));
#6591=CARTESIAN_POINT('',(0.1,-0.0282127349350502,0.0338118488475109));
#6592=CARTESIAN_POINT('',(0.1,-0.0282248726415928,0.0338148521306209));
#6593=CARTESIAN_POINT('',(0.1,-0.0113452302571386,0.0158512438181788));
#6594=CARTESIAN_POINT('',(0.1,-0.0113493341067806,0.0158481222530827));
#6595=CARTESIAN_POINT('',(0.1,-0.0113534370041452,0.0158449992560782));
#6596=CARTESIAN_POINT('',(0.1,-0.00567261512856931,0.00792562190908938));
#6597=CARTESIAN_POINT('',(0.1,-0.0056746670533903,0.00792406112654134));
#6598=CARTESIAN_POINT('',(0.1,-0.00567671850207262,0.00792249962803908));
#6599=CARTESIAN_POINT('',(0.1,0.,0.));
#6600=CARTESIAN_POINT('',(0.1,0.,0.));
#6601=CARTESIAN_POINT('',(0.1,0.,0.));
#6602=CARTESIAN_POINT('',(0.1,-0.039990234375,0.05));
#6603=CARTESIAN_POINT('',(0.1,-0.0400065104166667,0.05));
#6604=CARTESIAN_POINT('',(0.1,-0.0400181171127843,0.0499999919488228));
#6605=CARTESIAN_POINT('',(0.1,-0.0341136229377526,0.0419089285001544));
#6606=CARTESIAN_POINT('',(0.1,-0.0341278303880422,0.0419104309349984));
#6607=CARTESIAN_POINT('',(0.1,-0.0341373690689676,0.0419119261119542));
#6608=CARTESIAN_POINT('',(0.1,-0.0282370115005053,0.0338178570003088));
#6609=CARTESIAN_POINT('',(0.1,-0.0282491503594177,0.0338208618699968));
#6610=CARTESIAN_POINT('',(0.1,-0.0282566210251508,0.0338238602750856));
#6611=CARTESIAN_POINT('',(0.1,-0.0113575389480684,0.0158418748283293));
#6612=CARTESIAN_POINT('',(0.1,-0.0113616408919916,0.0158387504005805));
#6613=CARTESIAN_POINT('',(0.1,-0.0113657418824732,0.0158356245420873));
#6614=CARTESIAN_POINT('',(0.1,-0.0056787694740342,0.00792093741416465));
#6615=CARTESIAN_POINT('',(0.1,-0.00568082044599578,0.00791937520029023));
#6616=CARTESIAN_POINT('',(0.1,-0.00568287094123662,0.00791781227104366));
#6617=CARTESIAN_POINT('',(0.1,0.,0.));
#6618=CARTESIAN_POINT('',(0.1,0.,0.));
#6619=CARTESIAN_POINT('',(0.1,0.,0.));
#6620=CARTESIAN_POINT('',(0.1,-0.0400310544645875,0.0499999517280349));
#6621=CARTESIAN_POINT('',(0.1,-0.0400828038718,0.0499997908448833));
#6622=CARTESIAN_POINT('',(0.1,-0.040134512827732,0.0499992279293432));
#6623=CARTESIAN_POINT('',(0.1,-0.034148238982361,0.0419133899121532));
#6624=CARTESIAN_POINT('',(0.1,-0.0341917186359347,0.0419192451129489));
#6625=CARTESIAN_POINT('',(0.1,-0.0342351670667484,0.0419247109670177));
#6626=CARTESIAN_POINT('',(0.1,-0.0282654235001345,0.0338268280962714));
#6627=CARTESIAN_POINT('',(0.1,-0.0283006334000693,0.0338386993810145));
#6628=CARTESIAN_POINT('',(0.1,-0.0283358213057648,0.0338501940046921));
#6629=CARTESIAN_POINT('',(0.1,-0.0113698419183493,0.015832497254014));
#6630=CARTESIAN_POINT('',(0.1,-0.0113862420618534,0.0158199881017208));
#6631=CARTESIAN_POINT('',(0.1,-0.0114026269316673,0.0158074560761452));
#6632=CARTESIAN_POINT('',(0.1,-0.00568492095917464,0.00791624862700701));
#6633=CARTESIAN_POINT('',(0.1,-0.00569312103092671,0.0079099940508604));
#6634=CARTESIAN_POINT('',(0.1,-0.00570131346583367,0.00790372803807258));
#6635=CARTESIAN_POINT('',(0.1,0.,0.));
#6636=CARTESIAN_POINT('',(0.1,0.,0.));
#6637=CARTESIAN_POINT('',(0.1,0.,0.));
#6638=CARTESIAN_POINT('',(0.1,-0.0401861770956674,0.0499982647363199));
#6639=CARTESIAN_POINT('',(0.1,-0.0402895056315384,0.0499963383502732));
#6640=CARTESIAN_POINT('',(0.1,-0.0403926554154231,0.0499928108542936));
#6641=CARTESIAN_POINT('',(0.1,-0.0342785800770787,0.0419297892008819));
#6642=CARTESIAN_POINT('',(0.1,-0.0343654060977394,0.0419399456686103));
#6643=CARTESIAN_POINT('',(0.1,-0.0344520904364668,0.0419485516555205));
#6644=CARTESIAN_POINT('',(0.1,-0.02837098305849,0.0338613136654438));
#6645=CARTESIAN_POINT('',(0.1,-0.0284413065639405,0.0338835529869473));
#6646=CARTESIAN_POINT('',(0.1,-0.0285115254575105,0.0339042924567474));
#6647=CARTESIAN_POINT('',(0.1,-0.0114189964532852,0.0157949012517929));
#6648=CARTESIAN_POINT('',(0.1,-0.011451735496521,0.0157697916030884));
#6649=CARTESIAN_POINT('',(0.1,-0.0114844131469727,0.0157445907592773));
#6650=CARTESIAN_POINT('',(0.1,-0.00570949822664261,0.00789745062589645));
#6651=CARTESIAN_POINT('',(0.1,-0.0057258677482605,0.00788489580154419));
#6652=CARTESIAN_POINT('',(0.1,-0.00574220657348633,0.00787229537963867));
#6653=CARTESIAN_POINT('',(0.1,0.,0.));
#6654=CARTESIAN_POINT('',(0.1,0.,0.));
#6655=CARTESIAN_POINT('',(0.1,0.,0.));
#6656=CARTESIAN_POINT('',(0.1,-0.0404955925535938,0.0499876962876227));
#6657=CARTESIAN_POINT('',(0.1,-0.0413190896589588,0.0499467797542559));
#6658=CARTESIAN_POINT('',(0.1,-0.0421289774386181,0.0498042906966531));
#6659=CARTESIAN_POINT('',(0.1,-0.0345385995086694,0.0419556209728162));
#6660=CARTESIAN_POINT('',(0.1,-0.0352306720862906,0.0420121755111823));
#6661=CARTESIAN_POINT('',(0.1,-0.03591152760633,0.0419703831942238));
#6662=CARTESIAN_POINT('',(0.1,-0.0285816064637451,0.0339235456580098));
#6663=CARTESIAN_POINT('',(0.1,-0.0291422545136224,0.0340775712681087));
#6664=CARTESIAN_POINT('',(0.1,-0.0296940777740419,0.0341364756917945));
#6665=CARTESIAN_POINT('',(0.1,-0.0115170288085938,0.0157192993164062));
#6666=CARTESIAN_POINT('',(0.1,-0.0117779541015625,0.0155169677734375));
#6667=CARTESIAN_POINT('',(0.1,-0.012034912109375,0.015308837890625));
#6668=CARTESIAN_POINT('',(0.1,-0.00575851440429688,0.00785964965820312));
#6669=CARTESIAN_POINT('',(0.1,-0.00588897705078125,0.00775848388671875));
#6670=CARTESIAN_POINT('',(0.1,-0.0060174560546875,0.0076544189453125));
#6671=CARTESIAN_POINT('',(0.1,0.,0.));
#6672=CARTESIAN_POINT('',(0.1,0.,0.));
#6673=CARTESIAN_POINT('',(0.1,0.,0.));
#6674=CARTESIAN_POINT('',(0.1,-0.0429079023038325,0.049567417206626));
#6675=CARTESIAN_POINT('',(0.1,-0.0444657520342612,0.0490936702265719));
#6676=CARTESIAN_POINT('',(0.1,-0.0458997501069103,0.0482423855168207));
#6677=CARTESIAN_POINT('',(0.1,-0.0365639694621961,0.0418373126729988));
#6678=CARTESIAN_POINT('',(0.1,-0.0378688531739284,0.0415711716305488));
#6679=CARTESIAN_POINT('',(0.1,-0.0390600822289674,0.0409399177710327));
#6680=CARTESIAN_POINT('',(0.1,-0.0302200366205598,0.0341072081393716));
#6681=CARTESIAN_POINT('',(0.1,-0.0312719543135956,0.0340486730345257));
#6682=CARTESIAN_POINT('',(0.1,-0.0322204143510246,0.0336374500252447));
#6683=CARTESIAN_POINT('',(0.1,-0.01228759765625,0.01509521484375));
#6684=CARTESIAN_POINT('',(0.1,-0.01279296875,0.01466796875));
#6685=CARTESIAN_POINT('',(0.1,-0.01328125,0.01421875));
#6686=CARTESIAN_POINT('',(0.1,-0.006143798828125,0.007547607421875));
#6687=CARTESIAN_POINT('',(0.1,-0.006396484375,0.007333984375));
#6688=CARTESIAN_POINT('',(0.1,-0.006640625,0.007109375));
#6689=CARTESIAN_POINT('',(0.1,0.,0.));
#6690=CARTESIAN_POINT('',(0.1,0.,0.));
#6691=CARTESIAN_POINT('',(0.1,0.,0.));
#6692=CARTESIAN_POINT('',(0.1,-0.0470710678118655,0.0470710678118655));
#6693=CARTESIAN_POINT('',(0.1,-0.0482423855168207,0.0458997501069103));
#6694=CARTESIAN_POINT('',(0.1,-0.0490936702265719,0.0444657520342612));
#6695=CARTESIAN_POINT('',(0.1,-0.04,0.04));
#6696=CARTESIAN_POINT('',(0.1,-0.0409399177710326,0.0390600822289673));
#6697=CARTESIAN_POINT('',(0.1,-0.0415711716305486,0.0378688531739282));
#6698=CARTESIAN_POINT('',(0.1,-0.0329289321881345,0.0329289321881345));
#6699=CARTESIAN_POINT('',(0.1,-0.0336374500252445,0.0322204143510243));
#6700=CARTESIAN_POINT('',(0.1,-0.0340486730345252,0.0312719543135951));
#6701=CARTESIAN_POINT('',(0.1,-0.01375,0.01375));
#6702=CARTESIAN_POINT('',(0.1,-0.01421875,0.01328125));
#6703=CARTESIAN_POINT('',(0.1,-0.01466796875,0.01279296875));
#6704=CARTESIAN_POINT('',(0.1,-0.006875,0.006875));
#6705=CARTESIAN_POINT('',(0.1,-0.007109375,0.006640625));
#6706=CARTESIAN_POINT('',(0.1,-0.007333984375,0.006396484375));
#6707=CARTESIAN_POINT('',(0.1,0.,0.));
#6708=CARTESIAN_POINT('',(0.1,0.,0.));
#6709=CARTESIAN_POINT('',(0.1,0.,0.));
#6710=CARTESIAN_POINT('',(0.1,-0.049567417206626,0.0429079023038325));
#6711=CARTESIAN_POINT('',(0.1,-0.0498042906966531,0.0421289774386181));
#6712=CARTESIAN_POINT('',(0.1,-0.0499467797542559,0.0413190896589588));
#6713=CARTESIAN_POINT('',(0.1,-0.0418373126729987,0.036563969462196));
#6714=CARTESIAN_POINT('',(0.1,-0.0419703831942237,0.0359115276063299));
#6715=CARTESIAN_POINT('',(0.1,-0.0420121755111823,0.0352306720862906));
#6716=CARTESIAN_POINT('',(0.1,-0.0341072081393713,0.0302200366205596));
#6717=CARTESIAN_POINT('',(0.1,-0.0341364756917944,0.0296940777740418));
#6718=CARTESIAN_POINT('',(0.1,-0.0340775712681088,0.0291422545136225));
#6719=CARTESIAN_POINT('',(0.1,-0.01509521484375,0.01228759765625));
#6720=CARTESIAN_POINT('',(0.1,-0.015308837890625,0.012034912109375));
#6721=CARTESIAN_POINT('',(0.1,-0.0155169677734375,0.0117779541015625));
#6722=CARTESIAN_POINT('',(0.1,-0.007547607421875,0.006143798828125));
#6723=CARTESIAN_POINT('',(0.1,-0.0076544189453125,0.0060174560546875));
#6724=CARTESIAN_POINT('',(0.1,-0.00775848388671875,0.00588897705078125));
#6725=CARTESIAN_POINT('',(0.1,0.,0.));
#6726=CARTESIAN_POINT('',(0.1,0.,0.));
#6727=CARTESIAN_POINT('',(0.1,0.,0.));
#6728=CARTESIAN_POINT('',(0.1,-0.0499876962876227,0.0404955925535938));
#6729=CARTESIAN_POINT('',(0.1,-0.0499928108542936,0.0403926554154231));
#6730=CARTESIAN_POINT('',(0.1,-0.0499963383502732,0.0402895056315384));
#6731=CARTESIAN_POINT('',(0.1,-0.0419556209728163,0.0345385995086694));
#6732=CARTESIAN_POINT('',(0.1,-0.0419485516555205,0.0344520904364668));
#6733=CARTESIAN_POINT('',(0.1,-0.0419399456686103,0.0343654060977394));
#6734=CARTESIAN_POINT('',(0.1,-0.0339235456580098,0.0285816064637451));
#6735=CARTESIAN_POINT('',(0.1,-0.0339042924567474,0.0285115254575104));
#6736=CARTESIAN_POINT('',(0.1,-0.0338835529869474,0.0284413065639405));
#6737=CARTESIAN_POINT('',(0.1,-0.0157192993164063,0.0115170288085937));
#6738=CARTESIAN_POINT('',(0.1,-0.0157445907592773,0.0114844131469726));
#6739=CARTESIAN_POINT('',(0.1,-0.0157697916030884,0.011451735496521));
#6740=CARTESIAN_POINT('',(0.1,-0.00785964965820313,0.00575851440429687));
#6741=CARTESIAN_POINT('',(0.1,-0.00787229537963867,0.00574220657348632));
#6742=CARTESIAN_POINT('',(0.1,-0.00788489580154419,0.00572586774826049));
#6743=CARTESIAN_POINT('',(0.1,0.,0.));
#6744=CARTESIAN_POINT('',(0.1,0.,0.));
#6745=CARTESIAN_POINT('',(0.1,0.,0.));
#6746=CARTESIAN_POINT('',(0.1,-0.0499982647363199,0.0401861770956674));
#6747=CARTESIAN_POINT('',(0.1,-0.0499992279293432,0.040134512827732));
#6748=CARTESIAN_POINT('',(0.1,-0.0499997908448833,0.0400828038718));
#6749=CARTESIAN_POINT('',(0.1,-0.0419297892008819,0.0342785800770787));
#6750=CARTESIAN_POINT('',(0.1,-0.0419247109670177,0.0342351670667483));
#6751=CARTESIAN_POINT('',(0.1,-0.0419192451129489,0.0341917186359346));
#6752=CARTESIAN_POINT('',(0.1,-0.0338613136654439,0.02837098305849));
#6753=CARTESIAN_POINT('',(0.1,-0.0338501940046922,0.0283358213057647));
#6754=CARTESIAN_POINT('',(0.1,-0.0338386993810146,0.0283006334000693));
#6755=CARTESIAN_POINT('',(0.1,-0.0157949012517929,0.0114189964532852));
#6756=CARTESIAN_POINT('',(0.1,-0.0158074560761452,0.0114026269316673));
#6757=CARTESIAN_POINT('',(0.1,-0.0158199881017208,0.0113862420618534));
#6758=CARTESIAN_POINT('',(0.1,-0.00789745062589645,0.00570949822664261));
#6759=CARTESIAN_POINT('',(0.1,-0.00790372803807259,0.00570131346583366));
#6760=CARTESIAN_POINT('',(0.1,-0.0079099940508604,0.0056931210309267));
#6761=CARTESIAN_POINT('',(0.1,0.,0.));
#6762=CARTESIAN_POINT('',(0.1,0.,0.));
#6763=CARTESIAN_POINT('',(0.1,0.,0.));
#6764=CARTESIAN_POINT('',(0.1,-0.0499999517280349,0.0400310544645875));
#6765=CARTESIAN_POINT('',(0.1,-0.0499999919488228,0.0400181171127843));
#6766=CARTESIAN_POINT('',(0.1,-0.05,0.0400065104166667));
#6767=CARTESIAN_POINT('',(0.1,-0.0419133899121532,0.034148238982361));
#6768=CARTESIAN_POINT('',(0.1,-0.0419119261119542,0.0341373690689676));
#6769=CARTESIAN_POINT('',(0.1,-0.0419104309349984,0.0341278303880422));
#6770=CARTESIAN_POINT('',(0.1,-0.0338268280962714,0.0282654235001345));
#6771=CARTESIAN_POINT('',(0.1,-0.0338238602750856,0.0282566210251508));
#6772=CARTESIAN_POINT('',(0.1,-0.0338208618699968,0.0282491503594177));
#6773=CARTESIAN_POINT('',(0.1,-0.015832497254014,0.0113698419183493));
#6774=CARTESIAN_POINT('',(0.1,-0.0158356245420873,0.0113657418824732));
#6775=CARTESIAN_POINT('',(0.1,-0.0158387504005805,0.0113616408919916));
#6776=CARTESIAN_POINT('',(0.1,-0.00791624862700701,0.00568492095917463));
#6777=CARTESIAN_POINT('',(0.1,-0.00791781227104366,0.00568287094123661));
#6778=CARTESIAN_POINT('',(0.1,-0.00791937520029023,0.00568082044599578));
#6779=CARTESIAN_POINT('',(0.1,0.,0.));
#6780=CARTESIAN_POINT('',(0.1,0.,0.));
#6781=CARTESIAN_POINT('',(0.1,0.,0.));
#6782=CARTESIAN_POINT('',(0.1,-0.05,0.039990234375));
#6783=CARTESIAN_POINT('',(0.1,-0.05,0.0399739583333333));
#6784=CARTESIAN_POINT('',(0.1,-0.05,0.0399576822916667));
#6785=CARTESIAN_POINT('',(0.1,-0.0419089285001544,0.0341136229377526));
#6786=CARTESIAN_POINT('',(0.1,-0.0419074260653104,0.0340994154874631));
#6787=CARTESIAN_POINT('',(0.1,-0.0419059244237554,0.0340852086133584));
#6788=CARTESIAN_POINT('',(0.1,-0.0338178570003088,0.0282370115005053));
#6789=CARTESIAN_POINT('',(0.1,-0.0338148521306208,0.0282248726415929));
#6790=CARTESIAN_POINT('',(0.1,-0.0338118488475109,0.0282127349350502));
#6791=CARTESIAN_POINT('',(0.1,-0.0158418748283293,0.0113575389480684));
#6792=CARTESIAN_POINT('',(0.1,-0.0158449992560782,0.0113534370041452));
#6793=CARTESIAN_POINT('',(0.1,-0.0158481222530827,0.0113493341067806));
#6794=CARTESIAN_POINT('',(0.1,-0.00792093741416466,0.0056787694740342));
#6795=CARTESIAN_POINT('',(0.1,-0.00792249962803908,0.00567671850207262));
#6796=CARTESIAN_POINT('',(0.1,-0.00792406112654135,0.00567466705339029));
#6797=CARTESIAN_POINT('',(0.1,0.,0.));
#6798=CARTESIAN_POINT('',(0.1,0.,0.));
#6799=CARTESIAN_POINT('',(0.1,0.,0.));
#6800=CARTESIAN_POINT('',(0.1,-0.05,0.03994140625));
#6801=CARTESIAN_POINT('',(0.1,-0.05,0.0399088541666667));
#6802=CARTESIAN_POINT('',(0.1,-0.05,0.0398763020833333));
#6803=CARTESIAN_POINT('',(0.1,-0.0419044235759595,0.0340710023147908));
#6804=CARTESIAN_POINT('',(0.1,-0.0419014218803676,0.0340425897176556));
#6805=CARTESIAN_POINT('',(0.1,-0.041898423359812,0.0340141794226686));
#6806=CARTESIAN_POINT('',(0.1,-0.033808847151919,0.0282005983795816));
#6807=CARTESIAN_POINT('',(0.1,-0.0338028437607352,0.0281763252686446));
#6808=CARTESIAN_POINT('',(0.1,-0.0337968467196239,0.028152056762004));
#6809=CARTESIAN_POINT('',(0.1,-0.0158512438181788,0.0113452302571386));
#6810=CARTESIAN_POINT('',(0.1,-0.0158574869483709,0.0113370225578547));
#6811=CARTESIAN_POINT('',(0.1,-0.0158637243509293,0.0113288110494614));
#6812=CARTESIAN_POINT('',(0.1,-0.00792562190908939,0.0056726151285693));
#6813=CARTESIAN_POINT('',(0.1,-0.00792874347418547,0.00566851127892733));
#6814=CARTESIAN_POINT('',(0.1,-0.00793186217546463,0.00566440552473068));
#6815=CARTESIAN_POINT('',(0.1,0.,0.));
#6816=CARTESIAN_POINT('',(0.1,0.,0.));
#6817=CARTESIAN_POINT('',(0.1,0.,0.));
#6818=CARTESIAN_POINT('',(0.1,-0.05,0.03984375));
#6819=CARTESIAN_POINT('',(0.1,-0.05,0.0395833333333333));
#6820=CARTESIAN_POINT('',(0.1,-0.05,0.0393229166666667));
#6821=CARTESIAN_POINT('',(0.1,-0.0418954280174741,0.0339857714254356));
#6822=CARTESIAN_POINT('',(0.1,-0.0418714652787707,0.0337585074475715));
#6823=CARTESIAN_POINT('',(0.1,-0.0418477059460013,0.0335313905259592));
#6824=CARTESIAN_POINT('',(0.1,-0.0337908560349481,0.0281277928508713));
#6825=CARTESIAN_POINT('',(0.1,-0.0337429305575414,0.0279336815618096));
#6826=CARTESIAN_POINT('',(0.1,-0.0336954118920026,0.0277398643852518));
#6827=CARTESIAN_POINT('',(0.1,-0.0158699560165405,0.011320595741272));
#6828=CARTESIAN_POINT('',(0.1,-0.0159198093414307,0.0112548732757568));
#6829=CARTESIAN_POINT('',(0.1,-0.015969295501709,0.011188907623291));
#6830=CARTESIAN_POINT('',(0.1,-0.00793497800827027,0.00566029787063599));
#6831=CARTESIAN_POINT('',(0.1,-0.00795990467071533,0.00562743663787842));
#6832=CARTESIAN_POINT('',(0.1,-0.00798464775085449,0.00559445381164551));
#6833=CARTESIAN_POINT('',(0.1,0.,0.));
#6834=CARTESIAN_POINT('',(0.1,0.,0.));
#6835=CARTESIAN_POINT('',(0.1,0.,0.));
#6836=CARTESIAN_POINT('',(0.1,-0.05,0.0390625));
#6837=CARTESIAN_POINT('',(0.1,-0.05,0.0385416666666667));
#6838=CARTESIAN_POINT('',(0.1,-0.05,0.0380208333333333));
#6839=CARTESIAN_POINT('',(0.1,-0.0418241518684841,0.0333044180858216));
#6840=CARTESIAN_POINT('',(0.1,-0.0417770437134498,0.0328504732055462));
#6841=CARTESIAN_POINT('',(0.1,-0.0417307565794243,0.032397106251169));
#6842=CARTESIAN_POINT('',(0.1,-0.0336483037369682,0.0275463361716431));
#6843=CARTESIAN_POINT('',(0.1,-0.0335540874268995,0.0271592797444257));
#6844=CARTESIAN_POINT('',(0.1,-0.0334615131588486,0.0267733791690047));
#6845=CARTESIAN_POINT('',(0.1,-0.0160184097290039,0.0111227035522461));
#6846=CARTESIAN_POINT('',(0.1,-0.0161166381835938,0.0109902954101562));
#6847=CARTESIAN_POINT('',(0.1,-0.01621337890625,0.01085693359375));
#6848=CARTESIAN_POINT('',(0.1,-0.00800920486450196,0.00556135177612305));
#6849=CARTESIAN_POINT('',(0.1,-0.00805831909179688,0.00549514770507812));
#6850=CARTESIAN_POINT('',(0.1,-0.008106689453125,0.005428466796875));
#6851=CARTESIAN_POINT('',(0.1,0.,0.));
#6852=CARTESIAN_POINT('',(0.1,0.,0.));
#6853=CARTESIAN_POINT('',(0.1,0.,0.));
#6854=CARTESIAN_POINT('',(0.1,-0.05,0.0375));
#6855=CARTESIAN_POINT('',(0.1,-0.05,0.0333333333333333));
#6856=CARTESIAN_POINT('',(0.1,-0.05,0.0291666666666667));
#6857=CARTESIAN_POINT('',(0.1,-0.0416853038769745,0.031944297669804));
#6858=CARTESIAN_POINT('',(0.1,-0.0413216822573765,0.0283218290188837));
#6859=CARTESIAN_POINT('',(0.1,-0.0410114642586241,0.0247350962407412));
#6860=CARTESIAN_POINT('',(0.1,-0.0333706077539491,0.026388595339608));
#6861=CARTESIAN_POINT('',(0.1,-0.032643364514753,0.023310324704434));
#6862=CARTESIAN_POINT('',(0.1,-0.0320229285172482,0.0203035258148157));
#6863=CARTESIAN_POINT('',(0.1,-0.01630859375,0.01072265625));
#6864=CARTESIAN_POINT('',(0.1,-0.0170703125,0.0096484375));
#6865=CARTESIAN_POINT('',(0.1,-0.017734375,0.008515625));
#6866=CARTESIAN_POINT('',(0.1,-0.008154296875,0.005361328125));
#6867=CARTESIAN_POINT('',(0.1,-0.00853515625,0.00482421875));
#6868=CARTESIAN_POINT('',(0.1,-0.0088671875,0.0042578125));
#6869=CARTESIAN_POINT('',(0.1,0.,0.));
#6870=CARTESIAN_POINT('',(0.1,0.,0.));
#6871=CARTESIAN_POINT('',(0.1,0.,0.));
#6872=CARTESIAN_POINT('',(0.1,-0.05,0.025));
#6873=CARTESIAN_POINT('',(0.1,-0.05,0.0166666666666667));
#6874=CARTESIAN_POINT('',(0.1,-0.05,0.00833333333333333));
#6875=CARTESIAN_POINT('',(0.1,-0.05,1.54074395550979E-34));
#6876=CARTESIAN_POINT('',(0.1,-0.040761204674887,0.0211731656763491));
#6877=CARTESIAN_POINT('',(0.1,-0.0402606855074129,0.0140493045475649));
#6878=CARTESIAN_POINT('',(0.1,-0.0399999999999999,0.0070246522737825));
#6879=CARTESIAN_POINT('',(0.1,-0.04,1.22464679914735E-18));
#6880=CARTESIAN_POINT('',(0.1,-0.0315224093497741,0.0173463313526982));
#6881=CARTESIAN_POINT('',(0.1,-0.0305213710148258,0.0114319424284632));
#6882=CARTESIAN_POINT('',(0.1,-0.0299999999999998,0.00571597121423167));
#6883=CARTESIAN_POINT('',(0.1,-0.03,2.44929359829471E-18));
#6884=CARTESIAN_POINT('',(0.1,-0.01828125,0.00734375));
#6885=CARTESIAN_POINT('',(0.1,-0.019375,0.005));
#6886=CARTESIAN_POINT('',(0.1,-0.02,0.0025));
#6887=CARTESIAN_POINT('',(0.1,-0.02,-2.77555756156289E-18));
#6888=CARTESIAN_POINT('',(0.1,-0.009140625,0.003671875));
#6889=CARTESIAN_POINT('',(0.1,-0.0096875,0.0025));
#6890=CARTESIAN_POINT('',(0.1,-0.01,0.00125));
#6891=CARTESIAN_POINT('',(0.1,-0.01,-1.38777878078145E-18));
#6892=CARTESIAN_POINT('',(0.1,0.,0.));
#6893=CARTESIAN_POINT('',(0.1,0.,0.));
#6894=CARTESIAN_POINT('',(0.1,0.,0.));
#6895=CARTESIAN_POINT('',(0.1,0.,0.));
#6896=B_SPLINE_SURFACE_WITH_KNOTS('Surf_QONVFZOQQQ, Nose, 0, 7',5,3,((#6897, #6898, #6899, #6915, #6916, #6917, #6933, #6934, #6935, #6951, #6952, #6953, #6969, #6970, #6971, #6987, #6988, #6989, #7005, #7006, #7007, #7023, #7024, #7025, #7041, #7042, #7043, #7059, #7060, #7061, #7077, #7078, #7079, #7095, #7096, #7097, #7113, #7114, #7115, #7131, #7132, #7133, #7149, #7150, #7151, #7167, #7168, #7169, #7185, #7186, #7187, #7203, #7204, #7205, #7221, #7222, #7223, #7239, #7240, #7241, #7257, #7258, #7259, #7275, #7276, #7277, #7278),(#6900, #6901, #6902, #6918, #6919, #6920, #6936, #6937, #6938, #6954, #6955, #6956, #6972, #6973, #6974, #6990, #6991, #6992, #7008, #7009, #7010, #7026, #7027, #7028, #7044, #7045, #7046, #7062, #7063, #7064, #7080, #7081, #7082, #7098, #7099, #7100, #7116, #7117, #7118, #7134, #7135, #7136, #7152, #7153, #7154, #7170, #7171, #7172, #7188, #7189, #7190, #7206, #7207, #7208, #7224, #7225, #7226, #7242, #7243, #7244, #7260, #7261, #7262, #7279, #7280, #7281, #7282),(#6903, #6904, #6905, #6921, #6922, #6923, #6939, #6940, #6941, #6957, #6958, #6959, #6975, #6976, #6977, #6993, #6994, #6995, #7011, #7012, #7013, #7029, #7030, #7031, #7047, #7048, #7049, #7065, #7066, #7067, #7083, #7084, #7085, #7101, #7102, #7103, #7119, #7120, #7121, #7137, #7138, #7139, #7155, #7156, #7157, #7173, #7174, #7175, #7191, #7192, #7193, #7209, #7210, #7211, #7227, #7228, #7229, #7245, #7246, #7247, #7263, #7264, #7265, #7283, #7284, #7285, #7286),(#6906, #6907, #6908, #6924, #6925, #6926, #6942, #6943, #6944, #6960, #6961, #6962, #6978, #6979, #6980, #6996, #6997, #6998, #7014, #7015, #7016, #7032, #7033, #7034, #7050, #7051, #7052, #7068, #7069, #7070, #7086, #7087, #7088, #7104, #7105, #7106, #7122, #7123, #7124, #7140, #7141, #7142, #7158, #7159, #7160, #7176, #7177, #7178, #7194, #7195, #7196, #7212, #7213, #7214, #7230, #7231, #7232, #7248, #7249, #7250, #7266, #7267, #7268, #7287, #7288, #7289, #7290),(#6909, #6910, #6911, #6927, #6928, #6929, #6945, #6946, #6947, #6963, #6964, #6965, #6981, #6982, #6983, #6999, #7000, #7001, #7017, #7018, #7019, #7035, #7036, #7037, #7053, #7054, #7055, #7071, #7072, #7073, #7089, #7090, #7091, #7107, #7108, #7109, #7125, #7126, #7127, #7143, #7144, #7145, #7161, #7162, #7163, #7179, #7180, #7181, #7197, #7198, #7199, #7215, #7216, #7217, #7233, #7234, #7235, #7251, #7252, #7253, #7269, #7270, #7271, #7291, #7292, #7293, #7294),(#6912, #6913, #6914, #6930, #6931, #6932, #6948, #6949, #6950, #6966, #6967, #6968, #6984, #6985, #6986, #7002, #7003, #7004, #7020, #7021, #7022, #7038, #7039, #7040, #7056, #7057, #7058, #7074, #7075, #7076, #7092, #7093, #7094, #7110, #7111, #7112, #7128, #7129, #7130, #7146, #7147, #7148, #7164, #7165, #7166, #7182, #7183, #7184, #7200, #7201, #7202, #7218, #7219, #7220, #7236, #7237, #7238, #7254, #7255, #7256, #7272, #7273, #7274, #7295, #7296, #7297, #7298)),.UNSPECIFIED.,.F.,.F.,.F.,(6,6),(4,3,3,3,3,3,3,3,3,3,3,3,3,3,3,3,3,3,3,3,3,3,4),(0.,1.),(0.,1.,2.,3.,4.,5.,6.,7.,8.,9.,10.,11.,12.,13.,14.,15.,16.,17.,18.,19.,20.,21.,22.),.PIECEWISE_BEZIER_KNOTS.);
#6897=CARTESIAN_POINT('',(0.1,0.05,0.));
#6898=CARTESIAN_POINT('',(0.1,0.05,0.00833333333333333));
#6899=CARTESIAN_POINT('',(0.1,0.05,0.0166666666666667));
#6900=CARTESIAN_POINT('',(0.1,0.04,0.));
#6901=CARTESIAN_POINT('',(0.1,0.0400000000000001,0.00702465227378243));
#6902=CARTESIAN_POINT('',(0.1,0.0402606855074132,0.014049304547565));
#6903=CARTESIAN_POINT('',(0.1,0.03,0.));
#6904=CARTESIAN_POINT('',(0.1,0.0300000000000002,0.00571597121423152));
#6905=CARTESIAN_POINT('',(0.1,0.0305213710148264,0.0114319424284633));
#6906=CARTESIAN_POINT('',(0.1,0.02,0.));
#6907=CARTESIAN_POINT('',(0.1,0.02,0.0025));
#6908=CARTESIAN_POINT('',(0.1,0.019375,0.005));
#6909=CARTESIAN_POINT('',(0.1,0.01,0.));
#6910=CARTESIAN_POINT('',(0.1,0.01,0.00125));
#6911=CARTESIAN_POINT('',(0.1,0.0096875,0.0025));
#6912=CARTESIAN_POINT('',(0.1,0.,0.));
#6913=CARTESIAN_POINT('',(0.1,0.,0.));
#6914=CARTESIAN_POINT('',(0.1,0.,0.));
#6915=CARTESIAN_POINT('',(0.1,0.05,0.025));
#6916=CARTESIAN_POINT('',(0.1,0.05,0.0291666666666667));
#6917=CARTESIAN_POINT('',(0.1,0.05,0.0333333333333333));
#6918=CARTESIAN_POINT('',(0.1,0.0407612046748871,0.0211731656763491));
#6919=CARTESIAN_POINT('',(0.1,0.0410114642586241,0.0247350962407411));
#6920=CARTESIAN_POINT('',(0.1,0.0413216822573763,0.0283218290188836));
#6921=CARTESIAN_POINT('',(0.1,0.0315224093497743,0.0173463313526982));
#6922=CARTESIAN_POINT('',(0.1,0.0320229285172482,0.0203035258148156));
#6923=CARTESIAN_POINT('',(0.1,0.0326433645147525,0.0233103247044338));
#6924=CARTESIAN_POINT('',(0.1,0.01828125,0.00734375));
#6925=CARTESIAN_POINT('',(0.1,0.017734375,0.008515625));
#6926=CARTESIAN_POINT('',(0.1,0.0170703125,0.0096484375));
#6927=CARTESIAN_POINT('',(0.1,0.009140625,0.003671875));
#6928=CARTESIAN_POINT('',(0.1,0.0088671875,0.0042578125));
#6929=CARTESIAN_POINT('',(0.1,0.00853515625,0.00482421875));
#6930=CARTESIAN_POINT('',(0.1,0.,0.));
#6931=CARTESIAN_POINT('',(0.1,0.,0.));
#6932=CARTESIAN_POINT('',(0.1,0.,0.));
#6933=CARTESIAN_POINT('',(0.1,0.05,0.0375));
#6934=CARTESIAN_POINT('',(0.1,0.05,0.0380208333333333));
#6935=CARTESIAN_POINT('',(0.1,0.05,0.0385416666666667));
#6936=CARTESIAN_POINT('',(0.1,0.0416853038769745,0.031944297669804));
#6937=CARTESIAN_POINT('',(0.1,0.0417307565794243,0.032397106251169));
#6938=CARTESIAN_POINT('',(0.1,0.0417770437134498,0.0328504732055462));
#6939=CARTESIAN_POINT('',(0.1,0.0333706077539491,0.026388595339608));
#6940=CARTESIAN_POINT('',(0.1,0.0334615131588487,0.0267733791690047));
#6941=CARTESIAN_POINT('',(0.1,0.0335540874268997,0.0271592797444258));
#6942=CARTESIAN_POINT('',(0.1,0.01630859375,0.01072265625));
#6943=CARTESIAN_POINT('',(0.1,0.01621337890625,0.01085693359375));
#6944=CARTESIAN_POINT('',(0.1,0.0161166381835937,0.0109902954101562));
#6945=CARTESIAN_POINT('',(0.1,0.008154296875,0.005361328125));
#6946=CARTESIAN_POINT('',(0.1,0.008106689453125,0.005428466796875));
#6947=CARTESIAN_POINT('',(0.1,0.00805831909179687,0.00549514770507812));
#6948=CARTESIAN_POINT('',(0.1,0.,0.));
#6949=CARTESIAN_POINT('',(0.1,0.,0.));
#6950=CARTESIAN_POINT('',(0.1,0.,0.));
#6951=CARTESIAN_POINT('',(0.1,0.05,0.0390625));
#6952=CARTESIAN_POINT('',(0.1,0.05,0.0393229166666667));
#6953=CARTESIAN_POINT('',(0.1,0.05,0.0395833333333333));
#6954=CARTESIAN_POINT('',(0.1,0.0418241518684842,0.0333044180858215));
#6955=CARTESIAN_POINT('',(0.1,0.0418477059460013,0.0335313905259592));
#6956=CARTESIAN_POINT('',(0.1,0.0418714652787707,0.0337585074475714));
#6957=CARTESIAN_POINT('',(0.1,0.0336483037369683,0.0275463361716431));
#6958=CARTESIAN_POINT('',(0.1,0.0336954118920026,0.0277398643852517));
#6959=CARTESIAN_POINT('',(0.1,0.0337429305575414,0.0279336815618094));
#6960=CARTESIAN_POINT('',(0.1,0.0160184097290039,0.0111227035522461));
#6961=CARTESIAN_POINT('',(0.1,0.015969295501709,0.011188907623291));
#6962=CARTESIAN_POINT('',(0.1,0.0159198093414307,0.0112548732757568));
#6963=CARTESIAN_POINT('',(0.1,0.00800920486450195,0.00556135177612305));
#6964=CARTESIAN_POINT('',(0.1,0.00798464775085449,0.00559445381164551));
#6965=CARTESIAN_POINT('',(0.1,0.00795990467071533,0.00562743663787842));
#6966=CARTESIAN_POINT('',(0.1,0.,0.));
#6967=CARTESIAN_POINT('',(0.1,0.,0.));
#6968=CARTESIAN_POINT('',(0.1,0.,0.));
#6969=CARTESIAN_POINT('',(0.1,0.05,0.03984375));
#6970=CARTESIAN_POINT('',(0.1,0.05,0.0398763020833333));
#6971=CARTESIAN_POINT('',(0.1,0.05,0.0399088541666667));
#6972=CARTESIAN_POINT('',(0.1,0.0418954280174741,0.0339857714254356));
#6973=CARTESIAN_POINT('',(0.1,0.041898423359812,0.0340141794226686));
#6974=CARTESIAN_POINT('',(0.1,0.0419014218803676,0.0340425897176556));
#6975=CARTESIAN_POINT('',(0.1,0.0337908560349481,0.0281277928508712));
#6976=CARTESIAN_POINT('',(0.1,0.0337968467196239,0.0281520567620039));
#6977=CARTESIAN_POINT('',(0.1,0.0338028437607352,0.0281763252686446));
#6978=CARTESIAN_POINT('',(0.1,0.0158699560165405,0.011320595741272));
#6979=CARTESIAN_POINT('',(0.1,0.0158637243509293,0.0113288110494614));
#6980=CARTESIAN_POINT('',(0.1,0.0158574869483709,0.0113370225578547));
#6981=CARTESIAN_POINT('',(0.1,0.00793497800827026,0.00566029787063599));
#6982=CARTESIAN_POINT('',(0.1,0.00793186217546463,0.00566440552473068));
#6983=CARTESIAN_POINT('',(0.1,0.00792874347418547,0.00566851127892733));
#6984=CARTESIAN_POINT('',(0.1,0.,0.));
#6985=CARTESIAN_POINT('',(0.1,0.,0.));
#6986=CARTESIAN_POINT('',(0.1,0.,0.));
#6987=CARTESIAN_POINT('',(0.1,0.05,0.03994140625));
#6988=CARTESIAN_POINT('',(0.1,0.05,0.0399576822916667));
#6989=CARTESIAN_POINT('',(0.1,0.05,0.0399739583333333));
#6990=CARTESIAN_POINT('',(0.1,0.0419044235759595,0.0340710023147908));
#6991=CARTESIAN_POINT('',(0.1,0.0419059244237554,0.0340852086133584));
#6992=CARTESIAN_POINT('',(0.1,0.0419074260653104,0.0340994154874631));
#6993=CARTESIAN_POINT('',(0.1,0.033808847151919,0.0282005983795816));
#6994=CARTESIAN_POINT('',(0.1,0.0338118488475109,0.0282127349350502));
#6995=CARTESIAN_POINT('',(0.1,0.0338148521306209,0.0282248726415928));
#6996=CARTESIAN_POINT('',(0.1,0.0158512438181788,0.0113452302571386));
#6997=CARTESIAN_POINT('',(0.1,0.0158481222530827,0.0113493341067806));
#6998=CARTESIAN_POINT('',(0.1,0.0158449992560782,0.0113534370041452));
#6999=CARTESIAN_POINT('',(0.1,0.00792562190908938,0.0056726151285693));
#7000=CARTESIAN_POINT('',(0.1,0.00792406112654134,0.00567466705339029));
#7001=CARTESIAN_POINT('',(0.1,0.00792249962803908,0.00567671850207262));
#7002=CARTESIAN_POINT('',(0.1,0.,0.));
#7003=CARTESIAN_POINT('',(0.1,0.,0.));
#7004=CARTESIAN_POINT('',(0.1,0.,0.));
#7005=CARTESIAN_POINT('',(0.1,0.05,0.039990234375));
#7006=CARTESIAN_POINT('',(0.1,0.05,0.0400065104166667));
#7007=CARTESIAN_POINT('',(0.1,0.0499999919488228,0.0400181171127843));
#7008=CARTESIAN_POINT('',(0.1,0.0419089285001544,0.0341136229377526));
#7009=CARTESIAN_POINT('',(0.1,0.0419104309349984,0.0341278303880422));
#7010=CARTESIAN_POINT('',(0.1,0.0419119261119542,0.0341373690689676));
#7011=CARTESIAN_POINT('',(0.1,0.0338178570003088,0.0282370115005053));
#7012=CARTESIAN_POINT('',(0.1,0.0338208618699968,0.0282491503594177));
#7013=CARTESIAN_POINT('',(0.1,0.0338238602750856,0.0282566210251508));
#7014=CARTESIAN_POINT('',(0.1,0.0158418748283293,0.0113575389480684));
#7015=CARTESIAN_POINT('',(0.1,0.0158387504005805,0.0113616408919916));
#7016=CARTESIAN_POINT('',(0.1,0.0158356245420873,0.0113657418824732));
#7017=CARTESIAN_POINT('',(0.1,0.00792093741416465,0.0056787694740342));
#7018=CARTESIAN_POINT('',(0.1,0.00791937520029023,0.00568082044599578));
#7019=CARTESIAN_POINT('',(0.1,0.00791781227104366,0.00568287094123661));
#7020=CARTESIAN_POINT('',(0.1,0.,0.));
#7021=CARTESIAN_POINT('',(0.1,0.,0.));
#7022=CARTESIAN_POINT('',(0.1,0.,0.));
#7023=CARTESIAN_POINT('',(0.1,0.0499999517280349,0.0400310544645874));
#7024=CARTESIAN_POINT('',(0.1,0.0499997908448833,0.0400828038718));
#7025=CARTESIAN_POINT('',(0.1,0.0499992279293432,0.040134512827732));
#7026=CARTESIAN_POINT('',(0.1,0.0419133899121531,0.034148238982361));
#7027=CARTESIAN_POINT('',(0.1,0.0419192451129489,0.0341917186359347));
#7028=CARTESIAN_POINT('',(0.1,0.0419247109670177,0.0342351670667484));
#7029=CARTESIAN_POINT('',(0.1,0.0338268280962714,0.0282654235001345));
#7030=CARTESIAN_POINT('',(0.1,0.0338386993810145,0.0283006334000694));
#7031=CARTESIAN_POINT('',(0.1,0.0338501940046922,0.0283358213057647));
#7032=CARTESIAN_POINT('',(0.1,0.015832497254014,0.0113698419183493));
#7033=CARTESIAN_POINT('',(0.1,0.0158199881017208,0.0113862420618534));
#7034=CARTESIAN_POINT('',(0.1,0.0158074560761452,0.0114026269316673));
#7035=CARTESIAN_POINT('',(0.1,0.00791624862700701,0.00568492095917463));
#7036=CARTESIAN_POINT('',(0.1,0.0079099940508604,0.0056931210309267));
#7037=CARTESIAN_POINT('',(0.1,0.00790372803807258,0.00570131346583366));
#7038=CARTESIAN_POINT('',(0.1,0.,0.));
#7039=CARTESIAN_POINT('',(0.1,0.,0.));
#7040=CARTESIAN_POINT('',(0.1,0.,0.));
#7041=CARTESIAN_POINT('',(0.1,0.0499982647363199,0.0401861770956674));
#7042=CARTESIAN_POINT('',(0.1,0.0499963383502732,0.0402895056315384));
#7043=CARTESIAN_POINT('',(0.1,0.0499928108542936,0.0403926554154231));
#7044=CARTESIAN_POINT('',(0.1,0.0419297892008819,0.0342785800770787));
#7045=CARTESIAN_POINT('',(0.1,0.0419399456686104,0.0343654060977394));
#7046=CARTESIAN_POINT('',(0.1,0.0419485516555205,0.0344520904364668));
#7047=CARTESIAN_POINT('',(0.1,0.033861313665444,0.02837098305849));
#7048=CARTESIAN_POINT('',(0.1,0.0338835529869475,0.0284413065639405));
#7049=CARTESIAN_POINT('',(0.1,0.0339042924567475,0.0285115254575105));
#7050=CARTESIAN_POINT('',(0.1,0.0157949012517929,0.0114189964532852));
#7051=CARTESIAN_POINT('',(0.1,0.0157697916030884,0.011451735496521));
#7052=CARTESIAN_POINT('',(0.1,0.0157445907592773,0.0114844131469727));
#7053=CARTESIAN_POINT('',(0.1,0.00789745062589645,0.00570949822664261));
#7054=CARTESIAN_POINT('',(0.1,0.00788489580154419,0.0057258677482605));
#7055=CARTESIAN_POINT('',(0.1,0.00787229537963867,0.00574220657348633));
#7056=CARTESIAN_POINT('',(0.1,0.,0.));
#7057=CARTESIAN_POINT('',(0.1,0.,0.));
#7058=CARTESIAN_POINT('',(0.1,0.,0.));
#7059=CARTESIAN_POINT('',(0.1,0.0499876962876227,0.0404955925535938));
#7060=CARTESIAN_POINT('',(0.1,0.0499467797542559,0.0413190896589588));
#7061=CARTESIAN_POINT('',(0.1,0.0498042906966531,0.0421289774386181));
#7062=CARTESIAN_POINT('',(0.1,0.0419556209728163,0.0345385995086695));
#7063=CARTESIAN_POINT('',(0.1,0.042012175511182,0.0352306720862907));
#7064=CARTESIAN_POINT('',(0.1,0.0419703831942237,0.03591152760633));
#7065=CARTESIAN_POINT('',(0.1,0.0339235456580098,0.0285816064637451));
#7066=CARTESIAN_POINT('',(0.1,0.0340775712681081,0.0291422545136226));
#7067=CARTESIAN_POINT('',(0.1,0.0341364756917943,0.0296940777740419));
#7068=CARTESIAN_POINT('',(0.1,0.0157192993164062,0.0115170288085937));
#7069=CARTESIAN_POINT('',(0.1,0.0155169677734375,0.0117779541015625));
#7070=CARTESIAN_POINT('',(0.1,0.015308837890625,0.012034912109375));
#7071=CARTESIAN_POINT('',(0.1,0.00785964965820312,0.00575851440429687));
#7072=CARTESIAN_POINT('',(0.1,0.00775848388671875,0.00588897705078125));
#7073=CARTESIAN_POINT('',(0.1,0.0076544189453125,0.0060174560546875));
#7074=CARTESIAN_POINT('',(0.1,0.,0.));
#7075=CARTESIAN_POINT('',(0.1,0.,0.));
#7076=CARTESIAN_POINT('',(0.1,0.,0.));
#7077=CARTESIAN_POINT('',(0.1,0.049567417206626,0.0429079023038325));
#7078=CARTESIAN_POINT('',(0.1,0.0490936702265719,0.0444657520342612));
#7079=CARTESIAN_POINT('',(0.1,0.0482423855168207,0.0458997501069103));
#7080=CARTESIAN_POINT('',(0.1,0.0418373126729988,0.036563969462196));
#7081=CARTESIAN_POINT('',(0.1,0.0415711716305491,0.0378688531739281));
#7082=CARTESIAN_POINT('',(0.1,0.0409399177710328,0.0390600822289673));
#7083=CARTESIAN_POINT('',(0.1,0.0341072081393716,0.0302200366205596));
#7084=CARTESIAN_POINT('',(0.1,0.0340486730345262,0.031271954313595));
#7085=CARTESIAN_POINT('',(0.1,0.0336374500252449,0.0322204143510244));
#7086=CARTESIAN_POINT('',(0.1,0.01509521484375,0.01228759765625));
#7087=CARTESIAN_POINT('',(0.1,0.01466796875,0.01279296875));
#7088=CARTESIAN_POINT('',(0.1,0.01421875,0.01328125));
#7089=CARTESIAN_POINT('',(0.1,0.007547607421875,0.006143798828125));
#7090=CARTESIAN_POINT('',(0.1,0.007333984375,0.006396484375));
#7091=CARTESIAN_POINT('',(0.1,0.007109375,0.006640625));
#7092=CARTESIAN_POINT('',(0.1,0.,0.));
#7093=CARTESIAN_POINT('',(0.1,0.,0.));
#7094=CARTESIAN_POINT('',(0.1,0.,0.));
#7095=CARTESIAN_POINT('',(0.1,0.0470710678118655,0.0470710678118655));
#7096=CARTESIAN_POINT('',(0.1,0.0458997501069103,0.0482423855168207));
#7097=CARTESIAN_POINT('',(0.1,0.0444657520342612,0.0490936702265719));
#7098=CARTESIAN_POINT('',(0.1,0.04,0.04));
#7099=CARTESIAN_POINT('',(0.1,0.0390600822289672,0.0409399177710327));
#7100=CARTESIAN_POINT('',(0.1,0.0378688531739281,0.0415711716305486));
#7101=CARTESIAN_POINT('',(0.1,0.0329289321881345,0.0329289321881345));
#7102=CARTESIAN_POINT('',(0.1,0.0322204143510242,0.0336374500252446));
#7103=CARTESIAN_POINT('',(0.1,0.031271954313595,0.0340486730345254));
#7104=CARTESIAN_POINT('',(0.1,0.01375,0.01375));
#7105=CARTESIAN_POINT('',(0.1,0.01328125,0.01421875));
#7106=CARTESIAN_POINT('',(0.1,0.01279296875,0.01466796875));
#7107=CARTESIAN_POINT('',(0.1,0.006875,0.006875));
#7108=CARTESIAN_POINT('',(0.1,0.006640625,0.007109375));
#7109=CARTESIAN_POINT('',(0.1,0.006396484375,0.007333984375));
#7110=CARTESIAN_POINT('',(0.1,0.,0.));
#7111=CARTESIAN_POINT('',(0.1,0.,0.));
#7112=CARTESIAN_POINT('',(0.1,0.,0.));
#7113=CARTESIAN_POINT('',(0.1,0.0429079023038325,0.049567417206626));
#7114=CARTESIAN_POINT('',(0.1,0.0421289774386181,0.0498042906966531));
#7115=CARTESIAN_POINT('',(0.1,0.0413190896589588,0.0499467797542559));
#7116=CARTESIAN_POINT('',(0.1,0.036563969462196,0.0418373126729987));
#7117=CARTESIAN_POINT('',(0.1,0.03591152760633,0.0419703831942237));
#7118=CARTESIAN_POINT('',(0.1,0.0352306720862907,0.0420121755111822));
#7119=CARTESIAN_POINT('',(0.1,0.0302200366205596,0.0341072081393713));
#7120=CARTESIAN_POINT('',(0.1,0.0296940777740418,0.0341364756917943));
#7121=CARTESIAN_POINT('',(0.1,0.0291422545136226,0.0340775712681085));
#7122=CARTESIAN_POINT('',(0.1,0.01228759765625,0.01509521484375));
#7123=CARTESIAN_POINT('',(0.1,0.012034912109375,0.015308837890625));
#7124=CARTESIAN_POINT('',(0.1,0.0117779541015625,0.0155169677734375));
#7125=CARTESIAN_POINT('',(0.1,0.006143798828125,0.007547607421875));
#7126=CARTESIAN_POINT('',(0.1,0.0060174560546875,0.0076544189453125));
#7127=CARTESIAN_POINT('',(0.1,0.00588897705078125,0.00775848388671875));
#7128=CARTESIAN_POINT('',(0.1,0.,0.));
#7129=CARTESIAN_POINT('',(0.1,0.,0.));
#7130=CARTESIAN_POINT('',(0.1,0.,0.));
#7131=CARTESIAN_POINT('',(0.1,0.0404955925535938,0.0499876962876227));
#7132=CARTESIAN_POINT('',(0.1,0.0403926554154231,0.0499928108542936));
#7133=CARTESIAN_POINT('',(0.1,0.0402895056315384,0.0499963383502732));
#7134=CARTESIAN_POINT('',(0.1,0.0345385995086694,0.0419556209728163));
#7135=CARTESIAN_POINT('',(0.1,0.0344520904364668,0.0419485516555205));
#7136=CARTESIAN_POINT('',(0.1,0.0343654060977394,0.0419399456686103));
#7137=CARTESIAN_POINT('',(0.1,0.0285816064637451,0.0339235456580098));
#7138=CARTESIAN_POINT('',(0.1,0.0285115254575104,0.0339042924567475));
#7139=CARTESIAN_POINT('',(0.1,0.0284413065639404,0.0338835529869474));
#7140=CARTESIAN_POINT('',(0.1,0.0115170288085937,0.0157192993164063));
#7141=CARTESIAN_POINT('',(0.1,0.0114844131469726,0.0157445907592773));
#7142=CARTESIAN_POINT('',(0.1,0.011451735496521,0.0157697916030884));
#7143=CARTESIAN_POINT('',(0.1,0.00575851440429687,0.00785964965820313));
#7144=CARTESIAN_POINT('',(0.1,0.00574220657348632,0.00787229537963867));
#7145=CARTESIAN_POINT('',(0.1,0.00572586774826049,0.00788489580154419));
#7146=CARTESIAN_POINT('',(0.1,0.,0.));
#7147=CARTESIAN_POINT('',(0.1,0.,0.));
#7148=CARTESIAN_POINT('',(0.1,0.,0.));
#7149=CARTESIAN_POINT('',(0.1,0.0401861770956674,0.0499982647363199));
#7150=CARTESIAN_POINT('',(0.1,0.040134512827732,0.0499992279293432));
#7151=CARTESIAN_POINT('',(0.1,0.0400828038718,0.0499997908448833));
#7152=CARTESIAN_POINT('',(0.1,0.0342785800770787,0.0419297892008819));
#7153=CARTESIAN_POINT('',(0.1,0.0342351670667483,0.0419247109670177));
#7154=CARTESIAN_POINT('',(0.1,0.0341917186359347,0.0419192451129489));
#7155=CARTESIAN_POINT('',(0.1,0.02837098305849,0.0338613136654439));
#7156=CARTESIAN_POINT('',(0.1,0.0283358213057647,0.0338501940046921));
#7157=CARTESIAN_POINT('',(0.1,0.0283006334000693,0.0338386993810145));
#7158=CARTESIAN_POINT('',(0.1,0.0114189964532852,0.0157949012517929));
#7159=CARTESIAN_POINT('',(0.1,0.0114026269316673,0.0158074560761452));
#7160=CARTESIAN_POINT('',(0.1,0.0113862420618534,0.0158199881017208));
#7161=CARTESIAN_POINT('',(0.1,0.00570949822664261,0.00789745062589645));
#7162=CARTESIAN_POINT('',(0.1,0.00570131346583366,0.00790372803807259));
#7163=CARTESIAN_POINT('',(0.1,0.0056931210309267,0.0079099940508604));
#7164=CARTESIAN_POINT('',(0.1,0.,0.));
#7165=CARTESIAN_POINT('',(0.1,0.,0.));
#7166=CARTESIAN_POINT('',(0.1,0.,0.));
#7167=CARTESIAN_POINT('',(0.1,0.0400310544645874,0.0499999517280349));
#7168=CARTESIAN_POINT('',(0.1,0.0400181171127843,0.0499999919488228));
#7169=CARTESIAN_POINT('',(0.1,0.0400065104166667,0.05));
#7170=CARTESIAN_POINT('',(0.1,0.034148238982361,0.0419133899121532));
#7171=CARTESIAN_POINT('',(0.1,0.0341373690689676,0.0419119261119542));
#7172=CARTESIAN_POINT('',(0.1,0.0341278303880422,0.0419104309349984));
#7173=CARTESIAN_POINT('',(0.1,0.0282654235001345,0.0338268280962714));
#7174=CARTESIAN_POINT('',(0.1,0.0282566210251508,0.0338238602750856));
#7175=CARTESIAN_POINT('',(0.1,0.0282491503594177,0.0338208618699968));
#7176=CARTESIAN_POINT('',(0.1,0.0113698419183493,0.015832497254014));
#7177=CARTESIAN_POINT('',(0.1,0.0113657418824732,0.0158356245420873));
#7178=CARTESIAN_POINT('',(0.1,0.0113616408919916,0.0158387504005805));
#7179=CARTESIAN_POINT('',(0.1,0.00568492095917463,0.00791624862700701));
#7180=CARTESIAN_POINT('',(0.1,0.00568287094123661,0.00791781227104366));
#7181=CARTESIAN_POINT('',(0.1,0.00568082044599578,0.00791937520029023));
#7182=CARTESIAN_POINT('',(0.1,0.,0.));
#7183=CARTESIAN_POINT('',(0.1,0.,0.));
#7184=CARTESIAN_POINT('',(0.1,0.,0.));
#7185=CARTESIAN_POINT('',(0.1,0.039990234375,0.05));
#7186=CARTESIAN_POINT('',(0.1,0.0399739583333333,0.05));
#7187=CARTESIAN_POINT('',(0.1,0.0399576822916667,0.05));
#7188=CARTESIAN_POINT('',(0.1,0.0341136229377526,0.0419089285001544));
#7189=CARTESIAN_POINT('',(0.1,0.0340994154874631,0.0419074260653104));
#7190=CARTESIAN_POINT('',(0.1,0.0340852086133584,0.0419059244237554));
#7191=CARTESIAN_POINT('',(0.1,0.0282370115005053,0.0338178570003088));
#7192=CARTESIAN_POINT('',(0.1,0.0282248726415929,0.0338148521306208));
#7193=CARTESIAN_POINT('',(0.1,0.0282127349350502,0.0338118488475109));
#7194=CARTESIAN_POINT('',(0.1,0.0113575389480684,0.0158418748283293));
#7195=CARTESIAN_POINT('',(0.1,0.0113534370041452,0.0158449992560782));
#7196=CARTESIAN_POINT('',(0.1,0.0113493341067806,0.0158481222530827));
#7197=CARTESIAN_POINT('',(0.1,0.0056787694740342,0.00792093741416466));
#7198=CARTESIAN_POINT('',(0.1,0.00567671850207262,0.00792249962803908));
#7199=CARTESIAN_POINT('',(0.1,0.00567466705339029,0.00792406112654135));
#7200=CARTESIAN_POINT('',(0.1,0.,0.));
#7201=CARTESIAN_POINT('',(0.1,0.,0.));
#7202=CARTESIAN_POINT('',(0.1,0.,0.));
#7203=CARTESIAN_POINT('',(0.1,0.03994140625,0.05));
#7204=CARTESIAN_POINT('',(0.1,0.0399088541666667,0.05));
#7205=CARTESIAN_POINT('',(0.1,0.0398763020833333,0.05));
#7206=CARTESIAN_POINT('',(0.1,0.0340710023147908,0.0419044235759595));
#7207=CARTESIAN_POINT('',(0.1,0.0340425897176556,0.0419014218803676));
#7208=CARTESIAN_POINT('',(0.1,0.0340141794226686,0.041898423359812));
#7209=CARTESIAN_POINT('',(0.1,0.0282005983795817,0.033808847151919));
#7210=CARTESIAN_POINT('',(0.1,0.0281763252686446,0.0338028437607352));
#7211=CARTESIAN_POINT('',(0.1,0.028152056762004,0.033796846719624));
#7212=CARTESIAN_POINT('',(0.1,0.0113452302571386,0.0158512438181788));
#7213=CARTESIAN_POINT('',(0.1,0.0113370225578547,0.0158574869483709));
#7214=CARTESIAN_POINT('',(0.1,0.0113288110494614,0.0158637243509293));
#7215=CARTESIAN_POINT('',(0.1,0.0056726151285693,0.00792562190908939));
#7216=CARTESIAN_POINT('',(0.1,0.00566851127892733,0.00792874347418547));
#7217=CARTESIAN_POINT('',(0.1,0.00566440552473068,0.00793186217546463));
#7218=CARTESIAN_POINT('',(0.1,0.,0.));
#7219=CARTESIAN_POINT('',(0.1,0.,0.));
#7220=CARTESIAN_POINT('',(0.1,0.,0.));
#7221=CARTESIAN_POINT('',(0.1,0.03984375,0.05));
#7222=CARTESIAN_POINT('',(0.1,0.0395833333333333,0.05));
#7223=CARTESIAN_POINT('',(0.1,0.0393229166666667,0.05));
#7224=CARTESIAN_POINT('',(0.1,0.0339857714254356,0.0418954280174741));
#7225=CARTESIAN_POINT('',(0.1,0.0337585074475714,0.0418714652787707));
#7226=CARTESIAN_POINT('',(0.1,0.0335313905259591,0.0418477059460013));
#7227=CARTESIAN_POINT('',(0.1,0.0281277928508713,0.0337908560349481));
#7228=CARTESIAN_POINT('',(0.1,0.0279336815618095,0.0337429305575415));
#7229=CARTESIAN_POINT('',(0.1,0.0277398643852516,0.0336954118920026));
#7230=CARTESIAN_POINT('',(0.1,0.011320595741272,0.0158699560165405));
#7231=CARTESIAN_POINT('',(0.1,0.0112548732757568,0.0159198093414307));
#7232=CARTESIAN_POINT('',(0.1,0.011188907623291,0.015969295501709));
#7233=CARTESIAN_POINT('',(0.1,0.00566029787063599,0.00793497800827027));
#7234=CARTESIAN_POINT('',(0.1,0.00562743663787842,0.00795990467071533));
#7235=CARTESIAN_POINT('',(0.1,0.00559445381164551,0.00798464775085449));
#7236=CARTESIAN_POINT('',(0.1,0.,0.));
#7237=CARTESIAN_POINT('',(0.1,0.,0.));
#7238=CARTESIAN_POINT('',(0.1,0.,0.));
#7239=CARTESIAN_POINT('',(0.1,0.0390625,0.05));
#7240=CARTESIAN_POINT('',(0.1,0.0385416666666667,0.05));
#7241=CARTESIAN_POINT('',(0.1,0.0380208333333333,0.05));
#7242=CARTESIAN_POINT('',(0.1,0.0333044180858214,0.0418241518684841));
#7243=CARTESIAN_POINT('',(0.1,0.032850473205546,0.0417770437134497));
#7244=CARTESIAN_POINT('',(0.1,0.0323971062511689,0.0417307565794242));
#7245=CARTESIAN_POINT('',(0.1,0.0275463361716428,0.0336483037369682));
#7246=CARTESIAN_POINT('',(0.1,0.0271592797444253,0.0335540874268994));
#7247=CARTESIAN_POINT('',(0.1,0.0267733791690045,0.0334615131588485));
#7248=CARTESIAN_POINT('',(0.1,0.0111227035522461,0.0160184097290039));
#7249=CARTESIAN_POINT('',(0.1,0.0109902954101562,0.0161166381835938));
#7250=CARTESIAN_POINT('',(0.1,0.01085693359375,0.01621337890625));
#7251=CARTESIAN_POINT('',(0.1,0.00556135177612305,0.00800920486450196));
#7252=CARTESIAN_POINT('',(0.1,0.00549514770507812,0.00805831909179688));
#7253=CARTESIAN_POINT('',(0.1,0.005428466796875,0.008106689453125));
#7254=CARTESIAN_POINT('',(0.1,0.,0.));
#7255=CARTESIAN_POINT('',(0.1,0.,0.));
#7256=CARTESIAN_POINT('',(0.1,0.,0.));
#7257=CARTESIAN_POINT('',(0.1,0.0375,0.05));
#7258=CARTESIAN_POINT('',(0.1,0.0333333333333333,0.05));
#7259=CARTESIAN_POINT('',(0.1,0.0291666666666667,0.05));
#7260=CARTESIAN_POINT('',(0.1,0.031944297669804,0.0416853038769745));
#7261=CARTESIAN_POINT('',(0.1,0.0283218290188844,0.0413216822573767));
#7262=CARTESIAN_POINT('',(0.1,0.0247350962407414,0.0410114642586239));
#7263=CARTESIAN_POINT('',(0.1,0.026388595339608,0.033370607753949));
#7264=CARTESIAN_POINT('',(0.1,0.0233103247044356,0.0326433645147533));
#7265=CARTESIAN_POINT('',(0.1,0.0203035258148161,0.0320229285172479));
#7266=CARTESIAN_POINT('',(0.1,0.01072265625,0.01630859375));
#7267=CARTESIAN_POINT('',(0.1,0.0096484375,0.0170703125));
#7268=CARTESIAN_POINT('',(0.1,0.008515625,0.017734375));
#7269=CARTESIAN_POINT('',(0.1,0.005361328125,0.008154296875));
#7270=CARTESIAN_POINT('',(0.1,0.00482421875,0.00853515625));
#7271=CARTESIAN_POINT('',(0.1,0.0042578125,0.0088671875));
#7272=CARTESIAN_POINT('',(0.1,0.,0.));
#7273=CARTESIAN_POINT('',(0.1,0.,0.));
#7274=CARTESIAN_POINT('',(0.1,0.,0.));
#7275=CARTESIAN_POINT('',(0.1,0.025,0.05));
#7276=CARTESIAN_POINT('',(0.1,0.0166666666666667,0.05));
#7277=CARTESIAN_POINT('',(0.1,0.00833333333333333,0.05));
#7278=CARTESIAN_POINT('',(0.1,0.,0.05));
#7279=CARTESIAN_POINT('',(0.1,0.021173165676349,0.0407612046748867));
#7280=CARTESIAN_POINT('',(0.1,0.0140493045475643,0.0402606855074122));
#7281=CARTESIAN_POINT('',(0.1,0.00702465227378231,0.0399999999999998));
#7282=CARTESIAN_POINT('',(0.1,1.83697019872103E-18,0.04));
#7283=CARTESIAN_POINT('',(0.1,0.017346331352698,0.0315224093497734));
#7284=CARTESIAN_POINT('',(0.1,0.0114319424284618,0.0305213710148245));
#7285=CARTESIAN_POINT('',(0.1,0.00571597121423129,0.0299999999999995));
#7286=CARTESIAN_POINT('',(0.1,3.67394039744206E-18,0.03));
#7287=CARTESIAN_POINT('',(0.1,0.00734375,0.01828125));
#7288=CARTESIAN_POINT('',(0.1,0.005,0.019375));
#7289=CARTESIAN_POINT('',(0.1,0.0025,0.02));
#7290=CARTESIAN_POINT('',(0.1,-2.77555756156289E-18,0.02));
#7291=CARTESIAN_POINT('',(0.1,0.003671875,0.009140625));
#7292=CARTESIAN_POINT('',(0.1,0.0025,0.0096875));
#7293=CARTESIAN_POINT('',(0.1,0.00125,0.01));
#7294=CARTESIAN_POINT('',(0.1,-1.38777878078145E-18,0.01));
#7295=CARTESIAN_POINT('',(0.1,0.,0.));
#7296=CARTESIAN_POINT('',(0.1,0.,0.));
#7297=CARTESIAN_POINT('',(0.1,0.,0.));
#7298=CARTESIAN_POINT('',(0.1,0.,0.));
#7299=GEOMETRIC_SET('QONVFZOQQQ, Nose, 0',(#55,#1463,#2871,#4279,#5687,#6090,#6493,#6896));
#7300=GEOMETRICALLY_BOUNDED_SURFACE_SHAPE_REPRESENTATION('',(#7299),#15);
#7301=SHAPE_REPRESENTATION_RELATIONSHIP('','',#29,#7300);
ENDSEC;
END-ISO-10303-21;
