ISO-10303-21;
HEADER;
FILE_DESCRIPTION((''),'1');
FILE_NAME('outfile.stp','2026-08-08T05:13:52',(''),(''),'','','');
FILE_SCHEMA(('CONFIG_CONTROL_DESIGN'));
ENDSEC;
DATA;
#1=CALENDAR_DATE(2000,1,1);
#2=COORDINATED_UNIVERSAL_TIME_OFFSET(0,0,.BEHIND.);
#3=LOCAL_TIME(12,0,0.,#2);
#4=DATE_AND_TIME(#1,#3);
#5=DIMENSIONAL_EXPONENTS(0.,0.,0.,0.,0.,0.,0.);
#6=(
LENGTH_UNIT()
NAMED_UNIT(*)
SI_UNIT(.MILLI.,.METRE.)
);
#7=LENGTH_MEASURE_WITH_UNIT(LENGTH_MEASURE(304.8),#6);
#8=DIMENSIONAL_EXPONENTS(1.,0.,0.,0.,0.,0.,0.);
#9=(
CONVERSION_BASED_UNIT('FOOT',#7)
LENGTH_UNIT()
NAMED_UNIT(#8)
);
#10=UNCERTAINTY_MEASURE_WITH_UNIT(LENGTH_MEASURE(1.E-06),#9,'closure','Threshold below which geometry imperfections (such as overlaps) are not considered errors.');
#11=(
NAMED_UNIT(*)
PLANE_ANGLE_UNIT()
SI_UNIT($,.RADIAN.)
);
#12=PLANE_ANGLE_MEASURE_WITH_UNIT(PLANE_ANGLE_MEASURE(0.0174532925199433),#11);
#13=(
CONVERSION_BASED_UNIT('DEGREES',#12)
NAMED_UNIT(#5)
PLANE_ANGLE_UNIT()
);
#14=(
NAMED_UNIT(*)
SI_UNIT($,.STERADIAN.)
SOLID_ANGLE_UNIT()
);
#15=(
GEOMETRIC_REPRESENTATION_CONTEXT(3)
GLOBAL_UNCERTAINTY_ASSIGNED_CONTEXT((#10))
GLOBAL_UNIT_ASSIGNED_CONTEXT((#9,#13,#14))
REPRESENTATION_CONTEXT('STANDARD','3D')
);
#16=CARTESIAN_POINT('',(0.,0.,0.));
#17=DIRECTION('',(0.,0.,1.));
#18=DIRECTION('',(1.,0.,0.));
#19=AXIS2_PLACEMENT_3D('',#16,#17,#18);
#20=APPLICATION_CONTEXT('configuration controlled 3d designs of mechanical parts and assemblies');
#21=MECHANICAL_CONTEXT('',#20,'mechanical');
#22=APPLICATION_PROTOCOL_DEFINITION('international standard','config_control_design',1994,#20);
#23=DESIGN_CONTEXT('',#20,'design');
#24=PRODUCT('','prodname','',(#21));
#25=PRODUCT_RELATED_PRODUCT_CATEGORY('assembly','',(#24));
#26=PRODUCT_DEFINITION_FORMATION_WITH_SPECIFIED_SOURCE('','',#24,.MADE.);
#27=PRODUCT_DEFINITION('','',#26,#23);
#28=PRODUCT_DEFINITION_SHAPE('','ProductShapeDescription',#27);
#29=SHAPE_REPRESENTATION('',(#19),#15);
#30=SHAPE_DEFINITION_REPRESENTATION(#28,#29);
#31=PERSON('','Doe','John',$,$,$);
#32=ORGANIZATION('','','');
#33=PERSON_AND_ORGANIZATION(#31,#32);
#34=PERSON_AND_ORGANIZATION_ROLE('creator');
#35=PERSON_AND_ORGANIZATION_ROLE('design_owner');
#36=PERSON_AND_ORGANIZATION_ROLE('design_supplier');
#37=APPROVAL_STATUS('approved');
#38=APPROVAL(#37,'');
#39=APPROVAL_DATE_TIME(#4,#38);
#40=APPROVAL_ROLE('approver');
#41=APPROVAL_PERSON_ORGANIZATION(#33,#38,#40);
#42=SECURITY_CLASSIFICATION_LEVEL('unclassified');
#43=SECURITY_CLASSIFICATION('','',#42);
#44=CC_DESIGN_SECURITY_CLASSIFICATION(#43,(#26));
#45=PERSON_AND_ORGANIZATION_ROLE('classification_officer');
#46=CC_DESIGN_PERSON_AND_ORGANIZATION_ASSIGNMENT(#33,#45,(#43));
#47=DATE_TIME_ROLE('classification_date');
#48=CC_DESIGN_DATE_AND_TIME_ASSIGNMENT(#4,#47,(#43));
#49=CC_DESIGN_APPROVAL(#38,(#27,#26,#43));
#50=CC_DESIGN_PERSON_AND_ORGANIZATION_ASSIGNMENT(#33,#34,(#27,#26));
#51=CC_DESIGN_PERSON_AND_ORGANIZATION_ASSIGNMENT(#33,#36,(#26));
#52=DATE_TIME_ROLE('creation_date');
#53=CC_DESIGN_DATE_AND_TIME_ASSIGNMENT(#4,#52,(#27));
#54=CC_DESIGN_PERSON_AND_ORGANIZATION_ASSIGNMENT(#33,#35,(#24));
#55=B_SPLINE_SURFACE_WITH_KNOTS('Surf_ICOLGFOOWM, Tail, 0, 0',5,3,((#56, #57, #58, #74, #75, #76, #92, #93, #94, #110, #111, #112, #128, #129, #130, #146, #147, #148, #164, #165, #166, #182, #183, #184, #200, #201, #202, #218, #219, #220, #236, #237, #238, #254, #255, #256, #272, #273, #274, #290, #291, #292, #308, #309, #310, #326, #327, #328, #344, #345, #346, #362, #363, #364, #380, #381, #382, #398, #399, #400, #416, #417, #418, #434, #435, #436, #452, #453, #454, #470, #471, #472, #488, #489, #490, #506, #507, #508, #524, #525, #526, #542, #543, #544, #560, #561, #562, #578, #579, #580, #596, #597, #598, #614, #615, #616, #632, #633, #634, #650, #651, #652, #668, #669, #670, #686, #687, #688, #704, #705, #706, #722, #723, #724, #740, #741, #742, #758, #759, #760, #776, #777, #778, #794, #795, #796, #812, #813, #814, #830, #831, #832, #848, #849, #850, #866, #867, #868, #869),(#59, #60, #61, #77, #78, #79, #95, #96, #97, #113, #114, #115, #131, #132, #133, #149, #150, #151, #167, #168, #169, #185, #186, #187, #203, #204, #205, #221, #222, #223, #239, #240, #241, #257, #258, #259, #275, #276, #277, #293, #294, #295, #311, #312, #313, #329, #330, #331, #347, #348, #349, #365, #366, #367, #383, #384, #385, #401, #402, #403, #419, #420, #421, #437, #438, #439, #455, #456, #457, #473, #474, #475, #491, #492, #493, #509, #510, #511, #527, #528, #529, #545, #546, #547, #563, #564, #565, #581, #582, #583, #599, #600, #601, #617, #618, #619, #635, #636, #637, #653, #654, #655, #671, #672, #673, #689, #690, #691, #707, #708, #709, #725, #726, #727, #743, #744, #745, #761, #762, #763, #779, #780, #781, #797, #798, #799, #815, #816, #817, #833, #834, #835, #851, #852, #853, #870, #871, #872, #873),(#62, #63, #64, #80, #81, #82, #98, #99, #100, #116, #117, #118, #134, #135, #136, #152, #153, #154, #170, #171, #172, #188, #189, #190, #206, #207, #208, #224, #225, #226, #242, #243, #244, #260, #261, #262, #278, #279, #280, #296, #297, #298, #314, #315, #316, #332, #333, #334, #350, #351, #352, #368, #369, #370, #386, #387, #388, #404, #405, #406, #422, #423, #424, #440, #441, #442, #458, #459, #460, #476, #477, #478, #494, #495, #496, #512, #513, #514, #530, #531, #532, #548, #549, #550, #566, #567, #568, #584, #585, #586, #602, #603, #604, #620, #621, #622, #638, #639, #640, #656, #657, #658, #674, #675, #676, #692, #693, #694, #710, #711, #712, #728, #729, #730, #746, #747, #748, #764, #765, #766, #782, #783, #784, #800, #801, #802, #818, #819, #820, #836, #837, #838, #854, #855, #856, #874, #875, #876, #877),(#65, #66, #67, #83, #84, #85, #101, #102, #103, #119, #120, #121, #137, #138, #139, #155, #156, #157, #173, #174, #175, #191, #192, #193, #209, #210, #211, #227, #228, #229, #245, #246, #247, #263, #264, #265, #281, #282, #283, #299, #300, #301, #317, #318, #319, #335, #336, #337, #353, #354, #355, #371, #372, #373, #389, #390, #391, #407, #408, #409, #425, #426, #427, #443, #444, #445, #461, #462, #463, #479, #480, #481, #497, #498, #499, #515, #516, #517, #533, #534, #535, #551, #552, #553, #569, #570, #571, #587, #588, #589, #605, #606, #607, #623, #624, #625, #641, #642, #643, #659, #660, #661, #677, #678, #679, #695, #696, #697, #713, #714, #715, #731, #732, #733, #749, #750, #751, #767, #768, #769, #785, #786, #787, #803, #804, #805, #821, #822, #823, #839, #840, #841, #857, #858, #859, #878, #879, #880, #881),(#68, #69, #70, #86, #87, #88, #104, #105, #106, #122, #123, #124, #140, #141, #142, #158, #159, #160, #176, #177, #178, #194, #195, #196, #212, #213, #214, #230, #231, #232, #248, #249, #250, #266, #267, #268, #284, #285, #286, #302, #303, #304, #320, #321, #322, #338, #339, #340, #356, #357, #358, #374, #375, #376, #392, #393, #394, #410, #411, #412, #428, #429, #430, #446, #447, #448, #464, #465, #466, #482, #483, #484, #500, #501, #502, #518, #519, #520, #536, #537, #538, #554, #555, #556, #572, #573, #574, #590, #591, #592, #608, #609, #610, #626, #627, #628, #644, #645, #646, #662, #663, #664, #680, #681, #682, #698, #699, #700, #716, #717, #718, #734, #735, #736, #752, #753, #754, #770, #771, #772, #788, #789, #790, #806, #807, #808, #824, #825, #826, #842, #843, #844, #860, #861, #862, #882, #883, #884, #885),(#71, #72, #73, #89, #90, #91, #107, #108, #109, #125, #126, #127, #143, #144, #145, #161, #162, #163, #179, #180, #181, #197, #198, #199, #215, #216, #217, #233, #234, #235, #251, #252, #253, #269, #270, #271, #287, #288, #289, #305, #306, #307, #323, #324, #325, #341, #342, #343, #359, #360, #361, #377, #378, #379, #395, #396, #397, #413, #414, #415, #431, #432, #433, #449, #450, #451, #467, #468, #469, #485, #486, #487, #503, #504, #505, #521, #522, #523, #539, #540, #541, #557, #558, #559, #575, #576, #577, #593, #594, #595, #611, #612, #613, #629, #630, #631, #647, #648, #649, #665, #666, #667, #683, #684, #685, #701, #702, #703, #719, #720, #721, #737, #738, #739, #755, #756, #757, #773, #774, #775, #791, #792, #793, #809, #810, #811, #827, #828, #829, #845, #846, #847, #863, #864, #865, #886, #887, #888, #889)),.UNSPECIFIED.,.F.,.F.,.F.,(6,6),(4,3,3,3,3,3,3,3,3,3,3,3,3,3,3,3,3,3,3,3,3,3,3,3,3,3,3,3,3,3,3,3,3,3,3,3,3,3,3,3,3,3,3,3,3,3,4),(0.,1.),(0.,1.,2.,3.,4.,5.,6.,7.,8.,9.,10.,11.,12.,13.,14.,15.,16.,17.,18.,19.,20.,21.,22.,23.,24.,25.,26.,27.,28.,29.,30.,31.,32.,33.,34.,35.,36.,37.,38.,39.,40.,41.,42.,43.,44.,45.,46.),.PIECEWISE_BEZIER_KNOTS.);
#56=CARTESIAN_POINT('',(0.15,-1.54074395550979E-34,0.));
#57=CARTESIAN_POINT('',(0.15,0.,0.));
#58=CARTESIAN_POINT('',(0.15,0.,0.));
#59=CARTESIAN_POINT('',(0.15,-1.04083408558608E-18,-0.0075));
#60=CARTESIAN_POINT('',(0.15,0.000468749999999999,-0.0075));
#61=CARTESIAN_POINT('',(0.15,0.0009375,-0.00744140624999999));
#62=CARTESIAN_POINT('',(0.15,-2.08166817117217E-18,-0.015));
#63=CARTESIAN_POINT('',(0.15,0.000937499999999999,-0.015));
#64=CARTESIAN_POINT('',(0.15,0.001875,-0.0148828125));
#65=CARTESIAN_POINT('',(0.15,-1.83697019872103E-18,-0.02));
#66=CARTESIAN_POINT('',(0.15,0.00220364507734025,-0.02));
#67=CARTESIAN_POINT('',(0.15,0.0044072901546807,-0.0201955141305599));
#68=CARTESIAN_POINT('',(0.15,-9.18485099360515E-19,-0.035));
#69=CARTESIAN_POINT('',(0.15,0.00318515587200346,-0.035));
#70=CARTESIAN_POINT('',(0.15,0.00637031174400702,-0.0350977570652799));
#71=CARTESIAN_POINT('',(0.15,0.,-0.05));
#72=CARTESIAN_POINT('',(0.15,0.00416666666666667,-0.05));
#73=CARTESIAN_POINT('',(0.15,0.00833333333333334,-0.05));
#74=CARTESIAN_POINT('',(0.15,0.,0.));
#75=CARTESIAN_POINT('',(0.15,0.,0.));
#76=CARTESIAN_POINT('',(0.15,0.,0.));
#77=CARTESIAN_POINT('',(0.15,0.00139892578125,-0.00733154296875));
#78=CARTESIAN_POINT('',(0.15,0.0015142822265625,-0.00730407714843749));
#79=CARTESIAN_POINT('',(0.15,0.00162918090820313,-0.00727340698242187));
#80=CARTESIAN_POINT('',(0.15,0.0027978515625,-0.0146630859375));
#81=CARTESIAN_POINT('',(0.15,0.003028564453125,-0.014608154296875));
#82=CARTESIAN_POINT('',(0.15,0.00325836181640625,-0.0145468139648437));
#83=CARTESIAN_POINT('',(0.15,0.00664813855264679,-0.0205787229489225));
#84=CARTESIAN_POINT('',(0.15,0.00720835065213831,-0.0206745251535131));
#85=CARTESIAN_POINT('',(0.15,0.00777088795916893,-0.0207820582760914));
#86=CARTESIAN_POINT('',(0.15,0.0095740692763234,-0.0352893614744612));
#87=CARTESIAN_POINT('',(0.15,0.0103750086594025,-0.0353372625767566));
#88=CARTESIAN_POINT('',(0.15,0.0111771106462511,-0.0353910291380457));
#89=CARTESIAN_POINT('',(0.15,0.0125,-0.05));
#90=CARTESIAN_POINT('',(0.15,0.0135416666666667,-0.05));
#91=CARTESIAN_POINT('',(0.15,0.0145833333333333,-0.05));
#92=CARTESIAN_POINT('',(0.15,0.,0.));
#93=CARTESIAN_POINT('',(0.15,0.,0.));
#94=CARTESIAN_POINT('',(0.15,0.,0.));
#95=CARTESIAN_POINT('',(0.15,0.00174350738525391,-0.00723964691162109));
#96=CARTESIAN_POINT('',(0.15,0.0017720890045166,-0.00723120689392089));
#97=CARTESIAN_POINT('',(0.15,0.00180063486099243,-0.00722257375717162));
#98=CARTESIAN_POINT('',(0.15,0.00348701477050781,-0.0144792938232422));
#99=CARTESIAN_POINT('',(0.15,0.0035441780090332,-0.0144624137878418));
#100=CARTESIAN_POINT('',(0.15,0.00360126972198486,-0.0144451475143432));
#101=CARTESIAN_POINT('',(0.15,0.00833633177562343,-0.0209012001378643));
#102=CARTESIAN_POINT('',(0.15,0.00847769272973705,-0.0209309856033076));
#103=CARTESIAN_POINT('',(0.15,0.00861923534068967,-0.0209614966149505));
#104=CARTESIAN_POINT('',(0.15,0.0119806658878117,-0.0354506000689322));
#105=CARTESIAN_POINT('',(0.15,0.0121815546982019,-0.0354654928016538));
#106=CARTESIAN_POINT('',(0.15,0.0123825343370115,-0.0354807483074753));
#107=CARTESIAN_POINT('',(0.15,0.015625,-0.05));
#108=CARTESIAN_POINT('',(0.15,0.0158854166666667,-0.05));
#109=CARTESIAN_POINT('',(0.15,0.0161458333333333,-0.05));
#110=CARTESIAN_POINT('',(0.15,0.,0.));
#111=CARTESIAN_POINT('',(0.15,0.,0.));
#112=CARTESIAN_POINT('',(0.15,0.,0.));
#113=CARTESIAN_POINT('',(0.15,0.00182914316654205,-0.00721374928951263));
#114=CARTESIAN_POINT('',(0.15,0.00183627024292946,-0.00721154317259788));
#115=CARTESIAN_POINT('',(0.15,0.00184339497238398,-0.00720932509750127));
#116=CARTESIAN_POINT('',(0.15,0.00365828633308411,-0.0144274985790253));
#117=CARTESIAN_POINT('',(0.15,0.00367254048585892,-0.0144230863451958));
#118=CARTESIAN_POINT('',(0.15,0.00368678994476795,-0.0144186501950025));
#119=CARTESIAN_POINT('',(0.15,0.00876096869132322,-0.0209927312637494));
#120=CARTESIAN_POINT('',(0.15,0.00879640202898161,-0.0210005399259491));
#121=CARTESIAN_POINT('',(0.15,0.00883184728787006,-0.0210083938154711));
#122=CARTESIAN_POINT('',(0.15,0.0125836093456616,-0.0354963656318747));
#123=CARTESIAN_POINT('',(0.15,0.0126338780978241,-0.0355002699629746));
#124=CARTESIAN_POINT('',(0.15,0.0126841528106017,-0.0355041969077356));
#125=CARTESIAN_POINT('',(0.15,0.01640625,-0.05));
#126=CARTESIAN_POINT('',(0.15,0.0164713541666667,-0.05));
#127=CARTESIAN_POINT('',(0.15,0.0165364583333333,-0.05));
#128=CARTESIAN_POINT('',(0.15,3.46944695195361E-19,0.));
#129=CARTESIAN_POINT('',(0.15,0.,0.));
#130=CARTESIAN_POINT('',(0.15,3.46944695195361E-19,0.));
#131=CARTESIAN_POINT('',(0.15,0.00185051732696593,-0.00720709509216248));
#132=CARTESIAN_POINT('',(0.15,0.00185229791561142,-0.00720653759082779));
#133=CARTESIAN_POINT('',(0.15,0.00185407835582737,-0.00720597934385295));
#134=CARTESIAN_POINT('',(0.15,0.00370103465393186,-0.014414190184325));
#135=CARTESIAN_POINT('',(0.15,0.00370459583122283,-0.0144130751816556));
#136=CARTESIAN_POINT('',(0.15,0.00370815671165474,-0.0144119586877059));
#137=CARTESIAN_POINT('',(0.15,0.00886730460990797,-0.0210162929024865));
#138=CARTESIAN_POINT('',(0.15,0.00887616894041745,-0.0210182676742404));
#139=CARTESIAN_POINT('',(0.15,0.00888503402487377,-0.0210202452708376));
#140=CARTESIAN_POINT('',(0.15,0.012734433554954,-0.0355081464512433));
#141=CARTESIAN_POINT('',(0.15,0.0127470037410421,-0.0355091338371202));
#142=CARTESIAN_POINT('',(0.15,0.0127595743041036,-0.0355101226354188));
#143=CARTESIAN_POINT('',(0.15,0.0166015625,-0.05));
#144=CARTESIAN_POINT('',(0.15,0.0166178385416667,-0.05));
#145=CARTESIAN_POINT('',(0.15,0.0166341145833333,-0.05));
#146=CARTESIAN_POINT('',(0.15,0.,0.));
#147=CARTESIAN_POINT('',(0.15,0.,-1.38777878078145E-18));
#148=CARTESIAN_POINT('',(0.15,0.,0.));
#149=CARTESIAN_POINT('',(0.15,0.00185585864717723,-0.00720542035167454));
#150=CARTESIAN_POINT('',(0.15,0.00185763893852709,-0.00720486135949613));
#151=CARTESIAN_POINT('',(0.15,0.00185941908101086,-0.00720430162211414));
#152=CARTESIAN_POINT('',(0.15,0.00371171729435446,-0.0144108407033491));
#153=CARTESIAN_POINT('',(0.15,0.00371527787705418,-0.0144097227189923));
#154=CARTESIAN_POINT('',(0.15,0.00371883816202171,-0.0144086032442283));
#155=CARTESIAN_POINT('',(0.15,0.00889389986549443,-0.021022225691812));
#156=CARTESIAN_POINT('',(0.15,0.00890276570611508,-0.0210242061127865));
#157=CARTESIAN_POINT('',(0.15,0.00891163230290006,-0.0210261893581382));
#158=CARTESIAN_POINT('',(0.15,0.0127721452452472,-0.035511112845906));
#159=CARTESIAN_POINT('',(0.15,0.0127847161863909,-0.0355121030563933));
#160=CARTESIAN_POINT('',(0.15,0.0127972875056167,-0.0355130946790691));
#161=CARTESIAN_POINT('',(0.15,0.016650390625,-0.05));
#162=CARTESIAN_POINT('',(0.15,0.0166666666666667,-0.05));
#163=CARTESIAN_POINT('',(0.15,0.0166829427083333,-0.05));
#164=CARTESIAN_POINT('',(0.15,0.,0.));
#165=CARTESIAN_POINT('',(0.15,0.,0.));
#166=CARTESIAN_POINT('',(0.15,0.,0.));
#167=CARTESIAN_POINT('',(0.15,0.00186119907419197,-0.00720374113996513));
#168=CARTESIAN_POINT('',(0.15,0.00186475906055421,-0.0072026201756671));
#169=CARTESIAN_POINT('',(0.15,0.00186831844970584,-0.00720149623230099));
#170=CARTESIAN_POINT('',(0.15,0.00372239814838394,-0.0144074822799303));
#171=CARTESIAN_POINT('',(0.15,0.00372951812110841,-0.0144052403513342));
#172=CARTESIAN_POINT('',(0.15,0.00373663689941168,-0.014402992464602));
#173=CARTESIAN_POINT('',(0.15,0.00892049965806686,-0.0210281754274011));
#174=CARTESIAN_POINT('',(0.15,0.00893823436840048,-0.021032147565927));
#175=CARTESIAN_POINT('',(0.15,0.00895597211226138,-0.0210361310000976));
#176=CARTESIAN_POINT('',(0.15,0.0128098592040334,-0.0355140877137006));
#177=CARTESIAN_POINT('',(0.15,0.0128350026008669,-0.0355160737829635));
#178=CARTESIAN_POINT('',(0.15,0.012860147514464,-0.0355180655000488));
#179=CARTESIAN_POINT('',(0.15,0.01669921875,-0.05));
#180=CARTESIAN_POINT('',(0.15,0.0167317708333333,-0.05));
#181=CARTESIAN_POINT('',(0.15,0.0167643229166667,-0.05));
#182=CARTESIAN_POINT('',(0.15,0.,0.));
#183=CARTESIAN_POINT('',(0.15,0.,0.));
#184=CARTESIAN_POINT('',(0.15,3.46944695195361E-19,0.));
#185=CARTESIAN_POINT('',(0.15,0.00187187723815441,-0.00720036931335926));
#186=CARTESIAN_POINT('',(0.15,0.0018861123919487,-0.00719586163759231));
#187=CARTESIAN_POINT('',(0.15,0.00190033793449402,-0.00719130635261535));
#188=CARTESIAN_POINT('',(0.15,0.00374375447630882,-0.0144007386267185));
#189=CARTESIAN_POINT('',(0.15,0.0037722247838974,-0.0143917232751846));
#190=CARTESIAN_POINT('',(0.15,0.00380067586898804,-0.0143826127052307));
#191=CARTESIAN_POINT('',(0.15,0.0089737129073895,-0.0210401257261843));
#192=CARTESIAN_POINT('',(0.15,0.009044676087902,-0.0210561046305313));
#193=CARTESIAN_POINT('',(0.15,0.00911568808868997,-0.0210722642055369));
#194=CARTESIAN_POINT('',(0.15,0.0128852939536948,-0.0355200628630922));
#195=CARTESIAN_POINT('',(0.15,0.0129858797106177,-0.0355280523152657));
#196=CARTESIAN_POINT('',(0.15,0.0130864898776783,-0.0355361321027684));
#197=CARTESIAN_POINT('',(0.15,0.016796875,-0.05));
#198=CARTESIAN_POINT('',(0.15,0.0169270833333333,-0.05));
#199=CARTESIAN_POINT('',(0.15,0.0170572916666667,-0.05));
#200=CARTESIAN_POINT('',(0.15,3.46944695195361E-19,0.));
#201=CARTESIAN_POINT('',(0.15,3.46944695195361E-19,-1.38777878078145E-18));
#202=CARTESIAN_POINT('',(0.15,0.,0.));
#203=CARTESIAN_POINT('',(0.15,0.00191455364227295,-0.0071867036819458));
#204=CARTESIAN_POINT('',(0.15,0.00197141647338867,-0.00716829299926757));
#205=CARTESIAN_POINT('',(0.15,0.00202812194824219,-0.00714912414550781));
#206=CARTESIAN_POINT('',(0.15,0.0038291072845459,-0.0143734073638916));
#207=CARTESIAN_POINT('',(0.15,0.00394283294677734,-0.0143365859985352));
#208=CARTESIAN_POINT('',(0.15,0.00405624389648437,-0.0142982482910156));
#209=CARTESIAN_POINT('',(0.15,0.00918675004510867,-0.0210886042125705));
#210=CARTESIAN_POINT('',(0.15,0.00947099787078345,-0.0211539642407052));
#211=CARTESIAN_POINT('',(0.15,0.0097560449865498,-0.0212222111812893));
#212=CARTESIAN_POINT('',(0.15,0.0131871250225543,-0.0355443021062853));
#213=CARTESIAN_POINT('',(0.15,0.0135896656020584,-0.0355769821203526));
#214=CARTESIAN_POINT('',(0.15,0.0139926058266082,-0.0356111055906446));
#215=CARTESIAN_POINT('',(0.15,0.0171875,-0.05));
#216=CARTESIAN_POINT('',(0.15,0.0177083333333333,-0.05));
#217=CARTESIAN_POINT('',(0.15,0.0182291666666667,-0.05));
#218=CARTESIAN_POINT('',(0.15,0.,0.));
#219=CARTESIAN_POINT('',(0.15,0.,0.));
#220=CARTESIAN_POINT('',(0.15,0.,0.));
#221=CARTESIAN_POINT('',(0.15,0.00208465576171875,-0.00712921142578125));
#222=CARTESIAN_POINT('',(0.15,0.002310791015625,-0.007049560546875));
#223=CARTESIAN_POINT('',(0.15,0.0025341796875,-0.0069580078125));
#224=CARTESIAN_POINT('',(0.15,0.0041693115234375,-0.0142584228515625));
#225=CARTESIAN_POINT('',(0.15,0.00462158203125,-0.01409912109375));
#226=CARTESIAN_POINT('',(0.15,0.005068359375,-0.013916015625));
#227=CARTESIAN_POINT('',(0.15,0.0100419640551433,-0.0212933297619738));
#228=CARTESIAN_POINT('',(0.15,0.0111856403295173,-0.0215778040847118));
#229=CARTESIAN_POINT('',(0.15,0.0123432678491259,-0.0219082246490559));
#230=CARTESIAN_POINT('',(0.15,0.0143959820275717,-0.0356466648809869));
#231=CARTESIAN_POINT('',(0.15,0.0160094868314253,-0.0357889020423559));
#232=CARTESIAN_POINT('',(0.15,0.0176299672578963,-0.035954112324528));
#233=CARTESIAN_POINT('',(0.15,0.01875,-0.05));
#234=CARTESIAN_POINT('',(0.15,0.0208333333333333,-0.05));
#235=CARTESIAN_POINT('',(0.15,0.0229166666666667,-0.05));
#236=CARTESIAN_POINT('',(0.15,0.,0.));
#237=CARTESIAN_POINT('',(0.15,6.93889390390723E-19,-1.38777878078145E-18));
#238=CARTESIAN_POINT('',(0.15,0.,0.));
#239=CARTESIAN_POINT('',(0.15,0.00275390625,-0.00685546875));
#240=CARTESIAN_POINT('',(0.15,0.003193359375,-0.006650390625));
#241=CARTESIAN_POINT('',(0.15,0.0036181640625,-0.0064013671875));
#242=CARTESIAN_POINT('',(0.15,0.0055078125,-0.0137109375));
#243=CARTESIAN_POINT('',(0.15,0.00638671875,-0.01330078125));
#244=CARTESIAN_POINT('',(0.15,0.007236328125,-0.012802734375));
#245=CARTESIAN_POINT('',(0.15,0.0135194970290473,-0.0222836140246614));
#246=CARTESIAN_POINT('',(0.15,0.0158719553888901,-0.0230343927758724));
#247=CARTESIAN_POINT('',(0.15,0.0182988203899838,-0.023965046772129));
#248=CARTESIAN_POINT('',(0.15,0.0192597485145237,-0.0361418070123307));
#249=CARTESIAN_POINT('',(0.15,0.0225193110277784,-0.0365171963879362));
#250=CARTESIAN_POINT('',(0.15,0.0258160768616586,-0.0369825233860645));
#251=CARTESIAN_POINT('',(0.15,0.025,-0.05));
#252=CARTESIAN_POINT('',(0.15,0.0291666666666667,-0.05));
#253=CARTESIAN_POINT('',(0.15,0.0333333333333333,-0.05));
#254=CARTESIAN_POINT('',(0.15,0.,-6.93889390390723E-19));
#255=CARTESIAN_POINT('',(0.15,6.93889390390723E-19,0.));
#256=CARTESIAN_POINT('',(0.15,0.,-6.93889390390723E-19));
#257=CARTESIAN_POINT('',(0.15,0.00402099609375,-0.00611572265625));
#258=CARTESIAN_POINT('',(0.15,0.00407135009765625,-0.00608001708984375));
#259=CARTESIAN_POINT('',(0.15,0.00412136077880859,-0.00604373931884765));
#260=CARTESIAN_POINT('',(0.15,0.0080419921875,-0.0122314453125));
#261=CARTESIAN_POINT('',(0.15,0.0081427001953125,-0.0121600341796875));
#262=CARTESIAN_POINT('',(0.15,0.00824272155761719,-0.0120874786376953));
#263=CARTESIAN_POINT('',(0.15,0.0208328930094119,-0.0250559116309236));
#264=CARTESIAN_POINT('',(0.15,0.0211496520868405,-0.025192269738273));
#265=CARTESIAN_POINT('',(0.15,0.0214680862833055,-0.0253311311403495));
#266=CARTESIAN_POINT('',(0.15,0.029166446504706,-0.0375279558154618));
#267=CARTESIAN_POINT('',(0.15,0.0295852427100869,-0.0375961348691365));
#268=CARTESIAN_POINT('',(0.15,0.0300048764749861,-0.0376655655701747));
#269=CARTESIAN_POINT('',(0.15,0.0375,-0.05));
#270=CARTESIAN_POINT('',(0.15,0.0380208333333333,-0.05));
#271=CARTESIAN_POINT('',(0.15,0.0385416666666667,-0.05));
#272=CARTESIAN_POINT('',(0.15,0.,-6.93889390390723E-19));
#273=CARTESIAN_POINT('',(0.15,0.,-6.93889390390723E-19));
#274=CARTESIAN_POINT('',(0.15,0.,0.));
#275=CARTESIAN_POINT('',(0.15,0.00417101383209229,-0.00600690364837646));
#276=CARTESIAN_POINT('',(0.15,0.00419584035873413,-0.00598848581314087));
#277=CARTESIAN_POINT('',(0.15,0.00422057747840882,-0.0059699285030365));
#278=CARTESIAN_POINT('',(0.15,0.00834202766418457,-0.0120138072967529));
#279=CARTESIAN_POINT('',(0.15,0.00839168071746827,-0.0119769716262817));
#280=CARTESIAN_POINT('',(0.15,0.00844115495681763,-0.011939857006073));
#281=CARTESIAN_POINT('',(0.15,0.0217882542574647,-0.0254724556054525));
#282=CARTESIAN_POINT('',(0.15,0.0219483382445443,-0.025543117838004));
#283=CARTESIAN_POINT('',(0.15,0.0221088556760474,-0.0256143958363122));
#284=CARTESIAN_POINT('',(0.15,0.0304253771287323,-0.0377362278027262));
#285=CARTESIAN_POINT('',(0.15,0.0306356274556055,-0.037771558919002));
#286=CARTESIAN_POINT('',(0.15,0.0308460945046904,-0.0378071979181561));
#287=CARTESIAN_POINT('',(0.15,0.0390625,-0.05));
#288=CARTESIAN_POINT('',(0.15,0.0393229166666667,-0.05));
#289=CARTESIAN_POINT('',(0.15,0.0395833333333333,-0.05));
#290=CARTESIAN_POINT('',(0.15,0.,-6.93889390390723E-19));
#291=CARTESIAN_POINT('',(0.15,0.,0.));
#292=CARTESIAN_POINT('',(0.15,6.93889390390723E-19,-6.93889390390723E-19));
#293=CARTESIAN_POINT('',(0.15,0.00424522340297699,-0.0059512335062027));
#294=CARTESIAN_POINT('',(0.15,0.00424830414354801,-0.00594889663159847));
#295=CARTESIAN_POINT('',(0.15,0.0042513834591955,-0.0059465576056391));
#296=CARTESIAN_POINT('',(0.15,0.00849044680595398,-0.0119024670124054));
#297=CARTESIAN_POINT('',(0.15,0.00849660828709603,-0.0118977932631969));
#298=CARTESIAN_POINT('',(0.15,0.00850276691839099,-0.0118931152112782));
#299=CARTESIAN_POINT('',(0.15,0.0222698142763068,-0.0256862840524222));
#300=CARTESIAN_POINT('',(0.15,0.0222899341013393,-0.0256952700794359));
#301=CARTESIAN_POINT('',(0.15,0.0223100608196335,-0.0257042656411028));
#302=CARTESIAN_POINT('',(0.15,0.0310567821381534,-0.0378431420262111));
#303=CARTESIAN_POINT('',(0.15,0.0310831180923363,-0.037847635039718));
#304=CARTESIAN_POINT('',(0.15,0.0311094574931501,-0.0378521328205514));
#305=CARTESIAN_POINT('',(0.15,0.03984375,-0.05));
#306=CARTESIAN_POINT('',(0.15,0.0398763020833333,-0.05));
#307=CARTESIAN_POINT('',(0.15,0.0399088541666667,-0.05));
#308=CARTESIAN_POINT('',(0.15,6.93889390390723E-19,-6.93889390390723E-19));
#309=CARTESIAN_POINT('',(0.15,0.,0.));
#310=CARTESIAN_POINT('',(0.15,6.93889390390723E-19,0.));
#311=CARTESIAN_POINT('',(0.15,0.00425446134642698,-0.00594421643181704));
#312=CARTESIAN_POINT('',(0.15,0.00425600029004272,-0.00594304584490601));
#313=CARTESIAN_POINT('',(0.15,0.00425753887655447,-0.00594187472102931));
#314=CARTESIAN_POINT('',(0.15,0.00850892269285396,-0.0118884328636341));
#315=CARTESIAN_POINT('',(0.15,0.00851200058008545,-0.011886091689812));
#316=CARTESIAN_POINT('',(0.15,0.00851507775310893,-0.0118837494420586));
#317=CARTESIAN_POINT('',(0.15,0.0223301944443725,-0.0257132707278785));
#318=CARTESIAN_POINT('',(0.15,0.022340261256742,-0.0257177732712663));
#319=CARTESIAN_POINT('',(0.15,0.0223503297957226,-0.0257222781959313));
#320=CARTESIAN_POINT('',(0.15,0.0311358003471862,-0.0378566353639392));
#321=CARTESIAN_POINT('',(0.15,0.0311489717742043,-0.0378588866356331));
#322=CARTESIAN_POINT('',(0.15,0.031162144064528,-0.0378611390979656));
#323=CARTESIAN_POINT('',(0.15,0.03994140625,-0.05));
#324=CARTESIAN_POINT('',(0.15,0.0399576822916667,-0.05));
#325=CARTESIAN_POINT('',(0.15,0.0399739583333334,-0.05));
#326=CARTESIAN_POINT('',(0.15,0.,-6.93889390390723E-19));
#327=CARTESIAN_POINT('',(0.15,0.,-6.93889390390723E-19));
#328=CARTESIAN_POINT('',(0.15,0.,-6.93889390390723E-19));
#329=CARTESIAN_POINT('',(0.15,0.00425907710552565,-0.00594070306062349));
#330=CARTESIAN_POINT('',(0.15,0.00426061533449684,-0.00593953140021767));
#331=CARTESIAN_POINT('',(0.15,0.00426215320592746,-0.00593835920328274));
#332=CARTESIAN_POINT('',(0.15,0.0085181542110513,-0.011881406121247));
#333=CARTESIAN_POINT('',(0.15,0.00852123066899367,-0.0118790628004353));
#334=CARTESIAN_POINT('',(0.15,0.00852430641185493,-0.0118767184065655));
#335=CARTESIAN_POINT('',(0.15,0.0223604000632579,-0.0257267855004633));
#336=CARTESIAN_POINT('',(0.15,0.0223704703307932,-0.0257312928049953));
#337=CARTESIAN_POINT('',(0.15,0.0223758729813341,-0.025735794438217));
#338=CARTESIAN_POINT('',(0.15,0.031175317219129,-0.0378633927502316));
#339=CARTESIAN_POINT('',(0.15,0.0311884903737299,-0.0378656464024976));
#340=CARTESIAN_POINT('',(0.15,0.0311969950470592,-0.0378678931935199));
#341=CARTESIAN_POINT('',(0.15,0.039990234375,-0.05));
#342=CARTESIAN_POINT('',(0.15,0.0400065104166667,-0.05));
#343=CARTESIAN_POINT('',(0.15,0.0400181171127843,-0.0499999919488228));
#344=CARTESIAN_POINT('',(0.15,0.,-6.93889390390723E-19));
#345=CARTESIAN_POINT('',(0.15,0.,-6.93889390390723E-19));
#346=CARTESIAN_POINT('',(0.15,6.93889390390723E-19,0.));
#347=CARTESIAN_POINT('',(0.15,0.00426369071938098,-0.00593718647025525));
#348=CARTESIAN_POINT('',(0.15,0.00426984077319503,-0.0059324955381453));
#349=CARTESIAN_POINT('',(0.15,0.00427598509937525,-0.00592779602855444));
#350=CARTESIAN_POINT('',(0.15,0.00852738143876195,-0.0118743729405105));
#351=CARTESIAN_POINT('',(0.15,0.00853968154639006,-0.0118649910762906));
#352=CARTESIAN_POINT('',(0.15,0.0085519701987505,-0.0118555920571089));
#353=CARTESIAN_POINT('',(0.15,0.0223826080179081,-0.0257402662803897));
#354=CARTESIAN_POINT('',(0.15,0.0224095481642041,-0.0257581536490801));
#355=CARTESIAN_POINT('',(0.15,0.0224364755447811,-0.0257756770423667));
#356=CARTESIAN_POINT('',(0.15,0.0312068312412478,-0.0378701090042123));
#357=CARTESIAN_POINT('',(0.15,0.031246176018002,-0.0378789722469817));
#358=CARTESIAN_POINT('',(0.15,0.0312854941862565,-0.0378874524858549));
#359=CARTESIAN_POINT('',(0.15,0.0400310544645875,-0.0499999517280349));
#360=CARTESIAN_POINT('',(0.15,0.0400828038718,-0.0499997908448833));
#361=CARTESIAN_POINT('',(0.15,0.040134512827732,-0.0499992279293432));
#362=CARTESIAN_POINT('',(0.15,0.,0.));
#363=CARTESIAN_POINT('',(0.15,0.,0.));
#364=CARTESIAN_POINT('',(0.15,6.93889390390723E-19,-6.93889390390723E-19));
#365=CARTESIAN_POINT('',(0.15,0.00428212366998196,-0.00592308796942234));
#366=CARTESIAN_POINT('',(0.15,0.00429440081119538,-0.00591367185115814));
#367=CARTESIAN_POINT('',(0.15,0.00430665493011475,-0.005904221534729));
#368=CARTESIAN_POINT('',(0.15,0.00856424733996392,-0.0118461759388447));
#369=CARTESIAN_POINT('',(0.15,0.00858880162239075,-0.0118273437023163));
#370=CARTESIAN_POINT('',(0.15,0.00861330986022949,-0.011808443069458));
#371=CARTESIAN_POINT('',(0.15,0.0224633860399012,-0.025792838130006));
#372=CARTESIAN_POINT('',(0.15,0.0225172070301414,-0.0258271603052847));
#373=CARTESIAN_POINT('',(0.15,0.022570960478554,-0.0258600332579745));
#374=CARTESIAN_POINT('',(0.15,0.0313247815677843,-0.0378955514331629));
#375=CARTESIAN_POINT('',(0.15,0.0314033563308399,-0.0379117493277789));
#376=CARTESIAN_POINT('',(0.15,0.0314818079469886,-0.037926422056134));
#377=CARTESIAN_POINT('',(0.15,0.0401861770956674,-0.0499982647363199));
#378=CARTESIAN_POINT('',(0.15,0.0402895056315384,-0.0499963383502732));
#379=CARTESIAN_POINT('',(0.15,0.0403926554154232,-0.0499928108542936));
#380=CARTESIAN_POINT('',(0.15,0.,0.));
#381=CARTESIAN_POINT('',(0.15,0.,-6.93889390390723E-19));
#382=CARTESIAN_POINT('',(0.15,0.,-6.93889390390723E-19));
#383=CARTESIAN_POINT('',(0.15,0.00431888580322266,-0.00589473724365234));
#384=CARTESIAN_POINT('',(0.15,0.00441673278808594,-0.00581886291503906));
#385=CARTESIAN_POINT('',(0.15,0.00451309204101563,-0.00574081420898437));
#386=CARTESIAN_POINT('',(0.15,0.00863777160644532,-0.0117894744873047));
#387=CARTESIAN_POINT('',(0.15,0.00883346557617188,-0.0116377258300781));
#388=CARTESIAN_POINT('',(0.15,0.00902618408203125,-0.0114816284179687));
#389=CARTESIAN_POINT('',(0.15,0.0226246134188208,-0.0258914703432034));
#390=CARTESIAN_POINT('',(0.15,0.023053836940955,-0.0261429670250346));
#391=CARTESIAN_POINT('',(0.15,0.023476627941754,-0.0263025681893646));
#392=CARTESIAN_POINT('',(0.15,0.0315601029862073,-0.0379395833154131));
#393=CARTESIAN_POINT('',(0.15,0.0321864632999569,-0.0380448733896453));
#394=CARTESIAN_POINT('',(0.15,0.032802802690186,-0.0380534294430089));
#395=CARTESIAN_POINT('',(0.15,0.0404955925535938,-0.0499876962876227));
#396=CARTESIAN_POINT('',(0.15,0.0413190896589588,-0.0499467797542559));
#397=CARTESIAN_POINT('',(0.15,0.0421289774386181,-0.0498042906966531));
#398=CARTESIAN_POINT('',(0.15,0.,-6.93889390390723E-19));
#399=CARTESIAN_POINT('',(0.15,6.93889390390723E-19,0.));
#400=CARTESIAN_POINT('',(0.15,6.93889390390723E-19,-6.93889390390723E-19));
#401=CARTESIAN_POINT('',(0.15,0.00460784912109375,-0.00566070556640625));
#402=CARTESIAN_POINT('',(0.15,0.00479736328125,-0.00550048828125));
#403=CARTESIAN_POINT('',(0.15,0.00498046875,-0.00533203125));
#404=CARTESIAN_POINT('',(0.15,0.0092156982421875,-0.0113214111328125));
#405=CARTESIAN_POINT('',(0.15,0.0095947265625,-0.0110009765625));
#406=CARTESIAN_POINT('',(0.15,0.0099609375,-0.0106640625));
#407=CARTESIAN_POINT('',(0.15,0.0238761037789233,-0.0263771036057437));
#408=CARTESIAN_POINT('',(0.15,0.0246750554532619,-0.0265261744385019));
#409=CARTESIAN_POINT('',(0.15,0.0253807464730815,-0.0263349822794566));
#410=CARTESIAN_POINT('',(0.15,0.0333920030413779,-0.0379722604061849));
#411=CARTESIAN_POINT('',(0.15,0.0345704037437616,-0.0378099223325369));
#412=CARTESIAN_POINT('',(0.15,0.0356402482899959,-0.0372886838981387));
#413=CARTESIAN_POINT('',(0.15,0.0429079023038325,-0.049567417206626));
#414=CARTESIAN_POINT('',(0.15,0.0444657520342612,-0.0490936702265719));
#415=CARTESIAN_POINT('',(0.15,0.0458997501069103,-0.0482423855168207));
#416=CARTESIAN_POINT('',(0.15,0.,-6.93889390390723E-19));
#417=CARTESIAN_POINT('',(0.15,6.93889390390723E-19,0.));
#418=CARTESIAN_POINT('',(0.15,0.,0.));
#419=CARTESIAN_POINT('',(0.15,0.00515625,-0.00515625));
#420=CARTESIAN_POINT('',(0.15,0.00515762329101563,-0.00515487670898437));
#421=CARTESIAN_POINT('',(0.15,0.00515899613499642,-0.00515350297093391));
#422=CARTESIAN_POINT('',(0.15,0.0103125,-0.0103125));
#423=CARTESIAN_POINT('',(0.15,0.0103152465820313,-0.0103097534179687));
#424=CARTESIAN_POINT('',(0.15,0.0103179922699928,-0.0103070059418678));
#425=CARTESIAN_POINT('',(0.15,0.0258578643762691,-0.0258578643762691));
#426=CARTESIAN_POINT('',(0.15,0.0258615918598877,-0.0258541368926504));
#427=CARTESIAN_POINT('',(0.15,0.0258653018919839,-0.0258503954580359));
#428=CARTESIAN_POINT('',(0.15,0.0364644660940673,-0.0364644660940673));
#429=CARTESIAN_POINT('',(0.15,0.0364709052956616,-0.0364580268924729));
#430=CARTESIAN_POINT('',(0.15,0.0364773260048627,-0.0364515726990121));
#431=CARTESIAN_POINT('',(0.15,0.0470710678118655,-0.0470710678118655));
#432=CARTESIAN_POINT('',(0.15,0.0470802187314354,-0.0470619168922955));
#433=CARTESIAN_POINT('',(0.15,0.0470893501177415,-0.0470527499399883));
#434=CARTESIAN_POINT('',(0.15,0.,0.));
#435=CARTESIAN_POINT('',(0.15,6.93889390390723E-19,0.));
#436=CARTESIAN_POINT('',(0.15,0.,-6.93889390390723E-19));
#437=CARTESIAN_POINT('',(0.15,0.00516036853150581,-0.00515212878628517));
#438=CARTESIAN_POINT('',(0.15,0.00516174092801521,-0.00515075460163643));
#439=CARTESIAN_POINT('',(0.15,0.00516311287705321,-0.00514937997038942));
#440=CARTESIAN_POINT('',(0.15,0.0103207370630116,-0.0103042575725703));
#441=CARTESIAN_POINT('',(0.15,0.0103234818560304,-0.0103015092032729));
#442=CARTESIAN_POINT('',(0.15,0.0103262257541064,-0.0102987599407788));
#443=CARTESIAN_POINT('',(0.15,0.0258689944466476,-0.0258466401369474));
#444=CARTESIAN_POINT('',(0.15,0.0258726870013113,-0.025842884815859));
#445=CARTESIAN_POINT('',(0.15,0.0258763620785425,-0.0258391156082967));
#446=CARTESIAN_POINT('',(0.15,0.0364837281950055,-0.0364451035790449));
#447=CARTESIAN_POINT('',(0.15,0.0364901303851482,-0.0364386344590778));
#448=CARTESIAN_POINT('',(0.15,0.0364965140562326,-0.0364321504126044));
#449=CARTESIAN_POINT('',(0.15,0.0470984619433634,-0.0470435670211424));
#450=CARTESIAN_POINT('',(0.15,0.0471075737689852,-0.0470343841022966));
#451=CARTESIAN_POINT('',(0.15,0.0471166660339228,-0.0470251852169121));
#452=CARTESIAN_POINT('',(0.15,6.93889390390723E-19,0.));
#453=CARTESIAN_POINT('',(0.15,0.,0.));
#454=CARTESIAN_POINT('',(0.15,6.93889390390723E-19,0.));
#455=CARTESIAN_POINT('',(0.15,0.00516448437818326,-0.00514800489298068));
#456=CARTESIAN_POINT('',(0.15,0.00516722738044337,-0.0051452547381632));
#457=CARTESIAN_POINT('',(0.15,0.00516996859107167,-0.00514250279869884));
#458=CARTESIAN_POINT('',(0.15,0.0103289687563665,-0.0102960097859614));
#459=CARTESIAN_POINT('',(0.15,0.0103344547608867,-0.0102905094763264));
#460=CARTESIAN_POINT('',(0.15,0.0103399371821433,-0.0102850055973977));
#461=CARTESIAN_POINT('',(0.15,0.0258800196524312,-0.0258353325787826));
#462=CARTESIAN_POINT('',(0.15,0.0258873348002086,-0.0258277665197542));
#463=CARTESIAN_POINT('',(0.15,0.025894579934616,-0.0258201451729184));
#464=CARTESIAN_POINT('',(0.15,0.0365028791815935,-0.0364256515049852));
#465=CARTESIAN_POINT('',(0.15,0.0365156094323151,-0.0364126536897466));
#466=CARTESIAN_POINT('',(0.15,0.0365282655001424,-0.0363995964299246));
#467=CARTESIAN_POINT('',(0.15,0.0471257387107557,-0.0470159704311878));
#468=CARTESIAN_POINT('',(0.15,0.0471438840644215,-0.0469975408597391));
#469=CARTESIAN_POINT('',(0.15,0.0471619510656687,-0.0469790476869307));
#470=CARTESIAN_POINT('',(0.15,0.,0.));
#471=CARTESIAN_POINT('',(0.15,6.93889390390723E-19,0.));
#472=CARTESIAN_POINT('',(0.15,6.93889390390723E-19,0.));
#473=CARTESIAN_POINT('',(0.15,0.0051727080065757,-0.00513974907808006));
#474=CARTESIAN_POINT('',(0.15,0.00517818683758378,-0.00513424163684249));
#475=CARTESIAN_POINT('',(0.15,0.00518365848809481,-0.00512872707098722));
#476=CARTESIAN_POINT('',(0.15,0.0103454160131514,-0.0102794981561601));
#477=CARTESIAN_POINT('',(0.15,0.0103563736751676,-0.010268483273685));
#478=CARTESIAN_POINT('',(0.15,0.0103673169761896,-0.0102574541419744));
#479=CARTESIAN_POINT('',(0.15,0.0259017548483732,-0.0258124690544512));
#480=CARTESIAN_POINT('',(0.15,0.0259161046758875,-0.0257971168175168));
#481=CARTESIAN_POINT('',(0.15,0.0259301736208012,-0.0257815454940568));
#482=CARTESIAN_POINT('',(0.15,0.0365408471717537,-0.0363864802484017));
#483=CARTESIAN_POINT('',(0.15,0.0365660105149763,-0.036360247885356));
#484=CARTESIAN_POINT('',(0.15,0.036590876273335,-0.0363337798355072));
#485=CARTESIAN_POINT('',(0.15,0.0471799394951342,-0.0469604914423522));
#486=CARTESIAN_POINT('',(0.15,0.047215916354065,-0.0469233789531952));
#487=CARTESIAN_POINT('',(0.15,0.0472515789258688,-0.0468860141769576));
#488=CARTESIAN_POINT('',(0.15,0.,0.));
#489=CARTESIAN_POINT('',(0.15,6.93889390390723E-19,-6.93889390390723E-19));
#490=CARTESIAN_POINT('',(0.15,6.93889390390723E-19,-6.93889390390723E-19));
#491=CARTESIAN_POINT('',(0.15,0.00518912293016911,-0.00512320540845394));
#492=CARTESIAN_POINT('',(0.15,0.0052000518143177,-0.00511216208338737));
#493=CARTESIAN_POINT('',(0.15,0.00521095186471939,-0.00510109037160873));
#494=CARTESIAN_POINT('',(0.15,0.0103782458603382,-0.0102464108169079));
#495=CARTESIAN_POINT('',(0.15,0.0104001036286354,-0.0102243241667747));
#496=CARTESIAN_POINT('',(0.15,0.0104219037294388,-0.0102021807432175));
#497=CARTESIAN_POINT('',(0.15,0.025943960024873,-0.0257657592134799));
#498=CARTESIAN_POINT('',(0.15,0.0259715328330165,-0.0257341866523261));
#499=CARTESIAN_POINT('',(0.15,0.0259979754777923,-0.0257017542627045));
#500=CARTESIAN_POINT('',(0.15,0.0366154427402566,-0.0363070802819177));
#501=CARTESIAN_POINT('',(0.15,0.0366645756740998,-0.0362536811747386));
#502=CARTESIAN_POINT('',(0.15,0.0367125114421945,-0.0361993560525965));
#503=CARTESIAN_POINT('',(0.15,0.0472869254556402,-0.0468484013503555));
#504=CARTESIAN_POINT('',(0.15,0.0473576185151831,-0.0467731756971512));
#505=CARTESIAN_POINT('',(0.15,0.0474270474065966,-0.0466969578424886));
#506=CARTESIAN_POINT('',(0.15,6.93889390390723E-19,0.));
#507=CARTESIAN_POINT('',(0.15,0.,0.));
#508=CARTESIAN_POINT('',(0.15,0.,-6.93889390390723E-19));
#509=CARTESIAN_POINT('',(0.15,0.00522182285785675,-0.00508999049663543));
#510=CARTESIAN_POINT('',(0.15,0.00524356484413147,-0.00506779074668884));
#511=CARTESIAN_POINT('',(0.15,0.00526519060134888,-0.00504547834396362));
#512=CARTESIAN_POINT('',(0.15,0.0104436457157135,-0.0101799809932709));
#513=CARTESIAN_POINT('',(0.15,0.0104871296882629,-0.0101355814933777));
#514=CARTESIAN_POINT('',(0.15,0.0105303812026978,-0.0100909566879272));
#515=CARTESIAN_POINT('',(0.15,0.0260232746932709,-0.0256684950798841));
#516=CARTESIAN_POINT('',(0.15,0.0260738731242281,-0.0256019767142435));
#517=CARTESIAN_POINT('',(0.15,0.0261198978379962,-0.0255321511758081));
#518=CARTESIAN_POINT('',(0.15,0.0367592363919549,-0.0361441383799899));
#519=CARTESIAN_POINT('',(0.15,0.0368526862914759,-0.0360337030347767));
#520=CARTESIAN_POINT('',(0.15,0.03694129291766,-0.0359196974877055));
#521=CARTESIAN_POINT('',(0.15,0.0474951980906389,-0.0466197816800957));
#522=CARTESIAN_POINT('',(0.15,0.0476314994587237,-0.0464654293553099));
#523=CARTESIAN_POINT('',(0.15,0.0477626879973238,-0.0463072437996029));
#524=CARTESIAN_POINT('',(0.15,6.93889390390723E-19,0.));
#525=CARTESIAN_POINT('',(0.15,6.93889390390723E-19,-6.93889390390723E-19));
#526=CARTESIAN_POINT('',(0.15,6.93889390390723E-19,0.));
#527=CARTESIAN_POINT('',(0.15,0.00528669834136963,-0.00502305507659912));
#528=CARTESIAN_POINT('',(0.15,0.00532971382141113,-0.00497820854187012));
#529=CARTESIAN_POINT('',(0.15,0.00537225723266602,-0.00493291854858398));
#530=CARTESIAN_POINT('',(0.15,0.0105733966827393,-0.0100461101531982));
#531=CARTESIAN_POINT('',(0.15,0.0106594276428223,-0.00995641708374023));
#532=CARTESIAN_POINT('',(0.15,0.010744514465332,-0.00986583709716797));
#533=CARTESIAN_POINT('',(0.15,0.0261612427071384,-0.0254592827467304));
#534=CARTESIAN_POINT('',(0.15,0.0262439324454228,-0.025313545888575));
#535=CARTESIAN_POINT('',(0.15,0.0263079028052036,-0.0251556374678506));
#536=CARTESIAN_POINT('',(0.15,0.0370249470498215,-0.0358023894547646));
#537=CARTESIAN_POINT('',(0.15,0.0371922553141447,-0.0355677733888829));
#538=CARTESIAN_POINT('',(0.15,0.0373397536023777,-0.0353199473795224));
#539=CARTESIAN_POINT('',(0.15,0.0478886513925047,-0.0461454961627989));
#540=CARTESIAN_POINT('',(0.15,0.0481405781828666,-0.0458220008891908));
#541=CARTESIAN_POINT('',(0.15,0.0483716043995517,-0.0454842572911942));
#542=CARTESIAN_POINT('',(0.15,0.,0.));
#543=CARTESIAN_POINT('',(0.15,0.,-6.93889390390723E-19));
#544=CARTESIAN_POINT('',(0.15,0.,-6.93889390390723E-19));
#545=CARTESIAN_POINT('',(0.15,0.00541431427001953,-0.00488719940185547));
#546=CARTESIAN_POINT('',(0.15,0.00549842834472656,-0.00479576110839844));
#547=CARTESIAN_POINT('',(0.15,0.00558059692382813,-0.00470260620117187));
#548=CARTESIAN_POINT('',(0.15,0.0108286285400391,-0.00977439880371093));
#549=CARTESIAN_POINT('',(0.15,0.0109968566894531,-0.00959152221679687));
#550=CARTESIAN_POINT('',(0.15,0.0111611938476563,-0.00940521240234375));
#551=CARTESIAN_POINT('',(0.15,0.0263523047669861,-0.0249876717417778));
#552=CARTESIAN_POINT('',(0.15,0.0264411086905512,-0.0246517402896321));
#553=CARTESIAN_POINT('',(0.15,0.026451639022123,-0.0242755796160925));
#554=CARTESIAN_POINT('',(0.15,0.0374665681490349,-0.0350610531545897));
#555=CARTESIAN_POINT('',(0.15,0.0377201972423494,-0.0345432647047242));
#556=CARTESIAN_POINT('',(0.15,0.037891091369361,-0.0339812033925697));
#557=CARTESIAN_POINT('',(0.15,0.0485808315310837,-0.0451344345674016));
#558=CARTESIAN_POINT('',(0.15,0.0489992857941477,-0.0444347891198163));
#559=CARTESIAN_POINT('',(0.15,0.049330543716599,-0.0436868271690469));
#560=CARTESIAN_POINT('',(0.15,0.,0.));
#561=CARTESIAN_POINT('',(0.15,0.,0.));
#562=CARTESIAN_POINT('',(0.15,6.93889390390723E-19,0.));
#563=CARTESIAN_POINT('',(0.15,0.00566070556640625,-0.00460784912109375));
#564=CARTESIAN_POINT('',(0.15,0.00574081420898438,-0.00451309204101563));
#565=CARTESIAN_POINT('',(0.15,0.00581886291503906,-0.00441673278808594));
#566=CARTESIAN_POINT('',(0.15,0.0113214111328125,-0.0092156982421875));
#567=CARTESIAN_POINT('',(0.15,0.0114816284179688,-0.00902618408203125));
#568=CARTESIAN_POINT('',(0.15,0.0116377258300781,-0.00883346557617188));
#569=CARTESIAN_POINT('',(0.15,0.0263771036057439,-0.0238761037789231));
#570=CARTESIAN_POINT('',(0.15,0.0263025681893649,-0.0234766279417537));
#571=CARTESIAN_POINT('',(0.15,0.0261429670250349,-0.0230538369409546));
#572=CARTESIAN_POINT('',(0.15,0.037972260406185,-0.0333920030413778));
#573=CARTESIAN_POINT('',(0.15,0.038053429443009,-0.0328028026901859));
#574=CARTESIAN_POINT('',(0.15,0.0380448733896454,-0.0321864632999567));
#575=CARTESIAN_POINT('',(0.15,0.049567417206626,-0.0429079023038325));
#576=CARTESIAN_POINT('',(0.15,0.0498042906966531,-0.0421289774386181));
#577=CARTESIAN_POINT('',(0.15,0.0499467797542559,-0.0413190896589588));
#578=CARTESIAN_POINT('',(0.15,6.93889390390723E-19,0.));
#579=CARTESIAN_POINT('',(0.15,6.93889390390723E-19,0.));
#580=CARTESIAN_POINT('',(0.15,6.93889390390723E-19,-6.93889390390723E-19));
#581=CARTESIAN_POINT('',(0.15,0.00589473724365234,-0.00431888580322266));
#582=CARTESIAN_POINT('',(0.15,0.005904221534729,-0.00430665493011475));
#583=CARTESIAN_POINT('',(0.15,0.00591367185115814,-0.00429440081119537));
#584=CARTESIAN_POINT('',(0.15,0.0117894744873047,-0.00863777160644531));
#585=CARTESIAN_POINT('',(0.15,0.011808443069458,-0.00861330986022949));
#586=CARTESIAN_POINT('',(0.15,0.0118273437023163,-0.00858880162239075));
#587=CARTESIAN_POINT('',(0.15,0.0258914703432034,-0.0226246134188208));
#588=CARTESIAN_POINT('',(0.15,0.0258600332579744,-0.022570960478554));
#589=CARTESIAN_POINT('',(0.15,0.0258271603052845,-0.0225172070301415));
#590=CARTESIAN_POINT('',(0.15,0.037939583315413,-0.0315601029862073));
#591=CARTESIAN_POINT('',(0.15,0.037926422056134,-0.0314818079469886));
#592=CARTESIAN_POINT('',(0.15,0.0379117493277789,-0.0314033563308399));
#593=CARTESIAN_POINT('',(0.15,0.0499876962876227,-0.0404955925535938));
#594=CARTESIAN_POINT('',(0.15,0.0499928108542936,-0.0403926554154231));
#595=CARTESIAN_POINT('',(0.15,0.0499963383502732,-0.0402895056315384));
#596=CARTESIAN_POINT('',(0.15,6.93889390390723E-19,-6.93889390390723E-19));
#597=CARTESIAN_POINT('',(0.15,0.,0.));
#598=CARTESIAN_POINT('',(0.15,6.93889390390723E-19,-6.93889390390723E-19));
#599=CARTESIAN_POINT('',(0.15,0.00592308796942234,-0.00428212366998196));
#600=CARTESIAN_POINT('',(0.15,0.00592779602855444,-0.00427598509937525));
#601=CARTESIAN_POINT('',(0.15,0.0059324955381453,-0.00426984077319503));
#602=CARTESIAN_POINT('',(0.15,0.0118461759388447,-0.00856424733996391));
#603=CARTESIAN_POINT('',(0.15,0.0118555920571089,-0.0085519701987505));
#604=CARTESIAN_POINT('',(0.15,0.0118649910762906,-0.00853968154639006));
#605=CARTESIAN_POINT('',(0.15,0.0257928381300059,-0.0224633860399012));
#606=CARTESIAN_POINT('',(0.15,0.0257756770423666,-0.0224364755447811));
#607=CARTESIAN_POINT('',(0.15,0.0257581536490802,-0.0224095481642041));
#608=CARTESIAN_POINT('',(0.15,0.0378955514331629,-0.0313247815677843));
#609=CARTESIAN_POINT('',(0.15,0.0378874524858549,-0.0312854941862566));
#610=CARTESIAN_POINT('',(0.15,0.0378789722469817,-0.031246176018002));
#611=CARTESIAN_POINT('',(0.15,0.0499982647363199,-0.0401861770956674));
#612=CARTESIAN_POINT('',(0.15,0.0499992279293432,-0.040134512827732));
#613=CARTESIAN_POINT('',(0.15,0.0499997908448833,-0.0400828038718));
#614=CARTESIAN_POINT('',(0.15,0.,-6.93889390390723E-19));
#615=CARTESIAN_POINT('',(0.15,6.93889390390723E-19,0.));
#616=CARTESIAN_POINT('',(0.15,6.93889390390723E-19,0.));
#617=CARTESIAN_POINT('',(0.15,0.00593718647025526,-0.00426369071938097));
#618=CARTESIAN_POINT('',(0.15,0.00593835920328274,-0.00426215320592746));
#619=CARTESIAN_POINT('',(0.15,0.00593953140021768,-0.00426061533449683));
#620=CARTESIAN_POINT('',(0.15,0.0118743729405105,-0.00852738143876195));
#621=CARTESIAN_POINT('',(0.15,0.0118767184065655,-0.00852430641185492));
#622=CARTESIAN_POINT('',(0.15,0.0118790628004354,-0.00852123066899367));
#623=CARTESIAN_POINT('',(0.15,0.0257402662803897,-0.0223826080179081));
#624=CARTESIAN_POINT('',(0.15,0.025735794438217,-0.0223758729813341));
#625=CARTESIAN_POINT('',(0.15,0.0257312928049953,-0.0223704703307932));
#626=CARTESIAN_POINT('',(0.15,0.0378701090042123,-0.0312068312412478));
#627=CARTESIAN_POINT('',(0.15,0.0378678931935199,-0.0311969950470592));
#628=CARTESIAN_POINT('',(0.15,0.0378656464024976,-0.0311884903737299));
#629=CARTESIAN_POINT('',(0.15,0.0499999517280349,-0.0400310544645875));
#630=CARTESIAN_POINT('',(0.15,0.0499999919488228,-0.0400181171127843));
#631=CARTESIAN_POINT('',(0.15,0.05,-0.0400065104166667));
#632=CARTESIAN_POINT('',(0.15,0.,0.));
#633=CARTESIAN_POINT('',(0.15,0.,0.));
#634=CARTESIAN_POINT('',(0.15,0.,-6.93889390390723E-19));
#635=CARTESIAN_POINT('',(0.15,0.00594070306062349,-0.00425907710552565));
#636=CARTESIAN_POINT('',(0.15,0.00594187472102931,-0.00425753887655446));
#637=CARTESIAN_POINT('',(0.15,0.00594304584490601,-0.00425600029004272));
#638=CARTESIAN_POINT('',(0.15,0.011881406121247,-0.0085181542110513));
#639=CARTESIAN_POINT('',(0.15,0.0118837494420586,-0.00851507775310893));
#640=CARTESIAN_POINT('',(0.15,0.011886091689812,-0.00851200058008544));
#641=CARTESIAN_POINT('',(0.15,0.0257267855004633,-0.0223604000632579));
#642=CARTESIAN_POINT('',(0.15,0.0257222781959313,-0.0223503297957226));
#643=CARTESIAN_POINT('',(0.15,0.0257177732712663,-0.022340261256742));
#644=CARTESIAN_POINT('',(0.15,0.0378633927502316,-0.031175317219129));
#645=CARTESIAN_POINT('',(0.15,0.0378611390979656,-0.031162144064528));
#646=CARTESIAN_POINT('',(0.15,0.0378588866356331,-0.0311489717742043));
#647=CARTESIAN_POINT('',(0.15,0.05,-0.039990234375));
#648=CARTESIAN_POINT('',(0.15,0.05,-0.0399739583333333));
#649=CARTESIAN_POINT('',(0.15,0.05,-0.0399576822916667));
#650=CARTESIAN_POINT('',(0.15,6.93889390390723E-19,0.));
#651=CARTESIAN_POINT('',(0.15,6.93889390390723E-19,0.));
#652=CARTESIAN_POINT('',(0.15,6.93889390390723E-19,0.));
#653=CARTESIAN_POINT('',(0.15,0.00594421643181704,-0.00425446134642698));
#654=CARTESIAN_POINT('',(0.15,0.0059465576056391,-0.00425138345919549));
#655=CARTESIAN_POINT('',(0.15,0.00594889663159848,-0.00424830414354801));
#656=CARTESIAN_POINT('',(0.15,0.0118884328636341,-0.00850892269285396));
#657=CARTESIAN_POINT('',(0.15,0.0118931152112782,-0.00850276691839099));
#658=CARTESIAN_POINT('',(0.15,0.011897793263197,-0.00849660828709602));
#659=CARTESIAN_POINT('',(0.15,0.0257132707278785,-0.0223301944443725));
#660=CARTESIAN_POINT('',(0.15,0.0257042656411028,-0.0223100608196335));
#661=CARTESIAN_POINT('',(0.15,0.0256952700794359,-0.0222899341013392));
#662=CARTESIAN_POINT('',(0.15,0.0378566353639392,-0.0311358003471862));
#663=CARTESIAN_POINT('',(0.15,0.0378521328205514,-0.0311094574931501));
#664=CARTESIAN_POINT('',(0.15,0.037847635039718,-0.0310831180923363));
#665=CARTESIAN_POINT('',(0.15,0.05,-0.03994140625));
#666=CARTESIAN_POINT('',(0.15,0.05,-0.0399088541666667));
#667=CARTESIAN_POINT('',(0.15,0.05,-0.0398763020833333));
#668=CARTESIAN_POINT('',(0.15,6.93889390390723E-19,-6.93889390390723E-19));
#669=CARTESIAN_POINT('',(0.15,0.,-6.93889390390723E-19));
#670=CARTESIAN_POINT('',(0.15,6.93889390390723E-19,-6.93889390390723E-19));
#671=CARTESIAN_POINT('',(0.15,0.0059512335062027,-0.00424522340297699));
#672=CARTESIAN_POINT('',(0.15,0.0059699285030365,-0.00422057747840881));
#673=CARTESIAN_POINT('',(0.15,0.00598848581314087,-0.00419584035873413));
#674=CARTESIAN_POINT('',(0.15,0.0119024670124054,-0.00849044680595398));
#675=CARTESIAN_POINT('',(0.15,0.011939857006073,-0.00844115495681763));
#676=CARTESIAN_POINT('',(0.15,0.0119769716262817,-0.00839168071746826));
#677=CARTESIAN_POINT('',(0.15,0.0256862840524221,-0.0222698142763068));
#678=CARTESIAN_POINT('',(0.15,0.025614395836312,-0.0221088556760473));
#679=CARTESIAN_POINT('',(0.15,0.025543117838004,-0.0219483382445441));
#680=CARTESIAN_POINT('',(0.15,0.0378431420262111,-0.0310567821381534));
#681=CARTESIAN_POINT('',(0.15,0.037807197918156,-0.0308460945046903));
#682=CARTESIAN_POINT('',(0.15,0.037771558919002,-0.0306356274556054));
#683=CARTESIAN_POINT('',(0.15,0.05,-0.03984375));
#684=CARTESIAN_POINT('',(0.15,0.05,-0.0395833333333333));
#685=CARTESIAN_POINT('',(0.15,0.05,-0.0393229166666667));
#686=CARTESIAN_POINT('',(0.15,0.,0.));
#687=CARTESIAN_POINT('',(0.15,0.,0.));
#688=CARTESIAN_POINT('',(0.15,0.,0.));
#689=CARTESIAN_POINT('',(0.15,0.00600690364837647,-0.00417101383209228));
#690=CARTESIAN_POINT('',(0.15,0.00604373931884766,-0.00412136077880859));
#691=CARTESIAN_POINT('',(0.15,0.00608001708984375,-0.00407135009765625));
#692=CARTESIAN_POINT('',(0.15,0.0120138072967529,-0.00834202766418457));
#693=CARTESIAN_POINT('',(0.15,0.0120874786376953,-0.00824272155761719));
#694=CARTESIAN_POINT('',(0.15,0.0121600341796875,-0.0081427001953125));
#695=CARTESIAN_POINT('',(0.15,0.0254724556054527,-0.0217882542574645));
#696=CARTESIAN_POINT('',(0.15,0.02533113114035,-0.0214680862833053));
#697=CARTESIAN_POINT('',(0.15,0.0251922697382737,-0.0211496520868405));
#698=CARTESIAN_POINT('',(0.15,0.0377362278027263,-0.0304253771287323));
#699=CARTESIAN_POINT('',(0.15,0.037665565570175,-0.030004876474986));
#700=CARTESIAN_POINT('',(0.15,0.0375961348691369,-0.0295852427100869));
#701=CARTESIAN_POINT('',(0.15,0.05,-0.0390625));
#702=CARTESIAN_POINT('',(0.15,0.05,-0.0385416666666667));
#703=CARTESIAN_POINT('',(0.15,0.05,-0.0380208333333333));
#704=CARTESIAN_POINT('',(0.15,6.93889390390723E-19,0.));
#705=CARTESIAN_POINT('',(0.15,0.,-6.93889390390723E-19));
#706=CARTESIAN_POINT('',(0.15,0.,0.));
#707=CARTESIAN_POINT('',(0.15,0.00611572265625,-0.00402099609375));
#708=CARTESIAN_POINT('',(0.15,0.0061871337890625,-0.0039202880859375));
#709=CARTESIAN_POINT('',(0.15,0.00625625610351563,-0.00381820678710937));
#710=CARTESIAN_POINT('',(0.15,0.0122314453125,-0.0080419921875));
#711=CARTESIAN_POINT('',(0.15,0.012374267578125,-0.007840576171875));
#712=CARTESIAN_POINT('',(0.15,0.0125125122070313,-0.00763641357421875));
#713=CARTESIAN_POINT('',(0.15,0.0250559116309246,-0.0208328930094122));
#714=CARTESIAN_POINT('',(0.15,0.0247831954162263,-0.0201993748545556));
#715=CARTESIAN_POINT('',(0.15,0.0245204923804364,-0.0195725571758447));
#716=CARTESIAN_POINT('',(0.15,0.0375279558154623,-0.0291664465047061));
#717=CARTESIAN_POINT('',(0.15,0.0373915977081131,-0.0283288540939445));
#718=CARTESIAN_POINT('',(0.15,0.0372602461902182,-0.0274946119212557));
#719=CARTESIAN_POINT('',(0.15,0.05,-0.0375));
#720=CARTESIAN_POINT('',(0.15,0.05,-0.0364583333333333));
#721=CARTESIAN_POINT('',(0.15,0.05,-0.0354166666666667));
#722=CARTESIAN_POINT('',(0.15,0.,0.));
#723=CARTESIAN_POINT('',(0.15,0.,0.));
#724=CARTESIAN_POINT('',(0.15,0.,0.));
#725=CARTESIAN_POINT('',(0.15,0.00632297515869141,-0.00371486663818359));
#726=CARTESIAN_POINT('',(0.15,0.00633965492248535,-0.00368903160095215));
#727=CARTESIAN_POINT('',(0.15,0.00635618448257446,-0.0036631178855896));
#728=CARTESIAN_POINT('',(0.15,0.0126459503173828,-0.00742973327636719));
#729=CARTESIAN_POINT('',(0.15,0.0126793098449707,-0.00737806320190429));
#730=CARTESIAN_POINT('',(0.15,0.0127123689651489,-0.0073262357711792));
#731=CARTESIAN_POINT('',(0.15,0.0242681097795318,-0.0189519274580126));
#732=CARTESIAN_POINT('',(0.15,0.0242050141293056,-0.0187967700285546));
#733=CARTESIAN_POINT('',(0.15,0.0241425635062598,-0.0186419993466515));
#734=CARTESIAN_POINT('',(0.15,0.0371340548897659,-0.0266634637290063));
#735=CARTESIAN_POINT('',(0.15,0.0371025070646528,-0.026455676680944));
#736=CARTESIAN_POINT('',(0.15,0.0370712817531299,-0.0262480830066591));
#737=CARTESIAN_POINT('',(0.15,0.05,-0.034375));
#738=CARTESIAN_POINT('',(0.15,0.05,-0.0341145833333333));
#739=CARTESIAN_POINT('',(0.15,0.05,-0.0338541666666667));
#740=CARTESIAN_POINT('',(0.15,1.38777878078145E-18,0.));
#741=CARTESIAN_POINT('',(0.15,0.,0.));
#742=CARTESIAN_POINT('',(0.15,1.38777878078145E-18,0.));
#743=CARTESIAN_POINT('',(0.15,0.0063725620508194,-0.00363712728023529));
#744=CARTESIAN_POINT('',(0.15,0.00637665644288063,-0.00363062962889671));
#745=CARTESIAN_POINT('',(0.15,0.0063807413354516,-0.00362412717193365));
#746=CARTESIAN_POINT('',(0.15,0.0127451241016388,-0.00727425456047058));
#747=CARTESIAN_POINT('',(0.15,0.0127533128857613,-0.00726125925779342));
#748=CARTESIAN_POINT('',(0.15,0.0127614826709032,-0.0072482543438673));
#749=CARTESIAN_POINT('',(0.15,0.0240807627112689,-0.0184876074042523));
#750=CARTESIAN_POINT('',(0.15,0.0240653125125212,-0.0184490094186525));
#751=CARTESIAN_POINT('',(0.15,0.0240499029280269,-0.0184104351042717));
#752=CARTESIAN_POINT('',(0.15,0.0370403813556344,-0.0260406787021261));
#753=CARTESIAN_POINT('',(0.15,0.0370326562562606,-0.0259888276259929));
#754=CARTESIAN_POINT('',(0.15,0.0370249514640134,-0.0259369883854692));
#755=CARTESIAN_POINT('',(0.15,0.05,-0.03359375));
#756=CARTESIAN_POINT('',(0.15,0.05,-0.0335286458333333));
#757=CARTESIAN_POINT('',(0.15,0.05,-0.0334635416666667));
#758=CARTESIAN_POINT('',(0.15,0.,0.));
#759=CARTESIAN_POINT('',(0.15,0.,0.));
#760=CARTESIAN_POINT('',(0.15,0.,0.));
#761=CARTESIAN_POINT('',(0.15,0.00638481670059264,-0.00361761993728578));
#762=CARTESIAN_POINT('',(0.15,0.00638583554187789,-0.00361599312862381));
#763=CARTESIAN_POINT('',(0.15,0.00638685378769878,-0.00361436602135654));
#764=CARTESIAN_POINT('',(0.15,0.0127696334011853,-0.00723523987457156));
#765=CARTESIAN_POINT('',(0.15,0.0127716710837558,-0.00723198625724762));
#766=CARTESIAN_POINT('',(0.15,0.0127737075753976,-0.00722873204271309));
#767=CARTESIAN_POINT('',(0.15,0.0240345340327997,-0.0183718843359841));
#768=CARTESIAN_POINT('',(0.15,0.0240306918089929,-0.0183622466439122));
#769=CARTESIAN_POINT('',(0.15,0.0240268521282653,-0.0183526104234711));
#770=CARTESIAN_POINT('',(0.15,0.0370172670163999,-0.025885160917992));
#771=CARTESIAN_POINT('',(0.15,0.0370153459044965,-0.0258722040511227));
#772=CARTESIAN_POINT('',(0.15,0.0370134260641327,-0.0258592479200689));
#773=CARTESIAN_POINT('',(0.15,0.05,-0.0333984375));
#774=CARTESIAN_POINT('',(0.15,0.05,-0.0333821614583333));
#775=CARTESIAN_POINT('',(0.15,0.05,-0.0333658854166667));
#776=CARTESIAN_POINT('',(0.15,0.,-6.93889390390723E-19));
#777=CARTESIAN_POINT('',(0.15,0.,0.));
#778=CARTESIAN_POINT('',(0.15,0.,0.));
#779=CARTESIAN_POINT('',(0.15,0.00638787143761874,-0.00361273861592053));
#780=CARTESIAN_POINT('',(0.15,0.0063888890875387,-0.00361111121048452));
#781=CARTESIAN_POINT('',(0.15,0.00638990614155773,-0.00360948350687977));
#782=CARTESIAN_POINT('',(0.15,0.0127757428752375,-0.00722547723184107));
#783=CARTESIAN_POINT('',(0.15,0.0127777781750774,-0.00722222242096904));
#784=CARTESIAN_POINT('',(0.15,0.0127798122831155,-0.00721896701375953));
#785=CARTESIAN_POINT('',(0.15,0.024023014991789,-0.0183429756727057));
#786=CARTESIAN_POINT('',(0.15,0.0240191778553127,-0.0183333409219404));
#787=CARTESIAN_POINT('',(0.15,0.0240153432630876,-0.0183237076408508));
#788=CARTESIAN_POINT('',(0.15,0.0370115074958945,-0.0258462925238529));
#789=CARTESIAN_POINT('',(0.15,0.0370095889276563,-0.0258333371276369));
#790=CARTESIAN_POINT('',(0.15,0.0370076716315438,-0.0258203824662587));
#791=CARTESIAN_POINT('',(0.15,0.05,-0.033349609375));
#792=CARTESIAN_POINT('',(0.15,0.05,-0.0333333333333333));
#793=CARTESIAN_POINT('',(0.15,0.05,-0.0333170572916667));
#794=CARTESIAN_POINT('',(0.15,0.,0.));
#795=CARTESIAN_POINT('',(0.15,1.38777878078145E-18,0.));
#796=CARTESIAN_POINT('',(0.15,1.38777878078145E-18,-6.93889390390723E-19));
#797=CARTESIAN_POINT('',(0.15,0.00639092259923927,-0.00360785550554283));
#798=CARTESIAN_POINT('',(0.15,0.00639295551460236,-0.00360459950286895));
#799=CARTESIAN_POINT('',(0.15,0.00639498604461551,-0.00360134230926633));
#800=CARTESIAN_POINT('',(0.15,0.0127818451984785,-0.00721571101108565));
#801=CARTESIAN_POINT('',(0.15,0.0127859110292047,-0.00720919900573789));
#802=CARTESIAN_POINT('',(0.15,0.012789972089231,-0.00720268461853265));
#803=CARTESIAN_POINT('',(0.15,0.024011511216286,-0.0183140758274818));
#804=CARTESIAN_POINT('',(0.15,0.0240038471226826,-0.0182948122007439));
#805=CARTESIAN_POINT('',(0.15,0.0239961932107728,-0.0182755544448885));
#806=CARTESIAN_POINT('',(0.15,0.037005755608143,-0.0258074285387409));
#807=CARTESIAN_POINT('',(0.15,0.0370019235613413,-0.0257815206837053));
#808=CARTESIAN_POINT('',(0.15,0.0369980966053864,-0.0257556157641109));
#809=CARTESIAN_POINT('',(0.15,0.05,-0.03330078125));
#810=CARTESIAN_POINT('',(0.15,0.05,-0.0332682291666667));
#811=CARTESIAN_POINT('',(0.15,0.05,-0.0332356770833333));
#812=CARTESIAN_POINT('',(0.15,0.,0.));
#813=CARTESIAN_POINT('',(0.15,1.38777878078145E-18,0.));
#814=CARTESIAN_POINT('',(0.15,0.,0.));
#815=CARTESIAN_POINT('',(0.15,0.00639701418578625,-0.00359808392822742));
#816=CARTESIAN_POINT('',(0.15,0.00640512675046921,-0.00358505040407181));
#817=CARTESIAN_POINT('',(0.15,0.00641320109367371,-0.00357199788093567));
#818=CARTESIAN_POINT('',(0.15,0.0127940283715725,-0.00719616785645485));
#819=CARTESIAN_POINT('',(0.15,0.0128102535009384,-0.00717010080814361));
#820=CARTESIAN_POINT('',(0.15,0.0128264021873474,-0.00714399576187133));
#821=CARTESIAN_POINT('',(0.15,0.0239885494899331,-0.018256302544275));
#822=CARTESIAN_POINT('',(0.15,0.0239579746065745,-0.018179294941821));
#823=CARTESIAN_POINT('',(0.15,0.0239275627803389,-0.0181023810232365));
#824=CARTESIAN_POINT('',(0.15,0.0369942747449666,-0.0257297137721375));
#825=CARTESIAN_POINT('',(0.15,0.0369789873032872,-0.0256261058042438));
#826=CARTESIAN_POINT('',(0.15,0.0369637813901695,-0.0255225446782849));
#827=CARTESIAN_POINT('',(0.15,0.05,-0.033203125));
#828=CARTESIAN_POINT('',(0.15,0.05,-0.0330729166666667));
#829=CARTESIAN_POINT('',(0.15,0.05,-0.0329427083333333));
#830=CARTESIAN_POINT('',(0.15,0.,-6.93889390390723E-19));
#831=CARTESIAN_POINT('',(0.15,0.,0.));
#832=CARTESIAN_POINT('',(0.15,0.,0.));
#833=CARTESIAN_POINT('',(0.15,0.00642123699188232,-0.00355892658233642));
#834=CARTESIAN_POINT('',(0.15,0.0064533805847168,-0.00350664138793945));
#835=CARTESIAN_POINT('',(0.15,0.00648490905761719,-0.00345405578613281));
#836=CARTESIAN_POINT('',(0.15,0.0128424739837646,-0.00711785316467285));
#837=CARTESIAN_POINT('',(0.15,0.0129067611694336,-0.0070132827758789));
#838=CARTESIAN_POINT('',(0.15,0.0129698181152344,-0.00690811157226562));
#839=CARTESIAN_POINT('',(0.15,0.0238973146113358,-0.0180255597875153));
#840=CARTESIAN_POINT('',(0.15,0.0237763219353231,-0.0177182748446303));
#841=CARTESIAN_POINT('',(0.15,0.0236579477750289,-0.0174124728275567));
#842=CARTESIAN_POINT('',(0.15,0.0369486573056679,-0.0254190298937576));
#843=CARTESIAN_POINT('',(0.15,0.0368881609676616,-0.0250049707556485));
#844=CARTESIAN_POINT('',(0.15,0.0368289738875145,-0.024591653080445));
#845=CARTESIAN_POINT('',(0.15,0.05,-0.0328125));
#846=CARTESIAN_POINT('',(0.15,0.05,-0.0322916666666667));
#847=CARTESIAN_POINT('',(0.15,0.05,-0.0317708333333333));
#848=CARTESIAN_POINT('',(0.15,0.,0.));
#849=CARTESIAN_POINT('',(0.15,0.,0.));
#850=CARTESIAN_POINT('',(0.15,0.,0.));
#851=CARTESIAN_POINT('',(0.15,0.00651580810546875,-0.00340118408203125));
#852=CARTESIAN_POINT('',(0.15,0.006639404296875,-0.003189697265625));
#853=CARTESIAN_POINT('',(0.15,0.0067529296875,-0.0029736328125));
#854=CARTESIAN_POINT('',(0.15,0.0130316162109375,-0.0068023681640625));
#855=CARTESIAN_POINT('',(0.15,0.01327880859375,-0.00637939453125));
#856=CARTESIAN_POINT('',(0.15,0.013505859375,-0.005947265625));
#857=CARTESIAN_POINT('',(0.15,0.0235422305374501,-0.0171080896718861));
#858=CARTESIAN_POINT('',(0.15,0.0230793615871351,-0.0158905570492035));
#859=CARTESIAN_POINT('',(0.15,0.0226590034002677,-0.0146957262089689));
#860=CARTESIAN_POINT('',(0.15,0.0367711152687251,-0.024179044835943));
#861=CARTESIAN_POINT('',(0.15,0.0365396807935675,-0.0225286118579351));
#862=CARTESIAN_POINT('',(0.15,0.0363295017001339,-0.0208895297711511));
#863=CARTESIAN_POINT('',(0.15,0.05,-0.03125));
#864=CARTESIAN_POINT('',(0.15,0.05,-0.0291666666666667));
#865=CARTESIAN_POINT('',(0.15,0.05,-0.0270833333333333));
#866=CARTESIAN_POINT('',(0.15,0.,0.));
#867=CARTESIAN_POINT('',(0.15,0.,0.));
#868=CARTESIAN_POINT('',(0.15,0.,0.));
#869=CARTESIAN_POINT('',(0.15,0.,0.));
#870=CARTESIAN_POINT('',(0.15,0.00685546875,-0.00275390625));
#871=CARTESIAN_POINT('',(0.15,0.007265625,-0.001875));
#872=CARTESIAN_POINT('',(0.15,0.0075,-0.0009375));
#873=CARTESIAN_POINT('',(0.15,0.0075,0.));
#874=CARTESIAN_POINT('',(0.15,0.0137109375,-0.0055078125));
#875=CARTESIAN_POINT('',(0.15,0.01453125,-0.00375));
#876=CARTESIAN_POINT('',(0.15,0.015,-0.001875));
#877=CARTESIAN_POINT('',(0.15,0.015,0.));
#878=CARTESIAN_POINT('',(0.15,0.022283614024662,-0.0135194970290471));
#879=CARTESIAN_POINT('',(0.15,0.0207820565222382,-0.00881458030936083));
#880=CARTESIAN_POINT('',(0.15,0.0199999999999996,-0.00440729015468063));
#881=CARTESIAN_POINT('',(0.15,0.02,0.));
#882=CARTESIAN_POINT('',(0.15,0.036141807012331,-0.0192597485145235));
#883=CARTESIAN_POINT('',(0.15,0.0353910282611191,-0.0127406234880138));
#884=CARTESIAN_POINT('',(0.15,0.0349999999999998,-0.00637031174400698));
#885=CARTESIAN_POINT('',(0.15,0.035,0.));
#886=CARTESIAN_POINT('',(0.15,0.05,-0.025));
#887=CARTESIAN_POINT('',(0.15,0.05,-0.0166666666666667));
#888=CARTESIAN_POINT('',(0.15,0.05,-0.00833333333333333));
#889=CARTESIAN_POINT('',(0.15,0.05,0.));
#890=B_SPLINE_SURFACE_WITH_KNOTS('Surf_ICOLGFOOWM, Tail, 0, 1',5,3,((#891, #892, #893, #909, #910, #911, #927, #928, #929, #945, #946, #947, #963, #964, #965, #981, #982, #983, #999, #1000, #1001, #1017, #1018, #1019, #1035, #1036, #1037, #1053, #1054, #1055, #1071, #1072, #1073, #1089, #1090, #1091, #1107, #1108, #1109, #1125, #1126, #1127, #1143, #1144, #1145, #1161, #1162, #1163, #1179, #1180, #1181, #1197, #1198, #1199, #1215, #1216, #1217, #1233, #1234, #1235, #1251, #1252, #1253, #1269, #1270, #1271, #1287, #1288, #1289, #1305, #1306, #1307, #1323, #1324, #1325, #1341, #1342, #1343, #1359, #1360, #1361, #1377, #1378, #1379, #1395, #1396, #1397, #1413, #1414, #1415, #1431, #1432, #1433, #1449, #1450, #1451, #1467, #1468, #1469, #1485, #1486, #1487, #1503, #1504, #1505, #1521, #1522, #1523, #1539, #1540, #1541, #1557, #1558, #1559, #1575, #1576, #1577, #1593, #1594, #1595, #1611, #1612, #1613, #1629, #1630, #1631, #1647, #1648, #1649, #1665, #1666, #1667, #1683, #1684, #1685, #1701, #1702, #1703, #1704),(#894, #895, #896, #912, #913, #914, #930, #931, #932, #948, #949, #950, #966, #967, #968, #984, #985, #986, #1002, #1003, #1004, #1020, #1021, #1022, #1038, #1039, #1040, #1056, #1057, #1058, #1074, #1075, #1076, #1092, #1093, #1094, #1110, #1111, #1112, #1128, #1129, #1130, #1146, #1147, #1148, #1164, #1165, #1166, #1182, #1183, #1184, #1200, #1201, #1202, #1218, #1219, #1220, #1236, #1237, #1238, #1254, #1255, #1256, #1272, #1273, #1274, #1290, #1291, #1292, #1308, #1309, #1310, #1326, #1327, #1328, #1344, #1345, #1346, #1362, #1363, #1364, #1380, #1381, #1382, #1398, #1399, #1400, #1416, #1417, #1418, #1434, #1435, #1436, #1452, #1453, #1454, #1470, #1471, #1472, #1488, #1489, #1490, #1506, #1507, #1508, #1524, #1525, #1526, #1542, #1543, #1544, #1560, #1561, #1562, #1578, #1579, #1580, #1596, #1597, #1598, #1614, #1615, #1616, #1632, #1633, #1634, #1650, #1651, #1652, #1668, #1669, #1670, #1686, #1687, #1688, #1705, #1706, #1707, #1708),(#897, #898, #899, #915, #916, #917, #933, #934, #935, #951, #952, #953, #969, #970, #971, #987, #988, #989, #1005, #1006, #1007, #1023, #1024, #1025, #1041, #1042, #1043, #1059, #1060, #1061, #1077, #1078, #1079, #1095, #1096, #1097, #1113, #1114, #1115, #1131, #1132, #1133, #1149, #1150, #1151, #1167, #1168, #1169, #1185, #1186, #1187, #1203, #1204, #1205, #1221, #1222, #1223, #1239, #1240, #1241, #1257, #1258, #1259, #1275, #1276, #1277, #1293, #1294, #1295, #1311, #1312, #1313, #1329, #1330, #1331, #1347, #1348, #1349, #1365, #1366, #1367, #1383, #1384, #1385, #1401, #1402, #1403, #1419, #1420, #1421, #1437, #1438, #1439, #1455, #1456, #1457, #1473, #1474, #1475, #1491, #1492, #1493, #1509, #1510, #1511, #1527, #1528, #1529, #1545, #1546, #1547, #1563, #1564, #1565, #1581, #1582, #1583, #1599, #1600, #1601, #1617, #1618, #1619, #1635, #1636, #1637, #1653, #1654, #1655, #1671, #1672, #1673, #1689, #1690, #1691, #1709, #1710, #1711, #1712),(#900, #901, #902, #918, #919, #920, #936, #937, #938, #954, #955, #956, #972, #973, #974, #990, #991, #992, #1008, #1009, #1010, #1026, #1027, #1028, #1044, #1045, #1046, #1062, #1063, #1064, #1080, #1081, #1082, #1098, #1099, #1100, #1116, #1117, #1118, #1134, #1135, #1136, #1152, #1153, #1154, #1170, #1171, #1172, #1188, #1189, #1190, #1206, #1207, #1208, #1224, #1225, #1226, #1242, #1243, #1244, #1260, #1261, #1262, #1278, #1279, #1280, #1296, #1297, #1298, #1314, #1315, #1316, #1332, #1333, #1334, #1350, #1351, #1352, #1368, #1369, #1370, #1386, #1387, #1388, #1404, #1405, #1406, #1422, #1423, #1424, #1440, #1441, #1442, #1458, #1459, #1460, #1476, #1477, #1478, #1494, #1495, #1496, #1512, #1513, #1514, #1530, #1531, #1532, #1548, #1549, #1550, #1566, #1567, #1568, #1584, #1585, #1586, #1602, #1603, #1604, #1620, #1621, #1622, #1638, #1639, #1640, #1656, #1657, #1658, #1674, #1675, #1676, #1692, #1693, #1694, #1713, #1714, #1715, #1716),(#903, #904, #905, #921, #922, #923, #939, #940, #941, #957, #958, #959, #975, #976, #977, #993, #994, #995, #1011, #1012, #1013, #1029, #1030, #1031, #1047, #1048, #1049, #1065, #1066, #1067, #1083, #1084, #1085, #1101, #1102, #1103, #1119, #1120, #1121, #1137, #1138, #1139, #1155, #1156, #1157, #1173, #1174, #1175, #1191, #1192, #1193, #1209, #1210, #1211, #1227, #1228, #1229, #1245, #1246, #1247, #1263, #1264, #1265, #1281, #1282, #1283, #1299, #1300, #1301, #1317, #1318, #1319, #1335, #1336, #1337, #1353, #1354, #1355, #1371, #1372, #1373, #1389, #1390, #1391, #1407, #1408, #1409, #1425, #1426, #1427, #1443, #1444, #1445, #1461, #1462, #1463, #1479, #1480, #1481, #1497, #1498, #1499, #1515, #1516, #1517, #1533, #1534, #1535, #1551, #1552, #1553, #1569, #1570, #1571, #1587, #1588, #1589, #1605, #1606, #1607, #1623, #1624, #1625, #1641, #1642, #1643, #1659, #1660, #1661, #1677, #1678, #1679, #1695, #1696, #1697, #1717, #1718, #1719, #1720),(#906, #907, #908, #924, #925, #926, #942, #943, #944, #960, #961, #962, #978, #979, #980, #996, #997, #998, #1014, #1015, #1016, #1032, #1033, #1034, #1050, #1051, #1052, #1068, #1069, #1070, #1086, #1087, #1088, #1104, #1105, #1106, #1122, #1123, #1124, #1140, #1141, #1142, #1158, #1159, #1160, #1176, #1177, #1178, #1194, #1195, #1196, #1212, #1213, #1214, #1230, #1231, #1232, #1248, #1249, #1250, #1266, #1267, #1268, #1284, #1285, #1286, #1302, #1303, #1304, #1320, #1321, #1322, #1338, #1339, #1340, #1356, #1357, #1358, #1374, #1375, #1376, #1392, #1393, #1394, #1410, #1411, #1412, #1428, #1429, #1430, #1446, #1447, #1448, #1464, #1465, #1466, #1482, #1483, #1484, #1500, #1501, #1502, #1518, #1519, #1520, #1536, #1537, #1538, #1554, #1555, #1556, #1572, #1573, #1574, #1590, #1591, #1592, #1608, #1609, #1610, #1626, #1627, #1628, #1644, #1645, #1646, #1662, #1663, #1664, #1680, #1681, #1682, #1698, #1699, #1700, #1721, #1722, #1723, #1724)),.UNSPECIFIED.,.F.,.F.,.F.,(6,6),(4,3,3,3,3,3,3,3,3,3,3,3,3,3,3,3,3,3,3,3,3,3,3,3,3,3,3,3,3,3,3,3,3,3,3,3,3,3,3,3,3,3,3,3,3,3,4),(0.,1.),(0.,1.,2.,3.,4.,5.,6.,7.,8.,9.,10.,11.,12.,13.,14.,15.,16.,17.,18.,19.,20.,21.,22.,23.,24.,25.,26.,27.,28.,29.,30.,31.,32.,33.,34.,35.,36.,37.,38.,39.,40.,41.,42.,43.,44.,45.,46.),.PIECEWISE_BEZIER_KNOTS.);
#891=CARTESIAN_POINT('',(0.15,0.,0.));
#892=CARTESIAN_POINT('',(0.15,0.,0.));
#893=CARTESIAN_POINT('',(0.15,0.,0.));
#894=CARTESIAN_POINT('',(0.15,-0.0075,-1.38777878078145E-18));
#895=CARTESIAN_POINT('',(0.15,-0.0075,-0.000937500000000001));
#896=CARTESIAN_POINT('',(0.15,-0.007265625,-0.001875));
#897=CARTESIAN_POINT('',(0.15,-0.015,-2.77555756156289E-18));
#898=CARTESIAN_POINT('',(0.15,-0.015,-0.001875));
#899=CARTESIAN_POINT('',(0.15,-0.01453125,-0.00375));
#900=CARTESIAN_POINT('',(0.15,-0.02,3.67394039744206E-18));
#901=CARTESIAN_POINT('',(0.15,-0.0200000000000004,-0.00440729015468069));
#902=CARTESIAN_POINT('',(0.15,-0.0207820565222395,-0.00881458030936184));
#903=CARTESIAN_POINT('',(0.15,-0.035,1.83697019872103E-18));
#904=CARTESIAN_POINT('',(0.15,-0.0350000000000002,-0.00637031174400701));
#905=CARTESIAN_POINT('',(0.15,-0.0353910282611198,-0.0127406234880143));
#906=CARTESIAN_POINT('',(0.15,-0.05,0.));
#907=CARTESIAN_POINT('',(0.15,-0.05,-0.00833333333333333));
#908=CARTESIAN_POINT('',(0.15,-0.05,-0.0166666666666667));
#909=CARTESIAN_POINT('',(0.15,0.,0.));
#910=CARTESIAN_POINT('',(0.15,0.,0.));
#911=CARTESIAN_POINT('',(0.15,0.,0.));
#912=CARTESIAN_POINT('',(0.15,-0.00685546875,-0.00275390625));
#913=CARTESIAN_POINT('',(0.15,-0.0067529296875,-0.0029736328125));
#914=CARTESIAN_POINT('',(0.15,-0.006639404296875,-0.003189697265625));
#915=CARTESIAN_POINT('',(0.15,-0.0137109375,-0.0055078125));
#916=CARTESIAN_POINT('',(0.15,-0.013505859375,-0.005947265625));
#917=CARTESIAN_POINT('',(0.15,-0.01327880859375,-0.00637939453125));
#918=CARTESIAN_POINT('',(0.15,-0.0222836140246614,-0.0135194970290473));
#919=CARTESIAN_POINT('',(0.15,-0.0226590034002669,-0.0146957262089687));
#920=CARTESIAN_POINT('',(0.15,-0.0230793615871338,-0.0158905570492028));
#921=CARTESIAN_POINT('',(0.15,-0.0361418070123307,-0.0192597485145237));
#922=CARTESIAN_POINT('',(0.15,-0.0363295017001334,-0.020889529771151));
#923=CARTESIAN_POINT('',(0.15,-0.0365396807935669,-0.0225286118579347));
#924=CARTESIAN_POINT('',(0.15,-0.05,-0.025));
#925=CARTESIAN_POINT('',(0.15,-0.05,-0.0270833333333333));
#926=CARTESIAN_POINT('',(0.15,-0.05,-0.0291666666666667));
#927=CARTESIAN_POINT('',(0.15,0.,0.));
#928=CARTESIAN_POINT('',(0.15,0.,0.));
#929=CARTESIAN_POINT('',(0.15,0.,0.));
#930=CARTESIAN_POINT('',(0.15,-0.00651580810546875,-0.00340118408203125));
#931=CARTESIAN_POINT('',(0.15,-0.00648490905761719,-0.00345405578613281));
#932=CARTESIAN_POINT('',(0.15,-0.0064533805847168,-0.00350664138793945));
#933=CARTESIAN_POINT('',(0.15,-0.0130316162109375,-0.0068023681640625));
#934=CARTESIAN_POINT('',(0.15,-0.0129698181152344,-0.00690811157226563));
#935=CARTESIAN_POINT('',(0.15,-0.0129067611694336,-0.00701328277587891));
#936=CARTESIAN_POINT('',(0.15,-0.0235422305374486,-0.0171080896718851));
#937=CARTESIAN_POINT('',(0.15,-0.0236579477750273,-0.0174124728275557));
#938=CARTESIAN_POINT('',(0.15,-0.0237763219353215,-0.0177182748446293));
#939=CARTESIAN_POINT('',(0.15,-0.0367711152687243,-0.0241790448359426));
#940=CARTESIAN_POINT('',(0.15,-0.0368289738875136,-0.0245916530804445));
#941=CARTESIAN_POINT('',(0.15,-0.0368881609676608,-0.025004970755648));
#942=CARTESIAN_POINT('',(0.15,-0.05,-0.03125));
#943=CARTESIAN_POINT('',(0.15,-0.05,-0.0317708333333333));
#944=CARTESIAN_POINT('',(0.15,-0.05,-0.0322916666666667));
#945=CARTESIAN_POINT('',(0.15,0.,0.));
#946=CARTESIAN_POINT('',(0.15,0.,0.));
#947=CARTESIAN_POINT('',(0.15,0.,-6.93889390390723E-19));
#948=CARTESIAN_POINT('',(0.15,-0.00642123699188233,-0.00355892658233643));
#949=CARTESIAN_POINT('',(0.15,-0.00641320109367371,-0.00357199788093567));
#950=CARTESIAN_POINT('',(0.15,-0.00640512675046921,-0.00358505040407181));
#951=CARTESIAN_POINT('',(0.15,-0.0128424739837647,-0.00711785316467285));
#952=CARTESIAN_POINT('',(0.15,-0.0128264021873474,-0.00714399576187134));
#953=CARTESIAN_POINT('',(0.15,-0.0128102535009384,-0.00717010080814362));
#954=CARTESIAN_POINT('',(0.15,-0.0238973146113341,-0.0180255597875142));
#955=CARTESIAN_POINT('',(0.15,-0.0239275627803373,-0.0181023810232355));
#956=CARTESIAN_POINT('',(0.15,-0.0239579746065729,-0.0181792949418199));
#957=CARTESIAN_POINT('',(0.15,-0.0369486573056671,-0.0254190298937571));
#958=CARTESIAN_POINT('',(0.15,-0.0369637813901686,-0.0255225446782844));
#959=CARTESIAN_POINT('',(0.15,-0.0369789873032864,-0.0256261058042433));
#960=CARTESIAN_POINT('',(0.15,-0.05,-0.0328125));
#961=CARTESIAN_POINT('',(0.15,-0.05,-0.0329427083333333));
#962=CARTESIAN_POINT('',(0.15,-0.05,-0.0330729166666667));
#963=CARTESIAN_POINT('',(0.15,0.,0.));
#964=CARTESIAN_POINT('',(0.15,0.,0.));
#965=CARTESIAN_POINT('',(0.15,0.,0.));
#966=CARTESIAN_POINT('',(0.15,-0.00639701418578625,-0.00359808392822742));
#967=CARTESIAN_POINT('',(0.15,-0.00639498604461551,-0.00360134230926633));
#968=CARTESIAN_POINT('',(0.15,-0.00639295551460237,-0.00360459950286895));
#969=CARTESIAN_POINT('',(0.15,-0.0127940283715725,-0.00719616785645485));
#970=CARTESIAN_POINT('',(0.15,-0.012789972089231,-0.00720268461853266));
#971=CARTESIAN_POINT('',(0.15,-0.0127859110292047,-0.0072091990057379));
#972=CARTESIAN_POINT('',(0.15,-0.0239885494899315,-0.018256302544274));
#973=CARTESIAN_POINT('',(0.15,-0.0239961932107712,-0.0182755544448875));
#974=CARTESIAN_POINT('',(0.15,-0.024003847122681,-0.0182948122007428));
#975=CARTESIAN_POINT('',(0.15,-0.0369942747449657,-0.025729713772137));
#976=CARTESIAN_POINT('',(0.15,-0.0369980966053856,-0.0257556157641104));
#977=CARTESIAN_POINT('',(0.15,-0.0370019235613405,-0.0257815206837048));
#978=CARTESIAN_POINT('',(0.15,-0.05,-0.033203125));
#979=CARTESIAN_POINT('',(0.15,-0.05,-0.0332356770833333));
#980=CARTESIAN_POINT('',(0.15,-0.05,-0.0332682291666667));
#981=CARTESIAN_POINT('',(0.15,0.,0.));
#982=CARTESIAN_POINT('',(0.15,0.,0.));
#983=CARTESIAN_POINT('',(0.15,-1.38777878078145E-18,0.));
#984=CARTESIAN_POINT('',(0.15,-0.00639092259923928,-0.00360785550554283));
#985=CARTESIAN_POINT('',(0.15,-0.00638990614155773,-0.00360948350687977));
#986=CARTESIAN_POINT('',(0.15,-0.0063888890875387,-0.00361111121048452));
#987=CARTESIAN_POINT('',(0.15,-0.0127818451984786,-0.00721571101108566));
#988=CARTESIAN_POINT('',(0.15,-0.0127798122831155,-0.00721896701375954));
#989=CARTESIAN_POINT('',(0.15,-0.0127777781750774,-0.00722222242096904));
#990=CARTESIAN_POINT('',(0.15,-0.0240115112162843,-0.0183140758274808));
#991=CARTESIAN_POINT('',(0.15,-0.024015343263086,-0.0183237076408497));
#992=CARTESIAN_POINT('',(0.15,-0.024019177855311,-0.0183333409219394));
#993=CARTESIAN_POINT('',(0.15,-0.0370057556081422,-0.0258074285387404));
#994=CARTESIAN_POINT('',(0.15,-0.037007671631543,-0.0258203824662582));
#995=CARTESIAN_POINT('',(0.15,-0.0370095889276555,-0.0258333371276363));
#996=CARTESIAN_POINT('',(0.15,-0.05,-0.03330078125));
#997=CARTESIAN_POINT('',(0.15,-0.05,-0.0333170572916667));
#998=CARTESIAN_POINT('',(0.15,-0.05,-0.0333333333333333));
#999=CARTESIAN_POINT('',(0.15,0.,0.));
#1000=CARTESIAN_POINT('',(0.15,0.,0.));
#1001=CARTESIAN_POINT('',(0.15,0.,0.));
#1002=CARTESIAN_POINT('',(0.15,-0.00638787143761874,-0.00361273861592053));
#1003=CARTESIAN_POINT('',(0.15,-0.00638685378769879,-0.00361436602135654));
#1004=CARTESIAN_POINT('',(0.15,-0.0063858355418779,-0.00361599312862381));
#1005=CARTESIAN_POINT('',(0.15,-0.0127757428752375,-0.00722547723184107));
#1006=CARTESIAN_POINT('',(0.15,-0.0127737075753976,-0.00722873204271309));
#1007=CARTESIAN_POINT('',(0.15,-0.0127716710837558,-0.00723198625724762));
#1008=CARTESIAN_POINT('',(0.15,-0.0240230149917874,-0.0183429756727047));
#1009=CARTESIAN_POINT('',(0.15,-0.0240268521282637,-0.01835261042347));
#1010=CARTESIAN_POINT('',(0.15,-0.0240306918089913,-0.0183622466439111));
#1011=CARTESIAN_POINT('',(0.15,-0.0370115074958937,-0.0258462925238524));
#1012=CARTESIAN_POINT('',(0.15,-0.0370134260641318,-0.0258592479200683));
#1013=CARTESIAN_POINT('',(0.15,-0.0370153459044956,-0.0258722040511222));
#1014=CARTESIAN_POINT('',(0.15,-0.05,-0.033349609375));
#1015=CARTESIAN_POINT('',(0.15,-0.05,-0.0333658854166667));
#1016=CARTESIAN_POINT('',(0.15,-0.05,-0.0333821614583333));
#1017=CARTESIAN_POINT('',(0.15,0.,0.));
#1018=CARTESIAN_POINT('',(0.15,0.,0.));
#1019=CARTESIAN_POINT('',(0.15,0.,0.));
#1020=CARTESIAN_POINT('',(0.15,-0.00638481670059264,-0.00361761993728578));
#1021=CARTESIAN_POINT('',(0.15,-0.00638074133545161,-0.00362412717193365));
#1022=CARTESIAN_POINT('',(0.15,-0.00637665644288064,-0.00363062962889671));
#1023=CARTESIAN_POINT('',(0.15,-0.0127696334011853,-0.00723523987457156));
#1024=CARTESIAN_POINT('',(0.15,-0.0127614826709032,-0.0072482543438673));
#1025=CARTESIAN_POINT('',(0.15,-0.0127533128857613,-0.00726125925779342));
#1026=CARTESIAN_POINT('',(0.15,-0.0240345340327981,-0.018371884335983));
#1027=CARTESIAN_POINT('',(0.15,-0.0240499029280253,-0.0184104351042706));
#1028=CARTESIAN_POINT('',(0.15,-0.0240653125125196,-0.0184490094186515));
#1029=CARTESIAN_POINT('',(0.15,-0.037017267016399,-0.0258851609179915));
#1030=CARTESIAN_POINT('',(0.15,-0.0370249514640126,-0.0259369883854687));
#1031=CARTESIAN_POINT('',(0.15,-0.0370326562562598,-0.0259888276259924));
#1032=CARTESIAN_POINT('',(0.15,-0.05,-0.0333984375));
#1033=CARTESIAN_POINT('',(0.15,-0.05,-0.0334635416666667));
#1034=CARTESIAN_POINT('',(0.15,-0.05,-0.0335286458333333));
#1035=CARTESIAN_POINT('',(0.15,0.,0.));
#1036=CARTESIAN_POINT('',(0.15,0.,0.));
#1037=CARTESIAN_POINT('',(0.15,0.,0.));
#1038=CARTESIAN_POINT('',(0.15,-0.0063725620508194,-0.00363712728023529));
#1039=CARTESIAN_POINT('',(0.15,-0.00635618448257447,-0.0036631178855896));
#1040=CARTESIAN_POINT('',(0.15,-0.00633965492248536,-0.00368903160095215));
#1041=CARTESIAN_POINT('',(0.15,-0.0127451241016388,-0.00727425456047058));
#1042=CARTESIAN_POINT('',(0.15,-0.0127123689651489,-0.0073262357711792));
#1043=CARTESIAN_POINT('',(0.15,-0.0126793098449707,-0.00737806320190429));
#1044=CARTESIAN_POINT('',(0.15,-0.0240807627112673,-0.0184876074042513));
#1045=CARTESIAN_POINT('',(0.15,-0.0241425635062582,-0.0186419993466505));
#1046=CARTESIAN_POINT('',(0.15,-0.024205014129304,-0.0187967700285536));
#1047=CARTESIAN_POINT('',(0.15,-0.0370403813556336,-0.0260406787021256));
#1048=CARTESIAN_POINT('',(0.15,-0.0370712817531291,-0.0262480830066586));
#1049=CARTESIAN_POINT('',(0.15,-0.037102507064652,-0.0264556766809435));
#1050=CARTESIAN_POINT('',(0.15,-0.05,-0.03359375));
#1051=CARTESIAN_POINT('',(0.15,-0.05,-0.0338541666666667));
#1052=CARTESIAN_POINT('',(0.15,-0.05,-0.0341145833333333));
#1053=CARTESIAN_POINT('',(0.15,0.,-6.93889390390723E-19));
#1054=CARTESIAN_POINT('',(0.15,0.,-6.93889390390723E-19));
#1055=CARTESIAN_POINT('',(0.15,0.,0.));
#1056=CARTESIAN_POINT('',(0.15,-0.00632297515869141,-0.00371486663818359));
#1057=CARTESIAN_POINT('',(0.15,-0.00625625610351563,-0.00381820678710937));
#1058=CARTESIAN_POINT('',(0.15,-0.0061871337890625,-0.0039202880859375));
#1059=CARTESIAN_POINT('',(0.15,-0.0126459503173828,-0.00742973327636718));
#1060=CARTESIAN_POINT('',(0.15,-0.0125125122070313,-0.00763641357421875));
#1061=CARTESIAN_POINT('',(0.15,-0.012374267578125,-0.007840576171875));
#1062=CARTESIAN_POINT('',(0.15,-0.0242681097795302,-0.0189519274580116));
#1063=CARTESIAN_POINT('',(0.15,-0.0245204923804349,-0.0195725571758438));
#1064=CARTESIAN_POINT('',(0.15,-0.024783195416225,-0.0201993748545549));
#1065=CARTESIAN_POINT('',(0.15,-0.0371340548897651,-0.0266634637290058));
#1066=CARTESIAN_POINT('',(0.15,-0.0372602461902175,-0.0274946119212552));
#1067=CARTESIAN_POINT('',(0.15,-0.0373915977081125,-0.0283288540939441));
#1068=CARTESIAN_POINT('',(0.15,-0.05,-0.034375));
#1069=CARTESIAN_POINT('',(0.15,-0.05,-0.0354166666666667));
#1070=CARTESIAN_POINT('',(0.15,-0.05,-0.0364583333333333));
#1071=CARTESIAN_POINT('',(0.15,0.,-6.93889390390723E-19));
#1072=CARTESIAN_POINT('',(0.15,0.,0.));
#1073=CARTESIAN_POINT('',(0.15,-6.93889390390723E-19,0.));
#1074=CARTESIAN_POINT('',(0.15,-0.00611572265625,-0.00402099609375));
#1075=CARTESIAN_POINT('',(0.15,-0.00608001708984375,-0.00407135009765625));
#1076=CARTESIAN_POINT('',(0.15,-0.00604373931884766,-0.00412136077880859));
#1077=CARTESIAN_POINT('',(0.15,-0.0122314453125,-0.0080419921875));
#1078=CARTESIAN_POINT('',(0.15,-0.0121600341796875,-0.0081427001953125));
#1079=CARTESIAN_POINT('',(0.15,-0.0120874786376953,-0.00824272155761718));
#1080=CARTESIAN_POINT('',(0.15,-0.0250559116309236,-0.0208328930094119));
#1081=CARTESIAN_POINT('',(0.15,-0.025192269738273,-0.0211496520868404));
#1082=CARTESIAN_POINT('',(0.15,-0.0253311311403495,-0.0214680862833054));
#1083=CARTESIAN_POINT('',(0.15,-0.0375279558154618,-0.029166446504706));
#1084=CARTESIAN_POINT('',(0.15,-0.0375961348691365,-0.0295852427100869));
#1085=CARTESIAN_POINT('',(0.15,-0.0376655655701747,-0.0300048764749861));
#1086=CARTESIAN_POINT('',(0.15,-0.05,-0.0375));
#1087=CARTESIAN_POINT('',(0.15,-0.05,-0.0380208333333333));
#1088=CARTESIAN_POINT('',(0.15,-0.05,-0.0385416666666667));
#1089=CARTESIAN_POINT('',(0.15,-6.93889390390723E-19,-6.93889390390723E-19));
#1090=CARTESIAN_POINT('',(0.15,-6.93889390390723E-19,-6.93889390390723E-19));
#1091=CARTESIAN_POINT('',(0.15,0.,0.));
#1092=CARTESIAN_POINT('',(0.15,-0.00600690364837647,-0.00417101383209228));
#1093=CARTESIAN_POINT('',(0.15,-0.00598848581314088,-0.00419584035873413));
#1094=CARTESIAN_POINT('',(0.15,-0.00596992850303651,-0.00422057747840881));
#1095=CARTESIAN_POINT('',(0.15,-0.0120138072967529,-0.00834202766418457));
#1096=CARTESIAN_POINT('',(0.15,-0.0119769716262818,-0.00839168071746826));
#1097=CARTESIAN_POINT('',(0.15,-0.011939857006073,-0.00844115495681763));
#1098=CARTESIAN_POINT('',(0.15,-0.0254724556054525,-0.0217882542574646));
#1099=CARTESIAN_POINT('',(0.15,-0.025543117838004,-0.0219483382445442));
#1100=CARTESIAN_POINT('',(0.15,-0.0256143958363122,-0.0221088556760474));
#1101=CARTESIAN_POINT('',(0.15,-0.0377362278027262,-0.0304253771287323));
#1102=CARTESIAN_POINT('',(0.15,-0.037771558919002,-0.0306356274556055));
#1103=CARTESIAN_POINT('',(0.15,-0.0378071979181561,-0.0308460945046904));
#1104=CARTESIAN_POINT('',(0.15,-0.05,-0.0390625));
#1105=CARTESIAN_POINT('',(0.15,-0.05,-0.0393229166666667));
#1106=CARTESIAN_POINT('',(0.15,-0.05,-0.0395833333333333));
#1107=CARTESIAN_POINT('',(0.15,-6.93889390390723E-19,-6.93889390390723E-19));
#1108=CARTESIAN_POINT('',(0.15,0.,0.));
#1109=CARTESIAN_POINT('',(0.15,-6.93889390390723E-19,0.));
#1110=CARTESIAN_POINT('',(0.15,-0.0059512335062027,-0.00424522340297699));
#1111=CARTESIAN_POINT('',(0.15,-0.00594889663159848,-0.00424830414354801));
#1112=CARTESIAN_POINT('',(0.15,-0.00594655760563911,-0.00425138345919549));
#1113=CARTESIAN_POINT('',(0.15,-0.0119024670124054,-0.00849044680595398));
#1114=CARTESIAN_POINT('',(0.15,-0.011897793263197,-0.00849660828709602));
#1115=CARTESIAN_POINT('',(0.15,-0.0118931152112782,-0.00850276691839099));
#1116=CARTESIAN_POINT('',(0.15,-0.0256862840524221,-0.0222698142763068));
#1117=CARTESIAN_POINT('',(0.15,-0.0256952700794359,-0.0222899341013393));
#1118=CARTESIAN_POINT('',(0.15,-0.0257042656411028,-0.0223100608196335));
#1119=CARTESIAN_POINT('',(0.15,-0.0378431420262111,-0.0310567821381534));
#1120=CARTESIAN_POINT('',(0.15,-0.037847635039718,-0.0310831180923363));
#1121=CARTESIAN_POINT('',(0.15,-0.0378521328205514,-0.0311094574931501));
#1122=CARTESIAN_POINT('',(0.15,-0.05,-0.03984375));
#1123=CARTESIAN_POINT('',(0.15,-0.05,-0.0398763020833333));
#1124=CARTESIAN_POINT('',(0.15,-0.05,-0.0399088541666667));
#1125=CARTESIAN_POINT('',(0.15,-6.93889390390723E-19,0.));
#1126=CARTESIAN_POINT('',(0.15,0.,-6.93889390390723E-19));
#1127=CARTESIAN_POINT('',(0.15,0.,0.));
#1128=CARTESIAN_POINT('',(0.15,-0.00594421643181705,-0.00425446134642698));
#1129=CARTESIAN_POINT('',(0.15,-0.00594304584490602,-0.00425600029004272));
#1130=CARTESIAN_POINT('',(0.15,-0.00594187472102931,-0.00425753887655446));
#1131=CARTESIAN_POINT('',(0.15,-0.0118884328636341,-0.00850892269285396));
#1132=CARTESIAN_POINT('',(0.15,-0.011886091689812,-0.00851200058008544));
#1133=CARTESIAN_POINT('',(0.15,-0.0118837494420586,-0.00851507775310892));
#1134=CARTESIAN_POINT('',(0.15,-0.0257132707278784,-0.0223301944443725));
#1135=CARTESIAN_POINT('',(0.15,-0.0257177732712663,-0.022340261256742));
#1136=CARTESIAN_POINT('',(0.15,-0.0257222781959312,-0.0223503297957226));
#1137=CARTESIAN_POINT('',(0.15,-0.0378566353639392,-0.0311358003471862));
#1138=CARTESIAN_POINT('',(0.15,-0.0378588866356331,-0.0311489717742043));
#1139=CARTESIAN_POINT('',(0.15,-0.0378611390979656,-0.031162144064528));
#1140=CARTESIAN_POINT('',(0.15,-0.05,-0.03994140625));
#1141=CARTESIAN_POINT('',(0.15,-0.05,-0.0399576822916667));
#1142=CARTESIAN_POINT('',(0.15,-0.05,-0.0399739583333333));
#1143=CARTESIAN_POINT('',(0.15,-6.93889390390723E-19,0.));
#1144=CARTESIAN_POINT('',(0.15,0.,0.));
#1145=CARTESIAN_POINT('',(0.15,0.,0.));
#1146=CARTESIAN_POINT('',(0.15,-0.0059407030606235,-0.00425907710552565));
#1147=CARTESIAN_POINT('',(0.15,-0.00593953140021768,-0.00426061533449683));
#1148=CARTESIAN_POINT('',(0.15,-0.00593835920328275,-0.00426215320592746));
#1149=CARTESIAN_POINT('',(0.15,-0.011881406121247,-0.00851815421105129));
#1150=CARTESIAN_POINT('',(0.15,-0.0118790628004354,-0.00852123066899367));
#1151=CARTESIAN_POINT('',(0.15,-0.0118767184065655,-0.00852430641185492));
#1152=CARTESIAN_POINT('',(0.15,-0.0257267855004632,-0.0223604000632579));
#1153=CARTESIAN_POINT('',(0.15,-0.0257312928049952,-0.0223704703307932));
#1154=CARTESIAN_POINT('',(0.15,-0.025735794438217,-0.0223758729813341));
#1155=CARTESIAN_POINT('',(0.15,-0.0378633927502316,-0.031175317219129));
#1156=CARTESIAN_POINT('',(0.15,-0.0378656464024976,-0.0311884903737299));
#1157=CARTESIAN_POINT('',(0.15,-0.0378678931935199,-0.0311969950470592));
#1158=CARTESIAN_POINT('',(0.15,-0.05,-0.039990234375));
#1159=CARTESIAN_POINT('',(0.15,-0.05,-0.0400065104166667));
#1160=CARTESIAN_POINT('',(0.15,-0.0499999919488228,-0.0400181171127843));
#1161=CARTESIAN_POINT('',(0.15,-6.93889390390723E-19,0.));
#1162=CARTESIAN_POINT('',(0.15,0.,0.));
#1163=CARTESIAN_POINT('',(0.15,-6.93889390390723E-19,0.));
#1164=CARTESIAN_POINT('',(0.15,-0.00593718647025526,-0.00426369071938097));
#1165=CARTESIAN_POINT('',(0.15,-0.00593249553814531,-0.00426984077319503));
#1166=CARTESIAN_POINT('',(0.15,-0.00592779602855445,-0.00427598509937525));
#1167=CARTESIAN_POINT('',(0.15,-0.0118743729405105,-0.00852738143876195));
#1168=CARTESIAN_POINT('',(0.15,-0.0118649910762906,-0.00853968154639006));
#1169=CARTESIAN_POINT('',(0.15,-0.0118555920571089,-0.00855197019875049));
#1170=CARTESIAN_POINT('',(0.15,-0.0257402662803897,-0.0223826080179081));
#1171=CARTESIAN_POINT('',(0.15,-0.0257581536490801,-0.0224095481642041));
#1172=CARTESIAN_POINT('',(0.15,-0.0257756770423668,-0.0224364755447812));
#1173=CARTESIAN_POINT('',(0.15,-0.0378701090042123,-0.0312068312412478));
#1174=CARTESIAN_POINT('',(0.15,-0.0378789722469817,-0.031246176018002));
#1175=CARTESIAN_POINT('',(0.15,-0.037887452485855,-0.0312854941862566));
#1176=CARTESIAN_POINT('',(0.15,-0.0499999517280349,-0.0400310544645875));
#1177=CARTESIAN_POINT('',(0.15,-0.0499997908448833,-0.0400828038718));
#1178=CARTESIAN_POINT('',(0.15,-0.0499992279293432,-0.040134512827732));
#1179=CARTESIAN_POINT('',(0.15,0.,0.));
#1180=CARTESIAN_POINT('',(0.15,0.,0.));
#1181=CARTESIAN_POINT('',(0.15,0.,0.));
#1182=CARTESIAN_POINT('',(0.15,-0.00592308796942235,-0.00428212366998195));
#1183=CARTESIAN_POINT('',(0.15,-0.00591367185115815,-0.00429440081119537));
#1184=CARTESIAN_POINT('',(0.15,-0.00590422153472901,-0.00430665493011474));
#1185=CARTESIAN_POINT('',(0.15,-0.0118461759388447,-0.00856424733996391));
#1186=CARTESIAN_POINT('',(0.15,-0.0118273437023163,-0.00858880162239074));
#1187=CARTESIAN_POINT('',(0.15,-0.011808443069458,-0.00861330986022949));
#1188=CARTESIAN_POINT('',(0.15,-0.0257928381300062,-0.0224633860399014));
#1189=CARTESIAN_POINT('',(0.15,-0.025827160305285,-0.0225172070301417));
#1190=CARTESIAN_POINT('',(0.15,-0.0258600332579746,-0.0225709604785542));
#1191=CARTESIAN_POINT('',(0.15,-0.037895551433163,-0.0313247815677844));
#1192=CARTESIAN_POINT('',(0.15,-0.0379117493277791,-0.0314033563308401));
#1193=CARTESIAN_POINT('',(0.15,-0.0379264220561341,-0.0314818079469887));
#1194=CARTESIAN_POINT('',(0.15,-0.0499982647363199,-0.0401861770956674));
#1195=CARTESIAN_POINT('',(0.15,-0.0499963383502732,-0.0402895056315384));
#1196=CARTESIAN_POINT('',(0.15,-0.0499928108542936,-0.0403926554154231));
#1197=CARTESIAN_POINT('',(0.15,-6.93889390390723E-19,-6.93889390390723E-19));
#1198=CARTESIAN_POINT('',(0.15,0.,0.));
#1199=CARTESIAN_POINT('',(0.15,0.,-6.93889390390723E-19));
#1200=CARTESIAN_POINT('',(0.15,-0.00589473724365235,-0.00431888580322266));
#1201=CARTESIAN_POINT('',(0.15,-0.00581886291503907,-0.00441673278808594));
#1202=CARTESIAN_POINT('',(0.15,-0.00574081420898438,-0.00451309204101562));
#1203=CARTESIAN_POINT('',(0.15,-0.0117894744873047,-0.00863777160644531));
#1204=CARTESIAN_POINT('',(0.15,-0.0116377258300781,-0.00883346557617187));
#1205=CARTESIAN_POINT('',(0.15,-0.0114816284179688,-0.00902618408203125));
#1206=CARTESIAN_POINT('',(0.15,-0.0258914703432034,-0.0226246134188208));
#1207=CARTESIAN_POINT('',(0.15,-0.0261429670250335,-0.0230538369409538));
#1208=CARTESIAN_POINT('',(0.15,-0.0263025681893649,-0.0234766279417537));
#1209=CARTESIAN_POINT('',(0.15,-0.0379395833154131,-0.0315601029862073));
#1210=CARTESIAN_POINT('',(0.15,-0.0380448733896447,-0.0321864632999563));
#1211=CARTESIAN_POINT('',(0.15,-0.038053429443009,-0.0328028026901859));
#1212=CARTESIAN_POINT('',(0.15,-0.0499876962876227,-0.0404955925535938));
#1213=CARTESIAN_POINT('',(0.15,-0.0499467797542559,-0.0413190896589588));
#1214=CARTESIAN_POINT('',(0.15,-0.0498042906966531,-0.0421289774386181));
#1215=CARTESIAN_POINT('',(0.15,0.,-6.93889390390723E-19));
#1216=CARTESIAN_POINT('',(0.15,0.,0.));
#1217=CARTESIAN_POINT('',(0.15,-6.93889390390723E-19,0.));
#1218=CARTESIAN_POINT('',(0.15,-0.00566070556640625,-0.00460784912109375));
#1219=CARTESIAN_POINT('',(0.15,-0.00550048828125,-0.00479736328125));
#1220=CARTESIAN_POINT('',(0.15,-0.00533203125,-0.00498046875));
#1221=CARTESIAN_POINT('',(0.15,-0.0113214111328125,-0.0092156982421875));
#1222=CARTESIAN_POINT('',(0.15,-0.0110009765625,-0.0095947265625));
#1223=CARTESIAN_POINT('',(0.15,-0.0106640625,-0.0099609375));
#1224=CARTESIAN_POINT('',(0.15,-0.0263771036057446,-0.0238761037789234));
#1225=CARTESIAN_POINT('',(0.15,-0.0265261744385041,-0.0246750554532628));
#1226=CARTESIAN_POINT('',(0.15,-0.0263349822794572,-0.0253807464730817));
#1227=CARTESIAN_POINT('',(0.15,-0.0379722604061853,-0.0333920030413779));
#1228=CARTESIAN_POINT('',(0.15,-0.037809922332538,-0.034570403743762));
#1229=CARTESIAN_POINT('',(0.15,-0.037288683898139,-0.035640248289996));
#1230=CARTESIAN_POINT('',(0.15,-0.049567417206626,-0.0429079023038325));
#1231=CARTESIAN_POINT('',(0.15,-0.0490936702265719,-0.0444657520342612));
#1232=CARTESIAN_POINT('',(0.15,-0.0482423855168207,-0.0458997501069103));
#1233=CARTESIAN_POINT('',(0.15,-6.93889390390723E-19,-6.93889390390723E-19));
#1234=CARTESIAN_POINT('',(0.15,0.,-6.93889390390723E-19));
#1235=CARTESIAN_POINT('',(0.15,0.,-6.93889390390723E-19));
#1236=CARTESIAN_POINT('',(0.15,-0.00515625,-0.00515625));
#1237=CARTESIAN_POINT('',(0.15,-0.00515487670898438,-0.00515762329101562));
#1238=CARTESIAN_POINT('',(0.15,-0.00515350297093392,-0.00515899613499641));
#1239=CARTESIAN_POINT('',(0.15,-0.0103125,-0.0103125));
#1240=CARTESIAN_POINT('',(0.15,-0.0103097534179688,-0.0103152465820312));
#1241=CARTESIAN_POINT('',(0.15,-0.0103070059418678,-0.0103179922699928));
#1242=CARTESIAN_POINT('',(0.15,-0.0258578643762691,-0.0258578643762691));
#1243=CARTESIAN_POINT('',(0.15,-0.0258541368926504,-0.0258615918598877));
#1244=CARTESIAN_POINT('',(0.15,-0.0258503954580358,-0.0258653018919839));
#1245=CARTESIAN_POINT('',(0.15,-0.0364644660940673,-0.0364644660940673));
#1246=CARTESIAN_POINT('',(0.15,-0.0364580268924729,-0.0364709052956616));
#1247=CARTESIAN_POINT('',(0.15,-0.0364515726990121,-0.0364773260048627));
#1248=CARTESIAN_POINT('',(0.15,-0.0470710678118655,-0.0470710678118655));
#1249=CARTESIAN_POINT('',(0.15,-0.0470619168922955,-0.0470802187314354));
#1250=CARTESIAN_POINT('',(0.15,-0.0470527499399883,-0.0470893501177415));
#1251=CARTESIAN_POINT('',(0.15,0.,-6.93889390390723E-19));
#1252=CARTESIAN_POINT('',(0.15,0.,0.));
#1253=CARTESIAN_POINT('',(0.15,-6.93889390390723E-19,-6.93889390390723E-19));
#1254=CARTESIAN_POINT('',(0.15,-0.00515212878628518,-0.00516036853150581));
#1255=CARTESIAN_POINT('',(0.15,-0.00515075460163644,-0.00516174092801521));
#1256=CARTESIAN_POINT('',(0.15,-0.00514937997038942,-0.00516311287705321));
#1257=CARTESIAN_POINT('',(0.15,-0.0103042575725704,-0.0103207370630116));
#1258=CARTESIAN_POINT('',(0.15,-0.0103015092032729,-0.0103234818560304));
#1259=CARTESIAN_POINT('',(0.15,-0.0102987599407788,-0.0103262257541064));
#1260=CARTESIAN_POINT('',(0.15,-0.0258466401369474,-0.0258689944466476));
#1261=CARTESIAN_POINT('',(0.15,-0.025842884815859,-0.0258726870013113));
#1262=CARTESIAN_POINT('',(0.15,-0.0258391156082967,-0.0258763620785425));
#1263=CARTESIAN_POINT('',(0.15,-0.0364451035790449,-0.0364837281950055));
#1264=CARTESIAN_POINT('',(0.15,-0.0364386344590778,-0.0364901303851482));
#1265=CARTESIAN_POINT('',(0.15,-0.0364321504126044,-0.0364965140562326));
#1266=CARTESIAN_POINT('',(0.15,-0.0470435670211424,-0.0470984619433634));
#1267=CARTESIAN_POINT('',(0.15,-0.0470343841022966,-0.0471075737689852));
#1268=CARTESIAN_POINT('',(0.15,-0.0470251852169121,-0.0471166660339228));
#1269=CARTESIAN_POINT('',(0.15,0.,0.));
#1270=CARTESIAN_POINT('',(0.15,0.,-6.93889390390723E-19));
#1271=CARTESIAN_POINT('',(0.15,0.,-6.93889390390723E-19));
#1272=CARTESIAN_POINT('',(0.15,-0.00514800489298068,-0.00516448437818326));
#1273=CARTESIAN_POINT('',(0.15,-0.00514525473816321,-0.00516722738044336));
#1274=CARTESIAN_POINT('',(0.15,-0.00514250279869885,-0.00516996859107166));
#1275=CARTESIAN_POINT('',(0.15,-0.0102960097859614,-0.0103289687563665));
#1276=CARTESIAN_POINT('',(0.15,-0.0102905094763264,-0.0103344547608867));
#1277=CARTESIAN_POINT('',(0.15,-0.0102850055973977,-0.0103399371821433));
#1278=CARTESIAN_POINT('',(0.15,-0.0258353325787825,-0.0258800196524312));
#1279=CARTESIAN_POINT('',(0.15,-0.0258277665197542,-0.0258873348002086));
#1280=CARTESIAN_POINT('',(0.15,-0.0258201451729184,-0.0258945799346159));
#1281=CARTESIAN_POINT('',(0.15,-0.0364256515049852,-0.0365028791815934));
#1282=CARTESIAN_POINT('',(0.15,-0.0364126536897466,-0.036515609432315));
#1283=CARTESIAN_POINT('',(0.15,-0.0363995964299245,-0.0365282655001423));
#1284=CARTESIAN_POINT('',(0.15,-0.0470159704311878,-0.0471257387107557));
#1285=CARTESIAN_POINT('',(0.15,-0.0469975408597391,-0.0471438840644215));
#1286=CARTESIAN_POINT('',(0.15,-0.0469790476869307,-0.0471619510656687));
#1287=CARTESIAN_POINT('',(0.15,0.,-6.93889390390723E-19));
#1288=CARTESIAN_POINT('',(0.15,0.,0.));
#1289=CARTESIAN_POINT('',(0.15,-6.93889390390723E-19,0.));
#1290=CARTESIAN_POINT('',(0.15,-0.00513974907808006,-0.0051727080065757));
#1291=CARTESIAN_POINT('',(0.15,-0.00513424163684249,-0.00517818683758378));
#1292=CARTESIAN_POINT('',(0.15,-0.00512872707098723,-0.0051836584880948));
#1293=CARTESIAN_POINT('',(0.15,-0.0102794981561601,-0.0103454160131514));
#1294=CARTESIAN_POINT('',(0.15,-0.010268483273685,-0.0103563736751676));
#1295=CARTESIAN_POINT('',(0.15,-0.0102574541419745,-0.0103673169761896));
#1296=CARTESIAN_POINT('',(0.15,-0.0258124690544512,-0.0259017548483731));
#1297=CARTESIAN_POINT('',(0.15,-0.0257971168175168,-0.0259161046758875));
#1298=CARTESIAN_POINT('',(0.15,-0.0257815454940567,-0.0259301736208012));
#1299=CARTESIAN_POINT('',(0.15,-0.0363864802484017,-0.0365408471717536));
#1300=CARTESIAN_POINT('',(0.15,-0.036360247885356,-0.0365660105149763));
#1301=CARTESIAN_POINT('',(0.15,-0.0363337798355072,-0.036590876273335));
#1302=CARTESIAN_POINT('',(0.15,-0.0469604914423522,-0.0471799394951342));
#1303=CARTESIAN_POINT('',(0.15,-0.0469233789531952,-0.047215916354065));
#1304=CARTESIAN_POINT('',(0.15,-0.0468860141769576,-0.0472515789258688));
#1305=CARTESIAN_POINT('',(0.15,-6.93889390390723E-19,-6.93889390390723E-19));
#1306=CARTESIAN_POINT('',(0.15,-6.93889390390723E-19,0.));
#1307=CARTESIAN_POINT('',(0.15,-6.93889390390723E-19,0.));
#1308=CARTESIAN_POINT('',(0.15,-0.00512320540845395,-0.0051891229301691));
#1309=CARTESIAN_POINT('',(0.15,-0.00511216208338738,-0.0052000518143177));
#1310=CARTESIAN_POINT('',(0.15,-0.00510109037160874,-0.00521095186471939));
#1311=CARTESIAN_POINT('',(0.15,-0.0102464108169079,-0.0103782458603382));
#1312=CARTESIAN_POINT('',(0.15,-0.0102243241667748,-0.0104001036286354));
#1313=CARTESIAN_POINT('',(0.15,-0.0102021807432175,-0.0104219037294388));
#1314=CARTESIAN_POINT('',(0.15,-0.0257657592134798,-0.0259439600248729));
#1315=CARTESIAN_POINT('',(0.15,-0.025734186652326,-0.0259715328330164));
#1316=CARTESIAN_POINT('',(0.15,-0.0257017542627043,-0.0259979754777922));
#1317=CARTESIAN_POINT('',(0.15,-0.0363070802819176,-0.0366154427402566));
#1318=CARTESIAN_POINT('',(0.15,-0.0362536811747386,-0.0366645756740997));
#1319=CARTESIAN_POINT('',(0.15,-0.0361993560525964,-0.0367125114421944));
#1320=CARTESIAN_POINT('',(0.15,-0.0468484013503555,-0.0472869254556402));
#1321=CARTESIAN_POINT('',(0.15,-0.0467731756971512,-0.0473576185151831));
#1322=CARTESIAN_POINT('',(0.15,-0.0466969578424886,-0.0474270474065966));
#1323=CARTESIAN_POINT('',(0.15,0.,0.));
#1324=CARTESIAN_POINT('',(0.15,0.,-6.93889390390723E-19));
#1325=CARTESIAN_POINT('',(0.15,-6.93889390390723E-19,-6.93889390390723E-19));
#1326=CARTESIAN_POINT('',(0.15,-0.00508999049663544,-0.00522182285785675));
#1327=CARTESIAN_POINT('',(0.15,-0.00506779074668885,-0.00524356484413147));
#1328=CARTESIAN_POINT('',(0.15,-0.00504547834396363,-0.00526519060134887));
#1329=CARTESIAN_POINT('',(0.15,-0.0101799809932709,-0.0104436457157135));
#1330=CARTESIAN_POINT('',(0.15,-0.0101355814933777,-0.0104871296882629));
#1331=CARTESIAN_POINT('',(0.15,-0.0100909566879273,-0.0105303812026977));
#1332=CARTESIAN_POINT('',(0.15,-0.025668495079884,-0.0260232746932708));
#1333=CARTESIAN_POINT('',(0.15,-0.0256019767142433,-0.026073873124228));
#1334=CARTESIAN_POINT('',(0.15,-0.0255321511758078,-0.0261198978379961));
#1335=CARTESIAN_POINT('',(0.15,-0.0361441383799898,-0.0367592363919549));
#1336=CARTESIAN_POINT('',(0.15,-0.0360337030347766,-0.0368526862914758));
#1337=CARTESIAN_POINT('',(0.15,-0.0359196974877054,-0.0369412929176599));
#1338=CARTESIAN_POINT('',(0.15,-0.0466197816800957,-0.0474951980906389));
#1339=CARTESIAN_POINT('',(0.15,-0.0464654293553099,-0.0476314994587237));
#1340=CARTESIAN_POINT('',(0.15,-0.0463072437996029,-0.0477626879973238));
#1341=CARTESIAN_POINT('',(0.15,-6.93889390390723E-19,-6.93889390390723E-19));
#1342=CARTESIAN_POINT('',(0.15,0.,0.));
#1343=CARTESIAN_POINT('',(0.15,-6.93889390390723E-19,-6.93889390390723E-19));
#1344=CARTESIAN_POINT('',(0.15,-0.00502305507659912,-0.00528669834136963));
#1345=CARTESIAN_POINT('',(0.15,-0.00497820854187012,-0.00532971382141113));
#1346=CARTESIAN_POINT('',(0.15,-0.00493291854858399,-0.00537225723266601));
#1347=CARTESIAN_POINT('',(0.15,-0.0100461101531982,-0.0105733966827393));
#1348=CARTESIAN_POINT('',(0.15,-0.00995641708374024,-0.0106594276428223));
#1349=CARTESIAN_POINT('',(0.15,-0.00986583709716798,-0.010744514465332));
#1350=CARTESIAN_POINT('',(0.15,-0.0254592827467301,-0.0261612427071382));
#1351=CARTESIAN_POINT('',(0.15,-0.0253135458885747,-0.0262439324454227));
#1352=CARTESIAN_POINT('',(0.15,-0.0251556374678503,-0.0263079028052035));
#1353=CARTESIAN_POINT('',(0.15,-0.0358023894547645,-0.0370249470498215));
#1354=CARTESIAN_POINT('',(0.15,-0.0355677733888827,-0.0371922553141446));
#1355=CARTESIAN_POINT('',(0.15,-0.0353199473795222,-0.0373397536023776));
#1356=CARTESIAN_POINT('',(0.15,-0.0461454961627989,-0.0478886513925047));
#1357=CARTESIAN_POINT('',(0.15,-0.0458220008891908,-0.0481405781828665));
#1358=CARTESIAN_POINT('',(0.15,-0.0454842572911942,-0.0483716043995517));
#1359=CARTESIAN_POINT('',(0.15,-6.93889390390723E-19,0.));
#1360=CARTESIAN_POINT('',(0.15,-6.93889390390723E-19,0.));
#1361=CARTESIAN_POINT('',(0.15,-6.93889390390723E-19,0.));
#1362=CARTESIAN_POINT('',(0.15,-0.00488719940185547,-0.00541431427001953));
#1363=CARTESIAN_POINT('',(0.15,-0.00479576110839844,-0.00549842834472656));
#1364=CARTESIAN_POINT('',(0.15,-0.00470260620117188,-0.00558059692382812));
#1365=CARTESIAN_POINT('',(0.15,-0.00977439880371095,-0.0108286285400391));
#1366=CARTESIAN_POINT('',(0.15,-0.00959152221679688,-0.0109968566894531));
#1367=CARTESIAN_POINT('',(0.15,-0.00940521240234376,-0.0111611938476562));
#1368=CARTESIAN_POINT('',(0.15,-0.0249876717417775,-0.026352304766986));
#1369=CARTESIAN_POINT('',(0.15,-0.0246517402896319,-0.0264411086905511));
#1370=CARTESIAN_POINT('',(0.15,-0.0242755796160924,-0.026451639022123));
#1371=CARTESIAN_POINT('',(0.15,-0.0350610531545895,-0.0374665681490348));
#1372=CARTESIAN_POINT('',(0.15,-0.0345432647047241,-0.0377201972423494));
#1373=CARTESIAN_POINT('',(0.15,-0.0339812033925696,-0.037891091369361));
#1374=CARTESIAN_POINT('',(0.15,-0.0451344345674016,-0.0485808315310837));
#1375=CARTESIAN_POINT('',(0.15,-0.0444347891198163,-0.0489992857941477));
#1376=CARTESIAN_POINT('',(0.15,-0.0436868271690469,-0.049330543716599));
#1377=CARTESIAN_POINT('',(0.15,0.,0.));
#1378=CARTESIAN_POINT('',(0.15,0.,0.));
#1379=CARTESIAN_POINT('',(0.15,0.,-6.93889390390723E-19));
#1380=CARTESIAN_POINT('',(0.15,-0.00460784912109375,-0.00566070556640625));
#1381=CARTESIAN_POINT('',(0.15,-0.00451309204101563,-0.00574081420898437));
#1382=CARTESIAN_POINT('',(0.15,-0.00441673278808594,-0.00581886291503906));
#1383=CARTESIAN_POINT('',(0.15,-0.00921569824218751,-0.0113214111328125));
#1384=CARTESIAN_POINT('',(0.15,-0.00902618408203126,-0.0114816284179687));
#1385=CARTESIAN_POINT('',(0.15,-0.00883346557617188,-0.0116377258300781));
#1386=CARTESIAN_POINT('',(0.15,-0.0238761037789231,-0.0263771036057439));
#1387=CARTESIAN_POINT('',(0.15,-0.0234766279417538,-0.0263025681893649));
#1388=CARTESIAN_POINT('',(0.15,-0.0230538369409547,-0.026142967025035));
#1389=CARTESIAN_POINT('',(0.15,-0.0333920030413778,-0.037972260406185));
#1390=CARTESIAN_POINT('',(0.15,-0.032802802690186,-0.038053429443009));
#1391=CARTESIAN_POINT('',(0.15,-0.0321864632999567,-0.0380448733896454));
#1392=CARTESIAN_POINT('',(0.15,-0.0429079023038325,-0.049567417206626));
#1393=CARTESIAN_POINT('',(0.15,-0.0421289774386181,-0.0498042906966531));
#1394=CARTESIAN_POINT('',(0.15,-0.0413190896589588,-0.0499467797542559));
#1395=CARTESIAN_POINT('',(0.15,0.,0.));
#1396=CARTESIAN_POINT('',(0.15,0.,0.));
#1397=CARTESIAN_POINT('',(0.15,-6.93889390390723E-19,-6.93889390390723E-19));
#1398=CARTESIAN_POINT('',(0.15,-0.00431888580322266,-0.00589473724365234));
#1399=CARTESIAN_POINT('',(0.15,-0.00430665493011475,-0.005904221534729));
#1400=CARTESIAN_POINT('',(0.15,-0.00429440081119538,-0.00591367185115814));
#1401=CARTESIAN_POINT('',(0.15,-0.00863777160644532,-0.0117894744873047));
#1402=CARTESIAN_POINT('',(0.15,-0.0086133098602295,-0.011808443069458));
#1403=CARTESIAN_POINT('',(0.15,-0.00858880162239075,-0.0118273437023163));
#1404=CARTESIAN_POINT('',(0.15,-0.0226246134188208,-0.0258914703432034));
#1405=CARTESIAN_POINT('',(0.15,-0.022570960478554,-0.0258600332579744));
#1406=CARTESIAN_POINT('',(0.15,-0.0225172070301414,-0.0258271603052845));
#1407=CARTESIAN_POINT('',(0.15,-0.0315601029862073,-0.037939583315413));
#1408=CARTESIAN_POINT('',(0.15,-0.0314818079469886,-0.037926422056134));
#1409=CARTESIAN_POINT('',(0.15,-0.0314033563308399,-0.0379117493277789));
#1410=CARTESIAN_POINT('',(0.15,-0.0404955925535938,-0.0499876962876227));
#1411=CARTESIAN_POINT('',(0.15,-0.0403926554154231,-0.0499928108542936));
#1412=CARTESIAN_POINT('',(0.15,-0.0402895056315384,-0.0499963383502732));
#1413=CARTESIAN_POINT('',(0.15,0.,-6.93889390390723E-19));
#1414=CARTESIAN_POINT('',(0.15,0.,0.));
#1415=CARTESIAN_POINT('',(0.15,-6.93889390390723E-19,-6.93889390390723E-19));
#1416=CARTESIAN_POINT('',(0.15,-0.00428212366998196,-0.00592308796942234));
#1417=CARTESIAN_POINT('',(0.15,-0.00427598509937525,-0.00592779602855444));
#1418=CARTESIAN_POINT('',(0.15,-0.00426984077319503,-0.0059324955381453));
#1419=CARTESIAN_POINT('',(0.15,-0.00856424733996392,-0.0118461759388447));
#1420=CARTESIAN_POINT('',(0.15,-0.0085519701987505,-0.0118555920571089));
#1421=CARTESIAN_POINT('',(0.15,-0.00853968154639006,-0.0118649910762906));
#1422=CARTESIAN_POINT('',(0.15,-0.0224633860399012,-0.0257928381300059));
#1423=CARTESIAN_POINT('',(0.15,-0.0224364755447811,-0.0257756770423666));
#1424=CARTESIAN_POINT('',(0.15,-0.0224095481642041,-0.0257581536490802));
#1425=CARTESIAN_POINT('',(0.15,-0.0313247815677843,-0.0378955514331629));
#1426=CARTESIAN_POINT('',(0.15,-0.0312854941862565,-0.0378874524858549));
#1427=CARTESIAN_POINT('',(0.15,-0.031246176018002,-0.0378789722469817));
#1428=CARTESIAN_POINT('',(0.15,-0.0401861770956674,-0.0499982647363199));
#1429=CARTESIAN_POINT('',(0.15,-0.040134512827732,-0.0499992279293432));
#1430=CARTESIAN_POINT('',(0.15,-0.0400828038718,-0.0499997908448833));
#1431=CARTESIAN_POINT('',(0.15,-6.93889390390723E-19,0.));
#1432=CARTESIAN_POINT('',(0.15,0.,-6.93889390390723E-19));
#1433=CARTESIAN_POINT('',(0.15,0.,-6.93889390390723E-19));
#1434=CARTESIAN_POINT('',(0.15,-0.00426369071938098,-0.00593718647025525));
#1435=CARTESIAN_POINT('',(0.15,-0.00426215320592746,-0.00593835920328274));
#1436=CARTESIAN_POINT('',(0.15,-0.00426061533449684,-0.00593953140021767));
#1437=CARTESIAN_POINT('',(0.15,-0.00852738143876195,-0.0118743729405105));
#1438=CARTESIAN_POINT('',(0.15,-0.00852430641185493,-0.0118767184065655));
#1439=CARTESIAN_POINT('',(0.15,-0.00852123066899367,-0.0118790628004353));
#1440=CARTESIAN_POINT('',(0.15,-0.0223826080179081,-0.0257402662803897));
#1441=CARTESIAN_POINT('',(0.15,-0.0223758729813341,-0.025735794438217));
#1442=CARTESIAN_POINT('',(0.15,-0.0223704703307932,-0.0257312928049952));
#1443=CARTESIAN_POINT('',(0.15,-0.0312068312412478,-0.0378701090042123));
#1444=CARTESIAN_POINT('',(0.15,-0.0311969950470592,-0.0378678931935199));
#1445=CARTESIAN_POINT('',(0.15,-0.0311884903737299,-0.0378656464024976));
#1446=CARTESIAN_POINT('',(0.15,-0.0400310544645875,-0.0499999517280349));
#1447=CARTESIAN_POINT('',(0.15,-0.0400181171127843,-0.0499999919488228));
#1448=CARTESIAN_POINT('',(0.15,-0.0400065104166667,-0.05));
#1449=CARTESIAN_POINT('',(0.15,0.,-6.93889390390723E-19));
#1450=CARTESIAN_POINT('',(0.15,0.,0.));
#1451=CARTESIAN_POINT('',(0.15,0.,0.));
#1452=CARTESIAN_POINT('',(0.15,-0.00425907710552565,-0.00594070306062349));
#1453=CARTESIAN_POINT('',(0.15,-0.00425753887655447,-0.00594187472102931));
#1454=CARTESIAN_POINT('',(0.15,-0.00425600029004272,-0.00594304584490601));
#1455=CARTESIAN_POINT('',(0.15,-0.0085181542110513,-0.011881406121247));
#1456=CARTESIAN_POINT('',(0.15,-0.00851507775310893,-0.0118837494420586));
#1457=CARTESIAN_POINT('',(0.15,-0.00851200058008545,-0.011886091689812));
#1458=CARTESIAN_POINT('',(0.15,-0.0223604000632579,-0.0257267855004632));
#1459=CARTESIAN_POINT('',(0.15,-0.0223503297957226,-0.0257222781959313));
#1460=CARTESIAN_POINT('',(0.15,-0.022340261256742,-0.0257177732712663));
#1461=CARTESIAN_POINT('',(0.15,-0.031175317219129,-0.0378633927502316));
#1462=CARTESIAN_POINT('',(0.15,-0.031162144064528,-0.0378611390979656));
#1463=CARTESIAN_POINT('',(0.15,-0.0311489717742043,-0.0378588866356331));
#1464=CARTESIAN_POINT('',(0.15,-0.039990234375,-0.05));
#1465=CARTESIAN_POINT('',(0.15,-0.0399739583333333,-0.05));
#1466=CARTESIAN_POINT('',(0.15,-0.0399576822916667,-0.05));
#1467=CARTESIAN_POINT('',(0.15,0.,-6.93889390390723E-19));
#1468=CARTESIAN_POINT('',(0.15,-6.93889390390723E-19,-6.93889390390723E-19));
#1469=CARTESIAN_POINT('',(0.15,0.,0.));
#1470=CARTESIAN_POINT('',(0.15,-0.00425446134642698,-0.00594421643181704));
#1471=CARTESIAN_POINT('',(0.15,-0.0042513834591955,-0.0059465576056391));
#1472=CARTESIAN_POINT('',(0.15,-0.00424830414354801,-0.00594889663159847));
#1473=CARTESIAN_POINT('',(0.15,-0.00850892269285396,-0.0118884328636341));
#1474=CARTESIAN_POINT('',(0.15,-0.00850276691839099,-0.0118931152112782));
#1475=CARTESIAN_POINT('',(0.15,-0.00849660828709603,-0.0118977932631969));
#1476=CARTESIAN_POINT('',(0.15,-0.0223301944443725,-0.0257132707278785));
#1477=CARTESIAN_POINT('',(0.15,-0.0223100608196335,-0.0257042656411029));
#1478=CARTESIAN_POINT('',(0.15,-0.0222899341013393,-0.025695270079436));
#1479=CARTESIAN_POINT('',(0.15,-0.0311358003471862,-0.0378566353639392));
#1480=CARTESIAN_POINT('',(0.15,-0.0311094574931501,-0.0378521328205514));
#1481=CARTESIAN_POINT('',(0.15,-0.0310831180923363,-0.037847635039718));
#1482=CARTESIAN_POINT('',(0.15,-0.03994140625,-0.05));
#1483=CARTESIAN_POINT('',(0.15,-0.0399088541666667,-0.05));
#1484=CARTESIAN_POINT('',(0.15,-0.0398763020833333,-0.05));
#1485=CARTESIAN_POINT('',(0.15,0.,-6.93889390390723E-19));
#1486=CARTESIAN_POINT('',(0.15,0.,0.));
#1487=CARTESIAN_POINT('',(0.15,0.,-6.93889390390723E-19));
#1488=CARTESIAN_POINT('',(0.15,-0.00424522340297699,-0.0059512335062027));
#1489=CARTESIAN_POINT('',(0.15,-0.00422057747840882,-0.0059699285030365));
#1490=CARTESIAN_POINT('',(0.15,-0.00419584035873413,-0.00598848581314087));
#1491=CARTESIAN_POINT('',(0.15,-0.00849044680595399,-0.0119024670124054));
#1492=CARTESIAN_POINT('',(0.15,-0.00844115495681763,-0.011939857006073));
#1493=CARTESIAN_POINT('',(0.15,-0.00839168071746827,-0.0119769716262817));
#1494=CARTESIAN_POINT('',(0.15,-0.0222698142763069,-0.0256862840524222));
#1495=CARTESIAN_POINT('',(0.15,-0.0221088556760476,-0.0256143958363122));
#1496=CARTESIAN_POINT('',(0.15,-0.0219483382445439,-0.0255431178380039));
#1497=CARTESIAN_POINT('',(0.15,-0.0310567821381535,-0.0378431420262111));
#1498=CARTESIAN_POINT('',(0.15,-0.0308460945046905,-0.0378071979181561));
#1499=CARTESIAN_POINT('',(0.15,-0.0306356274556053,-0.037771558919002));
#1500=CARTESIAN_POINT('',(0.15,-0.03984375,-0.05));
#1501=CARTESIAN_POINT('',(0.15,-0.0395833333333333,-0.05));
#1502=CARTESIAN_POINT('',(0.15,-0.0393229166666667,-0.05));
#1503=CARTESIAN_POINT('',(0.15,-6.93889390390723E-19,-6.93889390390723E-19));
#1504=CARTESIAN_POINT('',(0.15,0.,-6.93889390390723E-19));
#1505=CARTESIAN_POINT('',(0.15,0.,0.));
#1506=CARTESIAN_POINT('',(0.15,-0.00417101383209229,-0.00600690364837646));
#1507=CARTESIAN_POINT('',(0.15,-0.0041213607788086,-0.00604373931884765));
#1508=CARTESIAN_POINT('',(0.15,-0.00407135009765625,-0.00608001708984375));
#1509=CARTESIAN_POINT('',(0.15,-0.00834202766418458,-0.0120138072967529));
#1510=CARTESIAN_POINT('',(0.15,-0.00824272155761719,-0.0120874786376953));
#1511=CARTESIAN_POINT('',(0.15,-0.0081427001953125,-0.0121600341796875));
#1512=CARTESIAN_POINT('',(0.15,-0.0217882542574641,-0.0254724556054524));
#1513=CARTESIAN_POINT('',(0.15,-0.0214680862833044,-0.0253311311403492));
#1514=CARTESIAN_POINT('',(0.15,-0.02114965208684,-0.0251922697382728));
#1515=CARTESIAN_POINT('',(0.15,-0.030425377128732,-0.0377362278027262));
#1516=CARTESIAN_POINT('',(0.15,-0.0300048764749855,-0.0376655655701746));
#1517=CARTESIAN_POINT('',(0.15,-0.0295852427100867,-0.0375961348691364));
#1518=CARTESIAN_POINT('',(0.15,-0.0390625,-0.05));
#1519=CARTESIAN_POINT('',(0.15,-0.0385416666666667,-0.05));
#1520=CARTESIAN_POINT('',(0.15,-0.0380208333333333,-0.05));
#1521=CARTESIAN_POINT('',(0.15,-6.93889390390723E-19,0.));
#1522=CARTESIAN_POINT('',(0.15,0.,0.));
#1523=CARTESIAN_POINT('',(0.15,0.,0.));
#1524=CARTESIAN_POINT('',(0.15,-0.00402099609375,-0.00611572265625));
#1525=CARTESIAN_POINT('',(0.15,-0.0036181640625,-0.0064013671875));
#1526=CARTESIAN_POINT('',(0.15,-0.003193359375,-0.006650390625));
#1527=CARTESIAN_POINT('',(0.15,-0.0080419921875,-0.0122314453125));
#1528=CARTESIAN_POINT('',(0.15,-0.007236328125,-0.012802734375));
#1529=CARTESIAN_POINT('',(0.15,-0.00638671875,-0.01330078125));
#1530=CARTESIAN_POINT('',(0.15,-0.020832893009412,-0.0250559116309236));
#1531=CARTESIAN_POINT('',(0.15,-0.0182988203899877,-0.0239650467721296));
#1532=CARTESIAN_POINT('',(0.15,-0.0158719553888918,-0.0230343927758728));
#1533=CARTESIAN_POINT('',(0.15,-0.029166446504706,-0.0375279558154618));
#1534=CARTESIAN_POINT('',(0.15,-0.0258160768616605,-0.0369825233860648));
#1535=CARTESIAN_POINT('',(0.15,-0.0225193110277792,-0.0365171963879364));
#1536=CARTESIAN_POINT('',(0.15,-0.0375,-0.05));
#1537=CARTESIAN_POINT('',(0.15,-0.0333333333333333,-0.05));
#1538=CARTESIAN_POINT('',(0.15,-0.0291666666666667,-0.05));
#1539=CARTESIAN_POINT('',(0.15,0.,0.));
#1540=CARTESIAN_POINT('',(0.15,-3.46944695195361E-19,-1.38777878078145E-18));
#1541=CARTESIAN_POINT('',(0.15,-3.46944695195361E-19,-1.38777878078145E-18));
#1542=CARTESIAN_POINT('',(0.15,-0.00275390625,-0.00685546875));
#1543=CARTESIAN_POINT('',(0.15,-0.0025341796875,-0.0069580078125));
#1544=CARTESIAN_POINT('',(0.15,-0.002310791015625,-0.007049560546875));
#1545=CARTESIAN_POINT('',(0.15,-0.0055078125,-0.0137109375));
#1546=CARTESIAN_POINT('',(0.15,-0.005068359375,-0.013916015625));
#1547=CARTESIAN_POINT('',(0.15,-0.00462158203125,-0.01409912109375));
#1548=CARTESIAN_POINT('',(0.15,-0.0135194970290479,-0.0222836140246617));
#1549=CARTESIAN_POINT('',(0.15,-0.012343267849126,-0.0219082246490562));
#1550=CARTESIAN_POINT('',(0.15,-0.011185640329517,-0.021577804084712));
#1551=CARTESIAN_POINT('',(0.15,-0.019259748514524,-0.0361418070123309));
#1552=CARTESIAN_POINT('',(0.15,-0.0176299672578963,-0.0359541123245281));
#1553=CARTESIAN_POINT('',(0.15,-0.0160094868314252,-0.035788902042356));
#1554=CARTESIAN_POINT('',(0.15,-0.025,-0.05));
#1555=CARTESIAN_POINT('',(0.15,-0.0229166666666667,-0.05));
#1556=CARTESIAN_POINT('',(0.15,-0.0208333333333333,-0.05));
#1557=CARTESIAN_POINT('',(0.15,0.,0.));
#1558=CARTESIAN_POINT('',(0.15,0.,0.));
#1559=CARTESIAN_POINT('',(0.15,0.,-1.38777878078145E-18));
#1560=CARTESIAN_POINT('',(0.15,-0.00208465576171875,-0.00712921142578125));
#1561=CARTESIAN_POINT('',(0.15,-0.00202812194824219,-0.00714912414550781));
#1562=CARTESIAN_POINT('',(0.15,-0.00197141647338867,-0.00716829299926757));
#1563=CARTESIAN_POINT('',(0.15,-0.0041693115234375,-0.0142584228515625));
#1564=CARTESIAN_POINT('',(0.15,-0.00405624389648438,-0.0142982482910156));
#1565=CARTESIAN_POINT('',(0.15,-0.00394283294677735,-0.0143365859985352));
#1566=CARTESIAN_POINT('',(0.15,-0.0100419640551428,-0.021293329761974));
#1567=CARTESIAN_POINT('',(0.15,-0.0097560449865493,-0.0212222111812894));
#1568=CARTESIAN_POINT('',(0.15,-0.00947099787078292,-0.0211539642407053));
#1569=CARTESIAN_POINT('',(0.15,-0.0143959820275714,-0.035646664880987));
#1570=CARTESIAN_POINT('',(0.15,-0.013992605826608,-0.0356111055906447));
#1571=CARTESIAN_POINT('',(0.15,-0.0135896656020581,-0.0355769821203526));
#1572=CARTESIAN_POINT('',(0.15,-0.01875,-0.05));
#1573=CARTESIAN_POINT('',(0.15,-0.0182291666666667,-0.05));
#1574=CARTESIAN_POINT('',(0.15,-0.0177083333333333,-0.05));
#1575=CARTESIAN_POINT('',(0.15,0.,0.));
#1576=CARTESIAN_POINT('',(0.15,0.,0.));
#1577=CARTESIAN_POINT('',(0.15,0.,0.));
#1578=CARTESIAN_POINT('',(0.15,-0.00191455364227295,-0.0071867036819458));
#1579=CARTESIAN_POINT('',(0.15,-0.00190033793449402,-0.00719130635261535));
#1580=CARTESIAN_POINT('',(0.15,-0.0018861123919487,-0.00719586163759231));
#1581=CARTESIAN_POINT('',(0.15,-0.0038291072845459,-0.0143734073638916));
#1582=CARTESIAN_POINT('',(0.15,-0.00380067586898804,-0.0143826127052307));
#1583=CARTESIAN_POINT('',(0.15,-0.0037722247838974,-0.0143917232751846));
#1584=CARTESIAN_POINT('',(0.15,-0.00918675004510812,-0.0210886042125707));
#1585=CARTESIAN_POINT('',(0.15,-0.00911568808868942,-0.021072264205537));
#1586=CARTESIAN_POINT('',(0.15,-0.00904467608790145,-0.0210561046305315));
#1587=CARTESIAN_POINT('',(0.15,-0.0131871250225541,-0.0355443021062853));
#1588=CARTESIAN_POINT('',(0.15,-0.013086489877678,-0.0355361321027685));
#1589=CARTESIAN_POINT('',(0.15,-0.0129858797106174,-0.0355280523152657));
#1590=CARTESIAN_POINT('',(0.15,-0.0171875,-0.05));
#1591=CARTESIAN_POINT('',(0.15,-0.0170572916666667,-0.05));
#1592=CARTESIAN_POINT('',(0.15,-0.0169270833333333,-0.05));
#1593=CARTESIAN_POINT('',(0.15,-3.46944695195361E-19,0.));
#1594=CARTESIAN_POINT('',(0.15,0.,0.));
#1595=CARTESIAN_POINT('',(0.15,0.,0.));
#1596=CARTESIAN_POINT('',(0.15,-0.00187187723815441,-0.00720036931335926));
#1597=CARTESIAN_POINT('',(0.15,-0.00186831844970584,-0.00720149623230099));
#1598=CARTESIAN_POINT('',(0.15,-0.00186475906055421,-0.0072026201756671));
#1599=CARTESIAN_POINT('',(0.15,-0.00374375447630883,-0.0144007386267185));
#1600=CARTESIAN_POINT('',(0.15,-0.00373663689941168,-0.014402992464602));
#1601=CARTESIAN_POINT('',(0.15,-0.00372951812110842,-0.0144052403513342));
#1602=CARTESIAN_POINT('',(0.15,-0.00897371290738895,-0.0210401257261845));
#1603=CARTESIAN_POINT('',(0.15,-0.00895597211226082,-0.0210361310000977));
#1604=CARTESIAN_POINT('',(0.15,-0.00893823436839991,-0.0210321475659271));
#1605=CARTESIAN_POINT('',(0.15,-0.0128852939536945,-0.0355200628630922));
#1606=CARTESIAN_POINT('',(0.15,-0.0128601475144637,-0.0355180655000489));
#1607=CARTESIAN_POINT('',(0.15,-0.0128350026008666,-0.0355160737829636));
#1608=CARTESIAN_POINT('',(0.15,-0.016796875,-0.05));
#1609=CARTESIAN_POINT('',(0.15,-0.0167643229166667,-0.05));
#1610=CARTESIAN_POINT('',(0.15,-0.0167317708333333,-0.05));
#1611=CARTESIAN_POINT('',(0.15,0.,0.));
#1612=CARTESIAN_POINT('',(0.15,0.,0.));
#1613=CARTESIAN_POINT('',(0.15,-3.46944695195361E-19,-1.38777878078145E-18));
#1614=CARTESIAN_POINT('',(0.15,-0.00186119907419197,-0.00720374113996513));
#1615=CARTESIAN_POINT('',(0.15,-0.00185941908101086,-0.00720430162211414));
#1616=CARTESIAN_POINT('',(0.15,-0.00185763893852709,-0.00720486135949613));
#1617=CARTESIAN_POINT('',(0.15,-0.00372239814838395,-0.0144074822799303));
#1618=CARTESIAN_POINT('',(0.15,-0.00371883816202171,-0.0144086032442283));
#1619=CARTESIAN_POINT('',(0.15,-0.00371527787705418,-0.0144097227189923));
#1620=CARTESIAN_POINT('',(0.15,-0.0089204996580663,-0.0210281754274013));
#1621=CARTESIAN_POINT('',(0.15,-0.00891163230289949,-0.0210261893581384));
#1622=CARTESIAN_POINT('',(0.15,-0.00890276570611451,-0.0210242061127866));
#1623=CARTESIAN_POINT('',(0.15,-0.0128098592040332,-0.0355140877137006));
#1624=CARTESIAN_POINT('',(0.15,-0.0127972875056164,-0.0355130946790692));
#1625=CARTESIAN_POINT('',(0.15,-0.0127847161863906,-0.0355121030563933));
#1626=CARTESIAN_POINT('',(0.15,-0.01669921875,-0.05));
#1627=CARTESIAN_POINT('',(0.15,-0.0166829427083333,-0.05));
#1628=CARTESIAN_POINT('',(0.15,-0.0166666666666667,-0.05));
#1629=CARTESIAN_POINT('',(0.15,0.,0.));
#1630=CARTESIAN_POINT('',(0.15,0.,0.));
#1631=CARTESIAN_POINT('',(0.15,0.,0.));
#1632=CARTESIAN_POINT('',(0.15,-0.00185585864717723,-0.00720542035167454));
#1633=CARTESIAN_POINT('',(0.15,-0.00185407835582737,-0.00720597934385295));
#1634=CARTESIAN_POINT('',(0.15,-0.00185229791561142,-0.00720653759082779));
#1635=CARTESIAN_POINT('',(0.15,-0.00371171729435446,-0.0144108407033491));
#1636=CARTESIAN_POINT('',(0.15,-0.00370815671165474,-0.0144119586877059));
#1637=CARTESIAN_POINT('',(0.15,-0.00370459583122284,-0.0144130751816556));
#1638=CARTESIAN_POINT('',(0.15,-0.00889389986549385,-0.0210222256918122));
#1639=CARTESIAN_POINT('',(0.15,-0.0088850340248732,-0.0210202452708377));
#1640=CARTESIAN_POINT('',(0.15,-0.00887616894041688,-0.0210182676742405));
#1641=CARTESIAN_POINT('',(0.15,-0.0127721452452469,-0.0355111128459061));
#1642=CARTESIAN_POINT('',(0.15,-0.0127595743041033,-0.0355101226354189));
#1643=CARTESIAN_POINT('',(0.15,-0.0127470037410418,-0.0355091338371203));
#1644=CARTESIAN_POINT('',(0.15,-0.016650390625,-0.05));
#1645=CARTESIAN_POINT('',(0.15,-0.0166341145833333,-0.05));
#1646=CARTESIAN_POINT('',(0.15,-0.0166178385416667,-0.05));
#1647=CARTESIAN_POINT('',(0.15,0.,0.));
#1648=CARTESIAN_POINT('',(0.15,0.,0.));
#1649=CARTESIAN_POINT('',(0.15,0.,0.));
#1650=CARTESIAN_POINT('',(0.15,-0.00185051732696593,-0.00720709509216249));
#1651=CARTESIAN_POINT('',(0.15,-0.00184339497238398,-0.00720932509750127));
#1652=CARTESIAN_POINT('',(0.15,-0.00183627024292946,-0.00721154317259788));
#1653=CARTESIAN_POINT('',(0.15,-0.00370103465393186,-0.014414190184325));
#1654=CARTESIAN_POINT('',(0.15,-0.00368678994476796,-0.0144186501950025));
#1655=CARTESIAN_POINT('',(0.15,-0.00367254048585892,-0.0144230863451958));
#1656=CARTESIAN_POINT('',(0.15,-0.0088673046099074,-0.0210162929024867));
#1657=CARTESIAN_POINT('',(0.15,-0.00883184728786949,-0.0210083938154712));
#1658=CARTESIAN_POINT('',(0.15,-0.00879640202898104,-0.0210005399259493));
#1659=CARTESIAN_POINT('',(0.15,-0.0127344335549537,-0.0355081464512433));
#1660=CARTESIAN_POINT('',(0.15,-0.0126841528106014,-0.0355041969077356));
#1661=CARTESIAN_POINT('',(0.15,-0.0126338780978239,-0.0355002699629746));
#1662=CARTESIAN_POINT('',(0.15,-0.0166015625,-0.05));
#1663=CARTESIAN_POINT('',(0.15,-0.0165364583333333,-0.05));
#1664=CARTESIAN_POINT('',(0.15,-0.0164713541666667,-0.05));
#1665=CARTESIAN_POINT('',(0.15,0.,0.));
#1666=CARTESIAN_POINT('',(0.15,0.,0.));
#1667=CARTESIAN_POINT('',(0.15,0.,0.));
#1668=CARTESIAN_POINT('',(0.15,-0.00182914316654205,-0.00721374928951263));
#1669=CARTESIAN_POINT('',(0.15,-0.00180063486099243,-0.00722257375717163));
#1670=CARTESIAN_POINT('',(0.15,-0.0017720890045166,-0.00723120689392089));
#1671=CARTESIAN_POINT('',(0.15,-0.00365828633308411,-0.0144274985790253));
#1672=CARTESIAN_POINT('',(0.15,-0.00360126972198487,-0.0144451475143433));
#1673=CARTESIAN_POINT('',(0.15,-0.00354417800903321,-0.0144624137878418));
#1674=CARTESIAN_POINT('',(0.15,-0.00876096869132265,-0.0209927312637495));
#1675=CARTESIAN_POINT('',(0.15,-0.00861923534068908,-0.0209614966149506));
#1676=CARTESIAN_POINT('',(0.15,-0.00847769272973646,-0.0209309856033077));
#1677=CARTESIAN_POINT('',(0.15,-0.0125836093456613,-0.0354963656318748));
#1678=CARTESIAN_POINT('',(0.15,-0.0123825343370112,-0.0354807483074753));
#1679=CARTESIAN_POINT('',(0.15,-0.0121815546982016,-0.0354654928016539));
#1680=CARTESIAN_POINT('',(0.15,-0.01640625,-0.05));
#1681=CARTESIAN_POINT('',(0.15,-0.0161458333333333,-0.05));
#1682=CARTESIAN_POINT('',(0.15,-0.0158854166666667,-0.05));
#1683=CARTESIAN_POINT('',(0.15,0.,0.));
#1684=CARTESIAN_POINT('',(0.15,0.,-1.38777878078145E-18));
#1685=CARTESIAN_POINT('',(0.15,-1.73472347597681E-19,0.));
#1686=CARTESIAN_POINT('',(0.15,-0.00174350738525391,-0.00723964691162109));
#1687=CARTESIAN_POINT('',(0.15,-0.00162918090820313,-0.00727340698242187));
#1688=CARTESIAN_POINT('',(0.15,-0.0015142822265625,-0.0073040771484375));
#1689=CARTESIAN_POINT('',(0.15,-0.00348701477050782,-0.0144792938232422));
#1690=CARTESIAN_POINT('',(0.15,-0.00325836181640625,-0.0145468139648437));
#1691=CARTESIAN_POINT('',(0.15,-0.003028564453125,-0.014608154296875));
#1692=CARTESIAN_POINT('',(0.15,-0.00833633177562283,-0.0209012001378645));
#1693=CARTESIAN_POINT('',(0.15,-0.00777088795916833,-0.0207820582760915));
#1694=CARTESIAN_POINT('',(0.15,-0.00720835065213772,-0.0206745251535132));
#1695=CARTESIAN_POINT('',(0.15,-0.0119806658878114,-0.0354506000689322));
#1696=CARTESIAN_POINT('',(0.15,-0.0111771106462508,-0.0353910291380458));
#1697=CARTESIAN_POINT('',(0.15,-0.0103750086594022,-0.0353372625767566));
#1698=CARTESIAN_POINT('',(0.15,-0.015625,-0.05));
#1699=CARTESIAN_POINT('',(0.15,-0.0145833333333333,-0.05));
#1700=CARTESIAN_POINT('',(0.15,-0.0135416666666667,-0.05));
#1701=CARTESIAN_POINT('',(0.15,0.,0.));
#1702=CARTESIAN_POINT('',(0.15,0.,0.));
#1703=CARTESIAN_POINT('',(0.15,0.,0.));
#1704=CARTESIAN_POINT('',(0.15,-1.54074395550979E-34,0.));
#1705=CARTESIAN_POINT('',(0.15,-0.00139892578125,-0.00733154296875));
#1706=CARTESIAN_POINT('',(0.15,-0.000937500000000001,-0.00744140625));
#1707=CARTESIAN_POINT('',(0.15,-0.000468750000000001,-0.0075));
#1708=CARTESIAN_POINT('',(0.15,-1.04083408558608E-18,-0.0075));
#1709=CARTESIAN_POINT('',(0.15,-0.0027978515625,-0.0146630859375));
#1710=CARTESIAN_POINT('',(0.15,-0.001875,-0.0148828125));
#1711=CARTESIAN_POINT('',(0.15,-0.000937500000000002,-0.015));
#1712=CARTESIAN_POINT('',(0.15,-2.08166817117217E-18,-0.015));
#1713=CARTESIAN_POINT('',(0.15,-0.00664813855264623,-0.0205787229489226));
#1714=CARTESIAN_POINT('',(0.15,-0.00440729015468028,-0.0201955141305599));
#1715=CARTESIAN_POINT('',(0.15,-0.00220364507734025,-0.02));
#1716=CARTESIAN_POINT('',(0.15,-1.83697019872103E-18,-0.02));
#1717=CARTESIAN_POINT('',(0.15,-0.00957406927632312,-0.0352893614744613));
#1718=CARTESIAN_POINT('',(0.15,-0.00637031174400681,-0.0350977570652799));
#1719=CARTESIAN_POINT('',(0.15,-0.00318515587200346,-0.035));
#1720=CARTESIAN_POINT('',(0.15,-9.18485099360515E-19,-0.035));
#1721=CARTESIAN_POINT('',(0.15,-0.0125,-0.05));
#1722=CARTESIAN_POINT('',(0.15,-0.00833333333333333,-0.05));
#1723=CARTESIAN_POINT('',(0.15,-0.00416666666666667,-0.05));
#1724=CARTESIAN_POINT('',(0.15,0.,-0.05));
#1725=B_SPLINE_SURFACE_WITH_KNOTS('Surf_ICOLGFOOWM, Tail, 0, 2',5,3,((#1726, #1727, #1728, #1744, #1745, #1746, #1762, #1763, #1764, #1780, #1781, #1782, #1798, #1799, #1800, #1816, #1817, #1818, #1834, #1835, #1836, #1852, #1853, #1854, #1870, #1871, #1872, #1888, #1889, #1890, #1906, #1907, #1908, #1924, #1925, #1926, #1942, #1943, #1944, #1960, #1961, #1962, #1978, #1979, #1980, #1996, #1997, #1998, #2014, #2015, #2016, #2032, #2033, #2034, #2050, #2051, #2052, #2068, #2069, #2070, #2086, #2087, #2088, #2104, #2105, #2106, #2122, #2123, #2124, #2140, #2141, #2142, #2158, #2159, #2160, #2176, #2177, #2178, #2194, #2195, #2196, #2212, #2213, #2214, #2230, #2231, #2232, #2248, #2249, #2250, #2266, #2267, #2268, #2284, #2285, #2286, #2302, #2303, #2304, #2320, #2321, #2322, #2338, #2339, #2340, #2356, #2357, #2358, #2374, #2375, #2376, #2392, #2393, #2394, #2410, #2411, #2412, #2428, #2429, #2430, #2446, #2447, #2448, #2464, #2465, #2466, #2482, #2483, #2484, #2500, #2501, #2502, #2518, #2519, #2520, #2536, #2537, #2538, #2539),(#1729, #1730, #1731, #1747, #1748, #1749, #1765, #1766, #1767, #1783, #1784, #1785, #1801, #1802, #1803, #1819, #1820, #1821, #1837, #1838, #1839, #1855, #1856, #1857, #1873, #1874, #1875, #1891, #1892, #1893, #1909, #1910, #1911, #1927, #1928, #1929, #1945, #1946, #1947, #1963, #1964, #1965, #1981, #1982, #1983, #1999, #2000, #2001, #2017, #2018, #2019, #2035, #2036, #2037, #2053, #2054, #2055, #2071, #2072, #2073, #2089, #2090, #2091, #2107, #2108, #2109, #2125, #2126, #2127, #2143, #2144, #2145, #2161, #2162, #2163, #2179, #2180, #2181, #2197, #2198, #2199, #2215, #2216, #2217, #2233, #2234, #2235, #2251, #2252, #2253, #2269, #2270, #2271, #2287, #2288, #2289, #2305, #2306, #2307, #2323, #2324, #2325, #2341, #2342, #2343, #2359, #2360, #2361, #2377, #2378, #2379, #2395, #2396, #2397, #2413, #2414, #2415, #2431, #2432, #2433, #2449, #2450, #2451, #2467, #2468, #2469, #2485, #2486, #2487, #2503, #2504, #2505, #2521, #2522, #2523, #2540, #2541, #2542, #2543),(#1732, #1733, #1734, #1750, #1751, #1752, #1768, #1769, #1770, #1786, #1787, #1788, #1804, #1805, #1806, #1822, #1823, #1824, #1840, #1841, #1842, #1858, #1859, #1860, #1876, #1877, #1878, #1894, #1895, #1896, #1912, #1913, #1914, #1930, #1931, #1932, #1948, #1949, #1950, #1966, #1967, #1968, #1984, #1985, #1986, #2002, #2003, #2004, #2020, #2021, #2022, #2038, #2039, #2040, #2056, #2057, #2058, #2074, #2075, #2076, #2092, #2093, #2094, #2110, #2111, #2112, #2128, #2129, #2130, #2146, #2147, #2148, #2164, #2165, #2166, #2182, #2183, #2184, #2200, #2201, #2202, #2218, #2219, #2220, #2236, #2237, #2238, #2254, #2255, #2256, #2272, #2273, #2274, #2290, #2291, #2292, #2308, #2309, #2310, #2326, #2327, #2328, #2344, #2345, #2346, #2362, #2363, #2364, #2380, #2381, #2382, #2398, #2399, #2400, #2416, #2417, #2418, #2434, #2435, #2436, #2452, #2453, #2454, #2470, #2471, #2472, #2488, #2489, #2490, #2506, #2507, #2508, #2524, #2525, #2526, #2544, #2545, #2546, #2547),(#1735, #1736, #1737, #1753, #1754, #1755, #1771, #1772, #1773, #1789, #1790, #1791, #1807, #1808, #1809, #1825, #1826, #1827, #1843, #1844, #1845, #1861, #1862, #1863, #1879, #1880, #1881, #1897, #1898, #1899, #1915, #1916, #1917, #1933, #1934, #1935, #1951, #1952, #1953, #1969, #1970, #1971, #1987, #1988, #1989, #2005, #2006, #2007, #2023, #2024, #2025, #2041, #2042, #2043, #2059, #2060, #2061, #2077, #2078, #2079, #2095, #2096, #2097, #2113, #2114, #2115, #2131, #2132, #2133, #2149, #2150, #2151, #2167, #2168, #2169, #2185, #2186, #2187, #2203, #2204, #2205, #2221, #2222, #2223, #2239, #2240, #2241, #2257, #2258, #2259, #2275, #2276, #2277, #2293, #2294, #2295, #2311, #2312, #2313, #2329, #2330, #2331, #2347, #2348, #2349, #2365, #2366, #2367, #2383, #2384, #2385, #2401, #2402, #2403, #2419, #2420, #2421, #2437, #2438, #2439, #2455, #2456, #2457, #2473, #2474, #2475, #2491, #2492, #2493, #2509, #2510, #2511, #2527, #2528, #2529, #2548, #2549, #2550, #2551),(#1738, #1739, #1740, #1756, #1757, #1758, #1774, #1775, #1776, #1792, #1793, #1794, #1810, #1811, #1812, #1828, #1829, #1830, #1846, #1847, #1848, #1864, #1865, #1866, #1882, #1883, #1884, #1900, #1901, #1902, #1918, #1919, #1920, #1936, #1937, #1938, #1954, #1955, #1956, #1972, #1973, #1974, #1990, #1991, #1992, #2008, #2009, #2010, #2026, #2027, #2028, #2044, #2045, #2046, #2062, #2063, #2064, #2080, #2081, #2082, #2098, #2099, #2100, #2116, #2117, #2118, #2134, #2135, #2136, #2152, #2153, #2154, #2170, #2171, #2172, #2188, #2189, #2190, #2206, #2207, #2208, #2224, #2225, #2226, #2242, #2243, #2244, #2260, #2261, #2262, #2278, #2279, #2280, #2296, #2297, #2298, #2314, #2315, #2316, #2332, #2333, #2334, #2350, #2351, #2352, #2368, #2369, #2370, #2386, #2387, #2388, #2404, #2405, #2406, #2422, #2423, #2424, #2440, #2441, #2442, #2458, #2459, #2460, #2476, #2477, #2478, #2494, #2495, #2496, #2512, #2513, #2514, #2530, #2531, #2532, #2552, #2553, #2554, #2555),(#1741, #1742, #1743, #1759, #1760, #1761, #1777, #1778, #1779, #1795, #1796, #1797, #1813, #1814, #1815, #1831, #1832, #1833, #1849, #1850, #1851, #1867, #1868, #1869, #1885, #1886, #1887, #1903, #1904, #1905, #1921, #1922, #1923, #1939, #1940, #1941, #1957, #1958, #1959, #1975, #1976, #1977, #1993, #1994, #1995, #2011, #2012, #2013, #2029, #2030, #2031, #2047, #2048, #2049, #2065, #2066, #2067, #2083, #2084, #2085, #2101, #2102, #2103, #2119, #2120, #2121, #2137, #2138, #2139, #2155, #2156, #2157, #2173, #2174, #2175, #2191, #2192, #2193, #2209, #2210, #2211, #2227, #2228, #2229, #2245, #2246, #2247, #2263, #2264, #2265, #2281, #2282, #2283, #2299, #2300, #2301, #2317, #2318, #2319, #2335, #2336, #2337, #2353, #2354, #2355, #2371, #2372, #2373, #2389, #2390, #2391, #2407, #2408, #2409, #2425, #2426, #2427, #2443, #2444, #2445, #2461, #2462, #2463, #2479, #2480, #2481, #2497, #2498, #2499, #2515, #2516, #2517, #2533, #2534, #2535, #2556, #2557, #2558, #2559)),.UNSPECIFIED.,.F.,.F.,.F.,(6,6),(4,3,3,3,3,3,3,3,3,3,3,3,3,3,3,3,3,3,3,3,3,3,3,3,3,3,3,3,3,3,3,3,3,3,3,3,3,3,3,3,3,3,3,3,3,3,4),(0.,1.),(0.,1.,2.,3.,4.,5.,6.,7.,8.,9.,10.,11.,12.,13.,14.,15.,16.,17.,18.,19.,20.,21.,22.,23.,24.,25.,26.,27.,28.,29.,30.,31.,32.,33.,34.,35.,36.,37.,38.,39.,40.,41.,42.,43.,44.,45.,46.),.PIECEWISE_BEZIER_KNOTS.);
#1726=CARTESIAN_POINT('',(0.15,-1.54074395550979E-34,0.));
#1727=CARTESIAN_POINT('',(0.15,0.,0.));
#1728=CARTESIAN_POINT('',(0.15,0.,0.));
#1729=CARTESIAN_POINT('',(0.15,-1.04083408558608E-18,0.0075));
#1730=CARTESIAN_POINT('',(0.15,-0.000468750000000001,0.0075));
#1731=CARTESIAN_POINT('',(0.15,-0.000937500000000001,0.00744140625));
#1732=CARTESIAN_POINT('',(0.15,-2.08166817117217E-18,0.015));
#1733=CARTESIAN_POINT('',(0.15,-0.000937500000000001,0.015));
#1734=CARTESIAN_POINT('',(0.15,-0.001875,0.0148828125));
#1735=CARTESIAN_POINT('',(0.15,5.51091059616309E-18,0.02));
#1736=CARTESIAN_POINT('',(0.15,-0.00220364507734036,0.0200000000000001));
#1737=CARTESIAN_POINT('',(0.15,-0.00440729015468083,0.02019551413056));
#1738=CARTESIAN_POINT('',(0.15,2.75545529808155E-18,0.035));
#1739=CARTESIAN_POINT('',(0.15,-0.00318515587200352,0.0350000000000001));
#1740=CARTESIAN_POINT('',(0.15,-0.00637031174400708,0.03509775706528));
#1741=CARTESIAN_POINT('',(0.15,0.,0.05));
#1742=CARTESIAN_POINT('',(0.15,-0.00416666666666667,0.05));
#1743=CARTESIAN_POINT('',(0.15,-0.00833333333333334,0.05));
#1744=CARTESIAN_POINT('',(0.15,-1.73472347597681E-19,0.));
#1745=CARTESIAN_POINT('',(0.15,-1.73472347597681E-19,1.38777878078145E-18));
#1746=CARTESIAN_POINT('',(0.15,0.,0.));
#1747=CARTESIAN_POINT('',(0.15,-0.00139892578125,0.00733154296875));
#1748=CARTESIAN_POINT('',(0.15,-0.0015142822265625,0.0073040771484375));
#1749=CARTESIAN_POINT('',(0.15,-0.00162918090820313,0.00727340698242188));
#1750=CARTESIAN_POINT('',(0.15,-0.0027978515625,0.0146630859375));
#1751=CARTESIAN_POINT('',(0.15,-0.003028564453125,0.014608154296875));
#1752=CARTESIAN_POINT('',(0.15,-0.00325836181640625,0.0145468139648437));
#1753=CARTESIAN_POINT('',(0.15,-0.00664813855264688,0.0205787229489226));
#1754=CARTESIAN_POINT('',(0.15,-0.0072083506521384,0.0206745251535133));
#1755=CARTESIAN_POINT('',(0.15,-0.00777088795916901,0.0207820582760916));
#1756=CARTESIAN_POINT('',(0.15,-0.00957406927632345,0.0352893614744613));
#1757=CARTESIAN_POINT('',(0.15,-0.0103750086594025,0.0353372625767566));
#1758=CARTESIAN_POINT('',(0.15,-0.0111771106462512,0.0353910291380458));
#1759=CARTESIAN_POINT('',(0.15,-0.0125,0.05));
#1760=CARTESIAN_POINT('',(0.15,-0.0135416666666667,0.05));
#1761=CARTESIAN_POINT('',(0.15,-0.0145833333333333,0.05));
#1762=CARTESIAN_POINT('',(0.15,0.,0.));
#1763=CARTESIAN_POINT('',(0.15,0.,0.));
#1764=CARTESIAN_POINT('',(0.15,0.,0.));
#1765=CARTESIAN_POINT('',(0.15,-0.00174350738525391,0.00723964691162109));
#1766=CARTESIAN_POINT('',(0.15,-0.0017720890045166,0.0072312068939209));
#1767=CARTESIAN_POINT('',(0.15,-0.00180063486099243,0.00722257375717163));
#1768=CARTESIAN_POINT('',(0.15,-0.00348701477050782,0.0144792938232422));
#1769=CARTESIAN_POINT('',(0.15,-0.00354417800903321,0.0144624137878418));
#1770=CARTESIAN_POINT('',(0.15,-0.00360126972198487,0.0144451475143433));
#1771=CARTESIAN_POINT('',(0.15,-0.00833633177562349,0.0209012001378645));
#1772=CARTESIAN_POINT('',(0.15,-0.00847769272973711,0.0209309856033077));
#1773=CARTESIAN_POINT('',(0.15,-0.00861923534068972,0.0209614966149506));
#1774=CARTESIAN_POINT('',(0.15,-0.0119806658878117,0.0354506000689322));
#1775=CARTESIAN_POINT('',(0.15,-0.0121815546982019,0.0354654928016539));
#1776=CARTESIAN_POINT('',(0.15,-0.0123825343370115,0.0354807483074753));
#1777=CARTESIAN_POINT('',(0.15,-0.015625,0.05));
#1778=CARTESIAN_POINT('',(0.15,-0.0158854166666667,0.05));
#1779=CARTESIAN_POINT('',(0.15,-0.0161458333333333,0.05));
#1780=CARTESIAN_POINT('',(0.15,0.,0.));
#1781=CARTESIAN_POINT('',(0.15,0.,0.));
#1782=CARTESIAN_POINT('',(0.15,0.,0.));
#1783=CARTESIAN_POINT('',(0.15,-0.00182914316654206,0.00721374928951263));
#1784=CARTESIAN_POINT('',(0.15,-0.00183627024292946,0.00721154317259788));
#1785=CARTESIAN_POINT('',(0.15,-0.00184339497238398,0.00720932509750128));
#1786=CARTESIAN_POINT('',(0.15,-0.00365828633308411,0.0144274985790253));
#1787=CARTESIAN_POINT('',(0.15,-0.00367254048585892,0.0144230863451958));
#1788=CARTESIAN_POINT('',(0.15,-0.00368678994476796,0.0144186501950026));
#1789=CARTESIAN_POINT('',(0.15,-0.00876096869132328,0.0209927312637495));
#1790=CARTESIAN_POINT('',(0.15,-0.00879640202898167,0.0210005399259493));
#1791=CARTESIAN_POINT('',(0.15,-0.00883184728787012,0.0210083938154712));
#1792=CARTESIAN_POINT('',(0.15,-0.0125836093456616,0.0354963656318748));
#1793=CARTESIAN_POINT('',(0.15,-0.0126338780978242,0.0355002699629746));
#1794=CARTESIAN_POINT('',(0.15,-0.0126841528106017,0.0355041969077356));
#1795=CARTESIAN_POINT('',(0.15,-0.01640625,0.05));
#1796=CARTESIAN_POINT('',(0.15,-0.0164713541666667,0.05));
#1797=CARTESIAN_POINT('',(0.15,-0.0165364583333333,0.05));
#1798=CARTESIAN_POINT('',(0.15,0.,0.));
#1799=CARTESIAN_POINT('',(0.15,0.,0.));
#1800=CARTESIAN_POINT('',(0.15,0.,0.));
#1801=CARTESIAN_POINT('',(0.15,-0.00185051732696593,0.00720709509216249));
#1802=CARTESIAN_POINT('',(0.15,-0.00185229791561142,0.00720653759082779));
#1803=CARTESIAN_POINT('',(0.15,-0.00185407835582737,0.00720597934385296));
#1804=CARTESIAN_POINT('',(0.15,-0.00370103465393186,0.014414190184325));
#1805=CARTESIAN_POINT('',(0.15,-0.00370459583122284,0.0144130751816556));
#1806=CARTESIAN_POINT('',(0.15,-0.00370815671165474,0.0144119586877059));
#1807=CARTESIAN_POINT('',(0.15,-0.00886730460990802,0.0210162929024867));
#1808=CARTESIAN_POINT('',(0.15,-0.0088761689404175,0.0210182676742405));
#1809=CARTESIAN_POINT('',(0.15,-0.00888503402487382,0.0210202452708377));
#1810=CARTESIAN_POINT('',(0.15,-0.012734433554954,0.0355081464512433));
#1811=CARTESIAN_POINT('',(0.15,-0.0127470037410421,0.0355091338371203));
#1812=CARTESIAN_POINT('',(0.15,-0.0127595743041036,0.0355101226354189));
#1813=CARTESIAN_POINT('',(0.15,-0.0166015625,0.05));
#1814=CARTESIAN_POINT('',(0.15,-0.0166178385416667,0.05));
#1815=CARTESIAN_POINT('',(0.15,-0.0166341145833333,0.05));
#1816=CARTESIAN_POINT('',(0.15,0.,0.));
#1817=CARTESIAN_POINT('',(0.15,-3.46944695195361E-19,0.));
#1818=CARTESIAN_POINT('',(0.15,0.,0.));
#1819=CARTESIAN_POINT('',(0.15,-0.00185585864717723,0.00720542035167455));
#1820=CARTESIAN_POINT('',(0.15,-0.00185763893852709,0.00720486135949613));
#1821=CARTESIAN_POINT('',(0.15,-0.00185941908101086,0.00720430162211414));
#1822=CARTESIAN_POINT('',(0.15,-0.00371171729435446,0.0144108407033491));
#1823=CARTESIAN_POINT('',(0.15,-0.00371527787705418,0.0144097227189923));
#1824=CARTESIAN_POINT('',(0.15,-0.00371883816202171,0.0144086032442283));
#1825=CARTESIAN_POINT('',(0.15,-0.00889389986549447,0.0210222256918122));
#1826=CARTESIAN_POINT('',(0.15,-0.00890276570611512,0.0210242061127866));
#1827=CARTESIAN_POINT('',(0.15,-0.0089116323029001,0.0210261893581383));
#1828=CARTESIAN_POINT('',(0.15,-0.0127721452452472,0.0355111128459061));
#1829=CARTESIAN_POINT('',(0.15,-0.0127847161863909,0.0355121030563933));
#1830=CARTESIAN_POINT('',(0.15,-0.0127972875056167,0.0355130946790692));
#1831=CARTESIAN_POINT('',(0.15,-0.016650390625,0.05));
#1832=CARTESIAN_POINT('',(0.15,-0.0166666666666667,0.05));
#1833=CARTESIAN_POINT('',(0.15,-0.0166829427083333,0.05));
#1834=CARTESIAN_POINT('',(0.15,0.,0.));
#1835=CARTESIAN_POINT('',(0.15,0.,0.));
#1836=CARTESIAN_POINT('',(0.15,0.,0.));
#1837=CARTESIAN_POINT('',(0.15,-0.00186119907419197,0.00720374113996513));
#1838=CARTESIAN_POINT('',(0.15,-0.00186475906055421,0.00720262017566711));
#1839=CARTESIAN_POINT('',(0.15,-0.00186831844970584,0.007201496232301));
#1840=CARTESIAN_POINT('',(0.15,-0.00372239814838395,0.0144074822799303));
#1841=CARTESIAN_POINT('',(0.15,-0.00372951812110842,0.0144052403513342));
#1842=CARTESIAN_POINT('',(0.15,-0.00373663689941168,0.014402992464602));
#1843=CARTESIAN_POINT('',(0.15,-0.00892049965806691,0.0210281754274013));
#1844=CARTESIAN_POINT('',(0.15,-0.00893823436840052,0.0210321475659271));
#1845=CARTESIAN_POINT('',(0.15,-0.00895597211226143,0.0210361310000977));
#1846=CARTESIAN_POINT('',(0.15,-0.0128098592040335,0.0355140877137006));
#1847=CARTESIAN_POINT('',(0.15,-0.0128350026008669,0.0355160737829635));
#1848=CARTESIAN_POINT('',(0.15,-0.012860147514464,0.0355180655000488));
#1849=CARTESIAN_POINT('',(0.15,-0.01669921875,0.05));
#1850=CARTESIAN_POINT('',(0.15,-0.0167317708333333,0.05));
#1851=CARTESIAN_POINT('',(0.15,-0.0167643229166667,0.05));
#1852=CARTESIAN_POINT('',(0.15,0.,0.));
#1853=CARTESIAN_POINT('',(0.15,0.,0.));
#1854=CARTESIAN_POINT('',(0.15,0.,0.));
#1855=CARTESIAN_POINT('',(0.15,-0.00187187723815441,0.00720036931335926));
#1856=CARTESIAN_POINT('',(0.15,-0.0018861123919487,0.00719586163759232));
#1857=CARTESIAN_POINT('',(0.15,-0.00190033793449402,0.00719130635261536));
#1858=CARTESIAN_POINT('',(0.15,-0.00374375447630883,0.0144007386267185));
#1859=CARTESIAN_POINT('',(0.15,-0.0037722247838974,0.0143917232751846));
#1860=CARTESIAN_POINT('',(0.15,-0.00380067586898804,0.0143826127052307));
#1861=CARTESIAN_POINT('',(0.15,-0.00897371290738955,0.0210401257261844));
#1862=CARTESIAN_POINT('',(0.15,-0.00904467608790204,0.0210561046305314));
#1863=CARTESIAN_POINT('',(0.15,-0.00911568808869001,0.021072264205537));
#1864=CARTESIAN_POINT('',(0.15,-0.0128852939536948,0.0355200628630922));
#1865=CARTESIAN_POINT('',(0.15,-0.0129858797106177,0.0355280523152657));
#1866=CARTESIAN_POINT('',(0.15,-0.0130864898776783,0.0355361321027685));
#1867=CARTESIAN_POINT('',(0.15,-0.016796875,0.05));
#1868=CARTESIAN_POINT('',(0.15,-0.0169270833333333,0.05));
#1869=CARTESIAN_POINT('',(0.15,-0.0170572916666667,0.05));
#1870=CARTESIAN_POINT('',(0.15,0.,0.));
#1871=CARTESIAN_POINT('',(0.15,0.,0.));
#1872=CARTESIAN_POINT('',(0.15,0.,0.));
#1873=CARTESIAN_POINT('',(0.15,-0.00191455364227295,0.0071867036819458));
#1874=CARTESIAN_POINT('',(0.15,-0.00197141647338867,0.00716829299926758));
#1875=CARTESIAN_POINT('',(0.15,-0.00202812194824219,0.00714912414550781));
#1876=CARTESIAN_POINT('',(0.15,-0.0038291072845459,0.0143734073638916));
#1877=CARTESIAN_POINT('',(0.15,-0.00394283294677735,0.0143365859985352));
#1878=CARTESIAN_POINT('',(0.15,-0.00405624389648438,0.0142982482910156));
#1879=CARTESIAN_POINT('',(0.15,-0.00918675004510871,0.0210886042125707));
#1880=CARTESIAN_POINT('',(0.15,-0.00947099787078348,0.0211539642407053));
#1881=CARTESIAN_POINT('',(0.15,-0.00975604498654982,0.0212222111812894));
#1882=CARTESIAN_POINT('',(0.15,-0.0131871250225543,0.0355443021062853));
#1883=CARTESIAN_POINT('',(0.15,-0.0135896656020584,0.0355769821203526));
#1884=CARTESIAN_POINT('',(0.15,-0.0139926058266082,0.0356111055906447));
#1885=CARTESIAN_POINT('',(0.15,-0.0171875,0.05));
#1886=CARTESIAN_POINT('',(0.15,-0.0177083333333333,0.05));
#1887=CARTESIAN_POINT('',(0.15,-0.0182291666666667,0.05));
#1888=CARTESIAN_POINT('',(0.15,-3.46944695195361E-19,0.));
#1889=CARTESIAN_POINT('',(0.15,0.,0.));
#1890=CARTESIAN_POINT('',(0.15,-3.46944695195361E-19,0.));
#1891=CARTESIAN_POINT('',(0.15,-0.00208465576171875,0.00712921142578125));
#1892=CARTESIAN_POINT('',(0.15,-0.002310791015625,0.007049560546875));
#1893=CARTESIAN_POINT('',(0.15,-0.0025341796875,0.0069580078125));
#1894=CARTESIAN_POINT('',(0.15,-0.0041693115234375,0.0142584228515625));
#1895=CARTESIAN_POINT('',(0.15,-0.00462158203125,0.01409912109375));
#1896=CARTESIAN_POINT('',(0.15,-0.005068359375,0.013916015625));
#1897=CARTESIAN_POINT('',(0.15,-0.0100419640551433,0.0212933297619739));
#1898=CARTESIAN_POINT('',(0.15,-0.0111856403295173,0.0215778040847119));
#1899=CARTESIAN_POINT('',(0.15,-0.0123432678491259,0.021908224649056));
#1900=CARTESIAN_POINT('',(0.15,-0.0143959820275717,0.0356466648809869));
#1901=CARTESIAN_POINT('',(0.15,-0.0160094868314253,0.0357889020423559));
#1902=CARTESIAN_POINT('',(0.15,-0.0176299672578963,0.035954112324528));
#1903=CARTESIAN_POINT('',(0.15,-0.01875,0.05));
#1904=CARTESIAN_POINT('',(0.15,-0.0208333333333333,0.05));
#1905=CARTESIAN_POINT('',(0.15,-0.0229166666666667,0.05));
#1906=CARTESIAN_POINT('',(0.15,-3.46944695195361E-19,0.));
#1907=CARTESIAN_POINT('',(0.15,0.,0.));
#1908=CARTESIAN_POINT('',(0.15,0.,1.38777878078145E-18));
#1909=CARTESIAN_POINT('',(0.15,-0.00275390625,0.00685546875));
#1910=CARTESIAN_POINT('',(0.15,-0.003193359375,0.006650390625));
#1911=CARTESIAN_POINT('',(0.15,-0.0036181640625,0.0064013671875));
#1912=CARTESIAN_POINT('',(0.15,-0.0055078125,0.0137109375));
#1913=CARTESIAN_POINT('',(0.15,-0.00638671875,0.01330078125));
#1914=CARTESIAN_POINT('',(0.15,-0.007236328125,0.012802734375));
#1915=CARTESIAN_POINT('',(0.15,-0.0135194970290473,0.0222836140246614));
#1916=CARTESIAN_POINT('',(0.15,-0.01587195538889,0.0230343927758723));
#1917=CARTESIAN_POINT('',(0.15,-0.0182988203899838,0.0239650467721288));
#1918=CARTESIAN_POINT('',(0.15,-0.0192597485145236,0.0361418070123307));
#1919=CARTESIAN_POINT('',(0.15,-0.0225193110277783,0.0365171963879362));
#1920=CARTESIAN_POINT('',(0.15,-0.0258160768616586,0.0369825233860644));
#1921=CARTESIAN_POINT('',(0.15,-0.025,0.05));
#1922=CARTESIAN_POINT('',(0.15,-0.0291666666666667,0.05));
#1923=CARTESIAN_POINT('',(0.15,-0.0333333333333333,0.05));
#1924=CARTESIAN_POINT('',(0.15,0.,0.));
#1925=CARTESIAN_POINT('',(0.15,0.,6.93889390390723E-19));
#1926=CARTESIAN_POINT('',(0.15,-6.93889390390723E-19,0.));
#1927=CARTESIAN_POINT('',(0.15,-0.00402099609375,0.00611572265625));
#1928=CARTESIAN_POINT('',(0.15,-0.00407135009765625,0.00608001708984375));
#1929=CARTESIAN_POINT('',(0.15,-0.0041213607788086,0.00604373931884766));
#1930=CARTESIAN_POINT('',(0.15,-0.0080419921875,0.0122314453125));
#1931=CARTESIAN_POINT('',(0.15,-0.0081427001953125,0.0121600341796875));
#1932=CARTESIAN_POINT('',(0.15,-0.00824272155761719,0.0120874786376953));
#1933=CARTESIAN_POINT('',(0.15,-0.0208328930094119,0.0250559116309236));
#1934=CARTESIAN_POINT('',(0.15,-0.0211496520868405,0.025192269738273));
#1935=CARTESIAN_POINT('',(0.15,-0.0214680862833054,0.0253311311403495));
#1936=CARTESIAN_POINT('',(0.15,-0.029166446504706,0.0375279558154618));
#1937=CARTESIAN_POINT('',(0.15,-0.0295852427100869,0.0375961348691365));
#1938=CARTESIAN_POINT('',(0.15,-0.0300048764749861,0.0376655655701748));
#1939=CARTESIAN_POINT('',(0.15,-0.0375,0.05));
#1940=CARTESIAN_POINT('',(0.15,-0.0380208333333333,0.05));
#1941=CARTESIAN_POINT('',(0.15,-0.0385416666666667,0.05));
#1942=CARTESIAN_POINT('',(0.15,0.,0.));
#1943=CARTESIAN_POINT('',(0.15,-6.93889390390723E-19,0.));
#1944=CARTESIAN_POINT('',(0.15,0.,6.93889390390723E-19));
#1945=CARTESIAN_POINT('',(0.15,-0.00417101383209229,0.00600690364837647));
#1946=CARTESIAN_POINT('',(0.15,-0.00419584035873413,0.00598848581314087));
#1947=CARTESIAN_POINT('',(0.15,-0.00422057747840882,0.0059699285030365));
#1948=CARTESIAN_POINT('',(0.15,-0.00834202766418458,0.0120138072967529));
#1949=CARTESIAN_POINT('',(0.15,-0.00839168071746827,0.0119769716262817));
#1950=CARTESIAN_POINT('',(0.15,-0.00844115495681763,0.011939857006073));
#1951=CARTESIAN_POINT('',(0.15,-0.0217882542574646,0.0254724556054525));
#1952=CARTESIAN_POINT('',(0.15,-0.0219483382445443,0.025543117838004));
#1953=CARTESIAN_POINT('',(0.15,-0.0221088556760474,0.0256143958363121));
#1954=CARTESIAN_POINT('',(0.15,-0.0304253771287323,0.0377362278027262));
#1955=CARTESIAN_POINT('',(0.15,-0.0306356274556055,0.037771558919002));
#1956=CARTESIAN_POINT('',(0.15,-0.0308460945046904,0.037807197918156));
#1957=CARTESIAN_POINT('',(0.15,-0.0390625,0.05));
#1958=CARTESIAN_POINT('',(0.15,-0.0393229166666667,0.05));
#1959=CARTESIAN_POINT('',(0.15,-0.0395833333333333,0.05));
#1960=CARTESIAN_POINT('',(0.15,-6.93889390390723E-19,0.));
#1961=CARTESIAN_POINT('',(0.15,0.,6.93889390390723E-19));
#1962=CARTESIAN_POINT('',(0.15,0.,0.));
#1963=CARTESIAN_POINT('',(0.15,-0.00424522340297699,0.0059512335062027));
#1964=CARTESIAN_POINT('',(0.15,-0.00424830414354802,0.00594889663159848));
#1965=CARTESIAN_POINT('',(0.15,-0.0042513834591955,0.0059465576056391));
#1966=CARTESIAN_POINT('',(0.15,-0.00849044680595399,0.0119024670124054));
#1967=CARTESIAN_POINT('',(0.15,-0.00849660828709603,0.011897793263197));
#1968=CARTESIAN_POINT('',(0.15,-0.008502766918391,0.0118931152112782));
#1969=CARTESIAN_POINT('',(0.15,-0.0222698142763068,0.0256862840524221));
#1970=CARTESIAN_POINT('',(0.15,-0.0222899341013392,0.0256952700794359));
#1971=CARTESIAN_POINT('',(0.15,-0.0223100608196335,0.0257042656411028));
#1972=CARTESIAN_POINT('',(0.15,-0.0310567821381534,0.0378431420262111));
#1973=CARTESIAN_POINT('',(0.15,-0.0310831180923363,0.037847635039718));
#1974=CARTESIAN_POINT('',(0.15,-0.0311094574931501,0.0378521328205514));
#1975=CARTESIAN_POINT('',(0.15,-0.03984375,0.05));
#1976=CARTESIAN_POINT('',(0.15,-0.0398763020833333,0.05));
#1977=CARTESIAN_POINT('',(0.15,-0.0399088541666667,0.05));
#1978=CARTESIAN_POINT('',(0.15,0.,0.));
#1979=CARTESIAN_POINT('',(0.15,-6.93889390390723E-19,6.93889390390723E-19));
#1980=CARTESIAN_POINT('',(0.15,0.,6.93889390390723E-19));
#1981=CARTESIAN_POINT('',(0.15,-0.00425446134642698,0.00594421643181704));
#1982=CARTESIAN_POINT('',(0.15,-0.00425600029004272,0.00594304584490601));
#1983=CARTESIAN_POINT('',(0.15,-0.00425753887655447,0.00594187472102931));
#1984=CARTESIAN_POINT('',(0.15,-0.00850892269285396,0.0118884328636341));
#1985=CARTESIAN_POINT('',(0.15,-0.00851200058008545,0.011886091689812));
#1986=CARTESIAN_POINT('',(0.15,-0.00851507775310893,0.0118837494420586));
#1987=CARTESIAN_POINT('',(0.15,-0.0223301944443725,0.0257132707278785));
#1988=CARTESIAN_POINT('',(0.15,-0.022340261256742,0.0257177732712663));
#1989=CARTESIAN_POINT('',(0.15,-0.0223503297957226,0.0257222781959313));
#1990=CARTESIAN_POINT('',(0.15,-0.0311358003471862,0.0378566353639392));
#1991=CARTESIAN_POINT('',(0.15,-0.0311489717742043,0.0378588866356331));
#1992=CARTESIAN_POINT('',(0.15,-0.031162144064528,0.0378611390979656));
#1993=CARTESIAN_POINT('',(0.15,-0.03994140625,0.05));
#1994=CARTESIAN_POINT('',(0.15,-0.0399576822916667,0.05));
#1995=CARTESIAN_POINT('',(0.15,-0.0399739583333333,0.05));
#1996=CARTESIAN_POINT('',(0.15,0.,0.));
#1997=CARTESIAN_POINT('',(0.15,0.,0.));
#1998=CARTESIAN_POINT('',(0.15,0.,6.93889390390723E-19));
#1999=CARTESIAN_POINT('',(0.15,-0.00425907710552565,0.00594070306062349));
#2000=CARTESIAN_POINT('',(0.15,-0.00426061533449684,0.00593953140021768));
#2001=CARTESIAN_POINT('',(0.15,-0.00426215320592746,0.00593835920328275));
#2002=CARTESIAN_POINT('',(0.15,-0.0085181542110513,0.011881406121247));
#2003=CARTESIAN_POINT('',(0.15,-0.00852123066899367,0.0118790628004354));
#2004=CARTESIAN_POINT('',(0.15,-0.00852430641185493,0.0118767184065655));
#2005=CARTESIAN_POINT('',(0.15,-0.0223604000632579,0.0257267855004633));
#2006=CARTESIAN_POINT('',(0.15,-0.0223704703307932,0.0257312928049952));
#2007=CARTESIAN_POINT('',(0.15,-0.0223758729813341,0.025735794438217));
#2008=CARTESIAN_POINT('',(0.15,-0.031175317219129,0.0378633927502316));
#2009=CARTESIAN_POINT('',(0.15,-0.0311884903737299,0.0378656464024976));
#2010=CARTESIAN_POINT('',(0.15,-0.0311969950470592,0.0378678931935199));
#2011=CARTESIAN_POINT('',(0.15,-0.039990234375,0.05));
#2012=CARTESIAN_POINT('',(0.15,-0.0400065104166667,0.05));
#2013=CARTESIAN_POINT('',(0.15,-0.0400181171127843,0.0499999919488228));
#2014=CARTESIAN_POINT('',(0.15,-6.93889390390723E-19,0.));
#2015=CARTESIAN_POINT('',(0.15,-6.93889390390723E-19,6.93889390390723E-19));
#2016=CARTESIAN_POINT('',(0.15,0.,0.));
#2017=CARTESIAN_POINT('',(0.15,-0.00426369071938098,0.00593718647025526));
#2018=CARTESIAN_POINT('',(0.15,-0.00426984077319503,0.00593249553814531));
#2019=CARTESIAN_POINT('',(0.15,-0.00427598509937525,0.00592779602855444));
#2020=CARTESIAN_POINT('',(0.15,-0.00852738143876195,0.0118743729405105));
#2021=CARTESIAN_POINT('',(0.15,-0.00853968154639006,0.0118649910762906));
#2022=CARTESIAN_POINT('',(0.15,-0.0085519701987505,0.0118555920571089));
#2023=CARTESIAN_POINT('',(0.15,-0.0223826080179081,0.0257402662803897));
#2024=CARTESIAN_POINT('',(0.15,-0.022409548164204,0.0257581536490801));
#2025=CARTESIAN_POINT('',(0.15,-0.0224364755447811,0.0257756770423666));
#2026=CARTESIAN_POINT('',(0.15,-0.0312068312412478,0.0378701090042123));
#2027=CARTESIAN_POINT('',(0.15,-0.031246176018002,0.0378789722469817));
#2028=CARTESIAN_POINT('',(0.15,-0.0312854941862565,0.0378874524858549));
#2029=CARTESIAN_POINT('',(0.15,-0.0400310544645875,0.0499999517280349));
#2030=CARTESIAN_POINT('',(0.15,-0.0400828038718,0.0499997908448833));
#2031=CARTESIAN_POINT('',(0.15,-0.040134512827732,0.0499992279293432));
#2032=CARTESIAN_POINT('',(0.15,0.,6.93889390390723E-19));
#2033=CARTESIAN_POINT('',(0.15,0.,6.93889390390723E-19));
#2034=CARTESIAN_POINT('',(0.15,0.,0.));
#2035=CARTESIAN_POINT('',(0.15,-0.00428212366998196,0.00592308796942234));
#2036=CARTESIAN_POINT('',(0.15,-0.00429440081119538,0.00591367185115815));
#2037=CARTESIAN_POINT('',(0.15,-0.00430665493011475,0.00590422153472901));
#2038=CARTESIAN_POINT('',(0.15,-0.00856424733996392,0.0118461759388447));
#2039=CARTESIAN_POINT('',(0.15,-0.00858880162239075,0.0118273437023163));
#2040=CARTESIAN_POINT('',(0.15,-0.0086133098602295,0.011808443069458));
#2041=CARTESIAN_POINT('',(0.15,-0.0224633860399012,0.0257928381300059));
#2042=CARTESIAN_POINT('',(0.15,-0.0225172070301415,0.0258271603052845));
#2043=CARTESIAN_POINT('',(0.15,-0.022570960478554,0.0258600332579744));
#2044=CARTESIAN_POINT('',(0.15,-0.0313247815677843,0.0378955514331629));
#2045=CARTESIAN_POINT('',(0.15,-0.0314033563308399,0.0379117493277789));
#2046=CARTESIAN_POINT('',(0.15,-0.0314818079469886,0.037926422056134));
#2047=CARTESIAN_POINT('',(0.15,-0.0401861770956674,0.0499982647363199));
#2048=CARTESIAN_POINT('',(0.15,-0.0402895056315384,0.0499963383502732));
#2049=CARTESIAN_POINT('',(0.15,-0.0403926554154231,0.0499928108542936));
#2050=CARTESIAN_POINT('',(0.15,-6.93889390390723E-19,0.));
#2051=CARTESIAN_POINT('',(0.15,0.,6.93889390390723E-19));
#2052=CARTESIAN_POINT('',(0.15,-6.93889390390723E-19,6.93889390390723E-19));
#2053=CARTESIAN_POINT('',(0.15,-0.00431888580322266,0.00589473724365235));
#2054=CARTESIAN_POINT('',(0.15,-0.00441673278808594,0.00581886291503906));
#2055=CARTESIAN_POINT('',(0.15,-0.00451309204101563,0.00574081420898438));
#2056=CARTESIAN_POINT('',(0.15,-0.00863777160644532,0.0117894744873047));
#2057=CARTESIAN_POINT('',(0.15,-0.00883346557617188,0.0116377258300781));
#2058=CARTESIAN_POINT('',(0.15,-0.00902618408203125,0.0114816284179688));
#2059=CARTESIAN_POINT('',(0.15,-0.0226246134188207,0.0258914703432033));
#2060=CARTESIAN_POINT('',(0.15,-0.0230538369409543,0.0261429670250348));
#2061=CARTESIAN_POINT('',(0.15,-0.0234766279417536,0.0263025681893654));
#2062=CARTESIAN_POINT('',(0.15,-0.0315601029862072,0.037939583315413));
#2063=CARTESIAN_POINT('',(0.15,-0.0321864632999565,0.0380448733896453));
#2064=CARTESIAN_POINT('',(0.15,-0.0328028026901859,0.0380534294430093));
#2065=CARTESIAN_POINT('',(0.15,-0.0404955925535938,0.0499876962876227));
#2066=CARTESIAN_POINT('',(0.15,-0.0413190896589588,0.0499467797542559));
#2067=CARTESIAN_POINT('',(0.15,-0.0421289774386181,0.0498042906966531));
#2068=CARTESIAN_POINT('',(0.15,0.,0.));
#2069=CARTESIAN_POINT('',(0.15,0.,0.));
#2070=CARTESIAN_POINT('',(0.15,0.,0.));
#2071=CARTESIAN_POINT('',(0.15,-0.00460784912109375,0.00566070556640625));
#2072=CARTESIAN_POINT('',(0.15,-0.00479736328125,0.00550048828125));
#2073=CARTESIAN_POINT('',(0.15,-0.00498046875,0.00533203125));
#2074=CARTESIAN_POINT('',(0.15,-0.0092156982421875,0.0113214111328125));
#2075=CARTESIAN_POINT('',(0.15,-0.0095947265625,0.0110009765625));
#2076=CARTESIAN_POINT('',(0.15,-0.0099609375,0.0106640625));
#2077=CARTESIAN_POINT('',(0.15,-0.0238761037789231,0.0263771036057448));
#2078=CARTESIAN_POINT('',(0.15,-0.024675055453262,0.0265261744385035));
#2079=CARTESIAN_POINT('',(0.15,-0.0253807464730815,0.026334982279457));
#2080=CARTESIAN_POINT('',(0.15,-0.0333920030413778,0.0379722604061854));
#2081=CARTESIAN_POINT('',(0.15,-0.0345704037437616,0.0378099223325377));
#2082=CARTESIAN_POINT('',(0.15,-0.0356402482899959,0.0372886838981389));
#2083=CARTESIAN_POINT('',(0.15,-0.0429079023038325,0.049567417206626));
#2084=CARTESIAN_POINT('',(0.15,-0.0444657520342612,0.0490936702265719));
#2085=CARTESIAN_POINT('',(0.15,-0.0458997501069103,0.0482423855168207));
#2086=CARTESIAN_POINT('',(0.15,0.,0.));
#2087=CARTESIAN_POINT('',(0.15,-6.93889390390723E-19,6.93889390390723E-19));
#2088=CARTESIAN_POINT('',(0.15,0.,0.));
#2089=CARTESIAN_POINT('',(0.15,-0.00515625,0.00515625));
#2090=CARTESIAN_POINT('',(0.15,-0.00515762329101563,0.00515487670898438));
#2091=CARTESIAN_POINT('',(0.15,-0.00515899613499642,0.00515350297093392));
#2092=CARTESIAN_POINT('',(0.15,-0.0103125,0.0103125));
#2093=CARTESIAN_POINT('',(0.15,-0.0103152465820313,0.0103097534179688));
#2094=CARTESIAN_POINT('',(0.15,-0.0103179922699928,0.0103070059418678));
#2095=CARTESIAN_POINT('',(0.15,-0.025857864376269,0.025857864376269));
#2096=CARTESIAN_POINT('',(0.15,-0.0258615918598877,0.0258541368926504));
#2097=CARTESIAN_POINT('',(0.15,-0.0258653018919839,0.0258503954580358));
#2098=CARTESIAN_POINT('',(0.15,-0.0364644660940673,0.0364644660940673));
#2099=CARTESIAN_POINT('',(0.15,-0.0364709052956616,0.0364580268924729));
#2100=CARTESIAN_POINT('',(0.15,-0.0364773260048627,0.036451572699012));
#2101=CARTESIAN_POINT('',(0.15,-0.0470710678118655,0.0470710678118655));
#2102=CARTESIAN_POINT('',(0.15,-0.0470802187314354,0.0470619168922955));
#2103=CARTESIAN_POINT('',(0.15,-0.0470893501177415,0.0470527499399883));
#2104=CARTESIAN_POINT('',(0.15,-6.93889390390723E-19,0.));
#2105=CARTESIAN_POINT('',(0.15,0.,0.));
#2106=CARTESIAN_POINT('',(0.15,-6.93889390390723E-19,6.93889390390723E-19));
#2107=CARTESIAN_POINT('',(0.15,-0.00516036853150581,0.00515212878628518));
#2108=CARTESIAN_POINT('',(0.15,-0.00516174092801521,0.00515075460163644));
#2109=CARTESIAN_POINT('',(0.15,-0.00516311287705321,0.00514937997038942));
#2110=CARTESIAN_POINT('',(0.15,-0.0103207370630116,0.0103042575725704));
#2111=CARTESIAN_POINT('',(0.15,-0.0103234818560304,0.0103015092032729));
#2112=CARTESIAN_POINT('',(0.15,-0.0103262257541064,0.0102987599407788));
#2113=CARTESIAN_POINT('',(0.15,-0.0258689944466476,0.0258466401369474));
#2114=CARTESIAN_POINT('',(0.15,-0.0258726870013113,0.025842884815859));
#2115=CARTESIAN_POINT('',(0.15,-0.0258763620785425,0.0258391156082967));
#2116=CARTESIAN_POINT('',(0.15,-0.0364837281950055,0.0364451035790449));
#2117=CARTESIAN_POINT('',(0.15,-0.0364901303851482,0.0364386344590778));
#2118=CARTESIAN_POINT('',(0.15,-0.0364965140562326,0.0364321504126044));
#2119=CARTESIAN_POINT('',(0.15,-0.0470984619433634,0.0470435670211424));
#2120=CARTESIAN_POINT('',(0.15,-0.0471075737689852,0.0470343841022966));
#2121=CARTESIAN_POINT('',(0.15,-0.0471166660339228,0.0470251852169121));
#2122=CARTESIAN_POINT('',(0.15,-6.93889390390723E-19,0.));
#2123=CARTESIAN_POINT('',(0.15,-6.93889390390723E-19,6.93889390390723E-19));
#2124=CARTESIAN_POINT('',(0.15,-6.93889390390723E-19,0.));
#2125=CARTESIAN_POINT('',(0.15,-0.00516448437818326,0.00514800489298068));
#2126=CARTESIAN_POINT('',(0.15,-0.00516722738044337,0.00514525473816321));
#2127=CARTESIAN_POINT('',(0.15,-0.00516996859107167,0.00514250279869885));
#2128=CARTESIAN_POINT('',(0.15,-0.0103289687563665,0.0102960097859614));
#2129=CARTESIAN_POINT('',(0.15,-0.0103344547608867,0.0102905094763264));
#2130=CARTESIAN_POINT('',(0.15,-0.0103399371821433,0.0102850055973977));
#2131=CARTESIAN_POINT('',(0.15,-0.0258800196524312,0.0258353325787825));
#2132=CARTESIAN_POINT('',(0.15,-0.0258873348002086,0.0258277665197542));
#2133=CARTESIAN_POINT('',(0.15,-0.0258945799346159,0.0258201451729184));
#2134=CARTESIAN_POINT('',(0.15,-0.0365028791815934,0.0364256515049851));
#2135=CARTESIAN_POINT('',(0.15,-0.036515609432315,0.0364126536897466));
#2136=CARTESIAN_POINT('',(0.15,-0.0365282655001423,0.0363995964299245));
#2137=CARTESIAN_POINT('',(0.15,-0.0471257387107557,0.0470159704311878));
#2138=CARTESIAN_POINT('',(0.15,-0.0471438840644215,0.0469975408597391));
#2139=CARTESIAN_POINT('',(0.15,-0.0471619510656687,0.0469790476869307));
#2140=CARTESIAN_POINT('',(0.15,0.,6.93889390390723E-19));
#2141=CARTESIAN_POINT('',(0.15,0.,6.93889390390723E-19));
#2142=CARTESIAN_POINT('',(0.15,-6.93889390390723E-19,0.));
#2143=CARTESIAN_POINT('',(0.15,-0.00517270800657571,0.00513974907808006));
#2144=CARTESIAN_POINT('',(0.15,-0.00517818683758378,0.00513424163684249));
#2145=CARTESIAN_POINT('',(0.15,-0.00518365848809481,0.00512872707098723));
#2146=CARTESIAN_POINT('',(0.15,-0.0103454160131514,0.0102794981561601));
#2147=CARTESIAN_POINT('',(0.15,-0.0103563736751676,0.010268483273685));
#2148=CARTESIAN_POINT('',(0.15,-0.0103673169761896,0.0102574541419745));
#2149=CARTESIAN_POINT('',(0.15,-0.0259017548483731,0.0258124690544512));
#2150=CARTESIAN_POINT('',(0.15,-0.0259161046758875,0.0257971168175168));
#2151=CARTESIAN_POINT('',(0.15,-0.0259301736208012,0.0257815454940568));
#2152=CARTESIAN_POINT('',(0.15,-0.0365408471717536,0.0363864802484017));
#2153=CARTESIAN_POINT('',(0.15,-0.0365660105149763,0.036360247885356));
#2154=CARTESIAN_POINT('',(0.15,-0.036590876273335,0.0363337798355072));
#2155=CARTESIAN_POINT('',(0.15,-0.0471799394951342,0.0469604914423522));
#2156=CARTESIAN_POINT('',(0.15,-0.047215916354065,0.0469233789531952));
#2157=CARTESIAN_POINT('',(0.15,-0.0472515789258688,0.0468860141769576));
#2158=CARTESIAN_POINT('',(0.15,0.,0.));
#2159=CARTESIAN_POINT('',(0.15,0.,6.93889390390723E-19));
#2160=CARTESIAN_POINT('',(0.15,0.,6.93889390390723E-19));
#2161=CARTESIAN_POINT('',(0.15,-0.00518912293016911,0.00512320540845394));
#2162=CARTESIAN_POINT('',(0.15,-0.0052000518143177,0.00511216208338738));
#2163=CARTESIAN_POINT('',(0.15,-0.00521095186471939,0.00510109037160874));
#2164=CARTESIAN_POINT('',(0.15,-0.0103782458603382,0.0102464108169079));
#2165=CARTESIAN_POINT('',(0.15,-0.0104001036286354,0.0102243241667748));
#2166=CARTESIAN_POINT('',(0.15,-0.0104219037294388,0.0102021807432175));
#2167=CARTESIAN_POINT('',(0.15,-0.0259439600248729,0.0257657592134798));
#2168=CARTESIAN_POINT('',(0.15,-0.0259715328330164,0.025734186652326));
#2169=CARTESIAN_POINT('',(0.15,-0.0259979754777923,0.0257017542627043));
#2170=CARTESIAN_POINT('',(0.15,-0.0366154427402566,0.0363070802819176));
#2171=CARTESIAN_POINT('',(0.15,-0.0366645756740998,0.0362536811747386));
#2172=CARTESIAN_POINT('',(0.15,-0.0367125114421944,0.0361993560525965));
#2173=CARTESIAN_POINT('',(0.15,-0.0472869254556402,0.0468484013503555));
#2174=CARTESIAN_POINT('',(0.15,-0.0473576185151831,0.0467731756971512));
#2175=CARTESIAN_POINT('',(0.15,-0.0474270474065966,0.0466969578424886));
#2176=CARTESIAN_POINT('',(0.15,-6.93889390390723E-19,0.));
#2177=CARTESIAN_POINT('',(0.15,-6.93889390390723E-19,6.93889390390723E-19));
#2178=CARTESIAN_POINT('',(0.15,0.,6.93889390390723E-19));
#2179=CARTESIAN_POINT('',(0.15,-0.00522182285785675,0.00508999049663544));
#2180=CARTESIAN_POINT('',(0.15,-0.00524356484413147,0.00506779074668884));
#2181=CARTESIAN_POINT('',(0.15,-0.00526519060134888,0.00504547834396362));
#2182=CARTESIAN_POINT('',(0.15,-0.0104436457157135,0.0101799809932709));
#2183=CARTESIAN_POINT('',(0.15,-0.0104871296882629,0.0101355814933777));
#2184=CARTESIAN_POINT('',(0.15,-0.0105303812026978,0.0100909566879272));
#2185=CARTESIAN_POINT('',(0.15,-0.0260232746932709,0.025668495079884));
#2186=CARTESIAN_POINT('',(0.15,-0.026073873124228,0.0256019767142434));
#2187=CARTESIAN_POINT('',(0.15,-0.0261198978379961,0.0255321511758079));
#2188=CARTESIAN_POINT('',(0.15,-0.0367592363919549,0.0361441383799898));
#2189=CARTESIAN_POINT('',(0.15,-0.0368526862914759,0.0360337030347766));
#2190=CARTESIAN_POINT('',(0.15,-0.0369412929176599,0.0359196974877054));
#2191=CARTESIAN_POINT('',(0.15,-0.0474951980906389,0.0466197816800957));
#2192=CARTESIAN_POINT('',(0.15,-0.0476314994587237,0.0464654293553099));
#2193=CARTESIAN_POINT('',(0.15,-0.0477626879973238,0.046307243799603));
#2194=CARTESIAN_POINT('',(0.15,0.,0.));
#2195=CARTESIAN_POINT('',(0.15,0.,0.));
#2196=CARTESIAN_POINT('',(0.15,0.,6.93889390390723E-19));
#2197=CARTESIAN_POINT('',(0.15,-0.00528669834136963,0.00502305507659912));
#2198=CARTESIAN_POINT('',(0.15,-0.00532971382141113,0.00497820854187012));
#2199=CARTESIAN_POINT('',(0.15,-0.00537225723266602,0.00493291854858399));
#2200=CARTESIAN_POINT('',(0.15,-0.0105733966827393,0.0100461101531982));
#2201=CARTESIAN_POINT('',(0.15,-0.0106594276428223,0.00995641708374024));
#2202=CARTESIAN_POINT('',(0.15,-0.010744514465332,0.00986583709716797));
#2203=CARTESIAN_POINT('',(0.15,-0.0261612427071383,0.0254592827467302));
#2204=CARTESIAN_POINT('',(0.15,-0.0262439324454228,0.0253135458885748));
#2205=CARTESIAN_POINT('',(0.15,-0.0263079028052036,0.0251556374678504));
#2206=CARTESIAN_POINT('',(0.15,-0.0370249470498215,0.0358023894547645));
#2207=CARTESIAN_POINT('',(0.15,-0.0371922553141447,0.0355677733888828));
#2208=CARTESIAN_POINT('',(0.15,-0.0373397536023776,0.0353199473795223));
#2209=CARTESIAN_POINT('',(0.15,-0.0478886513925047,0.0461454961627989));
#2210=CARTESIAN_POINT('',(0.15,-0.0481405781828665,0.0458220008891908));
#2211=CARTESIAN_POINT('',(0.15,-0.0483716043995517,0.0454842572911942));
#2212=CARTESIAN_POINT('',(0.15,-6.93889390390723E-19,6.93889390390723E-19));
#2213=CARTESIAN_POINT('',(0.15,-6.93889390390723E-19,0.));
#2214=CARTESIAN_POINT('',(0.15,-6.93889390390723E-19,0.));
#2215=CARTESIAN_POINT('',(0.15,-0.00541431427001953,0.00488719940185547));
#2216=CARTESIAN_POINT('',(0.15,-0.00549842834472657,0.00479576110839844));
#2217=CARTESIAN_POINT('',(0.15,-0.00558059692382813,0.00470260620117188));
#2218=CARTESIAN_POINT('',(0.15,-0.0108286285400391,0.00977439880371094));
#2219=CARTESIAN_POINT('',(0.15,-0.0109968566894531,0.00959152221679688));
#2220=CARTESIAN_POINT('',(0.15,-0.0111611938476563,0.00940521240234375));
#2221=CARTESIAN_POINT('',(0.15,-0.0263523047669861,0.0249876717417776));
#2222=CARTESIAN_POINT('',(0.15,-0.0264411086905512,0.0246517402896319));
#2223=CARTESIAN_POINT('',(0.15,-0.026451639022123,0.0242755796160924));
#2224=CARTESIAN_POINT('',(0.15,-0.0374665681490349,0.0350610531545896));
#2225=CARTESIAN_POINT('',(0.15,-0.0377201972423494,0.0345432647047241));
#2226=CARTESIAN_POINT('',(0.15,-0.037891091369361,0.0339812033925696));
#2227=CARTESIAN_POINT('',(0.15,-0.0485808315310837,0.0451344345674016));
#2228=CARTESIAN_POINT('',(0.15,-0.0489992857941477,0.0444347891198163));
#2229=CARTESIAN_POINT('',(0.15,-0.049330543716599,0.0436868271690469));
#2230=CARTESIAN_POINT('',(0.15,-6.93889390390723E-19,0.));
#2231=CARTESIAN_POINT('',(0.15,-6.93889390390723E-19,0.));
#2232=CARTESIAN_POINT('',(0.15,-6.93889390390723E-19,0.));
#2233=CARTESIAN_POINT('',(0.15,-0.00566070556640625,0.00460784912109375));
#2234=CARTESIAN_POINT('',(0.15,-0.00574081420898438,0.00451309204101563));
#2235=CARTESIAN_POINT('',(0.15,-0.00581886291503906,0.00441673278808594));
#2236=CARTESIAN_POINT('',(0.15,-0.0113214111328125,0.0092156982421875));
#2237=CARTESIAN_POINT('',(0.15,-0.0114816284179688,0.00902618408203125));
#2238=CARTESIAN_POINT('',(0.15,-0.0116377258300781,0.00883346557617188));
#2239=CARTESIAN_POINT('',(0.15,-0.0263771036057439,0.0238761037789231));
#2240=CARTESIAN_POINT('',(0.15,-0.0263025681893648,0.0234766279417538));
#2241=CARTESIAN_POINT('',(0.15,-0.0261429670250349,0.0230538369409546));
#2242=CARTESIAN_POINT('',(0.15,-0.037972260406185,0.0333920030413778));
#2243=CARTESIAN_POINT('',(0.15,-0.038053429443009,0.0328028026901859));
#2244=CARTESIAN_POINT('',(0.15,-0.0380448733896454,0.0321864632999567));
#2245=CARTESIAN_POINT('',(0.15,-0.049567417206626,0.0429079023038325));
#2246=CARTESIAN_POINT('',(0.15,-0.0498042906966531,0.0421289774386181));
#2247=CARTESIAN_POINT('',(0.15,-0.0499467797542559,0.0413190896589588));
#2248=CARTESIAN_POINT('',(0.15,0.,0.));
#2249=CARTESIAN_POINT('',(0.15,0.,0.));
#2250=CARTESIAN_POINT('',(0.15,0.,6.93889390390723E-19));
#2251=CARTESIAN_POINT('',(0.15,-0.00589473724365235,0.00431888580322266));
#2252=CARTESIAN_POINT('',(0.15,-0.00590422153472901,0.00430665493011475));
#2253=CARTESIAN_POINT('',(0.15,-0.00591367185115814,0.00429440081119537));
#2254=CARTESIAN_POINT('',(0.15,-0.0117894744873047,0.00863777160644531));
#2255=CARTESIAN_POINT('',(0.15,-0.011808443069458,0.00861330986022949));
#2256=CARTESIAN_POINT('',(0.15,-0.0118273437023163,0.00858880162239075));
#2257=CARTESIAN_POINT('',(0.15,-0.0258914703432033,0.0226246134188208));
#2258=CARTESIAN_POINT('',(0.15,-0.0258600332579744,0.022570960478554));
#2259=CARTESIAN_POINT('',(0.15,-0.0258271603052845,0.0225172070301414));
#2260=CARTESIAN_POINT('',(0.15,-0.037939583315413,0.0315601029862073));
#2261=CARTESIAN_POINT('',(0.15,-0.037926422056134,0.0314818079469886));
#2262=CARTESIAN_POINT('',(0.15,-0.0379117493277789,0.0314033563308399));
#2263=CARTESIAN_POINT('',(0.15,-0.0499876962876227,0.0404955925535938));
#2264=CARTESIAN_POINT('',(0.15,-0.0499928108542936,0.0403926554154231));
#2265=CARTESIAN_POINT('',(0.15,-0.0499963383502732,0.0402895056315384));
#2266=CARTESIAN_POINT('',(0.15,0.,6.93889390390723E-19));
#2267=CARTESIAN_POINT('',(0.15,-6.93889390390723E-19,0.));
#2268=CARTESIAN_POINT('',(0.15,0.,6.93889390390723E-19));
#2269=CARTESIAN_POINT('',(0.15,-0.00592308796942234,0.00428212366998196));
#2270=CARTESIAN_POINT('',(0.15,-0.00592779602855444,0.00427598509937525));
#2271=CARTESIAN_POINT('',(0.15,-0.00593249553814531,0.00426984077319503));
#2272=CARTESIAN_POINT('',(0.15,-0.0118461759388447,0.00856424733996391));
#2273=CARTESIAN_POINT('',(0.15,-0.0118555920571089,0.0085519701987505));
#2274=CARTESIAN_POINT('',(0.15,-0.0118649910762906,0.00853968154639006));
#2275=CARTESIAN_POINT('',(0.15,-0.0257928381300059,0.0224633860399012));
#2276=CARTESIAN_POINT('',(0.15,-0.0257756770423666,0.0224364755447811));
#2277=CARTESIAN_POINT('',(0.15,-0.0257581536490801,0.0224095481642041));
#2278=CARTESIAN_POINT('',(0.15,-0.0378955514331629,0.0313247815677843));
#2279=CARTESIAN_POINT('',(0.15,-0.0378874524858549,0.0312854941862565));
#2280=CARTESIAN_POINT('',(0.15,-0.0378789722469817,0.031246176018002));
#2281=CARTESIAN_POINT('',(0.15,-0.0499982647363199,0.0401861770956674));
#2282=CARTESIAN_POINT('',(0.15,-0.0499992279293432,0.040134512827732));
#2283=CARTESIAN_POINT('',(0.15,-0.0499997908448833,0.0400828038718));
#2284=CARTESIAN_POINT('',(0.15,-6.93889390390723E-19,6.93889390390723E-19));
#2285=CARTESIAN_POINT('',(0.15,0.,0.));
#2286=CARTESIAN_POINT('',(0.15,0.,0.));
#2287=CARTESIAN_POINT('',(0.15,-0.00593718647025526,0.00426369071938097));
#2288=CARTESIAN_POINT('',(0.15,-0.00593835920328275,0.00426215320592746));
#2289=CARTESIAN_POINT('',(0.15,-0.00593953140021768,0.00426061533449683));
#2290=CARTESIAN_POINT('',(0.15,-0.0118743729405105,0.00852738143876195));
#2291=CARTESIAN_POINT('',(0.15,-0.0118767184065655,0.00852430641185492));
#2292=CARTESIAN_POINT('',(0.15,-0.0118790628004354,0.00852123066899367));
#2293=CARTESIAN_POINT('',(0.15,-0.0257402662803896,0.0223826080179081));
#2294=CARTESIAN_POINT('',(0.15,-0.025735794438217,0.0223758729813341));
#2295=CARTESIAN_POINT('',(0.15,-0.0257312928049952,0.0223704703307932));
#2296=CARTESIAN_POINT('',(0.15,-0.0378701090042123,0.0312068312412478));
#2297=CARTESIAN_POINT('',(0.15,-0.0378678931935199,0.0311969950470592));
#2298=CARTESIAN_POINT('',(0.15,-0.0378656464024976,0.0311884903737299));
#2299=CARTESIAN_POINT('',(0.15,-0.0499999517280349,0.0400310544645875));
#2300=CARTESIAN_POINT('',(0.15,-0.0499999919488228,0.0400181171127843));
#2301=CARTESIAN_POINT('',(0.15,-0.05,0.0400065104166667));
#2302=CARTESIAN_POINT('',(0.15,0.,0.));
#2303=CARTESIAN_POINT('',(0.15,-6.93889390390723E-19,0.));
#2304=CARTESIAN_POINT('',(0.15,-6.93889390390723E-19,6.93889390390723E-19));
#2305=CARTESIAN_POINT('',(0.15,-0.00594070306062349,0.00425907710552565));
#2306=CARTESIAN_POINT('',(0.15,-0.00594187472102931,0.00425753887655446));
#2307=CARTESIAN_POINT('',(0.15,-0.00594304584490601,0.00425600029004272));
#2308=CARTESIAN_POINT('',(0.15,-0.011881406121247,0.0085181542110513));
#2309=CARTESIAN_POINT('',(0.15,-0.0118837494420586,0.00851507775310893));
#2310=CARTESIAN_POINT('',(0.15,-0.011886091689812,0.00851200058008544));
#2311=CARTESIAN_POINT('',(0.15,-0.0257267855004632,0.0223604000632579));
#2312=CARTESIAN_POINT('',(0.15,-0.0257222781959312,0.0223503297957226));
#2313=CARTESIAN_POINT('',(0.15,-0.0257177732712663,0.022340261256742));
#2314=CARTESIAN_POINT('',(0.15,-0.0378633927502316,0.031175317219129));
#2315=CARTESIAN_POINT('',(0.15,-0.0378611390979656,0.031162144064528));
#2316=CARTESIAN_POINT('',(0.15,-0.0378588866356331,0.0311489717742043));
#2317=CARTESIAN_POINT('',(0.15,-0.05,0.039990234375));
#2318=CARTESIAN_POINT('',(0.15,-0.05,0.0399739583333333));
#2319=CARTESIAN_POINT('',(0.15,-0.05,0.0399576822916667));
#2320=CARTESIAN_POINT('',(0.15,0.,0.));
#2321=CARTESIAN_POINT('',(0.15,-6.93889390390723E-19,0.));
#2322=CARTESIAN_POINT('',(0.15,0.,0.));
#2323=CARTESIAN_POINT('',(0.15,-0.00594421643181704,0.00425446134642698));
#2324=CARTESIAN_POINT('',(0.15,-0.0059465576056391,0.00425138345919549));
#2325=CARTESIAN_POINT('',(0.15,-0.00594889663159848,0.00424830414354801));
#2326=CARTESIAN_POINT('',(0.15,-0.0118884328636341,0.00850892269285396));
#2327=CARTESIAN_POINT('',(0.15,-0.0118931152112782,0.00850276691839099));
#2328=CARTESIAN_POINT('',(0.15,-0.011897793263197,0.00849660828709602));
#2329=CARTESIAN_POINT('',(0.15,-0.0257132707278784,0.0223301944443725));
#2330=CARTESIAN_POINT('',(0.15,-0.0257042656411028,0.0223100608196335));
#2331=CARTESIAN_POINT('',(0.15,-0.0256952700794359,0.0222899341013393));
#2332=CARTESIAN_POINT('',(0.15,-0.0378566353639392,0.0311358003471862));
#2333=CARTESIAN_POINT('',(0.15,-0.0378521328205514,0.0311094574931501));
#2334=CARTESIAN_POINT('',(0.15,-0.037847635039718,0.0310831180923363));
#2335=CARTESIAN_POINT('',(0.15,-0.05,0.03994140625));
#2336=CARTESIAN_POINT('',(0.15,-0.05,0.0399088541666667));
#2337=CARTESIAN_POINT('',(0.15,-0.05,0.0398763020833333));
#2338=CARTESIAN_POINT('',(0.15,0.,6.93889390390723E-19));
#2339=CARTESIAN_POINT('',(0.15,-6.93889390390723E-19,6.93889390390723E-19));
#2340=CARTESIAN_POINT('',(0.15,0.,6.93889390390723E-19));
#2341=CARTESIAN_POINT('',(0.15,-0.0059512335062027,0.00424522340297699));
#2342=CARTESIAN_POINT('',(0.15,-0.0059699285030365,0.00422057747840881));
#2343=CARTESIAN_POINT('',(0.15,-0.00598848581314087,0.00419584035873413));
#2344=CARTESIAN_POINT('',(0.15,-0.0119024670124054,0.00849044680595398));
#2345=CARTESIAN_POINT('',(0.15,-0.011939857006073,0.00844115495681763));
#2346=CARTESIAN_POINT('',(0.15,-0.0119769716262817,0.00839168071746826));
#2347=CARTESIAN_POINT('',(0.15,-0.0256862840524222,0.0222698142763069));
#2348=CARTESIAN_POINT('',(0.15,-0.0256143958363122,0.0221088556760476));
#2349=CARTESIAN_POINT('',(0.15,-0.0255431178380039,0.0219483382445442));
#2350=CARTESIAN_POINT('',(0.15,-0.0378431420262111,0.0310567821381534));
#2351=CARTESIAN_POINT('',(0.15,-0.0378071979181561,0.0308460945046905));
#2352=CARTESIAN_POINT('',(0.15,-0.037771558919002,0.0306356274556055));
#2353=CARTESIAN_POINT('',(0.15,-0.05,0.03984375));
#2354=CARTESIAN_POINT('',(0.15,-0.05,0.0395833333333333));
#2355=CARTESIAN_POINT('',(0.15,-0.05,0.0393229166666667));
#2356=CARTESIAN_POINT('',(0.15,0.,0.));
#2357=CARTESIAN_POINT('',(0.15,0.,0.));
#2358=CARTESIAN_POINT('',(0.15,-6.93889390390723E-19,0.));
#2359=CARTESIAN_POINT('',(0.15,-0.00600690364837647,0.00417101383209228));
#2360=CARTESIAN_POINT('',(0.15,-0.00604373931884766,0.00412136077880859));
#2361=CARTESIAN_POINT('',(0.15,-0.00608001708984375,0.00407135009765625));
#2362=CARTESIAN_POINT('',(0.15,-0.0120138072967529,0.00834202766418457));
#2363=CARTESIAN_POINT('',(0.15,-0.0120874786376953,0.00824272155761719));
#2364=CARTESIAN_POINT('',(0.15,-0.0121600341796875,0.0081427001953125));
#2365=CARTESIAN_POINT('',(0.15,-0.0254724556054524,0.0217882542574646));
#2366=CARTESIAN_POINT('',(0.15,-0.0253311311403492,0.0214680862833052));
#2367=CARTESIAN_POINT('',(0.15,-0.0251922697382728,0.0211496520868403));
#2368=CARTESIAN_POINT('',(0.15,-0.0377362278027262,0.0304253771287323));
#2369=CARTESIAN_POINT('',(0.15,-0.0376655655701746,0.0300048764749859));
#2370=CARTESIAN_POINT('',(0.15,-0.0375961348691364,0.0295852427100868));
#2371=CARTESIAN_POINT('',(0.15,-0.05,0.0390625));
#2372=CARTESIAN_POINT('',(0.15,-0.05,0.0385416666666667));
#2373=CARTESIAN_POINT('',(0.15,-0.05,0.0380208333333333));
#2374=CARTESIAN_POINT('',(0.15,0.,0.));
#2375=CARTESIAN_POINT('',(0.15,0.,6.93889390390723E-19));
#2376=CARTESIAN_POINT('',(0.15,0.,0.));
#2377=CARTESIAN_POINT('',(0.15,-0.00611572265625,0.00402099609375));
#2378=CARTESIAN_POINT('',(0.15,-0.0061871337890625,0.0039202880859375));
#2379=CARTESIAN_POINT('',(0.15,-0.00625625610351563,0.00381820678710937));
#2380=CARTESIAN_POINT('',(0.15,-0.0122314453125,0.0080419921875));
#2381=CARTESIAN_POINT('',(0.15,-0.012374267578125,0.007840576171875));
#2382=CARTESIAN_POINT('',(0.15,-0.0125125122070313,0.00763641357421875));
#2383=CARTESIAN_POINT('',(0.15,-0.0250559116309236,0.0208328930094119));
#2384=CARTESIAN_POINT('',(0.15,-0.024783195416225,0.0201993748545551));
#2385=CARTESIAN_POINT('',(0.15,-0.0245204923804351,0.0195725571758441));
#2386=CARTESIAN_POINT('',(0.15,-0.0375279558154618,0.029166446504706));
#2387=CARTESIAN_POINT('',(0.15,-0.0373915977081125,0.0283288540939442));
#2388=CARTESIAN_POINT('',(0.15,-0.0372602461902175,0.0274946119212554));
#2389=CARTESIAN_POINT('',(0.15,-0.05,0.0375));
#2390=CARTESIAN_POINT('',(0.15,-0.05,0.0364583333333333));
#2391=CARTESIAN_POINT('',(0.15,-0.05,0.0354166666666667));
#2392=CARTESIAN_POINT('',(0.15,-1.38777878078145E-18,0.));
#2393=CARTESIAN_POINT('',(0.15,0.,0.));
#2394=CARTESIAN_POINT('',(0.15,0.,0.));
#2395=CARTESIAN_POINT('',(0.15,-0.00632297515869141,0.00371486663818359));
#2396=CARTESIAN_POINT('',(0.15,-0.00633965492248536,0.00368903160095215));
#2397=CARTESIAN_POINT('',(0.15,-0.00635618448257447,0.0036631178855896));
#2398=CARTESIAN_POINT('',(0.15,-0.0126459503173828,0.00742973327636719));
#2399=CARTESIAN_POINT('',(0.15,-0.0126793098449707,0.00737806320190429));
#2400=CARTESIAN_POINT('',(0.15,-0.0127123689651489,0.0073262357711792));
#2401=CARTESIAN_POINT('',(0.15,-0.0242681097795303,0.018951927458012));
#2402=CARTESIAN_POINT('',(0.15,-0.0242050141293041,0.0187967700285539));
#2403=CARTESIAN_POINT('',(0.15,-0.0241425635062583,0.0186419993466508));
#2404=CARTESIAN_POINT('',(0.15,-0.0371340548897652,0.026663463729006));
#2405=CARTESIAN_POINT('',(0.15,-0.0371025070646521,0.0264556766809436));
#2406=CARTESIAN_POINT('',(0.15,-0.0370712817531291,0.0262480830066587));
#2407=CARTESIAN_POINT('',(0.15,-0.05,0.034375));
#2408=CARTESIAN_POINT('',(0.15,-0.05,0.0341145833333333));
#2409=CARTESIAN_POINT('',(0.15,-0.05,0.0338541666666667));
#2410=CARTESIAN_POINT('',(0.15,0.,0.));
#2411=CARTESIAN_POINT('',(0.15,0.,0.));
#2412=CARTESIAN_POINT('',(0.15,0.,0.));
#2413=CARTESIAN_POINT('',(0.15,-0.0063725620508194,0.00363712728023529));
#2414=CARTESIAN_POINT('',(0.15,-0.00637665644288063,0.00363062962889671));
#2415=CARTESIAN_POINT('',(0.15,-0.00638074133545161,0.00362412717193365));
#2416=CARTESIAN_POINT('',(0.15,-0.0127451241016388,0.00727425456047058));
#2417=CARTESIAN_POINT('',(0.15,-0.0127533128857613,0.00726125925779342));
#2418=CARTESIAN_POINT('',(0.15,-0.0127614826709032,0.0072482543438673));
#2419=CARTESIAN_POINT('',(0.15,-0.0240807627112674,0.0184876074042516));
#2420=CARTESIAN_POINT('',(0.15,-0.0240653125125197,0.0184490094186518));
#2421=CARTESIAN_POINT('',(0.15,-0.0240499029280254,0.018410435104271));
#2422=CARTESIAN_POINT('',(0.15,-0.0370403813556337,0.0260406787021258));
#2423=CARTESIAN_POINT('',(0.15,-0.0370326562562598,0.0259888276259926));
#2424=CARTESIAN_POINT('',(0.15,-0.0370249514640127,0.0259369883854688));
#2425=CARTESIAN_POINT('',(0.15,-0.05,0.03359375));
#2426=CARTESIAN_POINT('',(0.15,-0.05,0.0335286458333333));
#2427=CARTESIAN_POINT('',(0.15,-0.05,0.0334635416666667));
#2428=CARTESIAN_POINT('',(0.15,0.,0.));
#2429=CARTESIAN_POINT('',(0.15,0.,0.));
#2430=CARTESIAN_POINT('',(0.15,0.,0.));
#2431=CARTESIAN_POINT('',(0.15,-0.00638481670059264,0.00361761993728578));
#2432=CARTESIAN_POINT('',(0.15,-0.0063858355418779,0.00361599312862381));
#2433=CARTESIAN_POINT('',(0.15,-0.00638685378769878,0.00361436602135654));
#2434=CARTESIAN_POINT('',(0.15,-0.0127696334011853,0.00723523987457156));
#2435=CARTESIAN_POINT('',(0.15,-0.0127716710837558,0.00723198625724762));
#2436=CARTESIAN_POINT('',(0.15,-0.0127737075753976,0.00722873204271309));
#2437=CARTESIAN_POINT('',(0.15,-0.0240345340327982,0.0183718843359834));
#2438=CARTESIAN_POINT('',(0.15,-0.0240306918089914,0.0183622466439115));
#2439=CARTESIAN_POINT('',(0.15,-0.0240268521282638,0.0183526104234704));
#2440=CARTESIAN_POINT('',(0.15,-0.0370172670163991,0.0258851609179917));
#2441=CARTESIAN_POINT('',(0.15,-0.0370153459044957,0.0258722040511224));
#2442=CARTESIAN_POINT('',(0.15,-0.0370134260641319,0.0258592479200685));
#2443=CARTESIAN_POINT('',(0.15,-0.05,0.0333984375));
#2444=CARTESIAN_POINT('',(0.15,-0.05,0.0333821614583333));
#2445=CARTESIAN_POINT('',(0.15,-0.05,0.0333658854166667));
#2446=CARTESIAN_POINT('',(0.15,0.,6.93889390390723E-19));
#2447=CARTESIAN_POINT('',(0.15,0.,0.));
#2448=CARTESIAN_POINT('',(0.15,0.,0.));
#2449=CARTESIAN_POINT('',(0.15,-0.00638787143761874,0.00361273861592053));
#2450=CARTESIAN_POINT('',(0.15,-0.0063888890875387,0.00361111121048452));
#2451=CARTESIAN_POINT('',(0.15,-0.00638990614155773,0.00360948350687977));
#2452=CARTESIAN_POINT('',(0.15,-0.0127757428752375,0.00722547723184107));
#2453=CARTESIAN_POINT('',(0.15,-0.0127777781750774,0.00722222242096904));
#2454=CARTESIAN_POINT('',(0.15,-0.0127798122831155,0.00721896701375953));
#2455=CARTESIAN_POINT('',(0.15,-0.0240230149917875,0.018342975672705));
#2456=CARTESIAN_POINT('',(0.15,-0.0240191778553112,0.0183333409219397));
#2457=CARTESIAN_POINT('',(0.15,-0.0240153432630861,0.0183237076408501));
#2458=CARTESIAN_POINT('',(0.15,-0.0370115074958937,0.0258462925238525));
#2459=CARTESIAN_POINT('',(0.15,-0.0370095889276556,0.0258333371276365));
#2460=CARTESIAN_POINT('',(0.15,-0.0370076716315431,0.0258203824662584));
#2461=CARTESIAN_POINT('',(0.15,-0.05,0.033349609375));
#2462=CARTESIAN_POINT('',(0.15,-0.05,0.0333333333333333));
#2463=CARTESIAN_POINT('',(0.15,-0.05,0.0333170572916667));
#2464=CARTESIAN_POINT('',(0.15,0.,0.));
#2465=CARTESIAN_POINT('',(0.15,0.,0.));
#2466=CARTESIAN_POINT('',(0.15,0.,6.93889390390723E-19));
#2467=CARTESIAN_POINT('',(0.15,-0.00639092259923928,0.00360785550554283));
#2468=CARTESIAN_POINT('',(0.15,-0.00639295551460237,0.00360459950286895));
#2469=CARTESIAN_POINT('',(0.15,-0.00639498604461551,0.00360134230926633));
#2470=CARTESIAN_POINT('',(0.15,-0.0127818451984786,0.00721571101108565));
#2471=CARTESIAN_POINT('',(0.15,-0.0127859110292047,0.00720919900573789));
#2472=CARTESIAN_POINT('',(0.15,-0.012789972089231,0.00720268461853265));
#2473=CARTESIAN_POINT('',(0.15,-0.0240115112162845,0.0183140758274811));
#2474=CARTESIAN_POINT('',(0.15,-0.0240038471226811,0.0182948122007432));
#2475=CARTESIAN_POINT('',(0.15,-0.0239961932107713,0.0182755544448878));
#2476=CARTESIAN_POINT('',(0.15,-0.0370057556081422,0.0258074285387406));
#2477=CARTESIAN_POINT('',(0.15,-0.0370019235613406,0.0257815206837049));
#2478=CARTESIAN_POINT('',(0.15,-0.0369980966053856,0.0257556157641106));
#2479=CARTESIAN_POINT('',(0.15,-0.05,0.03330078125));
#2480=CARTESIAN_POINT('',(0.15,-0.05,0.0332682291666667));
#2481=CARTESIAN_POINT('',(0.15,-0.05,0.0332356770833333));
#2482=CARTESIAN_POINT('',(0.15,-1.38777878078145E-18,0.));
#2483=CARTESIAN_POINT('',(0.15,0.,0.));
#2484=CARTESIAN_POINT('',(0.15,0.,0.));
#2485=CARTESIAN_POINT('',(0.15,-0.00639701418578625,0.00359808392822742));
#2486=CARTESIAN_POINT('',(0.15,-0.00640512675046921,0.00358505040407181));
#2487=CARTESIAN_POINT('',(0.15,-0.00641320109367371,0.00357199788093567));
#2488=CARTESIAN_POINT('',(0.15,-0.0127940283715725,0.00719616785645485));
#2489=CARTESIAN_POINT('',(0.15,-0.0128102535009384,0.00717010080814361));
#2490=CARTESIAN_POINT('',(0.15,-0.0128264021873474,0.00714399576187133));
#2491=CARTESIAN_POINT('',(0.15,-0.0239885494899316,0.0182563025442743));
#2492=CARTESIAN_POINT('',(0.15,-0.023957974606573,0.0181792949418203));
#2493=CARTESIAN_POINT('',(0.15,-0.0239275627803374,0.0181023810232358));
#2494=CARTESIAN_POINT('',(0.15,-0.0369942747449658,0.0257297137721372));
#2495=CARTESIAN_POINT('',(0.15,-0.0369789873032865,0.0256261058042435));
#2496=CARTESIAN_POINT('',(0.15,-0.0369637813901687,0.0255225446782846));
#2497=CARTESIAN_POINT('',(0.15,-0.05,0.033203125));
#2498=CARTESIAN_POINT('',(0.15,-0.05,0.0330729166666667));
#2499=CARTESIAN_POINT('',(0.15,-0.05,0.0329427083333333));
#2500=CARTESIAN_POINT('',(0.15,0.,6.93889390390723E-19));
#2501=CARTESIAN_POINT('',(0.15,0.,0.));
#2502=CARTESIAN_POINT('',(0.15,0.,0.));
#2503=CARTESIAN_POINT('',(0.15,-0.00642123699188233,0.00355892658233642));
#2504=CARTESIAN_POINT('',(0.15,-0.0064533805847168,0.00350664138793945));
#2505=CARTESIAN_POINT('',(0.15,-0.00648490905761719,0.00345405578613281));
#2506=CARTESIAN_POINT('',(0.15,-0.0128424739837647,0.00711785316467285));
#2507=CARTESIAN_POINT('',(0.15,-0.0129067611694336,0.0070132827758789));
#2508=CARTESIAN_POINT('',(0.15,-0.0129698181152344,0.00690811157226562));
#2509=CARTESIAN_POINT('',(0.15,-0.0238973146113343,0.0180255597875146));
#2510=CARTESIAN_POINT('',(0.15,-0.0237763219353216,0.0177182748446296));
#2511=CARTESIAN_POINT('',(0.15,-0.0236579477750274,0.017412472827556));
#2512=CARTESIAN_POINT('',(0.15,-0.0369486573056671,0.0254190298937573));
#2513=CARTESIAN_POINT('',(0.15,-0.0368881609676608,0.0250049707556481));
#2514=CARTESIAN_POINT('',(0.15,-0.0368289738875137,0.0245916530804447));
#2515=CARTESIAN_POINT('',(0.15,-0.05,0.0328125));
#2516=CARTESIAN_POINT('',(0.15,-0.05,0.0322916666666667));
#2517=CARTESIAN_POINT('',(0.15,-0.05,0.0317708333333333));
#2518=CARTESIAN_POINT('',(0.15,0.,0.));
#2519=CARTESIAN_POINT('',(0.15,0.,0.));
#2520=CARTESIAN_POINT('',(0.15,0.,0.));
#2521=CARTESIAN_POINT('',(0.15,-0.00651580810546875,0.00340118408203125));
#2522=CARTESIAN_POINT('',(0.15,-0.006639404296875,0.003189697265625));
#2523=CARTESIAN_POINT('',(0.15,-0.0067529296875,0.0029736328125));
#2524=CARTESIAN_POINT('',(0.15,-0.0130316162109375,0.0068023681640625));
#2525=CARTESIAN_POINT('',(0.15,-0.01327880859375,0.00637939453125));
#2526=CARTESIAN_POINT('',(0.15,-0.013505859375,0.005947265625));
#2527=CARTESIAN_POINT('',(0.15,-0.0235422305374486,0.0171080896718854));
#2528=CARTESIAN_POINT('',(0.15,-0.0230793615871336,0.015890557049203));
#2529=CARTESIAN_POINT('',(0.15,-0.0226590034002664,0.0146957262089686));
#2530=CARTESIAN_POINT('',(0.15,-0.0367711152687243,0.0241790448359427));
#2531=CARTESIAN_POINT('',(0.15,-0.0365396807935668,0.0225286118579348));
#2532=CARTESIAN_POINT('',(0.15,-0.0363295017001332,0.020889529771151));
#2533=CARTESIAN_POINT('',(0.15,-0.05,0.03125));
#2534=CARTESIAN_POINT('',(0.15,-0.05,0.0291666666666667));
#2535=CARTESIAN_POINT('',(0.15,-0.05,0.0270833333333333));
#2536=CARTESIAN_POINT('',(0.15,0.,0.));
#2537=CARTESIAN_POINT('',(0.15,0.,0.));
#2538=CARTESIAN_POINT('',(0.15,0.,0.));
#2539=CARTESIAN_POINT('',(0.15,0.,0.));
#2540=CARTESIAN_POINT('',(0.15,-0.00685546875,0.00275390625));
#2541=CARTESIAN_POINT('',(0.15,-0.007265625,0.001875));
#2542=CARTESIAN_POINT('',(0.15,-0.0075,0.000937499999999998));
#2543=CARTESIAN_POINT('',(0.15,-0.0075,-1.38777878078145E-18));
#2544=CARTESIAN_POINT('',(0.15,-0.0137109375,0.0055078125));
#2545=CARTESIAN_POINT('',(0.15,-0.01453125,0.00375));
#2546=CARTESIAN_POINT('',(0.15,-0.015,0.001875));
#2547=CARTESIAN_POINT('',(0.15,-0.015,-2.77555756156289E-18));
#2548=CARTESIAN_POINT('',(0.15,-0.0222836140246608,0.0135194970290471));
#2549=CARTESIAN_POINT('',(0.15,-0.0207820565222381,0.00881458030936092));
#2550=CARTESIAN_POINT('',(0.15,-0.0199999999999996,0.00440729015468069));
#2551=CARTESIAN_POINT('',(0.15,-0.02,3.67394039744206E-18));
#2552=CARTESIAN_POINT('',(0.15,-0.0361418070123304,0.0192597485145235));
#2553=CARTESIAN_POINT('',(0.15,-0.035391028261119,0.0127406234880138));
#2554=CARTESIAN_POINT('',(0.15,-0.0349999999999998,0.00637031174400701));
#2555=CARTESIAN_POINT('',(0.15,-0.035,1.83697019872103E-18));
#2556=CARTESIAN_POINT('',(0.15,-0.05,0.025));
#2557=CARTESIAN_POINT('',(0.15,-0.05,0.0166666666666667));
#2558=CARTESIAN_POINT('',(0.15,-0.05,0.00833333333333333));
#2559=CARTESIAN_POINT('',(0.15,-0.05,0.));
#2560=B_SPLINE_SURFACE_WITH_KNOTS('Surf_ICOLGFOOWM, Tail, 0, 3',5,3,((#2561, #2562, #2563, #2579, #2580, #2581, #2597, #2598, #2599, #2615, #2616, #2617, #2633, #2634, #2635, #2651, #2652, #2653, #2669, #2670, #2671, #2687, #2688, #2689, #2705, #2706, #2707, #2723, #2724, #2725, #2741, #2742, #2743, #2759, #2760, #2761, #2777, #2778, #2779, #2795, #2796, #2797, #2813, #2814, #2815, #2831, #2832, #2833, #2849, #2850, #2851, #2867, #2868, #2869, #2885, #2886, #2887, #2903, #2904, #2905, #2921, #2922, #2923, #2939, #2940, #2941, #2957, #2958, #2959, #2975, #2976, #2977, #2993, #2994, #2995, #3011, #3012, #3013, #3029, #3030, #3031, #3047, #3048, #3049, #3065, #3066, #3067, #3083, #3084, #3085, #3101, #3102, #3103, #3119, #3120, #3121, #3137, #3138, #3139, #3155, #3156, #3157, #3173, #3174, #3175, #3191, #3192, #3193, #3209, #3210, #3211, #3227, #3228, #3229, #3245, #3246, #3247, #3263, #3264, #3265, #3281, #3282, #3283, #3299, #3300, #3301, #3317, #3318, #3319, #3335, #3336, #3337, #3353, #3354, #3355, #3371, #3372, #3373, #3374),(#2564, #2565, #2566, #2582, #2583, #2584, #2600, #2601, #2602, #2618, #2619, #2620, #2636, #2637, #2638, #2654, #2655, #2656, #2672, #2673, #2674, #2690, #2691, #2692, #2708, #2709, #2710, #2726, #2727, #2728, #2744, #2745, #2746, #2762, #2763, #2764, #2780, #2781, #2782, #2798, #2799, #2800, #2816, #2817, #2818, #2834, #2835, #2836, #2852, #2853, #2854, #2870, #2871, #2872, #2888, #2889, #2890, #2906, #2907, #2908, #2924, #2925, #2926, #2942, #2943, #2944, #2960, #2961, #2962, #2978, #2979, #2980, #2996, #2997, #2998, #3014, #3015, #3016, #3032, #3033, #3034, #3050, #3051, #3052, #3068, #3069, #3070, #3086, #3087, #3088, #3104, #3105, #3106, #3122, #3123, #3124, #3140, #3141, #3142, #3158, #3159, #3160, #3176, #3177, #3178, #3194, #3195, #3196, #3212, #3213, #3214, #3230, #3231, #3232, #3248, #3249, #3250, #3266, #3267, #3268, #3284, #3285, #3286, #3302, #3303, #3304, #3320, #3321, #3322, #3338, #3339, #3340, #3356, #3357, #3358, #3375, #3376, #3377, #3378),(#2567, #2568, #2569, #2585, #2586, #2587, #2603, #2604, #2605, #2621, #2622, #2623, #2639, #2640, #2641, #2657, #2658, #2659, #2675, #2676, #2677, #2693, #2694, #2695, #2711, #2712, #2713, #2729, #2730, #2731, #2747, #2748, #2749, #2765, #2766, #2767, #2783, #2784, #2785, #2801, #2802, #2803, #2819, #2820, #2821, #2837, #2838, #2839, #2855, #2856, #2857, #2873, #2874, #2875, #2891, #2892, #2893, #2909, #2910, #2911, #2927, #2928, #2929, #2945, #2946, #2947, #2963, #2964, #2965, #2981, #2982, #2983, #2999, #3000, #3001, #3017, #3018, #3019, #3035, #3036, #3037, #3053, #3054, #3055, #3071, #3072, #3073, #3089, #3090, #3091, #3107, #3108, #3109, #3125, #3126, #3127, #3143, #3144, #3145, #3161, #3162, #3163, #3179, #3180, #3181, #3197, #3198, #3199, #3215, #3216, #3217, #3233, #3234, #3235, #3251, #3252, #3253, #3269, #3270, #3271, #3287, #3288, #3289, #3305, #3306, #3307, #3323, #3324, #3325, #3341, #3342, #3343, #3359, #3360, #3361, #3379, #3380, #3381, #3382),(#2570, #2571, #2572, #2588, #2589, #2590, #2606, #2607, #2608, #2624, #2625, #2626, #2642, #2643, #2644, #2660, #2661, #2662, #2678, #2679, #2680, #2696, #2697, #2698, #2714, #2715, #2716, #2732, #2733, #2734, #2750, #2751, #2752, #2768, #2769, #2770, #2786, #2787, #2788, #2804, #2805, #2806, #2822, #2823, #2824, #2840, #2841, #2842, #2858, #2859, #2860, #2876, #2877, #2878, #2894, #2895, #2896, #2912, #2913, #2914, #2930, #2931, #2932, #2948, #2949, #2950, #2966, #2967, #2968, #2984, #2985, #2986, #3002, #3003, #3004, #3020, #3021, #3022, #3038, #3039, #3040, #3056, #3057, #3058, #3074, #3075, #3076, #3092, #3093, #3094, #3110, #3111, #3112, #3128, #3129, #3130, #3146, #3147, #3148, #3164, #3165, #3166, #3182, #3183, #3184, #3200, #3201, #3202, #3218, #3219, #3220, #3236, #3237, #3238, #3254, #3255, #3256, #3272, #3273, #3274, #3290, #3291, #3292, #3308, #3309, #3310, #3326, #3327, #3328, #3344, #3345, #3346, #3362, #3363, #3364, #3383, #3384, #3385, #3386),(#2573, #2574, #2575, #2591, #2592, #2593, #2609, #2610, #2611, #2627, #2628, #2629, #2645, #2646, #2647, #2663, #2664, #2665, #2681, #2682, #2683, #2699, #2700, #2701, #2717, #2718, #2719, #2735, #2736, #2737, #2753, #2754, #2755, #2771, #2772, #2773, #2789, #2790, #2791, #2807, #2808, #2809, #2825, #2826, #2827, #2843, #2844, #2845, #2861, #2862, #2863, #2879, #2880, #2881, #2897, #2898, #2899, #2915, #2916, #2917, #2933, #2934, #2935, #2951, #2952, #2953, #2969, #2970, #2971, #2987, #2988, #2989, #3005, #3006, #3007, #3023, #3024, #3025, #3041, #3042, #3043, #3059, #3060, #3061, #3077, #3078, #3079, #3095, #3096, #3097, #3113, #3114, #3115, #3131, #3132, #3133, #3149, #3150, #3151, #3167, #3168, #3169, #3185, #3186, #3187, #3203, #3204, #3205, #3221, #3222, #3223, #3239, #3240, #3241, #3257, #3258, #3259, #3275, #3276, #3277, #3293, #3294, #3295, #3311, #3312, #3313, #3329, #3330, #3331, #3347, #3348, #3349, #3365, #3366, #3367, #3387, #3388, #3389, #3390),(#2576, #2577, #2578, #2594, #2595, #2596, #2612, #2613, #2614, #2630, #2631, #2632, #2648, #2649, #2650, #2666, #2667, #2668, #2684, #2685, #2686, #2702, #2703, #2704, #2720, #2721, #2722, #2738, #2739, #2740, #2756, #2757, #2758, #2774, #2775, #2776, #2792, #2793, #2794, #2810, #2811, #2812, #2828, #2829, #2830, #2846, #2847, #2848, #2864, #2865, #2866, #2882, #2883, #2884, #2900, #2901, #2902, #2918, #2919, #2920, #2936, #2937, #2938, #2954, #2955, #2956, #2972, #2973, #2974, #2990, #2991, #2992, #3008, #3009, #3010, #3026, #3027, #3028, #3044, #3045, #3046, #3062, #3063, #3064, #3080, #3081, #3082, #3098, #3099, #3100, #3116, #3117, #3118, #3134, #3135, #3136, #3152, #3153, #3154, #3170, #3171, #3172, #3188, #3189, #3190, #3206, #3207, #3208, #3224, #3225, #3226, #3242, #3243, #3244, #3260, #3261, #3262, #3278, #3279, #3280, #3296, #3297, #3298, #3314, #3315, #3316, #3332, #3333, #3334, #3350, #3351, #3352, #3368, #3369, #3370, #3391, #3392, #3393, #3394)),.UNSPECIFIED.,.F.,.F.,.F.,(6,6),(4,3,3,3,3,3,3,3,3,3,3,3,3,3,3,3,3,3,3,3,3,3,3,3,3,3,3,3,3,3,3,3,3,3,3,3,3,3,3,3,3,3,3,3,3,3,4),(0.,1.),(0.,1.,2.,3.,4.,5.,6.,7.,8.,9.,10.,11.,12.,13.,14.,15.,16.,17.,18.,19.,20.,21.,22.,23.,24.,25.,26.,27.,28.,29.,30.,31.,32.,33.,34.,35.,36.,37.,38.,39.,40.,41.,42.,43.,44.,45.,46.),.PIECEWISE_BEZIER_KNOTS.);
#2561=CARTESIAN_POINT('',(0.15,0.,0.));
#2562=CARTESIAN_POINT('',(0.15,0.,0.));
#2563=CARTESIAN_POINT('',(0.15,0.,0.));
#2564=CARTESIAN_POINT('',(0.15,0.0075,0.));
#2565=CARTESIAN_POINT('',(0.15,0.0075,0.0009375));
#2566=CARTESIAN_POINT('',(0.15,0.007265625,0.001875));
#2567=CARTESIAN_POINT('',(0.15,0.015,0.));
#2568=CARTESIAN_POINT('',(0.15,0.015,0.001875));
#2569=CARTESIAN_POINT('',(0.15,0.01453125,0.00375));
#2570=CARTESIAN_POINT('',(0.15,0.02,0.));
#2571=CARTESIAN_POINT('',(0.15,0.0200000000000004,0.00440729015468063));
#2572=CARTESIAN_POINT('',(0.15,0.0207820565222397,0.00881458030936168));
#2573=CARTESIAN_POINT('',(0.15,0.035,0.));
#2574=CARTESIAN_POINT('',(0.15,0.0350000000000002,0.00637031174400698));
#2575=CARTESIAN_POINT('',(0.15,0.0353910282611198,0.0127406234880142));
#2576=CARTESIAN_POINT('',(0.15,0.05,0.));
#2577=CARTESIAN_POINT('',(0.15,0.05,0.00833333333333333));
#2578=CARTESIAN_POINT('',(0.15,0.05,0.0166666666666667));
#2579=CARTESIAN_POINT('',(0.15,0.,3.46944695195361E-19));
#2580=CARTESIAN_POINT('',(0.15,0.,3.46944695195361E-19));
#2581=CARTESIAN_POINT('',(0.15,0.,0.));
#2582=CARTESIAN_POINT('',(0.15,0.00685546875,0.00275390625));
#2583=CARTESIAN_POINT('',(0.15,0.0067529296875,0.0029736328125));
#2584=CARTESIAN_POINT('',(0.15,0.006639404296875,0.003189697265625));
#2585=CARTESIAN_POINT('',(0.15,0.0137109375,0.0055078125));
#2586=CARTESIAN_POINT('',(0.15,0.013505859375,0.005947265625));
#2587=CARTESIAN_POINT('',(0.15,0.01327880859375,0.00637939453125));
#2588=CARTESIAN_POINT('',(0.15,0.0222836140246614,0.0135194970290473));
#2589=CARTESIAN_POINT('',(0.15,0.0226590034002668,0.0146957262089687));
#2590=CARTESIAN_POINT('',(0.15,0.0230793615871337,0.0158905570492029));
#2591=CARTESIAN_POINT('',(0.15,0.0361418070123307,0.0192597485145236));
#2592=CARTESIAN_POINT('',(0.15,0.0363295017001334,0.020889529771151));
#2593=CARTESIAN_POINT('',(0.15,0.0365396807935668,0.0225286118579348));
#2594=CARTESIAN_POINT('',(0.15,0.05,0.025));
#2595=CARTESIAN_POINT('',(0.15,0.05,0.0270833333333333));
#2596=CARTESIAN_POINT('',(0.15,0.05,0.0291666666666667));
#2597=CARTESIAN_POINT('',(0.15,0.,0.));
#2598=CARTESIAN_POINT('',(0.15,0.,0.));
#2599=CARTESIAN_POINT('',(0.15,0.,0.));
#2600=CARTESIAN_POINT('',(0.15,0.00651580810546875,0.00340118408203125));
#2601=CARTESIAN_POINT('',(0.15,0.00648490905761719,0.00345405578613281));
#2602=CARTESIAN_POINT('',(0.15,0.0064533805847168,0.00350664138793946));
#2603=CARTESIAN_POINT('',(0.15,0.0130316162109375,0.0068023681640625));
#2604=CARTESIAN_POINT('',(0.15,0.0129698181152344,0.00690811157226563));
#2605=CARTESIAN_POINT('',(0.15,0.0129067611694336,0.00701328277587891));
#2606=CARTESIAN_POINT('',(0.15,0.0235422305374485,0.0171080896718852));
#2607=CARTESIAN_POINT('',(0.15,0.0236579477750272,0.0174124728275558));
#2608=CARTESIAN_POINT('',(0.15,0.0237763219353214,0.0177182748446294));
#2609=CARTESIAN_POINT('',(0.15,0.0367711152687243,0.0241790448359426));
#2610=CARTESIAN_POINT('',(0.15,0.0368289738875136,0.0245916530804446));
#2611=CARTESIAN_POINT('',(0.15,0.0368881609676607,0.025004970755648));
#2612=CARTESIAN_POINT('',(0.15,0.05,0.03125));
#2613=CARTESIAN_POINT('',(0.15,0.05,0.0317708333333333));
#2614=CARTESIAN_POINT('',(0.15,0.05,0.0322916666666667));
#2615=CARTESIAN_POINT('',(0.15,0.,0.));
#2616=CARTESIAN_POINT('',(0.15,0.,0.));
#2617=CARTESIAN_POINT('',(0.15,1.38777878078145E-18,0.));
#2618=CARTESIAN_POINT('',(0.15,0.00642123699188232,0.00355892658233643));
#2619=CARTESIAN_POINT('',(0.15,0.00641320109367371,0.00357199788093567));
#2620=CARTESIAN_POINT('',(0.15,0.00640512675046921,0.00358505040407181));
#2621=CARTESIAN_POINT('',(0.15,0.0128424739837646,0.00711785316467286));
#2622=CARTESIAN_POINT('',(0.15,0.0128264021873474,0.00714399576187134));
#2623=CARTESIAN_POINT('',(0.15,0.0128102535009384,0.00717010080814362));
#2624=CARTESIAN_POINT('',(0.15,0.023897314611334,0.0180255597875143));
#2625=CARTESIAN_POINT('',(0.15,0.0239275627803372,0.0181023810232356));
#2626=CARTESIAN_POINT('',(0.15,0.0239579746065727,0.01817929494182));
#2627=CARTESIAN_POINT('',(0.15,0.036948657305667,0.0254190298937572));
#2628=CARTESIAN_POINT('',(0.15,0.0369637813901686,0.0255225446782845));
#2629=CARTESIAN_POINT('',(0.15,0.0369789873032864,0.0256261058042433));
#2630=CARTESIAN_POINT('',(0.15,0.05,0.0328125));
#2631=CARTESIAN_POINT('',(0.15,0.05,0.0329427083333333));
#2632=CARTESIAN_POINT('',(0.15,0.05,0.0330729166666667));
#2633=CARTESIAN_POINT('',(0.15,0.,0.));
#2634=CARTESIAN_POINT('',(0.15,1.38777878078145E-18,0.));
#2635=CARTESIAN_POINT('',(0.15,0.,0.));
#2636=CARTESIAN_POINT('',(0.15,0.00639701418578625,0.00359808392822743));
#2637=CARTESIAN_POINT('',(0.15,0.00639498604461551,0.00360134230926633));
#2638=CARTESIAN_POINT('',(0.15,0.00639295551460236,0.00360459950286895));
#2639=CARTESIAN_POINT('',(0.15,0.0127940283715725,0.00719616785645485));
#2640=CARTESIAN_POINT('',(0.15,0.012789972089231,0.00720268461853266));
#2641=CARTESIAN_POINT('',(0.15,0.0127859110292047,0.0072091990057379));
#2642=CARTESIAN_POINT('',(0.15,0.0239885494899314,0.0182563025442741));
#2643=CARTESIAN_POINT('',(0.15,0.023996193210771,0.0182755544448876));
#2644=CARTESIAN_POINT('',(0.15,0.0240038471226809,0.0182948122007429));
#2645=CARTESIAN_POINT('',(0.15,0.0369942747449657,0.025729713772137));
#2646=CARTESIAN_POINT('',(0.15,0.0369980966053855,0.0257556157641105));
#2647=CARTESIAN_POINT('',(0.15,0.0370019235613404,0.0257815206837048));
#2648=CARTESIAN_POINT('',(0.15,0.05,0.033203125));
#2649=CARTESIAN_POINT('',(0.15,0.05,0.0332356770833333));
#2650=CARTESIAN_POINT('',(0.15,0.05,0.0332682291666667));
#2651=CARTESIAN_POINT('',(0.15,0.,0.));
#2652=CARTESIAN_POINT('',(0.15,0.,0.));
#2653=CARTESIAN_POINT('',(0.15,0.,0.));
#2654=CARTESIAN_POINT('',(0.15,0.00639092259923928,0.00360785550554283));
#2655=CARTESIAN_POINT('',(0.15,0.00638990614155773,0.00360948350687977));
#2656=CARTESIAN_POINT('',(0.15,0.0063888890875387,0.00361111121048452));
#2657=CARTESIAN_POINT('',(0.15,0.0127818451984785,0.00721571101108566));
#2658=CARTESIAN_POINT('',(0.15,0.0127798122831155,0.00721896701375954));
#2659=CARTESIAN_POINT('',(0.15,0.0127777781750774,0.00722222242096905));
#2660=CARTESIAN_POINT('',(0.15,0.0240115112162842,0.0183140758274809));
#2661=CARTESIAN_POINT('',(0.15,0.0240153432630859,0.0183237076408498));
#2662=CARTESIAN_POINT('',(0.15,0.0240191778553109,0.0183333409219395));
#2663=CARTESIAN_POINT('',(0.15,0.0370057556081421,0.0258074285387404));
#2664=CARTESIAN_POINT('',(0.15,0.0370076716315429,0.0258203824662583));
#2665=CARTESIAN_POINT('',(0.15,0.0370095889276555,0.0258333371276364));
#2666=CARTESIAN_POINT('',(0.15,0.05,0.03330078125));
#2667=CARTESIAN_POINT('',(0.15,0.05,0.0333170572916667));
#2668=CARTESIAN_POINT('',(0.15,0.05,0.0333333333333333));
#2669=CARTESIAN_POINT('',(0.15,0.,0.));
#2670=CARTESIAN_POINT('',(0.15,0.,0.));
#2671=CARTESIAN_POINT('',(0.15,0.,0.));
#2672=CARTESIAN_POINT('',(0.15,0.00638787143761874,0.00361273861592054));
#2673=CARTESIAN_POINT('',(0.15,0.00638685378769879,0.00361436602135655));
#2674=CARTESIAN_POINT('',(0.15,0.0063858355418779,0.00361599312862381));
#2675=CARTESIAN_POINT('',(0.15,0.0127757428752375,0.00722547723184107));
#2676=CARTESIAN_POINT('',(0.15,0.0127737075753976,0.00722873204271309));
#2677=CARTESIAN_POINT('',(0.15,0.0127716710837558,0.00723198625724763));
#2678=CARTESIAN_POINT('',(0.15,0.0240230149917873,0.0183429756727048));
#2679=CARTESIAN_POINT('',(0.15,0.0240268521282636,0.0183526104234701));
#2680=CARTESIAN_POINT('',(0.15,0.0240306918089912,0.0183622466439112));
#2681=CARTESIAN_POINT('',(0.15,0.0370115074958936,0.0258462925238524));
#2682=CARTESIAN_POINT('',(0.15,0.0370134260641318,0.0258592479200684));
#2683=CARTESIAN_POINT('',(0.15,0.0370153459044956,0.0258722040511223));
#2684=CARTESIAN_POINT('',(0.15,0.05,0.033349609375));
#2685=CARTESIAN_POINT('',(0.15,0.05,0.0333658854166667));
#2686=CARTESIAN_POINT('',(0.15,0.05,0.0333821614583333));
#2687=CARTESIAN_POINT('',(0.15,0.,0.));
#2688=CARTESIAN_POINT('',(0.15,0.,0.));
#2689=CARTESIAN_POINT('',(0.15,0.,6.93889390390723E-19));
#2690=CARTESIAN_POINT('',(0.15,0.00638481670059264,0.00361761993728578));
#2691=CARTESIAN_POINT('',(0.15,0.00638074133545161,0.00362412717193365));
#2692=CARTESIAN_POINT('',(0.15,0.00637665644288063,0.00363062962889671));
#2693=CARTESIAN_POINT('',(0.15,0.0127696334011853,0.00723523987457156));
#2694=CARTESIAN_POINT('',(0.15,0.0127614826709032,0.0072482543438673));
#2695=CARTESIAN_POINT('',(0.15,0.0127533128857613,0.00726125925779343));
#2696=CARTESIAN_POINT('',(0.15,0.024034534032798,0.0183718843359831));
#2697=CARTESIAN_POINT('',(0.15,0.0240499029280252,0.0184104351042707));
#2698=CARTESIAN_POINT('',(0.15,0.0240653125125194,0.0184490094186516));
#2699=CARTESIAN_POINT('',(0.15,0.037017267016399,0.0258851609179916));
#2700=CARTESIAN_POINT('',(0.15,0.0370249514640126,0.0259369883854687));
#2701=CARTESIAN_POINT('',(0.15,0.0370326562562597,0.0259888276259924));
#2702=CARTESIAN_POINT('',(0.15,0.05,0.0333984375));
#2703=CARTESIAN_POINT('',(0.15,0.05,0.0334635416666667));
#2704=CARTESIAN_POINT('',(0.15,0.05,0.0335286458333333));
#2705=CARTESIAN_POINT('',(0.15,0.,0.));
#2706=CARTESIAN_POINT('',(0.15,0.,6.93889390390723E-19));
#2707=CARTESIAN_POINT('',(0.15,0.,0.));
#2708=CARTESIAN_POINT('',(0.15,0.0063725620508194,0.00363712728023529));
#2709=CARTESIAN_POINT('',(0.15,0.00635618448257447,0.0036631178855896));
#2710=CARTESIAN_POINT('',(0.15,0.00633965492248535,0.00368903160095215));
#2711=CARTESIAN_POINT('',(0.15,0.0127451241016388,0.00727425456047058));
#2712=CARTESIAN_POINT('',(0.15,0.0127123689651489,0.0073262357711792));
#2713=CARTESIAN_POINT('',(0.15,0.0126793098449707,0.0073780632019043));
#2714=CARTESIAN_POINT('',(0.15,0.0240807627112672,0.0184876074042514));
#2715=CARTESIAN_POINT('',(0.15,0.0241425635062581,0.0186419993466506));
#2716=CARTESIAN_POINT('',(0.15,0.0242050141293039,0.0187967700285537));
#2717=CARTESIAN_POINT('',(0.15,0.0370403813556336,0.0260406787021257));
#2718=CARTESIAN_POINT('',(0.15,0.037071281753129,0.0262480830066586));
#2719=CARTESIAN_POINT('',(0.15,0.037102507064652,0.0264556766809435));
#2720=CARTESIAN_POINT('',(0.15,0.05,0.03359375));
#2721=CARTESIAN_POINT('',(0.15,0.05,0.0338541666666667));
#2722=CARTESIAN_POINT('',(0.15,0.05,0.0341145833333333));
#2723=CARTESIAN_POINT('',(0.15,0.,0.));
#2724=CARTESIAN_POINT('',(0.15,0.,0.));
#2725=CARTESIAN_POINT('',(0.15,6.93889390390723E-19,0.));
#2726=CARTESIAN_POINT('',(0.15,0.00632297515869141,0.00371486663818359));
#2727=CARTESIAN_POINT('',(0.15,0.00625625610351563,0.00381820678710938));
#2728=CARTESIAN_POINT('',(0.15,0.0061871337890625,0.0039202880859375));
#2729=CARTESIAN_POINT('',(0.15,0.0126459503173828,0.00742973327636719));
#2730=CARTESIAN_POINT('',(0.15,0.0125125122070313,0.00763641357421875));
#2731=CARTESIAN_POINT('',(0.15,0.012374267578125,0.007840576171875));
#2732=CARTESIAN_POINT('',(0.15,0.0242681097795301,0.0189519274580117));
#2733=CARTESIAN_POINT('',(0.15,0.0245204923804348,0.0195725571758439));
#2734=CARTESIAN_POINT('',(0.15,0.0247831954162249,0.020199374854555));
#2735=CARTESIAN_POINT('',(0.15,0.037134054889765,0.0266634637290059));
#2736=CARTESIAN_POINT('',(0.15,0.0372602461902174,0.0274946119212553));
#2737=CARTESIAN_POINT('',(0.15,0.0373915977081125,0.0283288540939442));
#2738=CARTESIAN_POINT('',(0.15,0.05,0.034375));
#2739=CARTESIAN_POINT('',(0.15,0.05,0.0354166666666667));
#2740=CARTESIAN_POINT('',(0.15,0.05,0.0364583333333333));
#2741=CARTESIAN_POINT('',(0.15,0.,0.));
#2742=CARTESIAN_POINT('',(0.15,6.93889390390723E-19,6.93889390390723E-19));
#2743=CARTESIAN_POINT('',(0.15,0.,0.));
#2744=CARTESIAN_POINT('',(0.15,0.00611572265625,0.00402099609375));
#2745=CARTESIAN_POINT('',(0.15,0.00608001708984375,0.00407135009765625));
#2746=CARTESIAN_POINT('',(0.15,0.00604373931884766,0.00412136077880859));
#2747=CARTESIAN_POINT('',(0.15,0.0122314453125,0.0080419921875));
#2748=CARTESIAN_POINT('',(0.15,0.0121600341796875,0.0081427001953125));
#2749=CARTESIAN_POINT('',(0.15,0.0120874786376953,0.00824272155761719));
#2750=CARTESIAN_POINT('',(0.15,0.0250559116309236,0.0208328930094119));
#2751=CARTESIAN_POINT('',(0.15,0.025192269738273,0.0211496520868404));
#2752=CARTESIAN_POINT('',(0.15,0.0253311311403495,0.0214680862833054));
#2753=CARTESIAN_POINT('',(0.15,0.0375279558154618,0.029166446504706));
#2754=CARTESIAN_POINT('',(0.15,0.0375961348691365,0.0295852427100869));
#2755=CARTESIAN_POINT('',(0.15,0.0376655655701748,0.030004876474986));
#2756=CARTESIAN_POINT('',(0.15,0.05,0.0375));
#2757=CARTESIAN_POINT('',(0.15,0.05,0.0380208333333333));
#2758=CARTESIAN_POINT('',(0.15,0.05,0.0385416666666667));
#2759=CARTESIAN_POINT('',(0.15,0.,0.));
#2760=CARTESIAN_POINT('',(0.15,0.,0.));
#2761=CARTESIAN_POINT('',(0.15,6.93889390390723E-19,0.));
#2762=CARTESIAN_POINT('',(0.15,0.00600690364837647,0.00417101383209229));
#2763=CARTESIAN_POINT('',(0.15,0.00598848581314087,0.00419584035873413));
#2764=CARTESIAN_POINT('',(0.15,0.0059699285030365,0.00422057747840882));
#2765=CARTESIAN_POINT('',(0.15,0.0120138072967529,0.00834202766418457));
#2766=CARTESIAN_POINT('',(0.15,0.0119769716262817,0.00839168071746827));
#2767=CARTESIAN_POINT('',(0.15,0.011939857006073,0.00844115495681763));
#2768=CARTESIAN_POINT('',(0.15,0.0254724556054525,0.0217882542574646));
#2769=CARTESIAN_POINT('',(0.15,0.025543117838004,0.0219483382445443));
#2770=CARTESIAN_POINT('',(0.15,0.025614395836312,0.0221088556760475));
#2771=CARTESIAN_POINT('',(0.15,0.0377362278027262,0.0304253771287323));
#2772=CARTESIAN_POINT('',(0.15,0.037771558919002,0.0306356274556055));
#2773=CARTESIAN_POINT('',(0.15,0.037807197918156,0.0308460945046904));
#2774=CARTESIAN_POINT('',(0.15,0.05,0.0390625));
#2775=CARTESIAN_POINT('',(0.15,0.05,0.0393229166666667));
#2776=CARTESIAN_POINT('',(0.15,0.05,0.0395833333333333));
#2777=CARTESIAN_POINT('',(0.15,0.,0.));
#2778=CARTESIAN_POINT('',(0.15,6.93889390390723E-19,0.));
#2779=CARTESIAN_POINT('',(0.15,0.,6.93889390390723E-19));
#2780=CARTESIAN_POINT('',(0.15,0.0059512335062027,0.00424522340297699));
#2781=CARTESIAN_POINT('',(0.15,0.00594889663159848,0.00424830414354801));
#2782=CARTESIAN_POINT('',(0.15,0.0059465576056391,0.0042513834591955));
#2783=CARTESIAN_POINT('',(0.15,0.0119024670124054,0.00849044680595398));
#2784=CARTESIAN_POINT('',(0.15,0.011897793263197,0.00849660828709603));
#2785=CARTESIAN_POINT('',(0.15,0.0118931152112782,0.00850276691839099));
#2786=CARTESIAN_POINT('',(0.15,0.0256862840524222,0.0222698142763068));
#2787=CARTESIAN_POINT('',(0.15,0.0256952700794359,0.0222899341013392));
#2788=CARTESIAN_POINT('',(0.15,0.0257042656411028,0.0223100608196335));
#2789=CARTESIAN_POINT('',(0.15,0.0378431420262111,0.0310567821381534));
#2790=CARTESIAN_POINT('',(0.15,0.037847635039718,0.0310831180923363));
#2791=CARTESIAN_POINT('',(0.15,0.0378521328205514,0.0311094574931501));
#2792=CARTESIAN_POINT('',(0.15,0.05,0.03984375));
#2793=CARTESIAN_POINT('',(0.15,0.05,0.0398763020833333));
#2794=CARTESIAN_POINT('',(0.15,0.05,0.0399088541666667));
#2795=CARTESIAN_POINT('',(0.15,0.,6.93889390390723E-19));
#2796=CARTESIAN_POINT('',(0.15,6.93889390390723E-19,0.));
#2797=CARTESIAN_POINT('',(0.15,6.93889390390723E-19,6.93889390390723E-19));
#2798=CARTESIAN_POINT('',(0.15,0.00594421643181704,0.00425446134642698));
#2799=CARTESIAN_POINT('',(0.15,0.00594304584490601,0.00425600029004272));
#2800=CARTESIAN_POINT('',(0.15,0.00594187472102931,0.00425753887655447));
#2801=CARTESIAN_POINT('',(0.15,0.0118884328636341,0.00850892269285396));
#2802=CARTESIAN_POINT('',(0.15,0.011886091689812,0.00851200058008545));
#2803=CARTESIAN_POINT('',(0.15,0.0118837494420586,0.00851507775310893));
#2804=CARTESIAN_POINT('',(0.15,0.0257132707278785,0.0223301944443724));
#2805=CARTESIAN_POINT('',(0.15,0.0257177732712663,0.0223402612567419));
#2806=CARTESIAN_POINT('',(0.15,0.0257222781959313,0.0223503297957226));
#2807=CARTESIAN_POINT('',(0.15,0.0378566353639392,0.0311358003471862));
#2808=CARTESIAN_POINT('',(0.15,0.0378588866356331,0.0311489717742043));
#2809=CARTESIAN_POINT('',(0.15,0.0378611390979656,0.031162144064528));
#2810=CARTESIAN_POINT('',(0.15,0.05,0.03994140625));
#2811=CARTESIAN_POINT('',(0.15,0.05,0.0399576822916667));
#2812=CARTESIAN_POINT('',(0.15,0.05,0.0399739583333333));
#2813=CARTESIAN_POINT('',(0.15,0.,0.));
#2814=CARTESIAN_POINT('',(0.15,0.,0.));
#2815=CARTESIAN_POINT('',(0.15,6.93889390390723E-19,0.));
#2816=CARTESIAN_POINT('',(0.15,0.00594070306062349,0.00425907710552565));
#2817=CARTESIAN_POINT('',(0.15,0.00593953140021768,0.00426061533449684));
#2818=CARTESIAN_POINT('',(0.15,0.00593835920328275,0.00426215320592746));
#2819=CARTESIAN_POINT('',(0.15,0.011881406121247,0.0085181542110513));
#2820=CARTESIAN_POINT('',(0.15,0.0118790628004354,0.00852123066899367));
#2821=CARTESIAN_POINT('',(0.15,0.0118767184065655,0.00852430641185493));
#2822=CARTESIAN_POINT('',(0.15,0.0257267855004633,0.0223604000632579));
#2823=CARTESIAN_POINT('',(0.15,0.0257312928049952,0.0223704703307932));
#2824=CARTESIAN_POINT('',(0.15,0.025735794438217,0.0223758729813341));
#2825=CARTESIAN_POINT('',(0.15,0.0378633927502316,0.0311753172191289));
#2826=CARTESIAN_POINT('',(0.15,0.0378656464024976,0.0311884903737299));
#2827=CARTESIAN_POINT('',(0.15,0.0378678931935199,0.0311969950470592));
#2828=CARTESIAN_POINT('',(0.15,0.05,0.039990234375));
#2829=CARTESIAN_POINT('',(0.15,0.05,0.0400065104166667));
#2830=CARTESIAN_POINT('',(0.15,0.0499999919488228,0.0400181171127843));
#2831=CARTESIAN_POINT('',(0.15,0.,0.));
#2832=CARTESIAN_POINT('',(0.15,6.93889390390723E-19,0.));
#2833=CARTESIAN_POINT('',(0.15,0.,6.93889390390723E-19));
#2834=CARTESIAN_POINT('',(0.15,0.00593718647025526,0.00426369071938098));
#2835=CARTESIAN_POINT('',(0.15,0.00593249553814531,0.00426984077319503));
#2836=CARTESIAN_POINT('',(0.15,0.00592779602855444,0.00427598509937525));
#2837=CARTESIAN_POINT('',(0.15,0.0118743729405105,0.00852738143876195));
#2838=CARTESIAN_POINT('',(0.15,0.0118649910762906,0.00853968154639006));
#2839=CARTESIAN_POINT('',(0.15,0.0118555920571089,0.0085519701987505));
#2840=CARTESIAN_POINT('',(0.15,0.0257402662803897,0.0223826080179081));
#2841=CARTESIAN_POINT('',(0.15,0.0257581536490801,0.022409548164204));
#2842=CARTESIAN_POINT('',(0.15,0.0257756770423666,0.022436475544781));
#2843=CARTESIAN_POINT('',(0.15,0.0378701090042123,0.0312068312412478));
#2844=CARTESIAN_POINT('',(0.15,0.0378789722469817,0.031246176018002));
#2845=CARTESIAN_POINT('',(0.15,0.0378874524858549,0.0312854941862565));
#2846=CARTESIAN_POINT('',(0.15,0.0499999517280349,0.0400310544645875));
#2847=CARTESIAN_POINT('',(0.15,0.0499997908448833,0.0400828038718));
#2848=CARTESIAN_POINT('',(0.15,0.0499992279293432,0.040134512827732));
#2849=CARTESIAN_POINT('',(0.15,6.93889390390723E-19,0.));
#2850=CARTESIAN_POINT('',(0.15,6.93889390390723E-19,0.));
#2851=CARTESIAN_POINT('',(0.15,0.,6.93889390390723E-19));
#2852=CARTESIAN_POINT('',(0.15,0.00592308796942234,0.00428212366998196));
#2853=CARTESIAN_POINT('',(0.15,0.00591367185115815,0.00429440081119538));
#2854=CARTESIAN_POINT('',(0.15,0.00590422153472901,0.00430665493011475));
#2855=CARTESIAN_POINT('',(0.15,0.0118461759388447,0.00856424733996392));
#2856=CARTESIAN_POINT('',(0.15,0.0118273437023163,0.00858880162239075));
#2857=CARTESIAN_POINT('',(0.15,0.011808443069458,0.00861330986022949));
#2858=CARTESIAN_POINT('',(0.15,0.0257928381300059,0.0224633860399012));
#2859=CARTESIAN_POINT('',(0.15,0.0258271603052845,0.0225172070301414));
#2860=CARTESIAN_POINT('',(0.15,0.0258600332579744,0.022570960478554));
#2861=CARTESIAN_POINT('',(0.15,0.0378955514331629,0.0313247815677843));
#2862=CARTESIAN_POINT('',(0.15,0.0379117493277789,0.0314033563308399));
#2863=CARTESIAN_POINT('',(0.15,0.037926422056134,0.0314818079469886));
#2864=CARTESIAN_POINT('',(0.15,0.0499982647363199,0.0401861770956674));
#2865=CARTESIAN_POINT('',(0.15,0.0499963383502732,0.0402895056315384));
#2866=CARTESIAN_POINT('',(0.15,0.0499928108542936,0.0403926554154231));
#2867=CARTESIAN_POINT('',(0.15,0.,0.));
#2868=CARTESIAN_POINT('',(0.15,6.93889390390723E-19,0.));
#2869=CARTESIAN_POINT('',(0.15,6.93889390390723E-19,0.));
#2870=CARTESIAN_POINT('',(0.15,0.00589473724365235,0.00431888580322266));
#2871=CARTESIAN_POINT('',(0.15,0.00581886291503906,0.00441673278808594));
#2872=CARTESIAN_POINT('',(0.15,0.00574081420898438,0.00451309204101563));
#2873=CARTESIAN_POINT('',(0.15,0.0117894744873047,0.00863777160644532));
#2874=CARTESIAN_POINT('',(0.15,0.0116377258300781,0.00883346557617188));
#2875=CARTESIAN_POINT('',(0.15,0.0114816284179688,0.00902618408203125));
#2876=CARTESIAN_POINT('',(0.15,0.0258914703432033,0.0226246134188208));
#2877=CARTESIAN_POINT('',(0.15,0.0261429670250346,0.0230538369409548));
#2878=CARTESIAN_POINT('',(0.15,0.0263025681893652,0.0234766279417536));
#2879=CARTESIAN_POINT('',(0.15,0.037939583315413,0.0315601029862073));
#2880=CARTESIAN_POINT('',(0.15,0.0380448733896452,0.0321864632999568));
#2881=CARTESIAN_POINT('',(0.15,0.0380534294430092,0.0328028026901859));
#2882=CARTESIAN_POINT('',(0.15,0.0499876962876227,0.0404955925535938));
#2883=CARTESIAN_POINT('',(0.15,0.0499467797542559,0.0413190896589588));
#2884=CARTESIAN_POINT('',(0.15,0.0498042906966531,0.0421289774386181));
#2885=CARTESIAN_POINT('',(0.15,0.,0.));
#2886=CARTESIAN_POINT('',(0.15,0.,6.93889390390723E-19));
#2887=CARTESIAN_POINT('',(0.15,0.,6.93889390390723E-19));
#2888=CARTESIAN_POINT('',(0.15,0.00566070556640625,0.00460784912109375));
#2889=CARTESIAN_POINT('',(0.15,0.00550048828125,0.00479736328125));
#2890=CARTESIAN_POINT('',(0.15,0.00533203125,0.00498046875));
#2891=CARTESIAN_POINT('',(0.15,0.0113214111328125,0.0092156982421875));
#2892=CARTESIAN_POINT('',(0.15,0.0110009765625,0.0095947265625));
#2893=CARTESIAN_POINT('',(0.15,0.0106640625,0.0099609375));
#2894=CARTESIAN_POINT('',(0.15,0.0263771036057446,0.0238761037789229));
#2895=CARTESIAN_POINT('',(0.15,0.0265261744385034,0.0246750554532613));
#2896=CARTESIAN_POINT('',(0.15,0.026334982279457,0.0253807464730813));
#2897=CARTESIAN_POINT('',(0.15,0.0379722604061853,0.0333920030413777));
#2898=CARTESIAN_POINT('',(0.15,0.0378099223325376,0.0345704037437613));
#2899=CARTESIAN_POINT('',(0.15,0.0372886838981389,0.0356402482899958));
#2900=CARTESIAN_POINT('',(0.15,0.049567417206626,0.0429079023038325));
#2901=CARTESIAN_POINT('',(0.15,0.0490936702265719,0.0444657520342612));
#2902=CARTESIAN_POINT('',(0.15,0.0482423855168207,0.0458997501069103));
#2903=CARTESIAN_POINT('',(0.15,0.,0.));
#2904=CARTESIAN_POINT('',(0.15,6.93889390390723E-19,6.93889390390723E-19));
#2905=CARTESIAN_POINT('',(0.15,0.,0.));
#2906=CARTESIAN_POINT('',(0.15,0.00515625,0.00515625));
#2907=CARTESIAN_POINT('',(0.15,0.00515487670898438,0.00515762329101563));
#2908=CARTESIAN_POINT('',(0.15,0.00515350297093392,0.00515899613499642));
#2909=CARTESIAN_POINT('',(0.15,0.0103125,0.0103125));
#2910=CARTESIAN_POINT('',(0.15,0.0103097534179688,0.0103152465820313));
#2911=CARTESIAN_POINT('',(0.15,0.0103070059418678,0.0103179922699928));
#2912=CARTESIAN_POINT('',(0.15,0.0258578643762691,0.025857864376269));
#2913=CARTESIAN_POINT('',(0.15,0.0258541368926504,0.0258615918598877));
#2914=CARTESIAN_POINT('',(0.15,0.0258503954580359,0.0258653018919839));
#2915=CARTESIAN_POINT('',(0.15,0.0364644660940673,0.0364644660940673));
#2916=CARTESIAN_POINT('',(0.15,0.036458026892473,0.0364709052956616));
#2917=CARTESIAN_POINT('',(0.15,0.0364515726990121,0.0364773260048627));
#2918=CARTESIAN_POINT('',(0.15,0.0470710678118655,0.0470710678118655));
#2919=CARTESIAN_POINT('',(0.15,0.0470619168922955,0.0470802187314354));
#2920=CARTESIAN_POINT('',(0.15,0.0470527499399883,0.0470893501177415));
#2921=CARTESIAN_POINT('',(0.15,0.,0.));
#2922=CARTESIAN_POINT('',(0.15,0.,6.93889390390723E-19));
#2923=CARTESIAN_POINT('',(0.15,6.93889390390723E-19,0.));
#2924=CARTESIAN_POINT('',(0.15,0.00515212878628518,0.00516036853150581));
#2925=CARTESIAN_POINT('',(0.15,0.00515075460163644,0.00516174092801521));
#2926=CARTESIAN_POINT('',(0.15,0.00514937997038942,0.00516311287705321));
#2927=CARTESIAN_POINT('',(0.15,0.0103042575725704,0.0103207370630116));
#2928=CARTESIAN_POINT('',(0.15,0.0103015092032729,0.0103234818560304));
#2929=CARTESIAN_POINT('',(0.15,0.0102987599407788,0.0103262257541064));
#2930=CARTESIAN_POINT('',(0.15,0.0258466401369474,0.0258689944466476));
#2931=CARTESIAN_POINT('',(0.15,0.025842884815859,0.0258726870013113));
#2932=CARTESIAN_POINT('',(0.15,0.0258391156082967,0.0258763620785425));
#2933=CARTESIAN_POINT('',(0.15,0.0364451035790449,0.0364837281950055));
#2934=CARTESIAN_POINT('',(0.15,0.0364386344590778,0.0364901303851482));
#2935=CARTESIAN_POINT('',(0.15,0.0364321504126044,0.0364965140562326));
#2936=CARTESIAN_POINT('',(0.15,0.0470435670211424,0.0470984619433634));
#2937=CARTESIAN_POINT('',(0.15,0.0470343841022966,0.0471075737689852));
#2938=CARTESIAN_POINT('',(0.15,0.0470251852169121,0.0471166660339228));
#2939=CARTESIAN_POINT('',(0.15,0.,6.93889390390723E-19));
#2940=CARTESIAN_POINT('',(0.15,6.93889390390723E-19,0.));
#2941=CARTESIAN_POINT('',(0.15,0.,6.93889390390723E-19));
#2942=CARTESIAN_POINT('',(0.15,0.00514800489298068,0.00516448437818326));
#2943=CARTESIAN_POINT('',(0.15,0.00514525473816321,0.00516722738044337));
#2944=CARTESIAN_POINT('',(0.15,0.00514250279869885,0.00516996859107167));
#2945=CARTESIAN_POINT('',(0.15,0.0102960097859614,0.0103289687563665));
#2946=CARTESIAN_POINT('',(0.15,0.0102905094763264,0.0103344547608867));
#2947=CARTESIAN_POINT('',(0.15,0.0102850055973977,0.0103399371821433));
#2948=CARTESIAN_POINT('',(0.15,0.0258353325787825,0.0258800196524312));
#2949=CARTESIAN_POINT('',(0.15,0.0258277665197542,0.0258873348002086));
#2950=CARTESIAN_POINT('',(0.15,0.0258201451729184,0.025894579934616));
#2951=CARTESIAN_POINT('',(0.15,0.0364256515049852,0.0365028791815934));
#2952=CARTESIAN_POINT('',(0.15,0.0364126536897466,0.036515609432315));
#2953=CARTESIAN_POINT('',(0.15,0.0363995964299246,0.0365282655001423));
#2954=CARTESIAN_POINT('',(0.15,0.0470159704311878,0.0471257387107557));
#2955=CARTESIAN_POINT('',(0.15,0.0469975408597391,0.0471438840644215));
#2956=CARTESIAN_POINT('',(0.15,0.0469790476869307,0.0471619510656687));
#2957=CARTESIAN_POINT('',(0.15,6.93889390390723E-19,0.));
#2958=CARTESIAN_POINT('',(0.15,6.93889390390723E-19,6.93889390390723E-19));
#2959=CARTESIAN_POINT('',(0.15,0.,6.93889390390723E-19));
#2960=CARTESIAN_POINT('',(0.15,0.00513974907808006,0.0051727080065757));
#2961=CARTESIAN_POINT('',(0.15,0.00513424163684249,0.00517818683758378));
#2962=CARTESIAN_POINT('',(0.15,0.00512872707098723,0.00518365848809481));
#2963=CARTESIAN_POINT('',(0.15,0.0102794981561601,0.0103454160131514));
#2964=CARTESIAN_POINT('',(0.15,0.010268483273685,0.0103563736751676));
#2965=CARTESIAN_POINT('',(0.15,0.0102574541419745,0.0103673169761896));
#2966=CARTESIAN_POINT('',(0.15,0.0258124690544512,0.0259017548483731));
#2967=CARTESIAN_POINT('',(0.15,0.0257971168175168,0.0259161046758875));
#2968=CARTESIAN_POINT('',(0.15,0.0257815454940568,0.0259301736208012));
#2969=CARTESIAN_POINT('',(0.15,0.0363864802484017,0.0365408471717537));
#2970=CARTESIAN_POINT('',(0.15,0.036360247885356,0.0365660105149763));
#2971=CARTESIAN_POINT('',(0.15,0.0363337798355072,0.036590876273335));
#2972=CARTESIAN_POINT('',(0.15,0.0469604914423522,0.0471799394951342));
#2973=CARTESIAN_POINT('',(0.15,0.0469233789531952,0.047215916354065));
#2974=CARTESIAN_POINT('',(0.15,0.0468860141769576,0.0472515789258688));
#2975=CARTESIAN_POINT('',(0.15,0.,0.));
#2976=CARTESIAN_POINT('',(0.15,6.93889390390723E-19,6.93889390390723E-19));
#2977=CARTESIAN_POINT('',(0.15,6.93889390390723E-19,6.93889390390723E-19));
#2978=CARTESIAN_POINT('',(0.15,0.00512320540845394,0.00518912293016911));
#2979=CARTESIAN_POINT('',(0.15,0.00511216208338738,0.0052000518143177));
#2980=CARTESIAN_POINT('',(0.15,0.00510109037160874,0.00521095186471939));
#2981=CARTESIAN_POINT('',(0.15,0.0102464108169079,0.0103782458603382));
#2982=CARTESIAN_POINT('',(0.15,0.0102243241667748,0.0104001036286354));
#2983=CARTESIAN_POINT('',(0.15,0.0102021807432175,0.0104219037294388));
#2984=CARTESIAN_POINT('',(0.15,0.0257657592134799,0.025943960024873));
#2985=CARTESIAN_POINT('',(0.15,0.025734186652326,0.0259715328330165));
#2986=CARTESIAN_POINT('',(0.15,0.0257017542627044,0.0259979754777923));
#2987=CARTESIAN_POINT('',(0.15,0.0363070802819177,0.0366154427402566));
#2988=CARTESIAN_POINT('',(0.15,0.0362536811747386,0.0366645756740998));
#2989=CARTESIAN_POINT('',(0.15,0.0361993560525965,0.0367125114421945));
#2990=CARTESIAN_POINT('',(0.15,0.0468484013503555,0.0472869254556402));
#2991=CARTESIAN_POINT('',(0.15,0.0467731756971512,0.0473576185151831));
#2992=CARTESIAN_POINT('',(0.15,0.0466969578424886,0.0474270474065966));
#2993=CARTESIAN_POINT('',(0.15,0.,6.93889390390723E-19));
#2994=CARTESIAN_POINT('',(0.15,6.93889390390723E-19,0.));
#2995=CARTESIAN_POINT('',(0.15,6.93889390390723E-19,0.));
#2996=CARTESIAN_POINT('',(0.15,0.00508999049663544,0.00522182285785675));
#2997=CARTESIAN_POINT('',(0.15,0.00506779074668884,0.00524356484413147));
#2998=CARTESIAN_POINT('',(0.15,0.00504547834396362,0.00526519060134888));
#2999=CARTESIAN_POINT('',(0.15,0.0101799809932709,0.0104436457157135));
#3000=CARTESIAN_POINT('',(0.15,0.0101355814933777,0.0104871296882629));
#3001=CARTESIAN_POINT('',(0.15,0.0100909566879272,0.0105303812026978));
#3002=CARTESIAN_POINT('',(0.15,0.025668495079884,0.0260232746932709));
#3003=CARTESIAN_POINT('',(0.15,0.0256019767142434,0.0260738731242281));
#3004=CARTESIAN_POINT('',(0.15,0.0255321511758079,0.0261198978379962));
#3005=CARTESIAN_POINT('',(0.15,0.0361441383799899,0.0367592363919549));
#3006=CARTESIAN_POINT('',(0.15,0.0360337030347766,0.0368526862914759));
#3007=CARTESIAN_POINT('',(0.15,0.0359196974877054,0.03694129291766));
#3008=CARTESIAN_POINT('',(0.15,0.0466197816800957,0.0474951980906389));
#3009=CARTESIAN_POINT('',(0.15,0.0464654293553099,0.0476314994587237));
#3010=CARTESIAN_POINT('',(0.15,0.046307243799603,0.0477626879973238));
#3011=CARTESIAN_POINT('',(0.15,0.,6.93889390390723E-19));
#3012=CARTESIAN_POINT('',(0.15,0.,6.93889390390723E-19));
#3013=CARTESIAN_POINT('',(0.15,6.93889390390723E-19,6.93889390390723E-19));
#3014=CARTESIAN_POINT('',(0.15,0.00502305507659912,0.00528669834136963));
#3015=CARTESIAN_POINT('',(0.15,0.00497820854187012,0.00532971382141113));
#3016=CARTESIAN_POINT('',(0.15,0.00493291854858399,0.00537225723266602));
#3017=CARTESIAN_POINT('',(0.15,0.0100461101531982,0.0105733966827393));
#3018=CARTESIAN_POINT('',(0.15,0.00995641708374024,0.0106594276428223));
#3019=CARTESIAN_POINT('',(0.15,0.00986583709716797,0.010744514465332));
#3020=CARTESIAN_POINT('',(0.15,0.0254592827467302,0.0261612427071384));
#3021=CARTESIAN_POINT('',(0.15,0.0253135458885748,0.0262439324454229));
#3022=CARTESIAN_POINT('',(0.15,0.0251556374678504,0.0263079028052037));
#3023=CARTESIAN_POINT('',(0.15,0.0358023894547645,0.0370249470498216));
#3024=CARTESIAN_POINT('',(0.15,0.0355677733888828,0.0371922553141447));
#3025=CARTESIAN_POINT('',(0.15,0.0353199473795223,0.0373397536023777));
#3026=CARTESIAN_POINT('',(0.15,0.0461454961627989,0.0478886513925047));
#3027=CARTESIAN_POINT('',(0.15,0.0458220008891908,0.0481405781828665));
#3028=CARTESIAN_POINT('',(0.15,0.0454842572911942,0.0483716043995517));
#3029=CARTESIAN_POINT('',(0.15,6.93889390390723E-19,0.));
#3030=CARTESIAN_POINT('',(0.15,0.,0.));
#3031=CARTESIAN_POINT('',(0.15,0.,0.));
#3032=CARTESIAN_POINT('',(0.15,0.00488719940185547,0.00541431427001953));
#3033=CARTESIAN_POINT('',(0.15,0.00479576110839844,0.00549842834472656));
#3034=CARTESIAN_POINT('',(0.15,0.00470260620117188,0.00558059692382813));
#3035=CARTESIAN_POINT('',(0.15,0.00977439880371094,0.0108286285400391));
#3036=CARTESIAN_POINT('',(0.15,0.00959152221679688,0.0109968566894531));
#3037=CARTESIAN_POINT('',(0.15,0.00940521240234375,0.0111611938476563));
#3038=CARTESIAN_POINT('',(0.15,0.0249876717417776,0.0263523047669862));
#3039=CARTESIAN_POINT('',(0.15,0.0246517402896319,0.0264411086905512));
#3040=CARTESIAN_POINT('',(0.15,0.0242755796160924,0.026451639022123));
#3041=CARTESIAN_POINT('',(0.15,0.0350610531545896,0.0374665681490349));
#3042=CARTESIAN_POINT('',(0.15,0.0345432647047241,0.0377201972423494));
#3043=CARTESIAN_POINT('',(0.15,0.0339812033925696,0.037891091369361));
#3044=CARTESIAN_POINT('',(0.15,0.0451344345674016,0.0485808315310837));
#3045=CARTESIAN_POINT('',(0.15,0.0444347891198163,0.0489992857941477));
#3046=CARTESIAN_POINT('',(0.15,0.0436868271690469,0.049330543716599));
#3047=CARTESIAN_POINT('',(0.15,0.,0.));
#3048=CARTESIAN_POINT('',(0.15,0.,0.));
#3049=CARTESIAN_POINT('',(0.15,6.93889390390723E-19,6.93889390390723E-19));
#3050=CARTESIAN_POINT('',(0.15,0.00460784912109375,0.00566070556640625));
#3051=CARTESIAN_POINT('',(0.15,0.00451309204101563,0.00574081420898438));
#3052=CARTESIAN_POINT('',(0.15,0.00441673278808594,0.00581886291503906));
#3053=CARTESIAN_POINT('',(0.15,0.0092156982421875,0.0113214111328125));
#3054=CARTESIAN_POINT('',(0.15,0.00902618408203125,0.0114816284179688));
#3055=CARTESIAN_POINT('',(0.15,0.00883346557617188,0.0116377258300781));
#3056=CARTESIAN_POINT('',(0.15,0.0238761037789231,0.0263771036057439));
#3057=CARTESIAN_POINT('',(0.15,0.0234766279417538,0.0263025681893648));
#3058=CARTESIAN_POINT('',(0.15,0.0230538369409547,0.0261429670250349));
#3059=CARTESIAN_POINT('',(0.15,0.0333920030413778,0.037972260406185));
#3060=CARTESIAN_POINT('',(0.15,0.0328028026901859,0.038053429443009));
#3061=CARTESIAN_POINT('',(0.15,0.0321864632999567,0.0380448733896454));
#3062=CARTESIAN_POINT('',(0.15,0.0429079023038325,0.049567417206626));
#3063=CARTESIAN_POINT('',(0.15,0.0421289774386181,0.0498042906966531));
#3064=CARTESIAN_POINT('',(0.15,0.0413190896589588,0.0499467797542559));
#3065=CARTESIAN_POINT('',(0.15,0.,6.93889390390723E-19));
#3066=CARTESIAN_POINT('',(0.15,6.93889390390723E-19,6.93889390390723E-19));
#3067=CARTESIAN_POINT('',(0.15,0.,6.93889390390723E-19));
#3068=CARTESIAN_POINT('',(0.15,0.00431888580322266,0.00589473724365234));
#3069=CARTESIAN_POINT('',(0.15,0.00430665493011475,0.005904221534729));
#3070=CARTESIAN_POINT('',(0.15,0.00429440081119537,0.00591367185115814));
#3071=CARTESIAN_POINT('',(0.15,0.00863777160644531,0.0117894744873047));
#3072=CARTESIAN_POINT('',(0.15,0.00861330986022949,0.011808443069458));
#3073=CARTESIAN_POINT('',(0.15,0.00858880162239075,0.0118273437023163));
#3074=CARTESIAN_POINT('',(0.15,0.0226246134188208,0.0258914703432033));
#3075=CARTESIAN_POINT('',(0.15,0.022570960478554,0.0258600332579744));
#3076=CARTESIAN_POINT('',(0.15,0.0225172070301414,0.0258271603052845));
#3077=CARTESIAN_POINT('',(0.15,0.0315601029862073,0.037939583315413));
#3078=CARTESIAN_POINT('',(0.15,0.0314818079469886,0.037926422056134));
#3079=CARTESIAN_POINT('',(0.15,0.0314033563308399,0.0379117493277789));
#3080=CARTESIAN_POINT('',(0.15,0.0404955925535938,0.0499876962876227));
#3081=CARTESIAN_POINT('',(0.15,0.0403926554154231,0.0499928108542936));
#3082=CARTESIAN_POINT('',(0.15,0.0402895056315384,0.0499963383502732));
#3083=CARTESIAN_POINT('',(0.15,0.,6.93889390390723E-19));
#3084=CARTESIAN_POINT('',(0.15,0.,0.));
#3085=CARTESIAN_POINT('',(0.15,0.,6.93889390390723E-19));
#3086=CARTESIAN_POINT('',(0.15,0.00428212366998196,0.00592308796942234));
#3087=CARTESIAN_POINT('',(0.15,0.00427598509937525,0.00592779602855444));
#3088=CARTESIAN_POINT('',(0.15,0.00426984077319503,0.0059324955381453));
#3089=CARTESIAN_POINT('',(0.15,0.00856424733996391,0.0118461759388447));
#3090=CARTESIAN_POINT('',(0.15,0.0085519701987505,0.0118555920571089));
#3091=CARTESIAN_POINT('',(0.15,0.00853968154639006,0.0118649910762906));
#3092=CARTESIAN_POINT('',(0.15,0.0224633860399012,0.0257928381300059));
#3093=CARTESIAN_POINT('',(0.15,0.0224364755447811,0.0257756770423666));
#3094=CARTESIAN_POINT('',(0.15,0.0224095481642041,0.0257581536490801));
#3095=CARTESIAN_POINT('',(0.15,0.0313247815677843,0.0378955514331629));
#3096=CARTESIAN_POINT('',(0.15,0.0312854941862565,0.0378874524858549));
#3097=CARTESIAN_POINT('',(0.15,0.031246176018002,0.0378789722469817));
#3098=CARTESIAN_POINT('',(0.15,0.0401861770956674,0.0499982647363199));
#3099=CARTESIAN_POINT('',(0.15,0.040134512827732,0.0499992279293432));
#3100=CARTESIAN_POINT('',(0.15,0.0400828038718,0.0499997908448833));
#3101=CARTESIAN_POINT('',(0.15,0.,0.));
#3102=CARTESIAN_POINT('',(0.15,0.,6.93889390390723E-19));
#3103=CARTESIAN_POINT('',(0.15,6.93889390390723E-19,6.93889390390723E-19));
#3104=CARTESIAN_POINT('',(0.15,0.00426369071938097,0.00593718647025526));
#3105=CARTESIAN_POINT('',(0.15,0.00426215320592746,0.00593835920328274));
#3106=CARTESIAN_POINT('',(0.15,0.00426061533449683,0.00593953140021768));
#3107=CARTESIAN_POINT('',(0.15,0.00852738143876195,0.0118743729405105));
#3108=CARTESIAN_POINT('',(0.15,0.00852430641185492,0.0118767184065655));
#3109=CARTESIAN_POINT('',(0.15,0.00852123066899367,0.0118790628004354));
#3110=CARTESIAN_POINT('',(0.15,0.0223826080179081,0.0257402662803897));
#3111=CARTESIAN_POINT('',(0.15,0.0223758729813341,0.025735794438217));
#3112=CARTESIAN_POINT('',(0.15,0.0223704703307932,0.0257312928049952));
#3113=CARTESIAN_POINT('',(0.15,0.0312068312412478,0.0378701090042123));
#3114=CARTESIAN_POINT('',(0.15,0.0311969950470592,0.0378678931935199));
#3115=CARTESIAN_POINT('',(0.15,0.0311884903737299,0.0378656464024976));
#3116=CARTESIAN_POINT('',(0.15,0.0400310544645874,0.0499999517280349));
#3117=CARTESIAN_POINT('',(0.15,0.0400181171127843,0.0499999919488228));
#3118=CARTESIAN_POINT('',(0.15,0.0400065104166667,0.05));
#3119=CARTESIAN_POINT('',(0.15,6.93889390390723E-19,0.));
#3120=CARTESIAN_POINT('',(0.15,0.,0.));
#3121=CARTESIAN_POINT('',(0.15,0.,0.));
#3122=CARTESIAN_POINT('',(0.15,0.00425907710552565,0.00594070306062349));
#3123=CARTESIAN_POINT('',(0.15,0.00425753887655446,0.00594187472102931));
#3124=CARTESIAN_POINT('',(0.15,0.00425600029004272,0.00594304584490601));
#3125=CARTESIAN_POINT('',(0.15,0.0085181542110513,0.011881406121247));
#3126=CARTESIAN_POINT('',(0.15,0.00851507775310893,0.0118837494420586));
#3127=CARTESIAN_POINT('',(0.15,0.00851200058008544,0.011886091689812));
#3128=CARTESIAN_POINT('',(0.15,0.0223604000632579,0.0257267855004632));
#3129=CARTESIAN_POINT('',(0.15,0.0223503297957226,0.0257222781959312));
#3130=CARTESIAN_POINT('',(0.15,0.022340261256742,0.0257177732712663));
#3131=CARTESIAN_POINT('',(0.15,0.031175317219129,0.0378633927502316));
#3132=CARTESIAN_POINT('',(0.15,0.031162144064528,0.0378611390979656));
#3133=CARTESIAN_POINT('',(0.15,0.0311489717742043,0.0378588866356331));
#3134=CARTESIAN_POINT('',(0.15,0.039990234375,0.05));
#3135=CARTESIAN_POINT('',(0.15,0.0399739583333333,0.05));
#3136=CARTESIAN_POINT('',(0.15,0.0399576822916667,0.05));
#3137=CARTESIAN_POINT('',(0.15,0.,6.93889390390723E-19));
#3138=CARTESIAN_POINT('',(0.15,0.,6.93889390390723E-19));
#3139=CARTESIAN_POINT('',(0.15,0.,6.93889390390723E-19));
#3140=CARTESIAN_POINT('',(0.15,0.00425446134642698,0.00594421643181704));
#3141=CARTESIAN_POINT('',(0.15,0.0042513834591955,0.0059465576056391));
#3142=CARTESIAN_POINT('',(0.15,0.00424830414354801,0.00594889663159848));
#3143=CARTESIAN_POINT('',(0.15,0.00850892269285396,0.0118884328636341));
#3144=CARTESIAN_POINT('',(0.15,0.00850276691839099,0.0118931152112782));
#3145=CARTESIAN_POINT('',(0.15,0.00849660828709603,0.011897793263197));
#3146=CARTESIAN_POINT('',(0.15,0.0223301944443725,0.0257132707278785));
#3147=CARTESIAN_POINT('',(0.15,0.0223100608196335,0.0257042656411028));
#3148=CARTESIAN_POINT('',(0.15,0.0222899341013393,0.025695270079436));
#3149=CARTESIAN_POINT('',(0.15,0.0311358003471862,0.0378566353639392));
#3150=CARTESIAN_POINT('',(0.15,0.0311094574931501,0.0378521328205514));
#3151=CARTESIAN_POINT('',(0.15,0.0310831180923363,0.037847635039718));
#3152=CARTESIAN_POINT('',(0.15,0.03994140625,0.05));
#3153=CARTESIAN_POINT('',(0.15,0.0399088541666667,0.05));
#3154=CARTESIAN_POINT('',(0.15,0.0398763020833333,0.05));
#3155=CARTESIAN_POINT('',(0.15,0.,6.93889390390723E-19));
#3156=CARTESIAN_POINT('',(0.15,6.93889390390723E-19,0.));
#3157=CARTESIAN_POINT('',(0.15,0.,6.93889390390723E-19));
#3158=CARTESIAN_POINT('',(0.15,0.00424522340297699,0.0059512335062027));
#3159=CARTESIAN_POINT('',(0.15,0.00422057747840881,0.0059699285030365));
#3160=CARTESIAN_POINT('',(0.15,0.00419584035873413,0.00598848581314087));
#3161=CARTESIAN_POINT('',(0.15,0.00849044680595398,0.0119024670124054));
#3162=CARTESIAN_POINT('',(0.15,0.00844115495681763,0.011939857006073));
#3163=CARTESIAN_POINT('',(0.15,0.00839168071746826,0.0119769716262817));
#3164=CARTESIAN_POINT('',(0.15,0.0222698142763069,0.0256862840524222));
#3165=CARTESIAN_POINT('',(0.15,0.0221088556760475,0.0256143958363123));
#3166=CARTESIAN_POINT('',(0.15,0.0219483382445443,0.025543117838004));
#3167=CARTESIAN_POINT('',(0.15,0.0310567821381534,0.0378431420262111));
#3168=CARTESIAN_POINT('',(0.15,0.0308460945046904,0.0378071979181562));
#3169=CARTESIAN_POINT('',(0.15,0.0306356274556055,0.037771558919002));
#3170=CARTESIAN_POINT('',(0.15,0.03984375,0.05));
#3171=CARTESIAN_POINT('',(0.15,0.0395833333333333,0.05));
#3172=CARTESIAN_POINT('',(0.15,0.0393229166666667,0.05));
#3173=CARTESIAN_POINT('',(0.15,0.,0.));
#3174=CARTESIAN_POINT('',(0.15,6.93889390390723E-19,0.));
#3175=CARTESIAN_POINT('',(0.15,0.,0.));
#3176=CARTESIAN_POINT('',(0.15,0.00417101383209229,0.00600690364837647));
#3177=CARTESIAN_POINT('',(0.15,0.00412136077880859,0.00604373931884766));
#3178=CARTESIAN_POINT('',(0.15,0.00407135009765625,0.00608001708984375));
#3179=CARTESIAN_POINT('',(0.15,0.00834202766418457,0.0120138072967529));
#3180=CARTESIAN_POINT('',(0.15,0.00824272155761719,0.0120874786376953));
#3181=CARTESIAN_POINT('',(0.15,0.0081427001953125,0.0121600341796875));
#3182=CARTESIAN_POINT('',(0.15,0.0217882542574647,0.0254724556054524));
#3183=CARTESIAN_POINT('',(0.15,0.0214680862833054,0.0253311311403492));
#3184=CARTESIAN_POINT('',(0.15,0.0211496520868405,0.0251922697382729));
#3185=CARTESIAN_POINT('',(0.15,0.0304253771287324,0.0377362278027262));
#3186=CARTESIAN_POINT('',(0.15,0.0300048764749861,0.0376655655701746));
#3187=CARTESIAN_POINT('',(0.15,0.0295852427100869,0.0375961348691364));
#3188=CARTESIAN_POINT('',(0.15,0.0390625,0.05));
#3189=CARTESIAN_POINT('',(0.15,0.0385416666666667,0.05));
#3190=CARTESIAN_POINT('',(0.15,0.0380208333333333,0.05));
#3191=CARTESIAN_POINT('',(0.15,0.,6.93889390390723E-19));
#3192=CARTESIAN_POINT('',(0.15,0.,0.));
#3193=CARTESIAN_POINT('',(0.15,0.,0.));
#3194=CARTESIAN_POINT('',(0.15,0.00402099609375,0.00611572265625));
#3195=CARTESIAN_POINT('',(0.15,0.0036181640625,0.0064013671875));
#3196=CARTESIAN_POINT('',(0.15,0.003193359375,0.006650390625));
#3197=CARTESIAN_POINT('',(0.15,0.0080419921875,0.0122314453125));
#3198=CARTESIAN_POINT('',(0.15,0.007236328125,0.012802734375));
#3199=CARTESIAN_POINT('',(0.15,0.00638671875,0.01330078125));
#3200=CARTESIAN_POINT('',(0.15,0.020832893009412,0.0250559116309237));
#3201=CARTESIAN_POINT('',(0.15,0.0182988203899838,0.0239650467721299));
#3202=CARTESIAN_POINT('',(0.15,0.0158719553888896,0.0230343927758726));
#3203=CARTESIAN_POINT('',(0.15,0.029166446504706,0.0375279558154618));
#3204=CARTESIAN_POINT('',(0.15,0.0258160768616586,0.036982523386065));
#3205=CARTESIAN_POINT('',(0.15,0.0225193110277782,0.0365171963879363));
#3206=CARTESIAN_POINT('',(0.15,0.0375,0.05));
#3207=CARTESIAN_POINT('',(0.15,0.0333333333333333,0.05));
#3208=CARTESIAN_POINT('',(0.15,0.0291666666666667,0.05));
#3209=CARTESIAN_POINT('',(0.15,3.46944695195361E-19,0.));
#3210=CARTESIAN_POINT('',(0.15,0.,0.));
#3211=CARTESIAN_POINT('',(0.15,0.,0.));
#3212=CARTESIAN_POINT('',(0.15,0.00275390625,0.00685546875));
#3213=CARTESIAN_POINT('',(0.15,0.0025341796875,0.0069580078125));
#3214=CARTESIAN_POINT('',(0.15,0.002310791015625,0.007049560546875));
#3215=CARTESIAN_POINT('',(0.15,0.0055078125,0.0137109375));
#3216=CARTESIAN_POINT('',(0.15,0.005068359375,0.013916015625));
#3217=CARTESIAN_POINT('',(0.15,0.00462158203125,0.01409912109375));
#3218=CARTESIAN_POINT('',(0.15,0.0135194970290468,0.0222836140246613));
#3219=CARTESIAN_POINT('',(0.15,0.0123432678491254,0.0219082246490556));
#3220=CARTESIAN_POINT('',(0.15,0.0111856403295168,0.0215778040847114));
#3221=CARTESIAN_POINT('',(0.15,0.0192597485145234,0.0361418070123306));
#3222=CARTESIAN_POINT('',(0.15,0.017629967257896,0.0359541123245278));
#3223=CARTESIAN_POINT('',(0.15,0.0160094868314251,0.0357889020423557));
#3224=CARTESIAN_POINT('',(0.15,0.025,0.05));
#3225=CARTESIAN_POINT('',(0.15,0.0229166666666667,0.05));
#3226=CARTESIAN_POINT('',(0.15,0.0208333333333333,0.05));
#3227=CARTESIAN_POINT('',(0.15,0.,0.));
#3228=CARTESIAN_POINT('',(0.15,3.46944695195361E-19,0.));
#3229=CARTESIAN_POINT('',(0.15,0.,0.));
#3230=CARTESIAN_POINT('',(0.15,0.00208465576171875,0.00712921142578125));
#3231=CARTESIAN_POINT('',(0.15,0.00202812194824219,0.00714912414550781));
#3232=CARTESIAN_POINT('',(0.15,0.00197141647338867,0.00716829299926758));
#3233=CARTESIAN_POINT('',(0.15,0.0041693115234375,0.0142584228515625));
#3234=CARTESIAN_POINT('',(0.15,0.00405624389648437,0.0142982482910156));
#3235=CARTESIAN_POINT('',(0.15,0.00394283294677734,0.0143365859985352));
#3236=CARTESIAN_POINT('',(0.15,0.0100419640551428,0.0212933297619734));
#3237=CARTESIAN_POINT('',(0.15,0.00975604498654933,0.0212222111812888));
#3238=CARTESIAN_POINT('',(0.15,0.009470997870783,0.0211539642407047));
#3239=CARTESIAN_POINT('',(0.15,0.0143959820275714,0.0356466648809867));
#3240=CARTESIAN_POINT('',(0.15,0.013992605826608,0.0356111055906444));
#3241=CARTESIAN_POINT('',(0.15,0.0135896656020582,0.0355769821203523));
#3242=CARTESIAN_POINT('',(0.15,0.01875,0.05));
#3243=CARTESIAN_POINT('',(0.15,0.0182291666666667,0.05));
#3244=CARTESIAN_POINT('',(0.15,0.0177083333333333,0.05));
#3245=CARTESIAN_POINT('',(0.15,0.,0.));
#3246=CARTESIAN_POINT('',(0.15,0.,1.38777878078145E-18));
#3247=CARTESIAN_POINT('',(0.15,0.,0.));
#3248=CARTESIAN_POINT('',(0.15,0.00191455364227295,0.0071867036819458));
#3249=CARTESIAN_POINT('',(0.15,0.00190033793449402,0.00719130635261536));
#3250=CARTESIAN_POINT('',(0.15,0.0018861123919487,0.00719586163759232));
#3251=CARTESIAN_POINT('',(0.15,0.0038291072845459,0.0143734073638916));
#3252=CARTESIAN_POINT('',(0.15,0.00380067586898803,0.0143826127052307));
#3253=CARTESIAN_POINT('',(0.15,0.0037722247838974,0.0143917232751846));
#3254=CARTESIAN_POINT('',(0.15,0.00918675004510824,0.0210886042125701));
#3255=CARTESIAN_POINT('',(0.15,0.00911568808868955,0.0210722642055364));
#3256=CARTESIAN_POINT('',(0.15,0.00904467608790158,0.0210561046305309));
#3257=CARTESIAN_POINT('',(0.15,0.0131871250225541,0.035544302106285));
#3258=CARTESIAN_POINT('',(0.15,0.0130864898776781,0.0355361321027682));
#3259=CARTESIAN_POINT('',(0.15,0.0129858797106175,0.0355280523152654));
#3260=CARTESIAN_POINT('',(0.15,0.0171875,0.05));
#3261=CARTESIAN_POINT('',(0.15,0.0170572916666667,0.05));
#3262=CARTESIAN_POINT('',(0.15,0.0169270833333333,0.05));
#3263=CARTESIAN_POINT('',(0.15,0.,0.));
#3264=CARTESIAN_POINT('',(0.15,0.,0.));
#3265=CARTESIAN_POINT('',(0.15,0.,1.38777878078145E-18));
#3266=CARTESIAN_POINT('',(0.15,0.00187187723815441,0.00720036931335926));
#3267=CARTESIAN_POINT('',(0.15,0.00186831844970584,0.007201496232301));
#3268=CARTESIAN_POINT('',(0.15,0.00186475906055421,0.00720262017566711));
#3269=CARTESIAN_POINT('',(0.15,0.00374375447630882,0.0144007386267185));
#3270=CARTESIAN_POINT('',(0.15,0.00373663689941168,0.014402992464602));
#3271=CARTESIAN_POINT('',(0.15,0.00372951812110841,0.0144052403513342));
#3272=CARTESIAN_POINT('',(0.15,0.00897371290738909,0.0210401257261838));
#3273=CARTESIAN_POINT('',(0.15,0.00895597211226097,0.0210361310000971));
#3274=CARTESIAN_POINT('',(0.15,0.00893823436840006,0.0210321475659265));
#3275=CARTESIAN_POINT('',(0.15,0.0128852939536945,0.0355200628630919));
#3276=CARTESIAN_POINT('',(0.15,0.0128601475144638,0.0355180655000485));
#3277=CARTESIAN_POINT('',(0.15,0.0128350026008667,0.0355160737829633));
#3278=CARTESIAN_POINT('',(0.15,0.016796875,0.05));
#3279=CARTESIAN_POINT('',(0.15,0.0167643229166667,0.05));
#3280=CARTESIAN_POINT('',(0.15,0.0167317708333333,0.05));
#3281=CARTESIAN_POINT('',(0.15,0.,0.));
#3282=CARTESIAN_POINT('',(0.15,3.46944695195361E-19,0.));
#3283=CARTESIAN_POINT('',(0.15,0.,0.));
#3284=CARTESIAN_POINT('',(0.15,0.00186119907419197,0.00720374113996513));
#3285=CARTESIAN_POINT('',(0.15,0.00185941908101085,0.00720430162211415));
#3286=CARTESIAN_POINT('',(0.15,0.00185763893852709,0.00720486135949614));
#3287=CARTESIAN_POINT('',(0.15,0.00372239814838394,0.0144074822799303));
#3288=CARTESIAN_POINT('',(0.15,0.00371883816202171,0.0144086032442283));
#3289=CARTESIAN_POINT('',(0.15,0.00371527787705417,0.0144097227189923));
#3290=CARTESIAN_POINT('',(0.15,0.00892049965806646,0.0210281754274007));
#3291=CARTESIAN_POINT('',(0.15,0.00891163230289965,0.0210261893581378));
#3292=CARTESIAN_POINT('',(0.15,0.00890276570611467,0.021024206112786));
#3293=CARTESIAN_POINT('',(0.15,0.0128098592040332,0.0355140877137003));
#3294=CARTESIAN_POINT('',(0.15,0.0127972875056165,0.0355130946790689));
#3295=CARTESIAN_POINT('',(0.15,0.0127847161863907,0.035512103056393));
#3296=CARTESIAN_POINT('',(0.15,0.01669921875,0.05));
#3297=CARTESIAN_POINT('',(0.15,0.0166829427083333,0.05));
#3298=CARTESIAN_POINT('',(0.15,0.0166666666666667,0.05));
#3299=CARTESIAN_POINT('',(0.15,0.,0.));
#3300=CARTESIAN_POINT('',(0.15,0.,0.));
#3301=CARTESIAN_POINT('',(0.15,0.,0.));
#3302=CARTESIAN_POINT('',(0.15,0.00185585864717723,0.00720542035167455));
#3303=CARTESIAN_POINT('',(0.15,0.00185407835582737,0.00720597934385296));
#3304=CARTESIAN_POINT('',(0.15,0.00185229791561141,0.00720653759082779));
#3305=CARTESIAN_POINT('',(0.15,0.00371171729435445,0.0144108407033491));
#3306=CARTESIAN_POINT('',(0.15,0.00370815671165473,0.0144119586877059));
#3307=CARTESIAN_POINT('',(0.15,0.00370459583122283,0.0144130751816556));
#3308=CARTESIAN_POINT('',(0.15,0.00889389986549402,0.0210222256918116));
#3309=CARTESIAN_POINT('',(0.15,0.00888503402487336,0.0210202452708371));
#3310=CARTESIAN_POINT('',(0.15,0.00887616894041704,0.0210182676742399));
#3311=CARTESIAN_POINT('',(0.15,0.012772145245247,0.0355111128459058));
#3312=CARTESIAN_POINT('',(0.15,0.0127595743041033,0.0355101226354185));
#3313=CARTESIAN_POINT('',(0.15,0.0127470037410419,0.03550913383712));
#3314=CARTESIAN_POINT('',(0.15,0.016650390625,0.05));
#3315=CARTESIAN_POINT('',(0.15,0.0166341145833333,0.05));
#3316=CARTESIAN_POINT('',(0.15,0.0166178385416667,0.05));
#3317=CARTESIAN_POINT('',(0.15,0.,0.));
#3318=CARTESIAN_POINT('',(0.15,0.,0.));
#3319=CARTESIAN_POINT('',(0.15,0.,0.));
#3320=CARTESIAN_POINT('',(0.15,0.00185051732696593,0.00720709509216249));
#3321=CARTESIAN_POINT('',(0.15,0.00184339497238397,0.00720932509750128));
#3322=CARTESIAN_POINT('',(0.15,0.00183627024292946,0.00721154317259789));
#3323=CARTESIAN_POINT('',(0.15,0.00370103465393185,0.014414190184325));
#3324=CARTESIAN_POINT('',(0.15,0.00368678994476795,0.0144186501950026));
#3325=CARTESIAN_POINT('',(0.15,0.00367254048585891,0.0144230863451958));
#3326=CARTESIAN_POINT('',(0.15,0.00886730460990756,0.0210162929024861));
#3327=CARTESIAN_POINT('',(0.15,0.00883184728786965,0.0210083938154706));
#3328=CARTESIAN_POINT('',(0.15,0.0087964020289812,0.0210005399259487));
#3329=CARTESIAN_POINT('',(0.15,0.0127344335549538,0.035508146451243));
#3330=CARTESIAN_POINT('',(0.15,0.0126841528106015,0.0355041969077353));
#3331=CARTESIAN_POINT('',(0.15,0.0126338780978239,0.0355002699629743));
#3332=CARTESIAN_POINT('',(0.15,0.0166015625,0.05));
#3333=CARTESIAN_POINT('',(0.15,0.0165364583333333,0.05));
#3334=CARTESIAN_POINT('',(0.15,0.0164713541666667,0.05));
#3335=CARTESIAN_POINT('',(0.15,0.,0.));
#3336=CARTESIAN_POINT('',(0.15,0.,0.));
#3337=CARTESIAN_POINT('',(0.15,0.,0.));
#3338=CARTESIAN_POINT('',(0.15,0.00182914316654205,0.00721374928951264));
#3339=CARTESIAN_POINT('',(0.15,0.00180063486099243,0.00722257375717163));
#3340=CARTESIAN_POINT('',(0.15,0.0017720890045166,0.0072312068939209));
#3341=CARTESIAN_POINT('',(0.15,0.0036582863330841,0.0144274985790253));
#3342=CARTESIAN_POINT('',(0.15,0.00360126972198486,0.0144451475143433));
#3343=CARTESIAN_POINT('',(0.15,0.0035441780090332,0.0144624137878418));
#3344=CARTESIAN_POINT('',(0.15,0.00876096869132281,0.0209927312637489));
#3345=CARTESIAN_POINT('',(0.15,0.00861923534068927,0.02096149661495));
#3346=CARTESIAN_POINT('',(0.15,0.00847769272973666,0.0209309856033071));
#3347=CARTESIAN_POINT('',(0.15,0.0125836093456614,0.0354963656318745));
#3348=CARTESIAN_POINT('',(0.15,0.0123825343370113,0.035480748307475));
#3349=CARTESIAN_POINT('',(0.15,0.0121815546982017,0.0354654928016536));
#3350=CARTESIAN_POINT('',(0.15,0.01640625,0.05));
#3351=CARTESIAN_POINT('',(0.15,0.0161458333333333,0.05));
#3352=CARTESIAN_POINT('',(0.15,0.0158854166666667,0.05));
#3353=CARTESIAN_POINT('',(0.15,0.,1.38777878078145E-18));
#3354=CARTESIAN_POINT('',(0.15,3.46944695195361E-19,0.));
#3355=CARTESIAN_POINT('',(0.15,0.,0.));
#3356=CARTESIAN_POINT('',(0.15,0.0017435073852539,0.0072396469116211));
#3357=CARTESIAN_POINT('',(0.15,0.00162918090820312,0.00727340698242188));
#3358=CARTESIAN_POINT('',(0.15,0.0015142822265625,0.0073040771484375));
#3359=CARTESIAN_POINT('',(0.15,0.00348701477050781,0.0144792938232422));
#3360=CARTESIAN_POINT('',(0.15,0.00325836181640625,0.0145468139648438));
#3361=CARTESIAN_POINT('',(0.15,0.003028564453125,0.014608154296875));
#3362=CARTESIAN_POINT('',(0.15,0.00833633177562305,0.0209012001378639));
#3363=CARTESIAN_POINT('',(0.15,0.0077708879591686,0.020782058276091));
#3364=CARTESIAN_POINT('',(0.15,0.00720835065213803,0.0206745251535127));
#3365=CARTESIAN_POINT('',(0.15,0.0119806658878115,0.0354506000689319));
#3366=CARTESIAN_POINT('',(0.15,0.011177110646251,0.0353910291380455));
#3367=CARTESIAN_POINT('',(0.15,0.0103750086594023,0.0353372625767563));
#3368=CARTESIAN_POINT('',(0.15,0.015625,0.05));
#3369=CARTESIAN_POINT('',(0.15,0.0145833333333333,0.05));
#3370=CARTESIAN_POINT('',(0.15,0.0135416666666667,0.05));
#3371=CARTESIAN_POINT('',(0.15,1.73472347597681E-19,0.));
#3372=CARTESIAN_POINT('',(0.15,0.,0.));
#3373=CARTESIAN_POINT('',(0.15,0.,0.));
#3374=CARTESIAN_POINT('',(0.15,-1.54074395550979E-34,0.));
#3375=CARTESIAN_POINT('',(0.15,0.00139892578125,0.00733154296875));
#3376=CARTESIAN_POINT('',(0.15,0.000937499999999999,0.00744140625));
#3377=CARTESIAN_POINT('',(0.15,0.000468749999999999,0.0075));
#3378=CARTESIAN_POINT('',(0.15,-1.04083408558608E-18,0.0075));
#3379=CARTESIAN_POINT('',(0.15,0.0027978515625,0.0146630859375));
#3380=CARTESIAN_POINT('',(0.15,0.001875,0.0148828125));
#3381=CARTESIAN_POINT('',(0.15,0.000937499999999998,0.015));
#3382=CARTESIAN_POINT('',(0.15,-2.08166817117217E-18,0.015));
#3383=CARTESIAN_POINT('',(0.15,0.00664813855264655,0.020578722948922));
#3384=CARTESIAN_POINT('',(0.15,0.00440729015468065,0.0201955141305595));
#3385=CARTESIAN_POINT('',(0.15,0.00220364507734037,0.0199999999999999));
#3386=CARTESIAN_POINT('',(0.15,5.51091059616309E-18,0.02));
#3387=CARTESIAN_POINT('',(0.15,0.00957406927632328,0.035289361474461));
#3388=CARTESIAN_POINT('',(0.15,0.00637031174400699,0.0350977570652798));
#3389=CARTESIAN_POINT('',(0.15,0.00318515587200352,0.0349999999999999));
#3390=CARTESIAN_POINT('',(0.15,2.75545529808155E-18,0.035));
#3391=CARTESIAN_POINT('',(0.15,0.0125,0.05));
#3392=CARTESIAN_POINT('',(0.15,0.00833333333333333,0.05));
#3393=CARTESIAN_POINT('',(0.15,0.00416666666666667,0.05));
#3394=CARTESIAN_POINT('',(0.15,0.,0.05));
#3395=B_SPLINE_SURFACE_WITH_KNOTS('Surf_ICOLGFOOWM, Tail, 0, 4',5,3,((#3396, #3397, #3398, #3414, #3415, #3416, #3432, #3433, #3434, #3450, #3451, #3452, #3468, #3469, #3470, #3486, #3487, #3488, #3504, #3505, #3506, #3522, #3523, #3524, #3540, #3541, #3542, #3558, #3559, #3560, #3576, #3577, #3578, #3594, #3595, #3596, #3612, #3613, #3614, #3630, #3631, #3632, #3648, #3649, #3650, #3666, #3667, #3668, #3684, #3685, #3686, #3702, #3703, #3704, #3720, #3721, #3722, #3738, #3739, #3740, #3756, #3757, #3758, #3774, #3775, #3776, #3792, #3793, #3794, #3810, #3811, #3812, #3828, #3829, #3830, #3846, #3847, #3848, #3864, #3865, #3866, #3882, #3883, #3884, #3900, #3901, #3902, #3918, #3919, #3920, #3936, #3937, #3938, #3954, #3955, #3956, #3972, #3973, #3974, #3990, #3991, #3992, #4008, #4009, #4010, #4026, #4027, #4028, #4044, #4045, #4046, #4062, #4063, #4064, #4080, #4081, #4082, #4098, #4099, #4100, #4116, #4117, #4118, #4134, #4135, #4136, #4152, #4153, #4154, #4170, #4171, #4172, #4188, #4189, #4190, #4206, #4207, #4208, #4209),(#3399, #3400, #3401, #3417, #3418, #3419, #3435, #3436, #3437, #3453, #3454, #3455, #3471, #3472, #3473, #3489, #3490, #3491, #3507, #3508, #3509, #3525, #3526, #3527, #3543, #3544, #3545, #3561, #3562, #3563, #3579, #3580, #3581, #3597, #3598, #3599, #3615, #3616, #3617, #3633, #3634, #3635, #3651, #3652, #3653, #3669, #3670, #3671, #3687, #3688, #3689, #3705, #3706, #3707, #3723, #3724, #3725, #3741, #3742, #3743, #3759, #3760, #3761, #3777, #3778, #3779, #3795, #3796, #3797, #3813, #3814, #3815, #3831, #3832, #3833, #3849, #3850, #3851, #3867, #3868, #3869, #3885, #3886, #3887, #3903, #3904, #3905, #3921, #3922, #3923, #3939, #3940, #3941, #3957, #3958, #3959, #3975, #3976, #3977, #3993, #3994, #3995, #4011, #4012, #4013, #4029, #4030, #4031, #4047, #4048, #4049, #4065, #4066, #4067, #4083, #4084, #4085, #4101, #4102, #4103, #4119, #4120, #4121, #4137, #4138, #4139, #4155, #4156, #4157, #4173, #4174, #4175, #4191, #4192, #4193, #4210, #4211, #4212, #4213),(#3402, #3403, #3404, #3420, #3421, #3422, #3438, #3439, #3440, #3456, #3457, #3458, #3474, #3475, #3476, #3492, #3493, #3494, #3510, #3511, #3512, #3528, #3529, #3530, #3546, #3547, #3548, #3564, #3565, #3566, #3582, #3583, #3584, #3600, #3601, #3602, #3618, #3619, #3620, #3636, #3637, #3638, #3654, #3655, #3656, #3672, #3673, #3674, #3690, #3691, #3692, #3708, #3709, #3710, #3726, #3727, #3728, #3744, #3745, #3746, #3762, #3763, #3764, #3780, #3781, #3782, #3798, #3799, #3800, #3816, #3817, #3818, #3834, #3835, #3836, #3852, #3853, #3854, #3870, #3871, #3872, #3888, #3889, #3890, #3906, #3907, #3908, #3924, #3925, #3926, #3942, #3943, #3944, #3960, #3961, #3962, #3978, #3979, #3980, #3996, #3997, #3998, #4014, #4015, #4016, #4032, #4033, #4034, #4050, #4051, #4052, #4068, #4069, #4070, #4086, #4087, #4088, #4104, #4105, #4106, #4122, #4123, #4124, #4140, #4141, #4142, #4158, #4159, #4160, #4176, #4177, #4178, #4194, #4195, #4196, #4214, #4215, #4216, #4217),(#3405, #3406, #3407, #3423, #3424, #3425, #3441, #3442, #3443, #3459, #3460, #3461, #3477, #3478, #3479, #3495, #3496, #3497, #3513, #3514, #3515, #3531, #3532, #3533, #3549, #3550, #3551, #3567, #3568, #3569, #3585, #3586, #3587, #3603, #3604, #3605, #3621, #3622, #3623, #3639, #3640, #3641, #3657, #3658, #3659, #3675, #3676, #3677, #3693, #3694, #3695, #3711, #3712, #3713, #3729, #3730, #3731, #3747, #3748, #3749, #3765, #3766, #3767, #3783, #3784, #3785, #3801, #3802, #3803, #3819, #3820, #3821, #3837, #3838, #3839, #3855, #3856, #3857, #3873, #3874, #3875, #3891, #3892, #3893, #3909, #3910, #3911, #3927, #3928, #3929, #3945, #3946, #3947, #3963, #3964, #3965, #3981, #3982, #3983, #3999, #4000, #4001, #4017, #4018, #4019, #4035, #4036, #4037, #4053, #4054, #4055, #4071, #4072, #4073, #4089, #4090, #4091, #4107, #4108, #4109, #4125, #4126, #4127, #4143, #4144, #4145, #4161, #4162, #4163, #4179, #4180, #4181, #4197, #4198, #4199, #4218, #4219, #4220, #4221),(#3408, #3409, #3410, #3426, #3427, #3428, #3444, #3445, #3446, #3462, #3463, #3464, #3480, #3481, #3482, #3498, #3499, #3500, #3516, #3517, #3518, #3534, #3535, #3536, #3552, #3553, #3554, #3570, #3571, #3572, #3588, #3589, #3590, #3606, #3607, #3608, #3624, #3625, #3626, #3642, #3643, #3644, #3660, #3661, #3662, #3678, #3679, #3680, #3696, #3697, #3698, #3714, #3715, #3716, #3732, #3733, #3734, #3750, #3751, #3752, #3768, #3769, #3770, #3786, #3787, #3788, #3804, #3805, #3806, #3822, #3823, #3824, #3840, #3841, #3842, #3858, #3859, #3860, #3876, #3877, #3878, #3894, #3895, #3896, #3912, #3913, #3914, #3930, #3931, #3932, #3948, #3949, #3950, #3966, #3967, #3968, #3984, #3985, #3986, #4002, #4003, #4004, #4020, #4021, #4022, #4038, #4039, #4040, #4056, #4057, #4058, #4074, #4075, #4076, #4092, #4093, #4094, #4110, #4111, #4112, #4128, #4129, #4130, #4146, #4147, #4148, #4164, #4165, #4166, #4182, #4183, #4184, #4200, #4201, #4202, #4222, #4223, #4224, #4225),(#3411, #3412, #3413, #3429, #3430, #3431, #3447, #3448, #3449, #3465, #3466, #3467, #3483, #3484, #3485, #3501, #3502, #3503, #3519, #3520, #3521, #3537, #3538, #3539, #3555, #3556, #3557, #3573, #3574, #3575, #3591, #3592, #3593, #3609, #3610, #3611, #3627, #3628, #3629, #3645, #3646, #3647, #3663, #3664, #3665, #3681, #3682, #3683, #3699, #3700, #3701, #3717, #3718, #3719, #3735, #3736, #3737, #3753, #3754, #3755, #3771, #3772, #3773, #3789, #3790, #3791, #3807, #3808, #3809, #3825, #3826, #3827, #3843, #3844, #3845, #3861, #3862, #3863, #3879, #3880, #3881, #3897, #3898, #3899, #3915, #3916, #3917, #3933, #3934, #3935, #3951, #3952, #3953, #3969, #3970, #3971, #3987, #3988, #3989, #4005, #4006, #4007, #4023, #4024, #4025, #4041, #4042, #4043, #4059, #4060, #4061, #4077, #4078, #4079, #4095, #4096, #4097, #4113, #4114, #4115, #4131, #4132, #4133, #4149, #4150, #4151, #4167, #4168, #4169, #4185, #4186, #4187, #4203, #4204, #4205, #4226, #4227, #4228, #4229)),.UNSPECIFIED.,.F.,.F.,.F.,(6,6),(4,3,3,3,3,3,3,3,3,3,3,3,3,3,3,3,3,3,3,3,3,3,3,3,3,3,3,3,3,3,3,3,3,3,3,3,3,3,3,3,3,3,3,3,3,3,4),(0.,1.),(0.,1.,2.,3.,4.,5.,6.,7.,8.,9.,10.,11.,12.,13.,14.,15.,16.,17.,18.,19.,20.,21.,22.,23.,24.,25.,26.,27.,28.,29.,30.,31.,32.,33.,34.,35.,36.,37.,38.,39.,40.,41.,42.,43.,44.,45.,46.),.PIECEWISE_BEZIER_KNOTS.);
#3396=CARTESIAN_POINT('',(0.15,0.,-0.05));
#3397=CARTESIAN_POINT('',(0.15,0.00416666666666667,-0.05));
#3398=CARTESIAN_POINT('',(0.15,0.00833333333333334,-0.05));
#3399=CARTESIAN_POINT('',(0.165,0.,-0.05));
#3400=CARTESIAN_POINT('',(0.165,0.00416666666666667,-0.05));
#3401=CARTESIAN_POINT('',(0.165,0.00833333333333334,-0.05));
#3402=CARTESIAN_POINT('',(0.18,0.,-0.05));
#3403=CARTESIAN_POINT('',(0.18,0.00416666666666667,-0.05));
#3404=CARTESIAN_POINT('',(0.18,0.00833333333333334,-0.05));
#3405=CARTESIAN_POINT('',(0.237009618943233,4.59242549680257E-19,-0.0175));
#3406=CARTESIAN_POINT('',(0.237009618943009,0.00174303724609397,-0.0174999999988772));
#3407=CARTESIAN_POINT('',(0.236685698469906,0.00348607449351824,-0.0175962886574139));
#3408=CARTESIAN_POINT('',(0.243504809471617,2.29621274840129E-19,-0.01375));
#3409=CARTESIAN_POINT('',(0.243504809471505,0.00149651862304698,-0.0137499999994386));
#3410=CARTESIAN_POINT('',(0.243342849234953,0.00299303724675912,-0.013798144328707));
#3411=CARTESIAN_POINT('',(0.25,0.,-0.01));
#3412=CARTESIAN_POINT('',(0.25,0.00125,-0.01));
#3413=CARTESIAN_POINT('',(0.25,0.0025,-0.01));
#3414=CARTESIAN_POINT('',(0.15,0.0125,-0.05));
#3415=CARTESIAN_POINT('',(0.15,0.0135416666666667,-0.05));
#3416=CARTESIAN_POINT('',(0.15,0.0145833333333333,-0.05));
#3417=CARTESIAN_POINT('',(0.165,0.0125,-0.05));
#3418=CARTESIAN_POINT('',(0.165,0.0135416666666667,-0.05));
#3419=CARTESIAN_POINT('',(0.165,0.0145833333333333,-0.05));
#3420=CARTESIAN_POINT('',(0.18,0.0125,-0.05));
#3421=CARTESIAN_POINT('',(0.18,0.0135416666666667,-0.05));
#3422=CARTESIAN_POINT('',(0.18,0.0145833333333333,-0.05));
#3423=CARTESIAN_POINT('',(0.236113400932637,0.00528623467356173,-0.0177231732435699));
#3424=CARTESIAN_POINT('',(0.23597032654832,0.0057362747185726,-0.0177548943901089));
#3425=CARTESIAN_POINT('',(0.235811728597492,0.00618988494687217,-0.0177885277821241));
#3426=CARTESIAN_POINT('',(0.243056700466318,0.00451811733678087,-0.013861586621785));
#3427=CARTESIAN_POINT('',(0.24298516327416,0.0048993873592863,-0.0138774471950545));
#3428=CARTESIAN_POINT('',(0.242905864298746,0.00528244247343609,-0.0138942638910621));
#3429=CARTESIAN_POINT('',(0.25,0.00375,-0.01));
#3430=CARTESIAN_POINT('',(0.25,0.0040625,-0.01));
#3431=CARTESIAN_POINT('',(0.25,0.004375,-0.01));
#3432=CARTESIAN_POINT('',(0.15,0.015625,-0.05));
#3433=CARTESIAN_POINT('',(0.15,0.0158854166666667,-0.05));
#3434=CARTESIAN_POINT('',(0.15,0.0161458333333333,-0.05));
#3435=CARTESIAN_POINT('',(0.165,0.015625,-0.05));
#3436=CARTESIAN_POINT('',(0.165,0.0158854166666667,-0.05));
#3437=CARTESIAN_POINT('',(0.165,0.0161458333333333,-0.05));
#3438=CARTESIAN_POINT('',(0.18,0.015625,-0.05));
#3439=CARTESIAN_POINT('',(0.18,0.0158854166666667,-0.05));
#3440=CARTESIAN_POINT('',(0.18,0.0161458333333333,-0.05));
#3441=CARTESIAN_POINT('',(0.235638673224615,0.00664694843876065,-0.0178225566602914));
#3442=CARTESIAN_POINT('',(0.235595409381396,0.00676121431173277,-0.0178310638798332));
#3443=CARTESIAN_POINT('',(0.235551241949298,0.0068756960136792,-0.0178395958172596));
#3444=CARTESIAN_POINT('',(0.242819336612308,0.00566722421938032,-0.0139112783301457));
#3445=CARTESIAN_POINT('',(0.242797704690698,0.00576341965586638,-0.0139155319399166));
#3446=CARTESIAN_POINT('',(0.242775620974649,0.0058597230068396,-0.0139197979086298));
#3447=CARTESIAN_POINT('',(0.25,0.0046875,-0.01));
#3448=CARTESIAN_POINT('',(0.25,0.004765625,-0.01));
#3449=CARTESIAN_POINT('',(0.25,0.00484375,-0.01));
#3450=CARTESIAN_POINT('',(0.15,0.01640625,-0.05));
#3451=CARTESIAN_POINT('',(0.15,0.0164713541666667,-0.05));
#3452=CARTESIAN_POINT('',(0.15,0.0165364583333333,-0.05));
#3453=CARTESIAN_POINT('',(0.165,0.01640625,-0.05));
#3454=CARTESIAN_POINT('',(0.165,0.0164713541666667,-0.05));
#3455=CARTESIAN_POINT('',(0.165,0.0165364583333333,-0.05));
#3456=CARTESIAN_POINT('',(0.18,0.01640625,-0.05));
#3457=CARTESIAN_POINT('',(0.18,0.0164713541666667,-0.05));
#3458=CARTESIAN_POINT('',(0.18,0.0165364583333333,-0.05));
#3459=CARTESIAN_POINT('',(0.235506189524053,0.00699040577049509,-0.0178481368882919));
#3460=CARTESIAN_POINT('',(0.235494926417742,0.00701908320969907,-0.01785027215605));
#3461=CARTESIAN_POINT('',(0.235483607999359,0.00704777490233239,-0.0178524079946584));
#3462=CARTESIAN_POINT('',(0.242753094762027,0.00595614038524755,-0.0139240684441459));
#3463=CARTESIAN_POINT('',(0.242747463208871,0.00598024472984954,-0.013925136078025));
#3464=CARTESIAN_POINT('',(0.242741803999679,0.0060043562011662,-0.0139262039973292));
#3465=CARTESIAN_POINT('',(0.25,0.004921875,-0.01));
#3466=CARTESIAN_POINT('',(0.25,0.00494140625,-0.01));
#3467=CARTESIAN_POINT('',(0.25,0.00496093750000001,-0.01));
#3468=CARTESIAN_POINT('',(0.15,0.0166015625,-0.05));
#3469=CARTESIAN_POINT('',(0.15,0.0166178385416667,-0.05));
#3470=CARTESIAN_POINT('',(0.15,0.0166341145833333,-0.05));
#3471=CARTESIAN_POINT('',(0.165,0.0166015625,-0.05));
#3472=CARTESIAN_POINT('',(0.165,0.0166178385416667,-0.05));
#3473=CARTESIAN_POINT('',(0.165,0.0166341145833333,-0.05));
#3474=CARTESIAN_POINT('',(0.18,0.0166015625,-0.05));
#3475=CARTESIAN_POINT('',(0.18,0.0166178385416667,-0.05));
#3476=CARTESIAN_POINT('',(0.18,0.0166341145833333,-0.05));
#3477=CARTESIAN_POINT('',(0.235472234507035,0.00707648062515668,-0.0178545439394103));
#3478=CARTESIAN_POINT('',(0.235469391133954,0.00708365705586275,-0.0178550779255982));
#3479=CARTESIAN_POINT('',(0.235466544318751,0.00709083436345576,-0.0178556119184201));
#3480=CARTESIAN_POINT('',(0.242736117253517,0.00602847468757834,-0.0139272719697051));
#3481=CARTESIAN_POINT('',(0.242734695566977,0.00603450430918138,-0.0139275389627991));
#3482=CARTESIAN_POINT('',(0.242733272159376,0.00604053436922788,-0.0139278059592101));
#3483=CARTESIAN_POINT('',(0.25,0.00498046875,-0.01));
#3484=CARTESIAN_POINT('',(0.25,0.0049853515625,-0.01));
#3485=CARTESIAN_POINT('',(0.25,0.004990234375,-0.01));
#3486=CARTESIAN_POINT('',(0.15,0.016650390625,-0.05));
#3487=CARTESIAN_POINT('',(0.15,0.0166666666666667,-0.05));
#3488=CARTESIAN_POINT('',(0.15,0.0166829427083333,-0.05));
#3489=CARTESIAN_POINT('',(0.165,0.016650390625,-0.05));
#3490=CARTESIAN_POINT('',(0.165,0.0166666666666667,-0.05));
#3491=CARTESIAN_POINT('',(0.165,0.0166829427083333,-0.05));
#3492=CARTESIAN_POINT('',(0.18,0.016650390625,-0.05));
#3493=CARTESIAN_POINT('',(0.18,0.0166666666666667,-0.05));
#3494=CARTESIAN_POINT('',(0.18,0.0166829427083333,-0.05));
#3495=CARTESIAN_POINT('',(0.235463694066637,0.00709801255360413,-0.0178561459170744));
#3496=CARTESIAN_POINT('',(0.235460843814523,0.00710519074375249,-0.0178566799157287));
#3497=CARTESIAN_POINT('',(0.235457990125498,0.0071113694105902,-0.0178572139201057));
#3498=CARTESIAN_POINT('',(0.242731847033319,0.00604656487055206,-0.0139280729585372));
#3499=CARTESIAN_POINT('',(0.242730421907262,0.00605259537187624,-0.0139283399578643));
#3500=CARTESIAN_POINT('',(0.242728995062749,0.0060576259086121,-0.013928606959998));
#3501=CARTESIAN_POINT('',(0.25,0.0049951171875,-0.01));
#3502=CARTESIAN_POINT('',(0.25,0.005,-0.01));
#3503=CARTESIAN_POINT('',(0.25,0.005003882406634,-0.00999999999989032));
#3504=CARTESIAN_POINT('',(0.15,0.01669921875,-0.05));
#3505=CARTESIAN_POINT('',(0.15,0.0167317708333333,-0.05));
#3506=CARTESIAN_POINT('',(0.15,0.0167643229166667,-0.05));
#3507=CARTESIAN_POINT('',(0.165,0.01669921875,-0.05));
#3508=CARTESIAN_POINT('',(0.165,0.0167317708333333,-0.05));
#3509=CARTESIAN_POINT('',(0.165,0.0167643229166667,-0.05));
#3510=CARTESIAN_POINT('',(0.18,0.01669921875,-0.05));
#3511=CARTESIAN_POINT('',(0.18,0.0167317708333333,-0.05));
#3512=CARTESIAN_POINT('',(0.18,0.0167643229166667,-0.05));
#3513=CARTESIAN_POINT('',(0.235455133002575,0.0071175486637821,-0.017857744901819));
#3514=CARTESIAN_POINT('',(0.235449418756729,0.00712990717016591,-0.0178588068652456));
#3515=CARTESIAN_POINT('',(0.235443690775295,0.00714226831846639,-0.0178598597561123));
#3516=CARTESIAN_POINT('',(0.242727566501287,0.0060626565894807,-0.0139288709420815));
#3517=CARTESIAN_POINT('',(0.242724709378365,0.0060727179512179,-0.0139293989062486));
#3518=CARTESIAN_POINT('',(0.242721845387647,0.00608278018598599,-0.0139299178083099));
#3519=CARTESIAN_POINT('',(0.25,0.00500776451517929,-0.00999999698234409));
#3520=CARTESIAN_POINT('',(0.25,0.00501552873226988,-0.00999999094725164));
#3521=CARTESIAN_POINT('',(0.25,0.00502329205350558,-0.00999997586050763));
#3522=CARTESIAN_POINT('',(0.15,0.016796875,-0.05));
#3523=CARTESIAN_POINT('',(0.15,0.0169270833333333,-0.05));
#3524=CARTESIAN_POINT('',(0.15,0.0170572916666667,-0.05));
#3525=CARTESIAN_POINT('',(0.165,0.016796875,-0.05));
#3526=CARTESIAN_POINT('',(0.165,0.0169270833333333,-0.05));
#3527=CARTESIAN_POINT('',(0.165,0.0170572916666667,-0.05));
#3528=CARTESIAN_POINT('',(0.18,0.016796875,-0.05));
#3529=CARTESIAN_POINT('',(0.18,0.0169270833333333,-0.05));
#3530=CARTESIAN_POINT('',(0.18,0.0170572916666667,-0.05));
#3531=CARTESIAN_POINT('',(0.235437949105025,0.00715463206346649,-0.0178609036040184));
#3532=CARTESIAN_POINT('',(0.235414982423946,0.00720408704346688,-0.0178650789956428));
#3533=CARTESIAN_POINT('',(0.235391796721503,0.00725358357066111,-0.0178691096998985));
#3534=CARTESIAN_POINT('',(0.242718974552513,0.00609284326402698,-0.0139304276660266));
#3535=CARTESIAN_POINT('',(0.242707491211973,0.00613309557619093,-0.0139324670968934));
#3536=CARTESIAN_POINT('',(0.242695898360752,0.00617336138072131,-0.0139343618182458));
#3537=CARTESIAN_POINT('',(0.25,0.00503105446458746,-0.00999995172803489));
#3538=CARTESIAN_POINT('',(0.25,0.00506210410891498,-0.00999985519814393));
#3539=CARTESIAN_POINT('',(0.25,0.0050931391907815,-0.00999961393659312));
#3540=CARTESIAN_POINT('',(0.15,0.0171875,-0.05));
#3541=CARTESIAN_POINT('',(0.15,0.0177083333333333,-0.05));
#3542=CARTESIAN_POINT('',(0.15,0.0182291666666667,-0.05));
#3543=CARTESIAN_POINT('',(0.165,0.0171875,-0.05));
#3544=CARTESIAN_POINT('',(0.165,0.0177083333333333,-0.05));
#3545=CARTESIAN_POINT('',(0.165,0.0182291666666667,-0.05));
#3546=CARTESIAN_POINT('',(0.18,0.0171875,-0.05));
#3547=CARTESIAN_POINT('',(0.18,0.0177083333333333,-0.05));
#3548=CARTESIAN_POINT('',(0.18,0.0182291666666667,-0.05));
#3549=CARTESIAN_POINT('',(0.23536839364617,0.00730312235249827,-0.0178729908855268));
#3550=CARTESIAN_POINT('',(0.235274781344838,0.00750127747984691,-0.0178885156280402));
#3551=CARTESIAN_POINT('',(0.235177691077265,0.00770010868148224,-0.0179016480725155));
#3552=CARTESIAN_POINT('',(0.242684196823085,0.00621364057377733,-0.0139361096039844));
#3553=CARTESIAN_POINT('',(0.242637390672419,0.0063747573460014,-0.0139431007469388));
#3554=CARTESIAN_POINT('',(0.242588845538632,0.00653608833463563,-0.0139477409200716));
#3555=CARTESIAN_POINT('',(0.25,0.00512415879505638,-0.00999922832244199));
#3556=CARTESIAN_POINT('',(0.25,0.00524823721215589,-0.00999768586583744));
#3557=CARTESIAN_POINT('',(0.25,0.00537206798778902,-0.00999383376762773));
#3558=CARTESIAN_POINT('',(0.15,0.01875,-0.05));
#3559=CARTESIAN_POINT('',(0.15,0.0208333333333333,-0.05));
#3560=CARTESIAN_POINT('',(0.15,0.0229166666666667,-0.05));
#3561=CARTESIAN_POINT('',(0.165,0.01875,-0.05));
#3562=CARTESIAN_POINT('',(0.165,0.0208333333333333,-0.05));
#3563=CARTESIAN_POINT('',(0.165,0.0229166666666667,-0.05));
#3564=CARTESIAN_POINT('',(0.18,0.01875,-0.05));
#3565=CARTESIAN_POINT('',(0.18,0.0208333333333333,-0.05));
#3566=CARTESIAN_POINT('',(0.18,0.0229166666666667,-0.05));
#3567=CARTESIAN_POINT('',(0.235077281307455,0.00789950822851095,-0.0179123442393665));
#3568=CARTESIAN_POINT('',(0.234675642228214,0.00869710641662578,-0.0179551289067703));
#3569=CARTESIAN_POINT('',(0.23422089111318,0.00950379813103456,-0.0179589331321842));
#3570=CARTESIAN_POINT('',(0.242538640653727,0.00669755039105236,-0.0139500202634946));
#3571=CARTESIAN_POINT('',(0.242337821114107,0.00734339861671927,-0.0139591376371865));
#3572=CARTESIAN_POINT('',(0.24211044555659,0.00799134392690614,-0.0139304817355209));
#3573=CARTESIAN_POINT('',(0.25,0.00549559255359377,-0.0099876962876227));
#3574=CARTESIAN_POINT('',(0.25,0.00598969081681277,-0.0099631463676026));
#3575=CARTESIAN_POINT('',(0.25,0.00647888972277771,-0.00990203033885756));
#3576=CARTESIAN_POINT('',(0.15,0.025,-0.05));
#3577=CARTESIAN_POINT('',(0.15,0.0291666666666667,-0.05));
#3578=CARTESIAN_POINT('',(0.15,0.0333333333333333,-0.05));
#3579=CARTESIAN_POINT('',(0.165,0.025,-0.05));
#3580=CARTESIAN_POINT('',(0.165,0.0291666666666667,-0.05));
#3581=CARTESIAN_POINT('',(0.165,0.0333333333333333,-0.05));
#3582=CARTESIAN_POINT('',(0.18,0.025,-0.05));
#3583=CARTESIAN_POINT('',(0.18,0.0291666666666667,-0.05));
#3584=CARTESIAN_POINT('',(0.18,0.0333333333333333,-0.05));
#3585=CARTESIAN_POINT('',(0.233721156763905,0.0103166077592351,-0.0179108186008158));
#3586=CARTESIAN_POINT('',(0.232721688065356,0.0119422270156362,-0.0178145895380791));
#3587=CARTESIAN_POINT('',(0.231542286429844,0.0135923179272044,-0.0175106854482133));
#3588=CARTESIAN_POINT('',(0.241860578381952,0.00863802432777803,-0.0138583597150174));
#3589=CARTESIAN_POINT('',(0.241360844032678,0.00993138512952181,-0.0137141156740103));
#3590=CARTESIAN_POINT('',(0.240771143214922,0.0112196862940057,-0.0133960071576516));
#3591=CARTESIAN_POINT('',(0.25,0.00695944089632095,-0.0098059008292189));
#3592=CARTESIAN_POINT('',(0.25,0.00792054324340741,-0.00961364180994159));
#3593=CARTESIAN_POINT('',(0.25,0.00884705466080698,-0.0092813288670898));
#3594=CARTESIAN_POINT('',(0.15,0.0375,-0.05));
#3595=CARTESIAN_POINT('',(0.15,0.0380208333333333,-0.05));
#3596=CARTESIAN_POINT('',(0.15,0.0385416666666667,-0.05));
#3597=CARTESIAN_POINT('',(0.165,0.0375,-0.05));
#3598=CARTESIAN_POINT('',(0.165,0.0380208333333333,-0.05));
#3599=CARTESIAN_POINT('',(0.165,0.0385416666666667,-0.05));
#3600=CARTESIAN_POINT('',(0.18,0.0375,-0.05));
#3601=CARTESIAN_POINT('',(0.18,0.0380208333333333,-0.05));
#3602=CARTESIAN_POINT('',(0.18,0.0385416666666667,-0.05));
#3603=CARTESIAN_POINT('',(0.230262595579429,0.0151695283291284,-0.0169670840740072));
#3604=CARTESIAN_POINT('',(0.230102634223128,0.0153666796293689,-0.0168991339022315));
#3605=CARTESIAN_POINT('',(0.229941105847843,0.0155626921716463,-0.0168274384603879));
#3606=CARTESIAN_POINT('',(0.240131297789715,0.0124392582381533,-0.0128942335486606));
#3607=CARTESIAN_POINT('',(0.240051317111564,0.0125917047311718,-0.0128315118475368));
#3608=CARTESIAN_POINT('',(0.239970552923921,0.0127430773301225,-0.0127659203793406));
#3609=CARTESIAN_POINT('',(0.25,0.00970898814717821,-0.00882138302331405));
#3610=CARTESIAN_POINT('',(0.25,0.00981672983297462,-0.00876388979284208));
#3611=CARTESIAN_POINT('',(0.25,0.00992346248859871,-0.00870440229829318));
#3612=CARTESIAN_POINT('',(0.15,0.0390625,-0.05));
#3613=CARTESIAN_POINT('',(0.15,0.0393229166666667,-0.05));
#3614=CARTESIAN_POINT('',(0.15,0.0395833333333333,-0.05));
#3615=CARTESIAN_POINT('',(0.165,0.0390625,-0.05));
#3616=CARTESIAN_POINT('',(0.165,0.0393229166666667,-0.05));
#3617=CARTESIAN_POINT('',(0.165,0.0395833333333333,-0.05));
#3618=CARTESIAN_POINT('',(0.18,0.0390625,-0.05));
#3619=CARTESIAN_POINT('',(0.18,0.0393229166666667,-0.05));
#3620=CARTESIAN_POINT('',(0.18,0.0395833333333333,-0.05));
#3621=CARTESIAN_POINT('',(0.22977816600772,0.0157573758150135,-0.0167519352050054));
#3622=CARTESIAN_POINT('',(0.229696696087659,0.0158547176366971,-0.0167141835773142));
#3623=CARTESIAN_POINT('',(0.229614873301388,0.0159517272336532,-0.0166754799962382));
#3624=CARTESIAN_POINT('',(0.23988908300386,0.012893251680351,-0.0126974400022413));
#3625=CARTESIAN_POINT('',(0.239848348043829,0.0129683388554652,-0.0126631998136917));
#3626=CARTESIAN_POINT('',(0.239807436650694,0.0130431264683989,-0.0126282373979163));
#3627=CARTESIAN_POINT('',(0.25,0.0100291275456885,-0.0086429447994772));
#3628=CARTESIAN_POINT('',(0.25,0.0100819600742334,-0.00861221605006922));
#3629=CARTESIAN_POINT('',(0.25,0.0101345257031447,-0.00858099479959446));
#3630=CARTESIAN_POINT('',(0.15,0.03984375,-0.05));
#3631=CARTESIAN_POINT('',(0.15,0.0398763020833333,-0.05));
#3632=CARTESIAN_POINT('',(0.15,0.0399088541666667,-0.05));
#3633=CARTESIAN_POINT('',(0.165,0.03984375,-0.05));
#3634=CARTESIAN_POINT('',(0.165,0.0398763020833333,-0.05));
#3635=CARTESIAN_POINT('',(0.165,0.0399088541666667,-0.05));
#3636=CARTESIAN_POINT('',(0.18,0.03984375,-0.05));
#3637=CARTESIAN_POINT('',(0.18,0.0398763020833333,-0.05));
#3638=CARTESIAN_POINT('',(0.18,0.0399088541666667,-0.05));
#3639=CARTESIAN_POINT('',(0.229532717093175,0.0160483808382634,-0.0166358166438436));
#3640=CARTESIAN_POINT('',(0.229522447567149,0.0160604625388397,-0.0166308587247942));
#3641=CARTESIAN_POINT('',(0.229512172831404,0.0160725386770355,-0.0166258858093181));
#3642=CARTESIAN_POINT('',(0.239766358546588,0.0131175989748203,-0.0125925503621864));
#3643=CARTESIAN_POINT('',(0.239761223783574,0.013126908038123,-0.0125880894827201));
#3644=CARTESIAN_POINT('',(0.239756086415702,0.0131362121778864,-0.0125836172810671));
#3645=CARTESIAN_POINT('',(0.25,0.0101868171113772,-0.00854928408052917));
#3646=CARTESIAN_POINT('',(0.25,0.0101933535374062,-0.00854532024064601));
#3647=CARTESIAN_POINT('',(0.25,0.0101998856787372,-0.00854134875281612));
#3648=CARTESIAN_POINT('',(0.15,0.03994140625,-0.05));
#3649=CARTESIAN_POINT('',(0.15,0.0399576822916667,-0.05));
#3650=CARTESIAN_POINT('',(0.15,0.0399739583333334,-0.05));
#3651=CARTESIAN_POINT('',(0.165,0.03994140625,-0.05));
#3652=CARTESIAN_POINT('',(0.165,0.0399576822916667,-0.05));
#3653=CARTESIAN_POINT('',(0.165,0.0399739583333334,-0.05));
#3654=CARTESIAN_POINT('',(0.18,0.03994140625,-0.05));
#3655=CARTESIAN_POINT('',(0.18,0.0399576822916667,-0.05));
#3656=CARTESIAN_POINT('',(0.18,0.0399739583333334,-0.05));
#3657=CARTESIAN_POINT('',(0.229501892923919,0.0160846092064299,-0.0166208978821456));
#3658=CARTESIAN_POINT('',(0.229496752970176,0.0160906444711271,-0.0166184039185594));
#3659=CARTESIAN_POINT('',(0.229491611723499,0.0160966783336238,-0.0166159062020491));
#3660=CARTESIAN_POINT('',(0.239750946461959,0.0131455113637505,-0.012579133752554));
#3661=CARTESIAN_POINT('',(0.239748376485088,0.0131501609566826,-0.0125768919882974));
#3662=CARTESIAN_POINT('',(0.239745805861749,0.0131548093111398,-0.0125746473923258));
#3663=CARTESIAN_POINT('',(0.25,0.0102064135210711,-0.0085373696229623));
#3664=CARTESIAN_POINT('',(0.25,0.0102096774422381,-0.0085353800580354));
#3665=CARTESIAN_POINT('',(0.25,0.0102129402886558,-0.00853338858260251));
#3666=CARTESIAN_POINT('',(0.15,0.039990234375,-0.05));
#3667=CARTESIAN_POINT('',(0.15,0.0400065104166667,-0.05));
#3668=CARTESIAN_POINT('',(0.15,0.0400181171127843,-0.0499999919488228));
#3669=CARTESIAN_POINT('',(0.165,0.039990234375,-0.05));
#3670=CARTESIAN_POINT('',(0.165,0.0400065104166667,-0.05));
#3671=CARTESIAN_POINT('',(0.165,0.0400181171127843,-0.0499999919488228));
#3672=CARTESIAN_POINT('',(0.18,0.039990234375,-0.05));
#3673=CARTESIAN_POINT('',(0.18,0.0400065104166667,-0.05));
#3674=CARTESIAN_POINT('',(0.18,0.0400181171127843,-0.0499999919488228));
#3675=CARTESIAN_POINT('',(0.229486469188633,0.0161027107881176,-0.0166134047307061));
#3676=CARTESIAN_POINT('',(0.229481326653767,0.0161087432426114,-0.0166109032593631));
#3677=CARTESIAN_POINT('',(0.229476182830713,0.0161147742891021,-0.0166083980331873));
#3678=CARTESIAN_POINT('',(0.239743234594316,0.0131594564233272,-0.012572399964055));
#3679=CARTESIAN_POINT('',(0.239740663326884,0.0131641035355147,-0.0125701525357843));
#3680=CARTESIAN_POINT('',(0.239738091415357,0.0131687494054323,-0.0125679022752143));
#3681=CARTESIAN_POINT('',(0.25,0.0102162020585369,-0.008531395197404));
#3682=CARTESIAN_POINT('',(0.25,0.010219463828418,-0.00852940181220548));
#3683=CARTESIAN_POINT('',(0.25,0.0102227245217624,-0.00852740651724134));
#3684=CARTESIAN_POINT('',(0.15,0.0400310544645875,-0.0499999517280349));
#3685=CARTESIAN_POINT('',(0.15,0.0400828038718,-0.0499997908448833));
#3686=CARTESIAN_POINT('',(0.15,0.040134512827732,-0.0499992279293432));
#3687=CARTESIAN_POINT('',(0.165,0.0400310544645875,-0.0499999517280349));
#3688=CARTESIAN_POINT('',(0.165,0.0400828038718,-0.0499997908448833));
#3689=CARTESIAN_POINT('',(0.165,0.040134512827732,-0.0499992279293432));
#3690=CARTESIAN_POINT('',(0.18,0.0400310544645875,-0.0499999517280349));
#3691=CARTESIAN_POINT('',(0.18,0.0400828038718,-0.0499997908448833));
#3692=CARTESIAN_POINT('',(0.18,0.040134512827732,-0.0499992279293432));
#3693=CARTESIAN_POINT('',(0.229471037724218,0.0161208039217872,-0.0166058890502701));
#3694=CARTESIAN_POINT('',(0.229450457298239,0.0161449224525274,-0.0165958531186014));
#3695=CARTESIAN_POINT('',(0.229429856337206,0.0161690183623771,-0.0165857570790701));
#3696=CARTESIAN_POINT('',(0.239735518862109,0.013173394029285,-0.012565649181761));
#3697=CARTESIAN_POINT('',(0.23972522864912,0.0131919725246961,-0.0125566368079478));
#3698=CARTESIAN_POINT('',(0.239714928168603,0.01321053108307,-0.0125475791080011));
#3699=CARTESIAN_POINT('',(0.25,0.0102259841367829,-0.00852540931325191));
#3700=CARTESIAN_POINT('',(0.25,0.0102390225968648,-0.00851742049729421));
#3701=CARTESIAN_POINT('',(0.25,0.010252043803763,-0.00850940113693205));
#3702=CARTESIAN_POINT('',(0.15,0.0401861770956674,-0.0499982647363199));
#3703=CARTESIAN_POINT('',(0.15,0.0402895056315384,-0.0499963383502732));
#3704=CARTESIAN_POINT('',(0.15,0.0403926554154232,-0.0499928108542936));
#3705=CARTESIAN_POINT('',(0.165,0.0401861770956674,-0.0499982647363199));
#3706=CARTESIAN_POINT('',(0.165,0.0402895056315384,-0.0499963383502732));
#3707=CARTESIAN_POINT('',(0.165,0.0403926554154232,-0.0499928108542936));
#3708=CARTESIAN_POINT('',(0.18,0.0401861770956674,-0.0499982647363199));
#3709=CARTESIAN_POINT('',(0.18,0.0402895056315384,-0.0499963383502732));
#3710=CARTESIAN_POINT('',(0.18,0.0403926554154232,-0.0499928108542936));
#3711=CARTESIAN_POINT('',(0.229409235144934,0.016193091279967,-0.0165756008095209));
#3712=CARTESIAN_POINT('',(0.22936799276039,0.0162412371151469,-0.0165552882704226));
#3713=CARTESIAN_POINT('',(0.229326669450895,0.016289290981288,-0.0165347348112528));
#3714=CARTESIAN_POINT('',(0.239704617572467,0.0132290694615266,-0.0125384760445344));
#3715=CARTESIAN_POINT('',(0.239683996380195,0.0132661462184396,-0.012520269917601));
#3716=CARTESIAN_POINT('',(0.239663334725447,0.013303142255683,-0.0125018823365879));
#3717=CARTESIAN_POINT('',(0.25,0.0102650476430861,-0.00850135127954785));
#3718=CARTESIAN_POINT('',(0.25,0.0102910553217323,-0.00848525156477947));
#3719=CARTESIAN_POINT('',(0.25,0.0103169935300781,-0.00846902986192298));
#3720=CARTESIAN_POINT('',(0.15,0.0404955925535938,-0.0499876962876227));
#3721=CARTESIAN_POINT('',(0.15,0.0413190896589588,-0.0499467797542559));
#3722=CARTESIAN_POINT('',(0.15,0.0421289774386181,-0.0498042906966531));
#3723=CARTESIAN_POINT('',(0.165,0.0404955925535938,-0.0499876962876227));
#3724=CARTESIAN_POINT('',(0.165,0.0413190896589588,-0.0499467797542559));
#3725=CARTESIAN_POINT('',(0.165,0.0421289774386181,-0.0498042906966531));
#3726=CARTESIAN_POINT('',(0.18,0.0404955925535938,-0.0499876962876227));
#3727=CARTESIAN_POINT('',(0.18,0.0413190896589588,-0.0499467797542559));
#3728=CARTESIAN_POINT('',(0.18,0.0421289774386181,-0.0498042906966531));
#3729=CARTESIAN_POINT('',(0.229285267646981,0.016337249907438,-0.01651393945477));
#3730=CARTESIAN_POINT('',(0.228954053215672,0.0167209213166383,-0.016347576602907));
#3731=CARTESIAN_POINT('',(0.228617815141588,0.0170985165664107,-0.0161657323230038));
#3732=CARTESIAN_POINT('',(0.239642633823491,0.0133400556302154,-0.0124833130024039));
#3733=CARTESIAN_POINT('',(0.239477026607836,0.0136353626264748,-0.0123347583289322));
#3734=CARTESIAN_POINT('',(0.239308907570794,0.0139253792092275,-0.0121745714525259));
#3735=CARTESIAN_POINT('',(0.25,0.0103428613529929,-0.00845268655003792));
#3736=CARTESIAN_POINT('',(0.25,0.0105498039363112,-0.0083219400549574));
#3737=CARTESIAN_POINT('',(0.25,0.0107522418520443,-0.00818341058204805));
#3738=CARTESIAN_POINT('',(0.15,0.0429079023038325,-0.049567417206626));
#3739=CARTESIAN_POINT('',(0.15,0.0444657520342612,-0.0490936702265719));
#3740=CARTESIAN_POINT('',(0.15,0.0458997501069103,-0.0482423855168207));
#3741=CARTESIAN_POINT('',(0.165,0.0429079023038325,-0.049567417206626));
#3742=CARTESIAN_POINT('',(0.165,0.0444657520342612,-0.0490936702265719));
#3743=CARTESIAN_POINT('',(0.165,0.0458997501069103,-0.0482423855168207));
#3744=CARTESIAN_POINT('',(0.18,0.0429079023038325,-0.049567417206626));
#3745=CARTESIAN_POINT('',(0.18,0.0444657520342612,-0.0490936702265719));
#3746=CARTESIAN_POINT('',(0.18,0.0458997501069103,-0.0482423855168207));
#3747=CARTESIAN_POINT('',(0.228277797857888,0.01746851452918,-0.0159679062672915));
#3748=CARTESIAN_POINT('',(0.227597763290486,0.0182085104547185,-0.0155722541558669));
#3749=CARTESIAN_POINT('',(0.226902611884616,0.0189181172322446,-0.0151126749412058));
#3750=CARTESIAN_POINT('',(0.239138898928944,0.0142091105412381,-0.0120025992385401));
#3751=CARTESIAN_POINT('',(0.238798881645243,0.0147765732052592,-0.0116586548105686));
#3752=CARTESIAN_POINT('',(0.238451305942308,0.0153188948663118,-0.0112675690322789));
#3753=CARTESIAN_POINT('',(0.25,0.0109497065532961,-0.00803729220978878));
#3754=CARTESIAN_POINT('',(0.25,0.0113446359557999,-0.00774505546527025));
#3755=CARTESIAN_POINT('',(0.25,0.0117196725003789,-0.00742246312335204));
#3756=CARTESIAN_POINT('',(0.15,0.0470710678118655,-0.0470710678118655));
#3757=CARTESIAN_POINT('',(0.15,0.0470802187314354,-0.0470619168922955));
#3758=CARTESIAN_POINT('',(0.15,0.0470893501177415,-0.0470527499399883));
#3759=CARTESIAN_POINT('',(0.165,0.0470710678118655,-0.0470710678118655));
#3760=CARTESIAN_POINT('',(0.165,0.0470802187314354,-0.0470619168922955));
#3761=CARTESIAN_POINT('',(0.165,0.0470893501177415,-0.0470527499399883));
#3762=CARTESIAN_POINT('',(0.18,0.0470710678118655,-0.0470710678118655));
#3763=CARTESIAN_POINT('',(0.18,0.0470802187314354,-0.0470619168922955));
#3764=CARTESIAN_POINT('',(0.18,0.0470893501177415,-0.0470527499399883));
#3765=CARTESIAN_POINT('',(0.226202299105535,0.0195851658411568,-0.0145851658411568));
#3766=CARTESIAN_POINT('',(0.226196827911949,0.019590377158414,-0.0145810446763127));
#3767=CARTESIAN_POINT('',(0.226191356403337,0.01960107084084,-0.0145714247998237));
#3768=CARTESIAN_POINT('',(0.238101149552768,0.0158281168265112,-0.0108281168265112));
#3769=CARTESIAN_POINT('',(0.238098413955974,0.0158320951230752,-0.0108246836061536));
#3770=CARTESIAN_POINT('',(0.238095678201669,0.0158415563621072,-0.0108157528682099));
#3771=CARTESIAN_POINT('',(0.25,0.0120710678118655,-0.00707106781186547));
#3772=CARTESIAN_POINT('',(0.25,0.0120738130877365,-0.00706832253599449));
#3773=CARTESIAN_POINT('',(0.25,0.0120820418833744,-0.0070600809365961));
#3774=CARTESIAN_POINT('',(0.15,0.0470984619433634,-0.0470435670211424));
#3775=CARTESIAN_POINT('',(0.15,0.0471075737689852,-0.0470343841022966));
#3776=CARTESIAN_POINT('',(0.15,0.0471166660339228,-0.0470251852169121));
#3777=CARTESIAN_POINT('',(0.165,0.0470984619433634,-0.0470435670211424));
#3778=CARTESIAN_POINT('',(0.165,0.0471075737689852,-0.0470343841022966));
#3779=CARTESIAN_POINT('',(0.165,0.0471166660339228,-0.0470251852169121));
#3780=CARTESIAN_POINT('',(0.18,0.0470984619433634,-0.0470435670211424));
#3781=CARTESIAN_POINT('',(0.18,0.0471075737689852,-0.0470343841022966));
#3782=CARTESIAN_POINT('',(0.18,0.0471166660339228,-0.0470251852169121));
#3783=CARTESIAN_POINT('',(0.226185884653787,0.0196090108991707,-0.0145645424048257));
#3784=CARTESIAN_POINT('',(0.226180412904236,0.0196169509575014,-0.0145576600098277));
#3785=CARTESIAN_POINT('',(0.226174940913748,0.0196248826676078,-0.0145507698204496));
#3786=CARTESIAN_POINT('',(0.238092942326893,0.0158482646322072,-0.010809560630204));
#3787=CARTESIAN_POINT('',(0.238090206452118,0.0158549729023071,-0.010803368392198));
#3788=CARTESIAN_POINT('',(0.238087470456874,0.015861673479346,-0.0107971693782587));
#3789=CARTESIAN_POINT('',(0.25,0.0120875183652436,-0.00705457885558219));
#3790=CARTESIAN_POINT('',(0.25,0.0120929948471128,-0.00704907677456828));
#3791=CARTESIAN_POINT('',(0.25,0.0120984642910842,-0.00704356893606787));
#3792=CARTESIAN_POINT('',(0.15,0.0471257387107557,-0.0470159704311878));
#3793=CARTESIAN_POINT('',(0.15,0.0471438840644215,-0.0469975408597391));
#3794=CARTESIAN_POINT('',(0.15,0.0471619510656687,-0.0469790476869307));
#3795=CARTESIAN_POINT('',(0.165,0.0471257387107557,-0.0470159704311878));
#3796=CARTESIAN_POINT('',(0.165,0.0471438840644215,-0.0469975408597391));
#3797=CARTESIAN_POINT('',(0.165,0.0471619510656687,-0.0469790476869307));
#3798=CARTESIAN_POINT('',(0.18,0.0471257387107557,-0.0470159704311878));
#3799=CARTESIAN_POINT('',(0.18,0.0471438840644215,-0.0469975408597391));
#3800=CARTESIAN_POINT('',(0.18,0.0471619510656687,-0.0469790476869307));
#3801=CARTESIAN_POINT('',(0.226169468670929,0.0196328060554523,-0.0145438717660354));
#3802=CARTESIAN_POINT('',(0.226158524185292,0.0196486528311412,-0.0145300756572071));
#3803=CARTESIAN_POINT('',(0.226147578690337,0.0196644663177824,-0.0145162480882343));
#3804=CARTESIAN_POINT('',(0.238084734335465,0.0158683663733436,-0.0107909635602077));
#3805=CARTESIAN_POINT('',(0.238079262092646,0.0158817521613389,-0.0107785519241055));
#3806=CARTESIAN_POINT('',(0.238073789345168,0.0158951072171691,-0.0107661130715559));
#3807=CARTESIAN_POINT('',(0.25,0.012103926691235,-0.00703805535437986));
#3808=CARTESIAN_POINT('',(0.25,0.0121148514915366,-0.00702702819100386));
#3809=CARTESIAN_POINT('',(0.25,0.0121257481165557,-0.00701597805487749));
#3810=CARTESIAN_POINT('',(0.15,0.0471799394951342,-0.0469604914423522));
#3811=CARTESIAN_POINT('',(0.15,0.047215916354065,-0.0469233789531952));
#3812=CARTESIAN_POINT('',(0.15,0.0472515789258688,-0.0468860141769576));
#3813=CARTESIAN_POINT('',(0.165,0.0471799394951342,-0.0469604914423522));
#3814=CARTESIAN_POINT('',(0.165,0.047215916354065,-0.0469233789531952));
#3815=CARTESIAN_POINT('',(0.165,0.0472515789258688,-0.0468860141769576));
#3816=CARTESIAN_POINT('',(0.18,0.0471799394951342,-0.0469604914423522));
#3817=CARTESIAN_POINT('',(0.18,0.047215916354065,-0.0469233789531952));
#3818=CARTESIAN_POINT('',(0.18,0.0472515789258688,-0.0468860141769576));
#3819=CARTESIAN_POINT('',(0.226136632241044,0.0196802464027653,-0.0145023892394649));
#3820=CARTESIAN_POINT('',(0.226114739342459,0.0197118065727309,-0.0144746715419261));
#3821=CARTESIAN_POINT('',(0.226092842626524,0.019743233136063,-0.0144468287252007));
#3822=CARTESIAN_POINT('',(0.238068316120522,0.0159084314608377,-0.0107536471499285));
#3823=CARTESIAN_POINT('',(0.238057369671229,0.0159350799481748,-0.0107287153066737));
#3824=CARTESIAN_POINT('',(0.238046421313262,0.0159616051868655,-0.0107036751871076));
#3825=CARTESIAN_POINT('',(0.25,0.01213661651891,-0.0070049050603921));
#3826=CARTESIAN_POINT('',(0.25,0.0121583533236187,-0.00698275907142131));
#3827=CARTESIAN_POINT('',(0.25,0.0121799772376679,-0.00696052164901441));
#3828=CARTESIAN_POINT('',(0.15,0.0472869254556402,-0.0468484013503555));
#3829=CARTESIAN_POINT('',(0.15,0.0473576185151831,-0.0467731756971512));
#3830=CARTESIAN_POINT('',(0.15,0.0474270474065966,-0.0466969578424886));
#3831=CARTESIAN_POINT('',(0.165,0.0472869254556402,-0.0468484013503555));
#3832=CARTESIAN_POINT('',(0.165,0.0473576185151831,-0.0467731756971512));
#3833=CARTESIAN_POINT('',(0.165,0.0474270474065966,-0.0466969578424886));
#3834=CARTESIAN_POINT('',(0.18,0.0472869254556402,-0.0468484013503555));
#3835=CARTESIAN_POINT('',(0.18,0.0473576185151831,-0.0467731756971512));
#3836=CARTESIAN_POINT('',(0.18,0.0474270474065966,-0.0466969578424886));
#3837=CARTESIAN_POINT('',(0.226070942429513,0.0197745254166541,-0.0144188617034542));
#3838=CARTESIAN_POINT('',(0.226027142035489,0.0198371099778362,-0.0143629276599613));
#3839=CARTESIAN_POINT('',(0.225983327717159,0.0198991574080543,-0.0143064967963841));
#3840=CARTESIAN_POINT('',(0.238035471214756,0.0159880066493261,-0.0106785277058782));
#3841=CARTESIAN_POINT('',(0.238013571017745,0.0160408095742475,-0.0106282327434193));
#3842=CARTESIAN_POINT('',(0.23799166385858,0.0160931173942489,-0.0105775083343075));
#3843=CARTESIAN_POINT('',(0.25,0.0122014878819982,-0.00693819370830206));
#3844=CARTESIAN_POINT('',(0.25,0.0122445091706588,-0.00689353782687735));
#3845=CARTESIAN_POINT('',(0.25,0.0122870773804436,-0.00684851987223082));
#3846=CARTESIAN_POINT('',(0.15,0.0474951980906389,-0.0466197816800957));
#3847=CARTESIAN_POINT('',(0.15,0.0476314994587237,-0.0464654293553099));
#3848=CARTESIAN_POINT('',(0.15,0.0477626879973238,-0.0463072437996029));
#3849=CARTESIAN_POINT('',(0.165,0.0474951980906389,-0.0466197816800957));
#3850=CARTESIAN_POINT('',(0.165,0.0476314994587237,-0.0464654293553099));
#3851=CARTESIAN_POINT('',(0.165,0.0477626879973238,-0.0463072437996029));
#3852=CARTESIAN_POINT('',(0.18,0.0474951980906389,-0.0466197816800957));
#3853=CARTESIAN_POINT('',(0.18,0.0476314994587237,-0.0464654293553099));
#3854=CARTESIAN_POINT('',(0.18,0.0477626879973238,-0.0463072437996029));
#3855=CARTESIAN_POINT('',(0.225939502250948,0.0199606621736918,-0.0142495768702603));
#3856=CARTESIAN_POINT('',(0.225851851318525,0.0200836717049668,-0.0141357370180126));
#3857=CARTESIAN_POINT('',(0.225764155794578,0.0202045105779197,-0.0140199409155782));
#3858=CARTESIAN_POINT('',(0.237969751125474,0.0161449258262841,-0.010526362017834));
#3859=CARTESIAN_POINT('',(0.237925925659262,0.0162485426903545,-0.010424069384887));
#3860=CARTESIAN_POINT('',(0.237882077897289,0.0163501620025599,-0.0103200891224936));
#3861=CARTESIAN_POINT('',(0.25,0.0123291894788765,-0.00680314716540771));
#3862=CARTESIAN_POINT('',(0.25,0.0124134136757422,-0.00671240175176151));
#3863=CARTESIAN_POINT('',(0.25,0.0124958134272,-0.00662023732940903));
#3864=CARTESIAN_POINT('',(0.15,0.0478886513925047,-0.0461454961627989));
#3865=CARTESIAN_POINT('',(0.15,0.0481405781828666,-0.0458220008891908));
#3866=CARTESIAN_POINT('',(0.15,0.0483716043995517,-0.0454842572911942));
#3867=CARTESIAN_POINT('',(0.165,0.0478886513925047,-0.0461454961627989));
#3868=CARTESIAN_POINT('',(0.165,0.0481405781828666,-0.0458220008891908));
#3869=CARTESIAN_POINT('',(0.165,0.0483716043995517,-0.0454842572911942));
#3870=CARTESIAN_POINT('',(0.18,0.0478886513925047,-0.0461454961627989));
#3871=CARTESIAN_POINT('',(0.18,0.0481405781828666,-0.0458220008891908));
#3872=CARTESIAN_POINT('',(0.18,0.0483716043995517,-0.0454842572911942));
#3873=CARTESIAN_POINT('',(0.225676437878933,0.020323134400498,-0.0139022505685539));
#3874=CARTESIAN_POINT('',(0.225501002047643,0.0205603820456547,-0.0136668698745053));
#3875=CARTESIAN_POINT('',(0.225325476649561,0.0207887694893129,-0.0134239122020972));
#3876=CARTESIAN_POINT('',(0.237838218939467,0.0164497494369691,-0.0102144815176331));
#3877=CARTESIAN_POINT('',(0.237750501023822,0.0166489243057875,-0.010003266307912));
#3878=CARTESIAN_POINT('',(0.23766273832478,0.0168399716634212,-0.00978554172832259));
#3879=CARTESIAN_POINT('',(0.25,0.0125763644734401,-0.00652671246671225));
#3880=CARTESIAN_POINT('',(0.25,0.0127374665659203,-0.00633966274131871));
#3881=CARTESIAN_POINT('',(0.25,0.0128911738375295,-0.00614717125454801));
#3882=CARTESIAN_POINT('',(0.15,0.0485808315310837,-0.0451344345674016));
#3883=CARTESIAN_POINT('',(0.15,0.0489992857941477,-0.0444347891198163));
#3884=CARTESIAN_POINT('',(0.15,0.049330543716599,-0.0436868271690469));
#3885=CARTESIAN_POINT('',(0.165,0.0485808315310837,-0.0451344345674016));
#3886=CARTESIAN_POINT('',(0.165,0.0489992857941477,-0.0444347891198163));
#3887=CARTESIAN_POINT('',(0.165,0.049330543716599,-0.0436868271690469));
#3888=CARTESIAN_POINT('',(0.18,0.0485808315310837,-0.0451344345674016));
#3889=CARTESIAN_POINT('',(0.18,0.0489992857941477,-0.0444347891198163));
#3890=CARTESIAN_POINT('',(0.18,0.049330543716599,-0.0436868271690469));
#3891=CARTESIAN_POINT('',(0.225150041825142,0.0210079474417003,-0.0131738873579668));
#3892=CARTESIAN_POINT('',(0.224799172176303,0.0214463033464753,-0.012673837669706));
#3893=CARTESIAN_POINT('',(0.224448664822118,0.0218478212861673,-0.0121455192945563));
#3894=CARTESIAN_POINT('',(0.237575020912571,0.0170226198257446,-0.00956179695563146));
#3895=CARTESIAN_POINT('',(0.237399586088152,0.0173879161503913,-0.00911430741024919));
#3896=CARTESIAN_POINT('',(0.237224332411059,0.0177196156937967,-0.00864273709246007));
#3897=CARTESIAN_POINT('',(0.25,0.0130372922097888,-0.00594970655329613));
#3898=CARTESIAN_POINT('',(0.25,0.0133295289543073,-0.00555477715079235));
#3899=CARTESIAN_POINT('',(0.25,0.0135914101014262,-0.00513995489036383));
#3900=CARTESIAN_POINT('',(0.15,0.049567417206626,-0.0429079023038325));
#3901=CARTESIAN_POINT('',(0.15,0.0498042906966531,-0.0421289774386181));
#3902=CARTESIAN_POINT('',(0.15,0.0499467797542559,-0.0413190896589588));
#3903=CARTESIAN_POINT('',(0.165,0.049567417206626,-0.0429079023038325));
#3904=CARTESIAN_POINT('',(0.165,0.0498042906966531,-0.0421289774386181));
#3905=CARTESIAN_POINT('',(0.165,0.0499467797542559,-0.0413190896589588));
#3906=CARTESIAN_POINT('',(0.18,0.049567417206626,-0.0429079023038325));
#3907=CARTESIAN_POINT('',(0.18,0.0498042906966531,-0.0421289774386181));
#3908=CARTESIAN_POINT('',(0.18,0.0499467797542559,-0.0413190896589588));
#3909=CARTESIAN_POINT('',(0.224099979079626,0.0222097082285839,-0.0115931087337167));
#3910=CARTESIAN_POINT('',(0.223751293337133,0.0225715951710006,-0.011040698172877));
#3911=CARTESIAN_POINT('',(0.223404429206334,0.0228938511161418,-0.0104641954263474));
#3912=CARTESIAN_POINT('',(0.237049989539813,0.018015545625949,-0.00815104844044744));
#3913=CARTESIAN_POINT('',(0.236875646668567,0.0183114755581012,-0.0076593597884348));
#3914=CARTESIAN_POINT('',(0.236702214603167,0.0185716358790003,-0.00714755280219865));
#3915=CARTESIAN_POINT('',(0.25,0.0138213830233141,-0.00470898814717821));
#3916=CARTESIAN_POINT('',(0.25,0.0140513559452019,-0.00427802140399259));
#3917=CARTESIAN_POINT('',(0.25,0.0142494206418588,-0.00383091017804989));
#3918=CARTESIAN_POINT('',(0.15,0.0499876962876227,-0.0404955925535938));
#3919=CARTESIAN_POINT('',(0.15,0.0499928108542936,-0.0403926554154231));
#3920=CARTESIAN_POINT('',(0.15,0.0499963383502732,-0.0402895056315384));
#3921=CARTESIAN_POINT('',(0.165,0.0499876962876227,-0.0404955925535938));
#3922=CARTESIAN_POINT('',(0.165,0.0499928108542936,-0.0403926554154231));
#3923=CARTESIAN_POINT('',(0.165,0.0499963383502732,-0.0402895056315384));
#3924=CARTESIAN_POINT('',(0.18,0.0499876962876227,-0.0404955925535938));
#3925=CARTESIAN_POINT('',(0.18,0.0499928108542936,-0.0403926554154231));
#3926=CARTESIAN_POINT('',(0.18,0.0499963383502732,-0.0402895056315384));
#3927=CARTESIAN_POINT('',(0.223060908825842,0.0231738800136867,-0.00986811979572142));
#3928=CARTESIAN_POINT('',(0.22301796877828,0.0232088836258798,-0.00979361034189317));
#3929=CARTESIAN_POINT('',(0.222975080976817,0.0232432274404542,-0.00971879506175091));
#3930=CARTESIAN_POINT('',(0.236530454412921,0.01879395224957,-0.0066197613201196));
#3931=CARTESIAN_POINT('',(0.23650898438914,0.0188217417958912,-0.00655378738485972));
#3932=CARTESIAN_POINT('',(0.236487540488409,0.0188489400304886,-0.0064875636918523));
#3933=CARTESIAN_POINT('',(0.25,0.0144140244854534,-0.00337140284451779));
#3934=CARTESIAN_POINT('',(0.25,0.0144345999659027,-0.00331396442782627));
#3935=CARTESIAN_POINT('',(0.25,0.0144546526205229,-0.00325633232195368));
#3936=CARTESIAN_POINT('',(0.15,0.0499982647363199,-0.0401861770956674));
#3937=CARTESIAN_POINT('',(0.15,0.0499992279293432,-0.040134512827732));
#3938=CARTESIAN_POINT('',(0.15,0.0499997908448833,-0.0400828038718));
#3939=CARTESIAN_POINT('',(0.165,0.0499982647363199,-0.0401861770956674));
#3940=CARTESIAN_POINT('',(0.165,0.0499992279293432,-0.040134512827732));
#3941=CARTESIAN_POINT('',(0.165,0.0499997908448833,-0.0400828038718));
#3942=CARTESIAN_POINT('',(0.18,0.0499982647363199,-0.0401861770956674));
#3943=CARTESIAN_POINT('',(0.18,0.0499992279293432,-0.040134512827732));
#3944=CARTESIAN_POINT('',(0.18,0.0499997908448833,-0.0400828038718));
#3945=CARTESIAN_POINT('',(0.22293224839438,0.0232769063869991,-0.00964368278205558));
#3946=CARTESIAN_POINT('',(0.222910832103161,0.0232937458602716,-0.00960612664220791));
#3947=CARTESIAN_POINT('',(0.222889429616699,0.0233104191165367,-0.00956849625247197));
#3948=CARTESIAN_POINT('',(0.23646612419719,0.0188755429019185,-0.00642109831500041));
#3949=CARTESIAN_POINT('',(0.236455416051581,0.0188888443376334,-0.00638786562657447));
#3950=CARTESIAN_POINT('',(0.236444714808349,0.0189019969325565,-0.00635457251718741));
#3951=CARTESIAN_POINT('',(0.25,0.0144741794168378,-0.00319851384794524));
#3952=CARTESIAN_POINT('',(0.25,0.0144839428149953,-0.00316960461094103));
#3953=CARTESIAN_POINT('',(0.25,0.0144935747485764,-0.00314064878190285));
#3954=CARTESIAN_POINT('',(0.15,0.0499999517280349,-0.0400310544645875));
#3955=CARTESIAN_POINT('',(0.15,0.0499999919488228,-0.0400181171127843));
#3956=CARTESIAN_POINT('',(0.15,0.05,-0.0400065104166667));
#3957=CARTESIAN_POINT('',(0.165,0.0499999517280349,-0.0400310544645875));
#3958=CARTESIAN_POINT('',(0.165,0.0499999919488228,-0.0400181171127843));
#3959=CARTESIAN_POINT('',(0.165,0.05,-0.0400065104166667));
#3960=CARTESIAN_POINT('',(0.18,0.0499999517280349,-0.0400310544645875));
#3961=CARTESIAN_POINT('',(0.18,0.0499999919488228,-0.0400181171127843));
#3962=CARTESIAN_POINT('',(0.18,0.05,-0.0400065104166667));
#3963=CARTESIAN_POINT('',(0.222868041306609,0.023326925521993,-0.00953079271619288));
#3964=CARTESIAN_POINT('',(0.222862694229086,0.0233310521233571,-0.0095213668321231));
#3965=CARTESIAN_POINT('',(0.222857348037587,0.0233351682965457,-0.00951193637639438));
#3966=CARTESIAN_POINT('',(0.236434020653304,0.0189150001802573,-0.00632121999607712));
#3967=CARTESIAN_POINT('',(0.236431347114543,0.0189182509921825,-0.00631288186579955));
#3968=CARTESIAN_POINT('',(0.236428674018793,0.0189214924699064,-0.00630454002228928));
#3969=CARTESIAN_POINT('',(0.25,0.0145030748385216,-0.00311164727596138));
#3970=CARTESIAN_POINT('',(0.25,0.014505449861008,-0.00310439689947601));
#3971=CARTESIAN_POINT('',(0.25,0.014507816643267,-0.00309714366818418));
#3972=CARTESIAN_POINT('',(0.15,0.05,-0.039990234375));
#3973=CARTESIAN_POINT('',(0.15,0.05,-0.0399739583333333));
#3974=CARTESIAN_POINT('',(0.15,0.05,-0.0399576822916667));
#3975=CARTESIAN_POINT('',(0.165,0.05,-0.039990234375));
#3976=CARTESIAN_POINT('',(0.165,0.05,-0.0399739583333333));
#3977=CARTESIAN_POINT('',(0.165,0.05,-0.0399576822916667));
#3978=CARTESIAN_POINT('',(0.18,0.05,-0.039990234375));
#3979=CARTESIAN_POINT('',(0.18,0.05,-0.0399739583333333));
#3980=CARTESIAN_POINT('',(0.18,0.05,-0.0399576822916667));
#3981=CARTESIAN_POINT('',(0.222852002737917,0.0233392740316555,-0.00950250136624648));
#3982=CARTESIAN_POINT('',(0.222846657438248,0.0233433797667654,-0.00949306635609858));
#3983=CARTESIAN_POINT('',(0.222841313030408,0.0233474750637966,-0.0094836267915315));
#3984=CARTESIAN_POINT('',(0.236426001368959,0.0189247246055158,-0.00629619448131565));
#3985=CARTESIAN_POINT('',(0.236423328719124,0.0189279567411252,-0.00628784894034201));
#3986=CARTESIAN_POINT('',(0.236420656515204,0.0189311795346203,-0.00627949970190502));
#3987=CARTESIAN_POINT('',(0.25,0.0145101751793761,-0.00308988759638481));
#3988=CARTESIAN_POINT('',(0.25,0.0145125337154851,-0.00308263152458545));
#3989=CARTESIAN_POINT('',(0.25,0.0145148840054441,-0.00307537261227854));
#3990=CARTESIAN_POINT('',(0.15,0.05,-0.03994140625));
#3991=CARTESIAN_POINT('',(0.15,0.05,-0.0399088541666667));
#3992=CARTESIAN_POINT('',(0.15,0.05,-0.0398763020833333));
#3993=CARTESIAN_POINT('',(0.165,0.05,-0.03994140625));
#3994=CARTESIAN_POINT('',(0.165,0.05,-0.0399088541666667));
#3995=CARTESIAN_POINT('',(0.165,0.05,-0.0398763020833333));
#3996=CARTESIAN_POINT('',(0.18,0.05,-0.03994140625));
#3997=CARTESIAN_POINT('',(0.18,0.05,-0.0399088541666667));
#3998=CARTESIAN_POINT('',(0.18,0.05,-0.0398763020833333));
#3999=CARTESIAN_POINT('',(0.222835969520205,0.0233515599128459,-0.009474182689785));
#4000=CARTESIAN_POINT('',(0.222825282499798,0.0233597296109446,-0.00945529448629202));
#4001=CARTESIAN_POINT('',(0.222814599069936,0.0233678575171159,-0.00943638813408139));
#4002=CARTESIAN_POINT('',(0.236417984760102,0.018934392978088,-0.00627114678177401));
#4003=CARTESIAN_POINT('',(0.236412641249899,0.0189408198650235,-0.00625444094151199));
#4004=CARTESIAN_POINT('',(0.236407299534968,0.0189472093518496,-0.0062377203744739));
#4005=CARTESIAN_POINT('',(0.25,0.0145172260433302,-0.00306811087376301));
#4006=CARTESIAN_POINT('',(0.25,0.0145219101191024,-0.00305358739673196));
#4007=CARTESIAN_POINT('',(0.25,0.0145265611865833,-0.0030390526148664));
#4008=CARTESIAN_POINT('',(0.15,0.05,-0.03984375));
#4009=CARTESIAN_POINT('',(0.15,0.05,-0.0395833333333333));
#4010=CARTESIAN_POINT('',(0.15,0.05,-0.0393229166666667));
#4011=CARTESIAN_POINT('',(0.165,0.05,-0.03984375));
#4012=CARTESIAN_POINT('',(0.165,0.05,-0.0395833333333333));
#4013=CARTESIAN_POINT('',(0.165,0.05,-0.0393229166666667));
#4014=CARTESIAN_POINT('',(0.18,0.05,-0.03984375));
#4015=CARTESIAN_POINT('',(0.18,0.05,-0.0395833333333333));
#4016=CARTESIAN_POINT('',(0.18,0.05,-0.0393229166666667));
#4017=CARTESIAN_POINT('',(0.222803919277071,0.0233759435521347,-0.00941746377107124));
#4018=CARTESIAN_POINT('',(0.222718480934152,0.0234406318322851,-0.00926606886699009));
#4019=CARTESIAN_POINT('',(0.222633275359043,0.0235026403586744,-0.00911352127174032));
#4020=CARTESIAN_POINT('',(0.236401959638535,0.0189535613752625,-0.00622098520681447));
#4021=CARTESIAN_POINT('',(0.236359240467076,0.0190043775625657,-0.00608710386553904));
#4022=CARTESIAN_POINT('',(0.236316637679522,0.0190527960914252,-0.00595228808449813));
#4023=CARTESIAN_POINT('',(0.25,0.0145311791983903,-0.00302450664255769));
#4024=CARTESIAN_POINT('',(0.25,0.0145681232928463,-0.00290813886408798));
#4025=CARTESIAN_POINT('',(0.25,0.014602951824176,-0.00279105489725593));
#4026=CARTESIAN_POINT('',(0.15,0.05,-0.0390625));
#4027=CARTESIAN_POINT('',(0.15,0.05,-0.0385416666666667));
#4028=CARTESIAN_POINT('',(0.15,0.05,-0.0380208333333333));
#4029=CARTESIAN_POINT('',(0.165,0.05,-0.0390625));
#4030=CARTESIAN_POINT('',(0.165,0.05,-0.0385416666666667));
#4031=CARTESIAN_POINT('',(0.165,0.05,-0.0380208333333333));
#4032=CARTESIAN_POINT('',(0.18,0.05,-0.0390625));
#4033=CARTESIAN_POINT('',(0.18,0.05,-0.0385416666666667));
#4034=CARTESIAN_POINT('',(0.179999999999999,0.05,-0.0380208333333333));
#4035=CARTESIAN_POINT('',(0.22254832633516,0.0235619285680164,-0.00895989159940931));
#4036=CARTESIAN_POINT('',(0.222378428287394,0.0236805049867005,-0.00865263225474731));
#4037=CARTESIAN_POINT('',(0.222209556444531,0.0237882001371953,-0.0083410446017604));
#4038=CARTESIAN_POINT('',(0.23627416316758,0.019098784550293,-0.00581660245491643));
#4039=CARTESIAN_POINT('',(0.236189214143697,0.0191907614680287,-0.00554523119575303));
#4040=CARTESIAN_POINT('',(0.236104778222266,0.0192730181057975,-0.00527038054242648));
#4041=CARTESIAN_POINT('',(0.25,0.0146356405325696,-0.00267331331042354));
#4042=CARTESIAN_POINT('',(0.25,0.0147010179493568,-0.00243783013675874));
#4043=CARTESIAN_POINT('',(0.25,0.0147578360743996,-0.00219971648309256));
#4044=CARTESIAN_POINT('',(0.15,0.05,-0.0375));
#4045=CARTESIAN_POINT('',(0.15,0.05,-0.0364583333333333));
#4046=CARTESIAN_POINT('',(0.15,0.05,-0.0354166666666667));
#4047=CARTESIAN_POINT('',(0.165,0.05,-0.0375));
#4048=CARTESIAN_POINT('',(0.164999999999999,0.05,-0.0364583333333333));
#4049=CARTESIAN_POINT('',(0.164999999999999,0.05,-0.0354166666666667));
#4050=CARTESIAN_POINT('',(0.179999999999999,0.05,-0.0375));
#4051=CARTESIAN_POINT('',(0.179999999999998,0.05,-0.0364583333333333));
#4052=CARTESIAN_POINT('',(0.179999999999998,0.05,-0.0354166666666667));
#4053=CARTESIAN_POINT('',(0.222041901073898,0.0238846895132108,-0.00802569355314778));
#4054=CARTESIAN_POINT('',(0.221706590332633,0.0240776682652417,-0.00739499145592253));
#4055=CARTESIAN_POINT('',(0.221376145480288,0.0242258239193551,-0.00674923577619443));
#4056=CARTESIAN_POINT('',(0.236020950536949,0.0193452951712148,-0.00499256722473436));
#4057=CARTESIAN_POINT('',(0.235853295166316,0.0194898493020496,-0.00443694058935012));
#4058=CARTESIAN_POINT('',(0.235688072740144,0.0195944851434789,-0.00386946329650359));
#4059=CARTESIAN_POINT('',(0.25,0.0148059008292189,-0.00195944089632094));
#4060=CARTESIAN_POINT('',(0.25,0.0149020303388576,-0.00147888972277771));
#4061=CARTESIAN_POINT('',(0.25,0.0149631463676026,-0.000989690816812754));
#4062=CARTESIAN_POINT('',(0.15,0.05,-0.034375));
#4063=CARTESIAN_POINT('',(0.15,0.05,-0.0341145833333333));
#4064=CARTESIAN_POINT('',(0.15,0.05,-0.0338541666666667));
#4065=CARTESIAN_POINT('',(0.164999999999999,0.05,-0.034375));
#4066=CARTESIAN_POINT('',(0.164999999999999,0.05,-0.0341145833333333));
#4067=CARTESIAN_POINT('',(0.164999999999999,0.05,-0.0338541666666667));
#4068=CARTESIAN_POINT('',(0.179999999999998,0.05,-0.034375));
#4069=CARTESIAN_POINT('',(0.179999999999998,0.05,-0.0341145833333333));
#4070=CARTESIAN_POINT('',(0.179999999999998,0.05,-0.0338541666666667));
#4071=CARTESIAN_POINT('',(0.221052144217964,0.0243268211472883,-0.00609324857525277));
#4072=CARTESIAN_POINT('',(0.220971143902383,0.0243520704542716,-0.00592925177501735));
#4073=CARTESIAN_POINT('',(0.220890546311178,0.0243743723596187,-0.0057646155047061));
#4074=CARTESIAN_POINT('',(0.235526072108982,0.0196572587174555,-0.00329442056442326));
#4075=CARTESIAN_POINT('',(0.235485571951191,0.0196729521109497,-0.00315065988140318));
#4076=CARTESIAN_POINT('',(0.235445273155589,0.0196860291127281,-0.00300642635843099));
#4077=CARTESIAN_POINT('',(0.25,0.0149876962876227,-0.000495592553593757));
#4078=CARTESIAN_POINT('',(0.25,0.0149938337676277,-0.000372067987789007));
#4079=CARTESIAN_POINT('',(0.25,0.0149976858658374,-0.000248237212155885));
#4080=CARTESIAN_POINT('',(0.15,0.05,-0.03359375));
#4081=CARTESIAN_POINT('',(0.15,0.05,-0.0335286458333333));
#4082=CARTESIAN_POINT('',(0.15,0.05,-0.0334635416666667));
#4083=CARTESIAN_POINT('',(0.164999999999999,0.05,-0.03359375));
#4084=CARTESIAN_POINT('',(0.164999999999999,0.05,-0.0335286458333333));
#4085=CARTESIAN_POINT('',(0.164999999999999,0.05,-0.0334635416666667));
#4086=CARTESIAN_POINT('',(0.179999999999998,0.05,-0.03359375));
#4087=CARTESIAN_POINT('',(0.179999999999998,0.05,-0.0335286458333333));
#4088=CARTESIAN_POINT('',(0.179999999999998,0.05,-0.0334635416666667));
#4089=CARTESIAN_POINT('',(0.220810376100784,0.0243936915485096,-0.00559941510120942));
#4090=CARTESIAN_POINT('',(0.220790333548186,0.0243985213457323,-0.00555811500033525));
#4091=CARTESIAN_POINT('',(0.220770317706888,0.0244031647231766,-0.005516779641137));
#4092=CARTESIAN_POINT('',(0.235405188050392,0.0196964599354758,-0.0028617869481329));
#4093=CARTESIAN_POINT('',(0.235395166774093,0.0196990676411627,-0.00282562709555837));
#4094=CARTESIAN_POINT('',(0.235385158853444,0.0197015099606602,-0.00278944187502599));
#4095=CARTESIAN_POINT('',(0.25,0.014999228322442,-0.000124158795056374));
#4096=CARTESIAN_POINT('',(0.25,0.0149996139365931,-9.31391907814973E-05));
#4097=CARTESIAN_POINT('',(0.25,0.0149998551981439,-6.21041089149746E-05));
#4098=CARTESIAN_POINT('',(0.15,0.05,-0.0333984375));
#4099=CARTESIAN_POINT('',(0.15,0.05,-0.0333821614583333));
#4100=CARTESIAN_POINT('',(0.15,0.05,-0.0333658854166667));
#4101=CARTESIAN_POINT('',(0.164999999999999,0.05,-0.0333984375));
#4102=CARTESIAN_POINT('',(0.164999999999999,0.05,-0.0333821614583333));
#4103=CARTESIAN_POINT('',(0.164999999999999,0.05,-0.0333658854166667));
#4104=CARTESIAN_POINT('',(0.179999999999998,0.05,-0.0333984375));
#4105=CARTESIAN_POINT('',(0.179999999999998,0.05,-0.0333821614583333));
#4106=CARTESIAN_POINT('',(0.179999999999998,0.05,-0.0333658854166667));
#4107=CARTESIAN_POINT('',(0.220750328967568,0.0244076211349089,-0.00547541023113406));
#4108=CARTESIAN_POINT('',(0.220745331782738,0.024408735237842,-0.00546506787863332));
#4109=CARTESIAN_POINT('',(0.220740336291781,0.0244098376554181,-0.00545472339795729));
#4110=CARTESIAN_POINT('',(0.235375164483784,0.0197037864314719,-0.00275323234786076));
#4111=CARTESIAN_POINT('',(0.235372665891369,0.0197043555491748,-0.00274417996606945));
#4112=CARTESIAN_POINT('',(0.235370168145891,0.0197049143013348,-0.00273512606511358));
#4113=CARTESIAN_POINT('',(0.25,0.0149999517280349,-3.10544645874544E-05));
#4114=CARTESIAN_POINT('',(0.25,0.0149999758605076,-2.32920535055761E-05));
#4115=CARTESIAN_POINT('',(0.25,0.0149999909472516,-1.55287322698774E-05));
#4116=CARTESIAN_POINT('',(0.15,0.05,-0.033349609375));
#4117=CARTESIAN_POINT('',(0.15,0.05,-0.0333333333333333));
#4118=CARTESIAN_POINT('',(0.15,0.05,-0.0333170572916667));
#4119=CARTESIAN_POINT('',(0.164999999999999,0.05,-0.033349609375));
#4120=CARTESIAN_POINT('',(0.164999999999999,0.05,-0.0333333333333333));
#4121=CARTESIAN_POINT('',(0.164999999999999,0.05,-0.0333170572916667));
#4122=CARTESIAN_POINT('',(0.179999999999998,0.05,-0.033349609375));
#4123=CARTESIAN_POINT('',(0.179999999999998,0.05,-0.0333333333333333));
#4124=CARTESIAN_POINT('',(0.179999999999998,0.05,-0.0333170572916667));
#4125=CARTESIAN_POINT('',(0.220735342500661,0.024410928380909,-0.0054443768069055));
#4126=CARTESIAN_POINT('',(0.22073034870954,0.0244120191063999,-0.0054340302158537));
#4127=CARTESIAN_POINT('',(0.220725356618256,0.0244130981389283,-0.00542168070428292));
#4128=CARTESIAN_POINT('',(0.23536767125033,0.0197054626816265,-0.00272607066104239));
#4129=CARTESIAN_POINT('',(0.23536517435477,0.0197060110619182,-0.0027170152569712));
#4130=CARTESIAN_POINT('',(0.235362678309128,0.0197065490694641,-0.00270595753964146));
#4131=CARTESIAN_POINT('',(0.25,0.0149999969823441,-7.7645151792885E-06));
#4132=CARTESIAN_POINT('',(0.25,0.0150000030174365,-2.98088699557386E-10));
#4133=CARTESIAN_POINT('',(0.25,0.015,9.76562500000153E-06));
#4134=CARTESIAN_POINT('',(0.15,0.05,-0.03330078125));
#4135=CARTESIAN_POINT('',(0.15,0.05,-0.0332682291666667));
#4136=CARTESIAN_POINT('',(0.15,0.05,-0.0332356770833333));
#4137=CARTESIAN_POINT('',(0.164999999999999,0.05,-0.03330078125));
#4138=CARTESIAN_POINT('',(0.164999999999999,0.05,-0.0332682291666667));
#4139=CARTESIAN_POINT('',(0.164999999999999,0.05,-0.0332356770833333));
#4140=CARTESIAN_POINT('',(0.179999999999998,0.05,-0.03330078125));
#4141=CARTESIAN_POINT('',(0.179999999999998,0.05,-0.0332682291666667));
#4142=CARTESIAN_POINT('',(0.179999999999998,0.05,-0.0332356770833333));
#4143=CARTESIAN_POINT('',(0.220720366233022,0.0244141775378257,-0.00540933028266378));
#4144=CARTESIAN_POINT('',(0.220710385462554,0.0244163363356205,-0.00538462943942551));
#4145=CARTESIAN_POINT('',(0.220700411516288,0.0244184845291454,-0.005359923763639));
#4146=CARTESIAN_POINT('',(0.235360183116511,0.0197070887689128,-0.00269489951633189));
#4147=CARTESIAN_POINT('',(0.235355192731277,0.0197081681678102,-0.00267278346971275));
#4148=CARTESIAN_POINT('',(0.235350205758144,0.0197092422645727,-0.0026506650068195));
#4149=CARTESIAN_POINT('',(0.25,0.015,1.95312500000031E-05));
#4150=CARTESIAN_POINT('',(0.25,0.015,3.90625000000026E-05));
#4151=CARTESIAN_POINT('',(0.25,0.015,5.85937500000022E-05));
#4152=CARTESIAN_POINT('',(0.15,0.05,-0.033203125));
#4153=CARTESIAN_POINT('',(0.15,0.05,-0.0330729166666667));
#4154=CARTESIAN_POINT('',(0.15,0.05,-0.0329427083333333));
#4155=CARTESIAN_POINT('',(0.164999999999999,0.05,-0.033203125));
#4156=CARTESIAN_POINT('',(0.164999999999999,0.05,-0.0330729166666667));
#4157=CARTESIAN_POINT('',(0.164999999999999,0.05,-0.0329427083333333));
#4158=CARTESIAN_POINT('',(0.179999999999998,0.05,-0.033203125));
#4159=CARTESIAN_POINT('',(0.179999999999998,0.05,-0.0330729166666667));
#4160=CARTESIAN_POINT('',(0.179999999999998,0.05,-0.0329427083333333));
#4161=CARTESIAN_POINT('',(0.220690444441036,0.0244206221975379,-0.00533521326561891));
#4162=CARTESIAN_POINT('',(0.220650576140026,0.0244291728711077,-0.00523637127353857));
#4163=CARTESIAN_POINT('',(0.220610817775237,0.0244375551425579,-0.005137452125721));
#4164=CARTESIAN_POINT('',(0.235345222220518,0.0197103110987689,-0.00262854413280946));
#4165=CARTESIAN_POINT('',(0.235325288070013,0.0197145864355539,-0.00254006063676929));
#4166=CARTESIAN_POINT('',(0.235305408887618,0.0197187775712789,-0.0024515385628605));
#4167=CARTESIAN_POINT('',(0.25,0.015,7.81250000000018E-05));
#4168=CARTESIAN_POINT('',(0.25,0.015,0.00015625));
#4169=CARTESIAN_POINT('',(0.25,0.015,0.000234375000000005));
#4170=CARTESIAN_POINT('',(0.15,0.05,-0.0328125));
#4171=CARTESIAN_POINT('',(0.15,0.05,-0.0322916666666667));
#4172=CARTESIAN_POINT('',(0.15,0.05,-0.0317708333333333));
#4173=CARTESIAN_POINT('',(0.164999999999999,0.05,-0.0328125));
#4174=CARTESIAN_POINT('',(0.164999999999999,0.05,-0.0322916666666667));
#4175=CARTESIAN_POINT('',(0.164999999999999,0.05,-0.0317708333333333));
#4176=CARTESIAN_POINT('',(0.179999999999998,0.05,-0.0328125));
#4177=CARTESIAN_POINT('',(0.179999999999998,0.05,-0.0322916666666667));
#4178=CARTESIAN_POINT('',(0.179999999999998,0.05,-0.0317708333333333));
#4179=CARTESIAN_POINT('',(0.220571172521759,0.0244457636926986,-0.00503845903735812));
#4180=CARTESIAN_POINT('',(0.22041259150785,0.0244785978932615,-0.0046424866839066));
#4181=CARTESIAN_POINT('',(0.220255820274929,0.0245086525528734,-0.00424533128173003));
#4182=CARTESIAN_POINT('',(0.23528558626088,0.0197228818463493,-0.00236297951867906));
#4183=CARTESIAN_POINT('',(0.235206295753925,0.0197392989466308,-0.0020087433419533));
#4184=CARTESIAN_POINT('',(0.235127910137464,0.0197543262764367,-0.00165391564086501));
#4185=CARTESIAN_POINT('',(0.25,0.015,0.000312500000000004));
#4186=CARTESIAN_POINT('',(0.25,0.015,0.000625000000000004));
#4187=CARTESIAN_POINT('',(0.25,0.015,0.000937500000000001));
#4188=CARTESIAN_POINT('',(0.15,0.05,-0.03125));
#4189=CARTESIAN_POINT('',(0.15,0.05,-0.0291666666666667));
#4190=CARTESIAN_POINT('',(0.15,0.05,-0.0270833333333333));
#4191=CARTESIAN_POINT('',(0.164999999999999,0.05,-0.03125));
#4192=CARTESIAN_POINT('',(0.164999999999999,0.05,-0.0291666666666667));
#4193=CARTESIAN_POINT('',(0.165,0.05,-0.0270833333333333));
#4194=CARTESIAN_POINT('',(0.179999999999998,0.05,-0.03125));
#4195=CARTESIAN_POINT('',(0.179999999999998,0.05,-0.0291666666666667));
#4196=CARTESIAN_POINT('',(0.179999999999999,0.05,-0.0270833333333333));
#4197=CARTESIAN_POINT('',(0.220101055707455,0.0245360059113136,-0.00384710135208971));
#4198=CARTESIAN_POINT('',(0.219481997437558,0.0246454193450745,-0.00225418163352842));
#4199=CARTESIAN_POINT('',(0.218895045814808,0.024711611960089,-0.00064406947554727));
#4200=CARTESIAN_POINT('',(0.235050527853727,0.0197680029556568,-0.00129855067604485));
#4201=CARTESIAN_POINT('',(0.234740998718779,0.0198227096725372,0.000122909183235792));
#4202=CARTESIAN_POINT('',(0.234447522907404,0.0198558059800445,0.00155296526222636));
#4203=CARTESIAN_POINT('',(0.25,0.015,0.00125));
#4204=CARTESIAN_POINT('',(0.25,0.015,0.0025));
#4205=CARTESIAN_POINT('',(0.25,0.015,0.00375));
#4206=CARTESIAN_POINT('',(0.15,0.05,-0.025));
#4207=CARTESIAN_POINT('',(0.15,0.05,-0.0166666666666667));
#4208=CARTESIAN_POINT('',(0.15,0.05,-0.00833333333333333));
#4209=CARTESIAN_POINT('',(0.15,0.05,0.));
#4210=CARTESIAN_POINT('',(0.165,0.05,-0.025));
#4211=CARTESIAN_POINT('',(0.165000000000001,0.05,-0.0166666666666667));
#4212=CARTESIAN_POINT('',(0.165,0.05,-0.00833333333333333));
#4213=CARTESIAN_POINT('',(0.165,0.05,0.));
#4214=CARTESIAN_POINT('',(0.18,0.05,-0.025));
#4215=CARTESIAN_POINT('',(0.180000000000002,0.05,-0.0166666666666667));
#4216=CARTESIAN_POINT('',(0.18,0.05,-0.00833333333333333));
#4217=CARTESIAN_POINT('',(0.18,0.05,0.));
#4218=CARTESIAN_POINT('',(0.218353215314667,0.0247252415092278,0.000971673069524087));
#4219=CARTESIAN_POINT('',(0.216185893314103,0.0247797597057831,0.00743464324980949));
#4220=CARTESIAN_POINT('',(0.214740509275268,0.0239932688483283,0.0139876996235382));
#4221=CARTESIAN_POINT('',(0.214853343743682,0.0227918261017717,0.02));
#4222=CARTESIAN_POINT('',(0.234176607657334,0.0198626207546139,0.00298583653476204));
#4223=CARTESIAN_POINT('',(0.233092946657051,0.0198898798528916,0.00871732162490475));
#4224=CARTESIAN_POINT('',(0.232370254637634,0.0194966344241642,0.0144938498117691));
#4225=CARTESIAN_POINT('',(0.232426671871841,0.0188959130508859,0.02));
#4226=CARTESIAN_POINT('',(0.25,0.015,0.005));
#4227=CARTESIAN_POINT('',(0.25,0.015,0.01));
#4228=CARTESIAN_POINT('',(0.25,0.015,0.015));
#4229=CARTESIAN_POINT('',(0.25,0.015,0.02));
#4230=B_SPLINE_SURFACE_WITH_KNOTS('Surf_ICOLGFOOWM, Tail, 0, 5',5,3,((#4231, #4232, #4233, #4249, #4250, #4251, #4267, #4268, #4269, #4285, #4286, #4287, #4303, #4304, #4305, #4321, #4322, #4323, #4339, #4340, #4341, #4357, #4358, #4359, #4375, #4376, #4377, #4393, #4394, #4395, #4411, #4412, #4413, #4429, #4430, #4431, #4447, #4448, #4449, #4465, #4466, #4467, #4483, #4484, #4485, #4501, #4502, #4503, #4519, #4520, #4521, #4537, #4538, #4539, #4555, #4556, #4557, #4573, #4574, #4575, #4591, #4592, #4593, #4609, #4610, #4611, #4627, #4628, #4629, #4645, #4646, #4647, #4663, #4664, #4665, #4681, #4682, #4683, #4699, #4700, #4701, #4717, #4718, #4719, #4735, #4736, #4737, #4753, #4754, #4755, #4771, #4772, #4773, #4789, #4790, #4791, #4807, #4808, #4809, #4825, #4826, #4827, #4843, #4844, #4845, #4861, #4862, #4863, #4879, #4880, #4881, #4897, #4898, #4899, #4915, #4916, #4917, #4933, #4934, #4935, #4951, #4952, #4953, #4969, #4970, #4971, #4987, #4988, #4989, #5005, #5006, #5007, #5023, #5024, #5025, #5041, #5042, #5043, #5044),(#4234, #4235, #4236, #4252, #4253, #4254, #4270, #4271, #4272, #4288, #4289, #4290, #4306, #4307, #4308, #4324, #4325, #4326, #4342, #4343, #4344, #4360, #4361, #4362, #4378, #4379, #4380, #4396, #4397, #4398, #4414, #4415, #4416, #4432, #4433, #4434, #4450, #4451, #4452, #4468, #4469, #4470, #4486, #4487, #4488, #4504, #4505, #4506, #4522, #4523, #4524, #4540, #4541, #4542, #4558, #4559, #4560, #4576, #4577, #4578, #4594, #4595, #4596, #4612, #4613, #4614, #4630, #4631, #4632, #4648, #4649, #4650, #4666, #4667, #4668, #4684, #4685, #4686, #4702, #4703, #4704, #4720, #4721, #4722, #4738, #4739, #4740, #4756, #4757, #4758, #4774, #4775, #4776, #4792, #4793, #4794, #4810, #4811, #4812, #4828, #4829, #4830, #4846, #4847, #4848, #4864, #4865, #4866, #4882, #4883, #4884, #4900, #4901, #4902, #4918, #4919, #4920, #4936, #4937, #4938, #4954, #4955, #4956, #4972, #4973, #4974, #4990, #4991, #4992, #5008, #5009, #5010, #5026, #5027, #5028, #5045, #5046, #5047, #5048),(#4237, #4238, #4239, #4255, #4256, #4257, #4273, #4274, #4275, #4291, #4292, #4293, #4309, #4310, #4311, #4327, #4328, #4329, #4345, #4346, #4347, #4363, #4364, #4365, #4381, #4382, #4383, #4399, #4400, #4401, #4417, #4418, #4419, #4435, #4436, #4437, #4453, #4454, #4455, #4471, #4472, #4473, #4489, #4490, #4491, #4507, #4508, #4509, #4525, #4526, #4527, #4543, #4544, #4545, #4561, #4562, #4563, #4579, #4580, #4581, #4597, #4598, #4599, #4615, #4616, #4617, #4633, #4634, #4635, #4651, #4652, #4653, #4669, #4670, #4671, #4687, #4688, #4689, #4705, #4706, #4707, #4723, #4724, #4725, #4741, #4742, #4743, #4759, #4760, #4761, #4777, #4778, #4779, #4795, #4796, #4797, #4813, #4814, #4815, #4831, #4832, #4833, #4849, #4850, #4851, #4867, #4868, #4869, #4885, #4886, #4887, #4903, #4904, #4905, #4921, #4922, #4923, #4939, #4940, #4941, #4957, #4958, #4959, #4975, #4976, #4977, #4993, #4994, #4995, #5011, #5012, #5013, #5029, #5030, #5031, #5049, #5050, #5051, #5052),(#4240, #4241, #4242, #4258, #4259, #4260, #4276, #4277, #4278, #4294, #4295, #4296, #4312, #4313, #4314, #4330, #4331, #4332, #4348, #4349, #4350, #4366, #4367, #4368, #4384, #4385, #4386, #4402, #4403, #4404, #4420, #4421, #4422, #4438, #4439, #4440, #4456, #4457, #4458, #4474, #4475, #4476, #4492, #4493, #4494, #4510, #4511, #4512, #4528, #4529, #4530, #4546, #4547, #4548, #4564, #4565, #4566, #4582, #4583, #4584, #4600, #4601, #4602, #4618, #4619, #4620, #4636, #4637, #4638, #4654, #4655, #4656, #4672, #4673, #4674, #4690, #4691, #4692, #4708, #4709, #4710, #4726, #4727, #4728, #4744, #4745, #4746, #4762, #4763, #4764, #4780, #4781, #4782, #4798, #4799, #4800, #4816, #4817, #4818, #4834, #4835, #4836, #4852, #4853, #4854, #4870, #4871, #4872, #4888, #4889, #4890, #4906, #4907, #4908, #4924, #4925, #4926, #4942, #4943, #4944, #4960, #4961, #4962, #4978, #4979, #4980, #4996, #4997, #4998, #5014, #5015, #5016, #5032, #5033, #5034, #5053, #5054, #5055, #5056),(#4243, #4244, #4245, #4261, #4262, #4263, #4279, #4280, #4281, #4297, #4298, #4299, #4315, #4316, #4317, #4333, #4334, #4335, #4351, #4352, #4353, #4369, #4370, #4371, #4387, #4388, #4389, #4405, #4406, #4407, #4423, #4424, #4425, #4441, #4442, #4443, #4459, #4460, #4461, #4477, #4478, #4479, #4495, #4496, #4497, #4513, #4514, #4515, #4531, #4532, #4533, #4549, #4550, #4551, #4567, #4568, #4569, #4585, #4586, #4587, #4603, #4604, #4605, #4621, #4622, #4623, #4639, #4640, #4641, #4657, #4658, #4659, #4675, #4676, #4677, #4693, #4694, #4695, #4711, #4712, #4713, #4729, #4730, #4731, #4747, #4748, #4749, #4765, #4766, #4767, #4783, #4784, #4785, #4801, #4802, #4803, #4819, #4820, #4821, #4837, #4838, #4839, #4855, #4856, #4857, #4873, #4874, #4875, #4891, #4892, #4893, #4909, #4910, #4911, #4927, #4928, #4929, #4945, #4946, #4947, #4963, #4964, #4965, #4981, #4982, #4983, #4999, #5000, #5001, #5017, #5018, #5019, #5035, #5036, #5037, #5057, #5058, #5059, #5060),(#4246, #4247, #4248, #4264, #4265, #4266, #4282, #4283, #4284, #4300, #4301, #4302, #4318, #4319, #4320, #4336, #4337, #4338, #4354, #4355, #4356, #4372, #4373, #4374, #4390, #4391, #4392, #4408, #4409, #4410, #4426, #4427, #4428, #4444, #4445, #4446, #4462, #4463, #4464, #4480, #4481, #4482, #4498, #4499, #4500, #4516, #4517, #4518, #4534, #4535, #4536, #4552, #4553, #4554, #4570, #4571, #4572, #4588, #4589, #4590, #4606, #4607, #4608, #4624, #4625, #4626, #4642, #4643, #4644, #4660, #4661, #4662, #4678, #4679, #4680, #4696, #4697, #4698, #4714, #4715, #4716, #4732, #4733, #4734, #4750, #4751, #4752, #4768, #4769, #4770, #4786, #4787, #4788, #4804, #4805, #4806, #4822, #4823, #4824, #4840, #4841, #4842, #4858, #4859, #4860, #4876, #4877, #4878, #4894, #4895, #4896, #4912, #4913, #4914, #4930, #4931, #4932, #4948, #4949, #4950, #4966, #4967, #4968, #4984, #4985, #4986, #5002, #5003, #5004, #5020, #5021, #5022, #5038, #5039, #5040, #5061, #5062, #5063, #5064)),.UNSPECIFIED.,.F.,.F.,.F.,(6,6),(4,3,3,3,3,3,3,3,3,3,3,3,3,3,3,3,3,3,3,3,3,3,3,3,3,3,3,3,3,3,3,3,3,3,3,3,3,3,3,3,3,3,3,3,3,3,4),(0.,1.),(0.,1.,2.,3.,4.,5.,6.,7.,8.,9.,10.,11.,12.,13.,14.,15.,16.,17.,18.,19.,20.,21.,22.,23.,24.,25.,26.,27.,28.,29.,30.,31.,32.,33.,34.,35.,36.,37.,38.,39.,40.,41.,42.,43.,44.,45.,46.),.PIECEWISE_BEZIER_KNOTS.);
#4231=CARTESIAN_POINT('',(0.15,-0.05,0.));
#4232=CARTESIAN_POINT('',(0.15,-0.05,-0.00833333333333333));
#4233=CARTESIAN_POINT('',(0.15,-0.05,-0.0166666666666667));
#4234=CARTESIAN_POINT('',(0.165,-0.05,0.));
#4235=CARTESIAN_POINT('',(0.165,-0.05,-0.00833333333333333));
#4236=CARTESIAN_POINT('',(0.165,-0.05,-0.0166666666666667));
#4237=CARTESIAN_POINT('',(0.18,-0.05,0.));
#4238=CARTESIAN_POINT('',(0.18,-0.05,-0.00833333333333333));
#4239=CARTESIAN_POINT('',(0.18,-0.05,-0.0166666666666667));
#4240=CARTESIAN_POINT('',(0.214853343743682,-0.0227918261017717,0.02));
#4241=CARTESIAN_POINT('',(0.21474050927515,-0.0239932688483545,0.013987699624337));
#4242=CARTESIAN_POINT('',(0.216185893313667,-0.0247797597045981,0.00743464325219692));
#4243=CARTESIAN_POINT('',(0.232426671871841,-0.0188959130508859,0.02));
#4244=CARTESIAN_POINT('',(0.232370254637575,-0.0194966344241772,0.0144938498121685));
#4245=CARTESIAN_POINT('',(0.233092946656834,-0.019889879852299,0.00871732162609846));
#4246=CARTESIAN_POINT('',(0.25,-0.015,0.02));
#4247=CARTESIAN_POINT('',(0.25,-0.015,0.015));
#4248=CARTESIAN_POINT('',(0.25,-0.015,0.01));
#4249=CARTESIAN_POINT('',(0.15,-0.05,-0.025));
#4250=CARTESIAN_POINT('',(0.15,-0.05,-0.0270833333333333));
#4251=CARTESIAN_POINT('',(0.15,-0.05,-0.0291666666666667));
#4252=CARTESIAN_POINT('',(0.165,-0.05,-0.025));
#4253=CARTESIAN_POINT('',(0.165,-0.05,-0.0270833333333333));
#4254=CARTESIAN_POINT('',(0.165,-0.05,-0.0291666666666667));
#4255=CARTESIAN_POINT('',(0.18,-0.05,-0.025));
#4256=CARTESIAN_POINT('',(0.18,-0.05,-0.0270833333333333));
#4257=CARTESIAN_POINT('',(0.18,-0.05,-0.0291666666666667));
#4258=CARTESIAN_POINT('',(0.218353215314667,-0.0247252415092277,0.000971673069524089));
#4259=CARTESIAN_POINT('',(0.218895045814917,-0.0247116119603851,-0.000644069476144121));
#4260=CARTESIAN_POINT('',(0.219481997437823,-0.0246454193458167,-0.00225418163497062));
#4261=CARTESIAN_POINT('',(0.234176607657334,-0.0198626207546139,0.00298583653476204));
#4262=CARTESIAN_POINT('',(0.234447522907459,-0.0198558059801926,0.00155296526192794));
#4263=CARTESIAN_POINT('',(0.234740998718911,-0.0198227096729083,0.00012290918251469));
#4264=CARTESIAN_POINT('',(0.25,-0.015,0.005));
#4265=CARTESIAN_POINT('',(0.25,-0.015,0.00375));
#4266=CARTESIAN_POINT('',(0.25,-0.015,0.0025));
#4267=CARTESIAN_POINT('',(0.15,-0.05,-0.03125));
#4268=CARTESIAN_POINT('',(0.15,-0.05,-0.0317708333333333));
#4269=CARTESIAN_POINT('',(0.15,-0.05,-0.0322916666666667));
#4270=CARTESIAN_POINT('',(0.165,-0.05,-0.03125));
#4271=CARTESIAN_POINT('',(0.165,-0.05,-0.0317708333333333));
#4272=CARTESIAN_POINT('',(0.165,-0.05,-0.0322916666666667));
#4273=CARTESIAN_POINT('',(0.18,-0.05,-0.03125));
#4274=CARTESIAN_POINT('',(0.18,-0.05,-0.0317708333333333));
#4275=CARTESIAN_POINT('',(0.18,-0.05,-0.0322916666666667));
#4276=CARTESIAN_POINT('',(0.220101055707454,-0.0245360059113136,-0.00384710135208967));
#4277=CARTESIAN_POINT('',(0.220255820274862,-0.0245086525526878,-0.00424533128136944));
#4278=CARTESIAN_POINT('',(0.220412591507691,-0.0244785978928161,-0.00464248668304248));
#4279=CARTESIAN_POINT('',(0.235050527853727,-0.0197680029556568,-0.00129855067604484));
#4280=CARTESIAN_POINT('',(0.235127910137431,-0.0197543262763439,-0.00165391564068472));
#4281=CARTESIAN_POINT('',(0.235206295753845,-0.019739298946408,-0.00200874334152124));
#4282=CARTESIAN_POINT('',(0.25,-0.015,0.00125));
#4283=CARTESIAN_POINT('',(0.25,-0.015,0.000937500000000001));
#4284=CARTESIAN_POINT('',(0.25,-0.015,0.000625000000000004));
#4285=CARTESIAN_POINT('',(0.15,-0.05,-0.0328125));
#4286=CARTESIAN_POINT('',(0.15,-0.05,-0.0329427083333333));
#4287=CARTESIAN_POINT('',(0.15,-0.05,-0.0330729166666667));
#4288=CARTESIAN_POINT('',(0.165,-0.05,-0.0328125));
#4289=CARTESIAN_POINT('',(0.165,-0.05,-0.0329427083333333));
#4290=CARTESIAN_POINT('',(0.165,-0.05,-0.0330729166666667));
#4291=CARTESIAN_POINT('',(0.18,-0.05,-0.0328125));
#4292=CARTESIAN_POINT('',(0.18,-0.05,-0.0329427083333333));
#4293=CARTESIAN_POINT('',(0.18,-0.05,-0.0330729166666667));
#4294=CARTESIAN_POINT('',(0.220571172521759,-0.0244457636926986,-0.00503845903735809));
#4295=CARTESIAN_POINT('',(0.220610817775276,-0.0244375551426692,-0.005137452125937));
#4296=CARTESIAN_POINT('',(0.220650576140121,-0.0244291728713745,-0.00523637127405607));
#4297=CARTESIAN_POINT('',(0.23528558626088,-0.0197228818463493,-0.00236297951867905));
#4298=CARTESIAN_POINT('',(0.235305408887638,-0.0197187775713346,-0.0024515385629685));
#4299=CARTESIAN_POINT('',(0.235325288070061,-0.0197145864356873,-0.00254006063702803));
#4300=CARTESIAN_POINT('',(0.25,-0.015,0.000312500000000004));
#4301=CARTESIAN_POINT('',(0.25,-0.015,0.000234375000000005));
#4302=CARTESIAN_POINT('',(0.25,-0.015,0.00015625));
#4303=CARTESIAN_POINT('',(0.15,-0.05,-0.033203125));
#4304=CARTESIAN_POINT('',(0.15,-0.05,-0.0332356770833333));
#4305=CARTESIAN_POINT('',(0.15,-0.05,-0.0332682291666667));
#4306=CARTESIAN_POINT('',(0.165,-0.05,-0.033203125));
#4307=CARTESIAN_POINT('',(0.165,-0.05,-0.0332356770833333));
#4308=CARTESIAN_POINT('',(0.165,-0.05,-0.0332682291666667));
#4309=CARTESIAN_POINT('',(0.18,-0.05,-0.033203125));
#4310=CARTESIAN_POINT('',(0.18,-0.05,-0.0332356770833333));
#4311=CARTESIAN_POINT('',(0.18,-0.05,-0.0332682291666667));
#4312=CARTESIAN_POINT('',(0.220690444441036,-0.0244206221975379,-0.00533521326561889));
#4313=CARTESIAN_POINT('',(0.220700411516264,-0.0244184845290787,-0.0053599237635096));
#4314=CARTESIAN_POINT('',(0.220710385462497,-0.0244163363354607,-0.00538462943911554));
#4315=CARTESIAN_POINT('',(0.235345222220518,-0.0197103110987689,-0.00262854413280944));
#4316=CARTESIAN_POINT('',(0.235350205758132,-0.0197092422645394,-0.0026506650067548));
#4317=CARTESIAN_POINT('',(0.235355192731249,-0.0197081681677303,-0.00267278346955777));
#4318=CARTESIAN_POINT('',(0.25,-0.015,7.81250000000018E-05));
#4319=CARTESIAN_POINT('',(0.25,-0.015,5.85937500000022E-05));
#4320=CARTESIAN_POINT('',(0.25,-0.015,3.90625000000026E-05));
#4321=CARTESIAN_POINT('',(0.15,-0.05,-0.03330078125));
#4322=CARTESIAN_POINT('',(0.15,-0.05,-0.0333170572916667));
#4323=CARTESIAN_POINT('',(0.15,-0.05,-0.0333333333333333));
#4324=CARTESIAN_POINT('',(0.165,-0.05,-0.03330078125));
#4325=CARTESIAN_POINT('',(0.165,-0.05,-0.0333170572916667));
#4326=CARTESIAN_POINT('',(0.165,-0.05,-0.0333333333333333));
#4327=CARTESIAN_POINT('',(0.18,-0.05,-0.03330078125));
#4328=CARTESIAN_POINT('',(0.18,-0.05,-0.0333170572916667));
#4329=CARTESIAN_POINT('',(0.18,-0.05,-0.0333333333333333));
#4330=CARTESIAN_POINT('',(0.220720366233022,-0.0244141775378257,-0.00540933028266377));
#4331=CARTESIAN_POINT('',(0.220725356618284,-0.0244130981390082,-0.00542168070443789));
#4332=CARTESIAN_POINT('',(0.22073034870962,-0.024412019106623,-0.00543403021628628));
#4333=CARTESIAN_POINT('',(0.235360183116511,-0.0197070887689128,-0.00269489951633188));
#4334=CARTESIAN_POINT('',(0.235362678309142,-0.0197065490695041,-0.00270595753971895));
#4335=CARTESIAN_POINT('',(0.23536517435481,-0.0197060110620298,-0.00271701525718749));
#4336=CARTESIAN_POINT('',(0.25,-0.015,1.95312500000031E-05));
#4337=CARTESIAN_POINT('',(0.25,-0.015,9.76562500000153E-06));
#4338=CARTESIAN_POINT('',(0.25,-0.0150000030174365,-2.98088699557386E-10));
#4339=CARTESIAN_POINT('',(0.15,-0.05,-0.033349609375));
#4340=CARTESIAN_POINT('',(0.15,-0.05,-0.0333658854166667));
#4341=CARTESIAN_POINT('',(0.15,-0.05,-0.0333821614583333));
#4342=CARTESIAN_POINT('',(0.165,-0.05,-0.033349609375));
#4343=CARTESIAN_POINT('',(0.165,-0.05,-0.0333658854166667));
#4344=CARTESIAN_POINT('',(0.165,-0.05,-0.0333821614583333));
#4345=CARTESIAN_POINT('',(0.18,-0.05,-0.033349609375));
#4346=CARTESIAN_POINT('',(0.18,-0.05,-0.0333658854166667));
#4347=CARTESIAN_POINT('',(0.18,-0.05,-0.0333821614583333));
#4348=CARTESIAN_POINT('',(0.220735342500661,-0.024410928380909,-0.0054443768069055));
#4349=CARTESIAN_POINT('',(0.220740336291702,-0.024409837655195,-0.00545472339752471));
#4350=CARTESIAN_POINT('',(0.220745331782448,-0.0244087352370297,-0.00546506787705797));
#4351=CARTESIAN_POINT('',(0.23536767125033,-0.0197054626816265,-0.00272607066104239));
#4352=CARTESIAN_POINT('',(0.235370168145851,-0.0197049143012233,-0.00273512606489729));
#4353=CARTESIAN_POINT('',(0.235372665891224,-0.0197043555487687,-0.00274417996528177));
#4354=CARTESIAN_POINT('',(0.25,-0.0149999969823441,-7.7645151792885E-06));
#4355=CARTESIAN_POINT('',(0.25,-0.0149999909472516,-1.55287322698774E-05));
#4356=CARTESIAN_POINT('',(0.25,-0.0149999758605076,-2.32920535055761E-05));
#4357=CARTESIAN_POINT('',(0.15,-0.05,-0.0333984375));
#4358=CARTESIAN_POINT('',(0.15,-0.05,-0.0334635416666667));
#4359=CARTESIAN_POINT('',(0.15,-0.05,-0.0335286458333333));
#4360=CARTESIAN_POINT('',(0.165,-0.05,-0.0333984375));
#4361=CARTESIAN_POINT('',(0.165,-0.05,-0.0334635416666667));
#4362=CARTESIAN_POINT('',(0.165,-0.05,-0.0335286458333333));
#4363=CARTESIAN_POINT('',(0.18,-0.05,-0.0333984375));
#4364=CARTESIAN_POINT('',(0.18,-0.05,-0.0334635416666667));
#4365=CARTESIAN_POINT('',(0.18,-0.05,-0.0335286458333333));
#4366=CARTESIAN_POINT('',(0.220750328967568,-0.0244076211349089,-0.00547541023113406));
#4367=CARTESIAN_POINT('',(0.220770317708045,-0.0244031647264256,-0.00551677964743844));
#4368=CARTESIAN_POINT('',(0.22079033355848,-0.0243985213746542,-0.00555811505642835));
#4369=CARTESIAN_POINT('',(0.235375164483784,-0.0197037864314719,-0.00275323234786076));
#4370=CARTESIAN_POINT('',(0.235385158854022,-0.0197015099622848,-0.00278944187817671));
#4371=CARTESIAN_POINT('',(0.23539516677924,-0.0196990676556236,-0.00282562712360492));
#4372=CARTESIAN_POINT('',(0.25,-0.0149999517280349,-3.10544645874544E-05));
#4373=CARTESIAN_POINT('',(0.25,-0.0149998551981439,-6.21041089149746E-05));
#4374=CARTESIAN_POINT('',(0.25,-0.0149996139365931,-9.31391907814973E-05));
#4375=CARTESIAN_POINT('',(0.15,-0.05,-0.03359375));
#4376=CARTESIAN_POINT('',(0.15,-0.05,-0.0338541666666667));
#4377=CARTESIAN_POINT('',(0.15,-0.05,-0.0341145833333333));
#4378=CARTESIAN_POINT('',(0.165,-0.05,-0.03359375));
#4379=CARTESIAN_POINT('',(0.165,-0.05,-0.0338541666666667));
#4380=CARTESIAN_POINT('',(0.165,-0.05,-0.0341145833333333));
#4381=CARTESIAN_POINT('',(0.18,-0.05,-0.03359375));
#4382=CARTESIAN_POINT('',(0.18,-0.05,-0.0338541666666667));
#4383=CARTESIAN_POINT('',(0.18,-0.05,-0.0341145833333333));
#4384=CARTESIAN_POINT('',(0.220810376100784,-0.0243936915485096,-0.00559941510120948));
#4385=CARTESIAN_POINT('',(0.220890546269999,-0.0243743722439312,-0.00576461528033401));
#4386=CARTESIAN_POINT('',(0.220971143509103,-0.024352069349382,-0.00592924963211815));
#4387=CARTESIAN_POINT('',(0.235405188050392,-0.0196964599354758,-0.00286178694813293));
#4388=CARTESIAN_POINT('',(0.235445273135,-0.0196860290548843,-0.00300642624624495));
#4389=CARTESIAN_POINT('',(0.235485571754551,-0.0196729515585049,-0.00315065880995358));
#4390=CARTESIAN_POINT('',(0.25,-0.014999228322442,-0.000124158795056374));
#4391=CARTESIAN_POINT('',(0.25,-0.0149976858658374,-0.000248237212155885));
#4392=CARTESIAN_POINT('',(0.25,-0.0149938337676277,-0.000372067987789014));
#4393=CARTESIAN_POINT('',(0.15,-0.05,-0.034375));
#4394=CARTESIAN_POINT('',(0.15,-0.05,-0.0354166666666667));
#4395=CARTESIAN_POINT('',(0.15,-0.05,-0.0364583333333333));
#4396=CARTESIAN_POINT('',(0.165,-0.05,-0.034375));
#4397=CARTESIAN_POINT('',(0.165,-0.05,-0.0354166666666667));
#4398=CARTESIAN_POINT('',(0.165,-0.05,-0.0364583333333333));
#4399=CARTESIAN_POINT('',(0.18,-0.05,-0.034375));
#4400=CARTESIAN_POINT('',(0.18,-0.05,-0.0354166666666667));
#4401=CARTESIAN_POINT('',(0.18,-0.05,-0.0364583333333333));
#4402=CARTESIAN_POINT('',(0.221052144217963,-0.0243268211472883,-0.00609324857525279));
#4403=CARTESIAN_POINT('',(0.221376147053405,-0.0242258283389136,-0.00674924434779137));
#4404=CARTESIAN_POINT('',(0.221706605404952,-0.0240777106098275,-0.00739507358193804));
#4405=CARTESIAN_POINT('',(0.235526072108982,-0.0196572587174555,-0.00329442056442328));
#4406=CARTESIAN_POINT('',(0.235688073526703,-0.0195944873532581,-0.00386946758230206));
#4407=CARTESIAN_POINT('',(0.235853302702476,-0.0194898704743425,-0.00443698165235788));
#4408=CARTESIAN_POINT('',(0.25,-0.0149876962876227,-0.000495592553593764));
#4409=CARTESIAN_POINT('',(0.25,-0.0149631463676026,-0.000989690816812761));
#4410=CARTESIAN_POINT('',(0.25,-0.0149020303388576,-0.00147888972277771));
#4411=CARTESIAN_POINT('',(0.15,-0.05,-0.0375));
#4412=CARTESIAN_POINT('',(0.15,-0.05,-0.0380208333333333));
#4413=CARTESIAN_POINT('',(0.15,-0.05,-0.0385416666666667));
#4414=CARTESIAN_POINT('',(0.165,-0.05,-0.0375));
#4415=CARTESIAN_POINT('',(0.165,-0.05,-0.0380208333333333));
#4416=CARTESIAN_POINT('',(0.165,-0.05,-0.0385416666666667));
#4417=CARTESIAN_POINT('',(0.18,-0.05,-0.0375));
#4418=CARTESIAN_POINT('',(0.18,-0.05,-0.0380208333333333));
#4419=CARTESIAN_POINT('',(0.18,-0.05,-0.0385416666666667));
#4420=CARTESIAN_POINT('',(0.222041901073898,-0.0238846895132108,-0.00802569355314778));
#4421=CARTESIAN_POINT('',(0.222209548908372,-0.0237881789649024,-0.00834100353875265));
#4422=CARTESIAN_POINT('',(0.222378406072195,-0.0236804425747114,-0.00865251120862328));
#4423=CARTESIAN_POINT('',(0.236020950536949,-0.0193452951712148,-0.00499256722473436));
#4424=CARTESIAN_POINT('',(0.236104774454186,-0.019273007519651,-0.0052703600109226));
#4425=CARTESIAN_POINT('',(0.236189203036097,-0.0191907302620341,-0.00554517067269101));
#4426=CARTESIAN_POINT('',(0.25,-0.0148059008292189,-0.00195944089632094));
#4427=CARTESIAN_POINT('',(0.25,-0.0147578360743996,-0.00219971648309256));
#4428=CARTESIAN_POINT('',(0.25,-0.0147010179493568,-0.00243783013675874));
#4429=CARTESIAN_POINT('',(0.15,-0.05,-0.0390625));
#4430=CARTESIAN_POINT('',(0.15,-0.05,-0.0393229166666667));
#4431=CARTESIAN_POINT('',(0.15,-0.05,-0.0395833333333333));
#4432=CARTESIAN_POINT('',(0.165,-0.05,-0.0390625));
#4433=CARTESIAN_POINT('',(0.165,-0.05,-0.0393229166666667));
#4434=CARTESIAN_POINT('',(0.165,-0.05,-0.0395833333333333));
#4435=CARTESIAN_POINT('',(0.18,-0.05,-0.0390625));
#4436=CARTESIAN_POINT('',(0.18,-0.05,-0.0393229166666667));
#4437=CARTESIAN_POINT('',(0.18,-0.05,-0.0395833333333333));
#4438=CARTESIAN_POINT('',(0.222548286352026,-0.0235618164581238,-0.00895967374489731));
#4439=CARTESIAN_POINT('',(0.222633226491942,-0.0235025033998299,-0.00911325501303432));
#4440=CARTESIAN_POINT('',(0.22271842241086,-0.0234404679099369,-0.00926574999777218));
#4441=CARTESIAN_POINT('',(0.236274143176013,-0.0190987284953467,-0.00581649352766042));
#4442=CARTESIAN_POINT('',(0.236316613245971,-0.019052727612003,-0.00595215495514513));
#4443=CARTESIAN_POINT('',(0.23635921120543,-0.0190042956013916,-0.00608694443093008));
#4444=CARTESIAN_POINT('',(0.25,-0.0146356405325696,-0.00267331331042354));
#4445=CARTESIAN_POINT('',(0.25,-0.014602951824176,-0.00279105489725593));
#4446=CARTESIAN_POINT('',(0.25,-0.0145681232928463,-0.00290813886408798));
#4447=CARTESIAN_POINT('',(0.15,-0.05,-0.03984375));
#4448=CARTESIAN_POINT('',(0.15,-0.05,-0.0398763020833333));
#4449=CARTESIAN_POINT('',(0.15,-0.05,-0.0399088541666667));
#4450=CARTESIAN_POINT('',(0.165,-0.05,-0.03984375));
#4451=CARTESIAN_POINT('',(0.165,-0.05,-0.0398763020833333));
#4452=CARTESIAN_POINT('',(0.165,-0.05,-0.0399088541666667));
#4453=CARTESIAN_POINT('',(0.18,-0.05,-0.03984375));
#4454=CARTESIAN_POINT('',(0.18,-0.05,-0.0398763020833333));
#4455=CARTESIAN_POINT('',(0.18,-0.05,-0.0399088541666667));
#4456=CARTESIAN_POINT('',(0.222803850832112,-0.0233757520028805,-0.00941709084687809));
#4457=CARTESIAN_POINT('',(0.222814529384769,-0.0233676625144984,-0.00943600845301633));
#4458=CARTESIAN_POINT('',(0.222825211570274,-0.0233595311445982,-0.00945490802578532));
#4459=CARTESIAN_POINT('',(0.236401925416056,-0.0189534656006354,-0.00622079874471789));
#4460=CARTESIAN_POINT('',(0.236407264692384,-0.0189471118505409,-0.00623753053394137));
#4461=CARTESIAN_POINT('',(0.236412605785137,-0.0189407206318503,-0.00625424771125864));
#4462=CARTESIAN_POINT('',(0.25,-0.0145311791983903,-0.00302450664255769));
#4463=CARTESIAN_POINT('',(0.25,-0.0145265611865833,-0.0030390526148664));
#4464=CARTESIAN_POINT('',(0.25,-0.0145219101191024,-0.00305358739673196));
#4465=CARTESIAN_POINT('',(0.15,-0.05,-0.03994140625));
#4466=CARTESIAN_POINT('',(0.15,-0.05,-0.0399576822916667));
#4467=CARTESIAN_POINT('',(0.15,-0.05,-0.0399739583333333));
#4468=CARTESIAN_POINT('',(0.165,-0.05,-0.03994140625));
#4469=CARTESIAN_POINT('',(0.165,-0.05,-0.0399576822916667));
#4470=CARTESIAN_POINT('',(0.165,-0.05,-0.0399739583333333));
#4471=CARTESIAN_POINT('',(0.18,-0.05,-0.03994140625));
#4472=CARTESIAN_POINT('',(0.18,-0.05,-0.0399576822916667));
#4473=CARTESIAN_POINT('',(0.18,-0.05,-0.0399739583333333));
#4474=CARTESIAN_POINT('',(0.222835897343167,-0.0233513579752392,-0.00947378943266117));
#4475=CARTESIAN_POINT('',(0.222841240229613,-0.0233472713905598,-0.0094832301360991));
#4476=CARTESIAN_POINT('',(0.222846584012906,-0.0233431743560156,-0.00949266629806374));
#4477=CARTESIAN_POINT('',(0.236417948671583,-0.0189342920092847,-0.00627095015321209));
#4478=CARTESIAN_POINT('',(0.236420620114806,-0.0189310776980019,-0.00627930137418882));
#4479=CARTESIAN_POINT('',(0.236423292006453,-0.0189278540357503,-0.00628764891132459));
#4480=CARTESIAN_POINT('',(0.25,-0.0145172260433302,-0.00306811087376301));
#4481=CARTESIAN_POINT('',(0.25,-0.0145148840054441,-0.00307537261227854));
#4482=CARTESIAN_POINT('',(0.25,-0.0145125337154851,-0.00308263152458545));
#4483=CARTESIAN_POINT('',(0.15,-0.05,-0.039990234375));
#4484=CARTESIAN_POINT('',(0.15,-0.05,-0.0400065104166667));
#4485=CARTESIAN_POINT('',(0.15,-0.0499999919488228,-0.0400181171127843));
#4486=CARTESIAN_POINT('',(0.165,-0.05,-0.039990234375));
#4487=CARTESIAN_POINT('',(0.165,-0.05,-0.0400065104166667));
#4488=CARTESIAN_POINT('',(0.165,-0.0499999919488228,-0.0400181171127843));
#4489=CARTESIAN_POINT('',(0.18,-0.05,-0.039990234375));
#4490=CARTESIAN_POINT('',(0.18,-0.05,-0.0400065104166667));
#4491=CARTESIAN_POINT('',(0.18,-0.0499999919488228,-0.0400181171127843));
#4492=CARTESIAN_POINT('',(0.222851928687362,-0.0233390668818642,-0.0095020979019896));
#4493=CARTESIAN_POINT('',(0.222857273361819,-0.0233349594077128,-0.00951152950591547));
#4494=CARTESIAN_POINT('',(0.22286261892744,-0.0233308414939541,-0.00952095655180256));
#4495=CARTESIAN_POINT('',(0.236425964343681,-0.0189246210306201,-0.00629599274918721));
#4496=CARTESIAN_POINT('',(0.236428636680909,-0.0189213880254899,-0.00630433658704982));
#4497=CARTESIAN_POINT('',(0.23643130946372,-0.018918145677481,-0.00631267672563929));
#4498=CARTESIAN_POINT('',(0.25,-0.0145101751793761,-0.00308988759638481));
#4499=CARTESIAN_POINT('',(0.25,-0.014507816643267,-0.00309714366818418));
#4500=CARTESIAN_POINT('',(0.25,-0.014505449861008,-0.00310439689947601));
#4501=CARTESIAN_POINT('',(0.15,-0.0499999517280349,-0.0400310544645875));
#4502=CARTESIAN_POINT('',(0.15,-0.0499997908448833,-0.0400828038718));
#4503=CARTESIAN_POINT('',(0.15,-0.0499992279293432,-0.040134512827732));
#4504=CARTESIAN_POINT('',(0.165,-0.0499999517280349,-0.0400310544645875));
#4505=CARTESIAN_POINT('',(0.165,-0.0499997908448833,-0.0400828038718));
#4506=CARTESIAN_POINT('',(0.165,-0.0499992279293432,-0.040134512827732));
#4507=CARTESIAN_POINT('',(0.18,-0.0499999517280349,-0.0400310544645875));
#4508=CARTESIAN_POINT('',(0.18,-0.0499997908448833,-0.0400828038718));
#4509=CARTESIAN_POINT('',(0.18,-0.0499992279293432,-0.040134512827732));
#4510=CARTESIAN_POINT('',(0.222867965378541,-0.0233267131508456,-0.0095303790230854));
#4511=CARTESIAN_POINT('',(0.222889351182948,-0.0233101997784116,-0.00956806890821675));
#4512=CARTESIAN_POINT('',(0.222910751155053,-0.0232935195363805,-0.00960568559967996));
#4513=CARTESIAN_POINT('',(0.236433982689271,-0.0189148939946836,-0.00632101314952339));
#4514=CARTESIAN_POINT('',(0.236444675591474,-0.018901887263494,-0.0063543588450598));
#4515=CARTESIAN_POINT('',(0.236455375577527,-0.0188887311756879,-0.0063876451053105));
#4516=CARTESIAN_POINT('',(0.25,-0.0145030748385216,-0.00311164727596138));
#4517=CARTESIAN_POINT('',(0.25,-0.0144935747485764,-0.00314064878190285));
#4518=CARTESIAN_POINT('',(0.25,-0.0144839428149953,-0.00316960461094103));
#4519=CARTESIAN_POINT('',(0.15,-0.0499982647363199,-0.0401861770956674));
#4520=CARTESIAN_POINT('',(0.15,-0.0499963383502732,-0.0402895056315384));
#4521=CARTESIAN_POINT('',(0.15,-0.0499928108542936,-0.0403926554154231));
#4522=CARTESIAN_POINT('',(0.165,-0.0499982647363199,-0.0401861770956674));
#4523=CARTESIAN_POINT('',(0.165,-0.0499963383502732,-0.0402895056315384));
#4524=CARTESIAN_POINT('',(0.165,-0.0499928108542936,-0.0403926554154231));
#4525=CARTESIAN_POINT('',(0.18,-0.0499982647363199,-0.0401861770956674));
#4526=CARTESIAN_POINT('',(0.18,-0.0499963383502732,-0.0402895056315384));
#4527=CARTESIAN_POINT('',(0.18,-0.0499928108542936,-0.0403926554154231));
#4528=CARTESIAN_POINT('',(0.222932164931158,-0.0232766730812277,-0.0096432280372839));
#4529=CARTESIAN_POINT('',(0.222974992483368,-0.0232429801709223,-0.00971831291249179));
#4530=CARTESIAN_POINT('',(0.223017875251578,-0.0232086224081304,-0.00979310077226258));
#4531=CARTESIAN_POINT('',(0.236466082465579,-0.0188754262490328,-0.00642087094261457));
#4532=CARTESIAN_POINT('',(0.236487496241684,-0.0188488163957226,-0.00648732261722273));
#4533=CARTESIAN_POINT('',(0.236508937625789,-0.0188216111870166,-0.00655353260004443));
#4534=CARTESIAN_POINT('',(0.25,-0.0144741794168378,-0.00319851384794524));
#4535=CARTESIAN_POINT('',(0.25,-0.0144546526205229,-0.00325633232195368));
#4536=CARTESIAN_POINT('',(0.25,-0.0144345999659027,-0.00331396442782627));
#4537=CARTESIAN_POINT('',(0.15,-0.0499876962876227,-0.0404955925535938));
#4538=CARTESIAN_POINT('',(0.15,-0.0499467797542559,-0.0413190896589588));
#4539=CARTESIAN_POINT('',(0.15,-0.0498042906966531,-0.0421289774386181));
#4540=CARTESIAN_POINT('',(0.165,-0.0499876962876227,-0.0404955925535938));
#4541=CARTESIAN_POINT('',(0.165,-0.0499467797542559,-0.0413190896589588));
#4542=CARTESIAN_POINT('',(0.165,-0.0498042906966531,-0.0421289774386181));
#4543=CARTESIAN_POINT('',(0.18,-0.0499876962876227,-0.0404955925535938));
#4544=CARTESIAN_POINT('',(0.180000000000001,-0.0499467797542559,-0.0413190896589588));
#4545=CARTESIAN_POINT('',(0.18,-0.0498042906966531,-0.0421289774386181));
#4546=CARTESIAN_POINT('',(0.223060810326205,-0.0231736050446567,-0.00986758313506719));
#4547=CARTESIAN_POINT('',(0.223404290923218,-0.0228934661368665,-0.0104634420375041));
#4548=CARTESIAN_POINT('',(0.223751119130898,-0.0225711127854335,-0.011039749134105));
#4549=CARTESIAN_POINT('',(0.236530405163102,-0.018793814765055,-0.00661949298979249));
#4550=CARTESIAN_POINT('',(0.236702145461609,-0.0185714433893627,-0.00714717610777698));
#4551=CARTESIAN_POINT('',(0.236875559565449,-0.0183112343653177,-0.00765888526904881));
#4552=CARTESIAN_POINT('',(0.25,-0.0144140244854534,-0.00337140284451779));
#4553=CARTESIAN_POINT('',(0.25,-0.0142494206418588,-0.00383091017804989));
#4554=CARTESIAN_POINT('',(0.25,-0.0140513559452019,-0.00427802140399259));
#4555=CARTESIAN_POINT('',(0.15,-0.049567417206626,-0.0429079023038325));
#4556=CARTESIAN_POINT('',(0.15,-0.0490936702265719,-0.0444657520342612));
#4557=CARTESIAN_POINT('',(0.15,-0.0482423855168207,-0.0458997501069103));
#4558=CARTESIAN_POINT('',(0.165,-0.049567417206626,-0.0429079023038325));
#4559=CARTESIAN_POINT('',(0.165,-0.0490936702265719,-0.0444657520342612));
#4560=CARTESIAN_POINT('',(0.165,-0.0482423855168207,-0.0458997501069103));
#4561=CARTESIAN_POINT('',(0.18,-0.049567417206626,-0.0429079023038325));
#4562=CARTESIAN_POINT('',(0.179999999999999,-0.0490936702265719,-0.0444657520342612));
#4563=CARTESIAN_POINT('',(0.18,-0.0482423855168207,-0.0458997501069103));
#4564=CARTESIAN_POINT('',(0.224099805242512,-0.0222092339142454,-0.0115921618819711));
#4565=CARTESIAN_POINT('',(0.224797177465739,-0.0214854761718691,-0.0126969873777032));
#4566=CARTESIAN_POINT('',(0.225501981304702,-0.0206036163504723,-0.0137062354784957));
#4567=CARTESIAN_POINT('',(0.237049902621256,-0.0180153084687797,-0.00815057501457465));
#4568=CARTESIAN_POINT('',(0.23739858873287,-0.0174234566757037,-0.00913395450562633));
#4569=CARTESIAN_POINT('',(0.237750990652351,-0.0166887373926555,-0.010037256333694));
#4570=CARTESIAN_POINT('',(0.25,-0.0138213830233141,-0.00470898814717821));
#4571=CARTESIAN_POINT('',(0.25,-0.0133614371795383,-0.00557092163354944));
#4572=CARTESIAN_POINT('',(0.25,-0.0127738584348386,-0.00636827718889234));
#4573=CARTESIAN_POINT('',(0.15,-0.0470710678118655,-0.0470710678118655));
#4574=CARTESIAN_POINT('',(0.15,-0.0470619168922955,-0.0470802187314354));
#4575=CARTESIAN_POINT('',(0.15,-0.0470527499399883,-0.0470893501177415));
#4576=CARTESIAN_POINT('',(0.165,-0.0470710678118655,-0.0470710678118655));
#4577=CARTESIAN_POINT('',(0.165,-0.0470619168922955,-0.0470802187314354));
#4578=CARTESIAN_POINT('',(0.165,-0.0470527499399883,-0.0470893501177415));
#4579=CARTESIAN_POINT('',(0.18,-0.0470710678118655,-0.0470710678118655));
#4580=CARTESIAN_POINT('',(0.18,-0.0470619168922955,-0.0470802187314354));
#4581=CARTESIAN_POINT('',(0.18,-0.0470527499399883,-0.0470893501177415));
#4582=CARTESIAN_POINT('',(0.226202299105535,-0.0195851658411568,-0.0145851658411568));
#4583=CARTESIAN_POINT('',(0.226207770338354,-0.0195772091965528,-0.0145920324846151));
#4584=CARTESIAN_POINT('',(0.226213241297367,-0.0195747403558854,-0.0145934046361596));
#4585=CARTESIAN_POINT('',(0.238101149552768,-0.0158281168265112,-0.0108281168265112));
#4586=CARTESIAN_POINT('',(0.238103885169177,-0.0158213932283382,-0.0108342954241113));
#4587=CARTESIAN_POINT('',(0.238106620648684,-0.0158201580865313,-0.0108349806208867));
#4588=CARTESIAN_POINT('',(0.25,-0.0120710678118655,-0.00707106781186547));
#4589=CARTESIAN_POINT('',(0.25,-0.0120655772601235,-0.00707655836360745));
#4590=CARTESIAN_POINT('',(0.25,-0.0120655758171771,-0.0070765566056137));
#4591=CARTESIAN_POINT('',(0.15,-0.0470435670211424,-0.0470984619433634));
#4592=CARTESIAN_POINT('',(0.15,-0.0470343841022966,-0.0471075737689852));
#4593=CARTESIAN_POINT('',(0.15,-0.0470251852169121,-0.0471166660339228));
#4594=CARTESIAN_POINT('',(0.165,-0.0470435670211424,-0.0470984619433634));
#4595=CARTESIAN_POINT('',(0.165,-0.0470343841022966,-0.0471075737689852));
#4596=CARTESIAN_POINT('',(0.165,-0.0470251852169121,-0.0471166660339228));
#4597=CARTESIAN_POINT('',(0.18,-0.0470435670211424,-0.0470984619433634));
#4598=CARTESIAN_POINT('',(0.18,-0.0470343841022966,-0.0471075737689852));
#4599=CARTESIAN_POINT('',(0.18,-0.0470251852169121,-0.0471166660339228));
#4600=CARTESIAN_POINT('',(0.226218711993904,-0.0195695235370014,-0.0145975182128502));
#4601=CARTESIAN_POINT('',(0.226224182690441,-0.0195643067181173,-0.0146016317895409));
#4602=CARTESIAN_POINT('',(0.226229653124501,-0.0195590871968875,-0.0146057415155067));
#4603=CARTESIAN_POINT('',(0.238109355996952,-0.0158161755971011,-0.0108384082888035));
#4604=CARTESIAN_POINT('',(0.23811209134522,-0.0158121931076709,-0.0108418359567204));
#4605=CARTESIAN_POINT('',(0.238114826562251,-0.0158082085464883,-0.0108452608199079));
#4606=CARTESIAN_POINT('',(0.25,-0.0120628276572008,-0.00707929836475684));
#4607=CARTESIAN_POINT('',(0.25,-0.0120600794972245,-0.00708204012389999));
#4608=CARTESIAN_POINT('',(0.25,-0.0120573298960891,-0.00708478012430904));
#4609=CARTESIAN_POINT('',(0.15,-0.0470159704311878,-0.0471257387107557));
#4610=CARTESIAN_POINT('',(0.15,-0.0469975408597391,-0.0471438840644215));
#4611=CARTESIAN_POINT('',(0.15,-0.0469790476869307,-0.0471619510656687));
#4612=CARTESIAN_POINT('',(0.165,-0.0470159704311878,-0.0471257387107557));
#4613=CARTESIAN_POINT('',(0.165,-0.0469975408597391,-0.0471438840644215));
#4614=CARTESIAN_POINT('',(0.165,-0.0469790476869307,-0.0471619510656687));
#4615=CARTESIAN_POINT('',(0.18,-0.0470159704311878,-0.0471257387107557));
#4616=CARTESIAN_POINT('',(0.18,-0.0469975408597391,-0.0471438840644215));
#4617=CARTESIAN_POINT('',(0.18,-0.0469790476869307,-0.0471619510656687));
#4618=CARTESIAN_POINT('',(0.226235123286636,-0.019553864970538,-0.0146098473672659));
#4619=CARTESIAN_POINT('',(0.226246063610906,-0.0195434205178388,-0.0146180590707843));
#4620=CARTESIAN_POINT('',(0.226257002847476,-0.0195329652446603,-0.014626255277476));
#4621=CARTESIAN_POINT('',(0.238117561643318,-0.0158042219130601,-0.0108486828662548));
#4622=CARTESIAN_POINT('',(0.238123031805453,-0.0157962486462035,-0.0108555269589485));
#4623=CARTESIAN_POINT('',(0.238128501423738,-0.0157882670903641,-0.0108623597842801));
#4624=CARTESIAN_POINT('',(0.25,-0.0120545788555822,-0.00708751836524363));
#4625=CARTESIAN_POINT('',(0.25,-0.0120490767745683,-0.00709299484711282));
#4626=CARTESIAN_POINT('',(0.25,-0.0120435689360679,-0.0070984642910842));
#4627=CARTESIAN_POINT('',(0.15,-0.0469604914423522,-0.0471799394951342));
#4628=CARTESIAN_POINT('',(0.15,-0.0469233789531952,-0.047215916354065));
#4629=CARTESIAN_POINT('',(0.15,-0.0468860141769576,-0.0472515789258688));
#4630=CARTESIAN_POINT('',(0.165,-0.0469604914423522,-0.0471799394951342));
#4631=CARTESIAN_POINT('',(0.165,-0.0469233789531952,-0.047215916354065));
#4632=CARTESIAN_POINT('',(0.165,-0.0468860141769576,-0.0472515789258688));
#4633=CARTESIAN_POINT('',(0.18,-0.0469604914423522,-0.0471799394951342));
#4634=CARTESIAN_POINT('',(0.18,-0.0469233789531952,-0.047215916354065));
#4635=CARTESIAN_POINT('',(0.18,-0.0468860141769576,-0.0472515789258688));
#4636=CARTESIAN_POINT('',(0.226267940956238,-0.0195224992116414,-0.0146344359923772));
#4637=CARTESIAN_POINT('',(0.226289817173761,-0.0195015671456036,-0.0146507974221798));
#4638=CARTESIAN_POINT('',(0.226311688880053,-0.0194805920402041,-0.0146670968848207));
#4639=CARTESIAN_POINT('',(0.238133970478119,-0.0157802772830107,-0.0108691813418061));
#4640=CARTESIAN_POINT('',(0.238144908586881,-0.0157642976683038,-0.0108828244568582));
#4641=CARTESIAN_POINT('',(0.238155844440027,-0.0157482850475408,-0.0108964225006882));
#4642=CARTESIAN_POINT('',(0.25,-0.0120380553543799,-0.00710392669123499));
#4643=CARTESIAN_POINT('',(0.25,-0.0120270281910039,-0.00711485149153657));
#4644=CARTESIAN_POINT('',(0.25,-0.0120159780548775,-0.00712574811655574));
#4645=CARTESIAN_POINT('',(0.15,-0.0468484013503555,-0.0472869254556402));
#4646=CARTESIAN_POINT('',(0.15,-0.0467731756971512,-0.0473576185151831));
#4647=CARTESIAN_POINT('',(0.15,-0.0466969578424886,-0.0474270474065966));
#4648=CARTESIAN_POINT('',(0.165,-0.0468484013503555,-0.0472869254556402));
#4649=CARTESIAN_POINT('',(0.165,-0.0467731756971512,-0.0473576185151831));
#4650=CARTESIAN_POINT('',(0.165,-0.0466969578424886,-0.0474270474065966));
#4651=CARTESIAN_POINT('',(0.18,-0.0468484013503555,-0.0472869254556402));
#4652=CARTESIAN_POINT('',(0.18,-0.0467731756971512,-0.0473576185151831));
#4653=CARTESIAN_POINT('',(0.18,-0.0466969578424886,-0.0474270474065966));
#4654=CARTESIAN_POINT('',(0.226333555730136,-0.0194595743172195,-0.0146833342888985));
#4655=CARTESIAN_POINT('',(0.2263772894303,-0.0194175388712502,-0.0147158090970543));
#4656=CARTESIAN_POINT('',(0.226421003705623,-0.0193753329549405,-0.0147480356709582));
#4657=CARTESIAN_POINT('',(0.238166777865068,-0.0157322396888058,-0.0109099754039043));
#4658=CARTESIAN_POINT('',(0.23818864471515,-0.0157001489713357,-0.0109370812103365));
#4659=CARTESIAN_POINT('',(0.238210501852811,-0.0156679273019775,-0.010964006454313));
#4660=CARTESIAN_POINT('',(0.25,-0.0120049050603921,-0.00713661651891005));
#4661=CARTESIAN_POINT('',(0.25,-0.0119827590714213,-0.00715835332361868));
#4662=CARTESIAN_POINT('',(0.25,-0.0119605216490144,-0.0071799772376679));
#4663=CARTESIAN_POINT('',(0.15,-0.0466197816800957,-0.0474951980906389));
#4664=CARTESIAN_POINT('',(0.15,-0.0464654293553099,-0.0476314994587237));
#4665=CARTESIAN_POINT('',(0.15,-0.0463072437996029,-0.0477626879973238));
#4666=CARTESIAN_POINT('',(0.165,-0.0466197816800957,-0.0474951980906389));
#4667=CARTESIAN_POINT('',(0.165,-0.0464654293553099,-0.0476314994587237));
#4668=CARTESIAN_POINT('',(0.165,-0.0463072437996029,-0.0477626879973238));
#4669=CARTESIAN_POINT('',(0.18,-0.0466197816800957,-0.0474951980906389));
#4670=CARTESIAN_POINT('',(0.18,-0.0464654293553099,-0.0476314994587237));
#4671=CARTESIAN_POINT('',(0.18,-0.0463072437996029,-0.0477626879973238));
#4672=CARTESIAN_POINT('',(0.226464695814172,-0.0193329600478989,-0.0147800133823996));
#4673=CARTESIAN_POINT('',(0.226552080031271,-0.0192482142338155,-0.0148439688052825));
#4674=CARTESIAN_POINT('',(0.226639375581278,-0.0191628004568041,-0.0149069287783155));
#4675=CARTESIAN_POINT('',(0.238232347907086,-0.0156355768781005,-0.0109907506321989));
#4676=CARTESIAN_POINT('',(0.238276040015636,-0.0155708760303464,-0.0110442389879706));
#4677=CARTESIAN_POINT('',(0.238319687790639,-0.0155056601645174,-0.0110970030793796));
#4678=CARTESIAN_POINT('',(0.25,-0.0119381937083021,-0.00720148788199819));
#4679=CARTESIAN_POINT('',(0.25,-0.0118935378268773,-0.00724450917065876));
#4680=CARTESIAN_POINT('',(0.25,-0.0118485198722308,-0.0072870773804436));
#4681=CARTESIAN_POINT('',(0.15,-0.0461454961627989,-0.0478886513925047));
#4682=CARTESIAN_POINT('',(0.15,-0.0458220008891908,-0.0481405781828665));
#4683=CARTESIAN_POINT('',(0.15,-0.0454842572911942,-0.0483716043995517));
#4684=CARTESIAN_POINT('',(0.165,-0.0461454961627989,-0.0478886513925047));
#4685=CARTESIAN_POINT('',(0.165,-0.0458220008891908,-0.0481405781828665));
#4686=CARTESIAN_POINT('',(0.165,-0.0454842572911942,-0.0483716043995517));
#4687=CARTESIAN_POINT('',(0.18,-0.0461454961627989,-0.0478886513925047));
#4688=CARTESIAN_POINT('',(0.18,-0.0458220008891908,-0.0481405781828665));
#4689=CARTESIAN_POINT('',(0.18,-0.0454842572911942,-0.0483716043995517));
#4690=CARTESIAN_POINT('',(0.226726560703998,-0.0190767459077331,-0.0149688891483098));
#4691=CARTESIAN_POINT('',(0.226900930949439,-0.0189046368095912,-0.0150928098882983));
#4692=CARTESIAN_POINT('',(0.227074859485738,-0.0187299646232111,-0.0152127322161318));
#4693=CARTESIAN_POINT('',(0.238363280351999,-0.0154399465365704,-0.0111490393135931));
#4694=CARTESIAN_POINT('',(0.23845046547472,-0.0153085192806764,-0.0112531117820203));
#4695=CARTESIAN_POINT('',(0.238537429742869,-0.0151751009763101,-0.0113542728216659));
#4696=CARTESIAN_POINT('',(0.25,-0.0118031471654077,-0.00732918947887647));
#4697=CARTESIAN_POINT('',(0.25,-0.0117124017517615,-0.0074134136757422));
#4698=CARTESIAN_POINT('',(0.25,-0.011620237329409,-0.00749581342720004));
#4699=CARTESIAN_POINT('',(0.15,-0.0451344345674016,-0.0485808315310837));
#4700=CARTESIAN_POINT('',(0.15,-0.0444347891198163,-0.0489992857941477));
#4701=CARTESIAN_POINT('',(0.15,-0.0436868271690469,-0.049330543716599));
#4702=CARTESIAN_POINT('',(0.165,-0.0451344345674016,-0.0485808315310837));
#4703=CARTESIAN_POINT('',(0.165,-0.0444347891198163,-0.0489992857941477));
#4704=CARTESIAN_POINT('',(0.165,-0.0436868271690469,-0.049330543716599));
#4705=CARTESIAN_POINT('',(0.18,-0.0451344345674016,-0.0485808315310837));
#4706=CARTESIAN_POINT('',(0.18,-0.0444347891198163,-0.0489992857941477));
#4707=CARTESIAN_POINT('',(0.18,-0.0436868271690469,-0.049330543716599));
#4708=CARTESIAN_POINT('',(0.227248173153316,-0.0185529550464923,-0.0153286285284864));
#4709=CARTESIAN_POINT('',(0.227594800488474,-0.0181989358930547,-0.0155604211531956));
#4710=CARTESIAN_POINT('',(0.227938968348753,-0.0178355671782623,-0.0157761097159893));
#4711=CARTESIAN_POINT('',(0.238624086576658,-0.0150398337566023,-0.0114524965009633));
#4712=CARTESIAN_POINT('',(0.238797400244237,-0.0147692993171867,-0.011648943859558));
#4713=CARTESIAN_POINT('',(0.238969484174376,-0.0144913692164052,-0.0118336417767594));
#4714=CARTESIAN_POINT('',(0.25,-0.0115267124667123,-0.00757636447344013));
#4715=CARTESIAN_POINT('',(0.25,-0.0113396627413187,-0.00773746656592032));
#4716=CARTESIAN_POINT('',(0.25,-0.011147171254548,-0.00789117383752952));
#4717=CARTESIAN_POINT('',(0.15,-0.0429079023038325,-0.049567417206626));
#4718=CARTESIAN_POINT('',(0.15,-0.0421289774386181,-0.0498042906966531));
#4719=CARTESIAN_POINT('',(0.15,-0.0413190896589588,-0.0499467797542559));
#4720=CARTESIAN_POINT('',(0.165,-0.0429079023038325,-0.049567417206626));
#4721=CARTESIAN_POINT('',(0.165,-0.0421289774386181,-0.0498042906966531));
#4722=CARTESIAN_POINT('',(0.165,-0.0413190896589588,-0.0499467797542559));
#4723=CARTESIAN_POINT('',(0.18,-0.0429079023038325,-0.049567417206626));
#4724=CARTESIAN_POINT('',(0.18,-0.0421289774386181,-0.0498042906966531));
#4725=CARTESIAN_POINT('',(0.18,-0.0413190896589588,-0.0499467797542559));
#4726=CARTESIAN_POINT('',(0.228279329996559,-0.0174645647497485,-0.0159756698908717));
#4727=CARTESIAN_POINT('',(0.228619691644365,-0.0170935623212347,-0.0161752300657541));
#4728=CARTESIAN_POINT('',(0.228956247079699,-0.0167149261789995,-0.0163586618527252));
#4729=CARTESIAN_POINT('',(0.239139664998279,-0.0142071356515223,-0.0120064810503302));
#4730=CARTESIAN_POINT('',(0.239309845822183,-0.0139229020866395,-0.0121793203239011));
#4731=CARTESIAN_POINT('',(0.23947812353985,-0.0136323650576553,-0.0123403009538413));
#4732=CARTESIAN_POINT('',(0.25,-0.0109497065532961,-0.00803729220978878));
#4733=CARTESIAN_POINT('',(0.25,-0.0107522418520443,-0.00818341058204805));
#4734=CARTESIAN_POINT('',(0.25,-0.0105498039363112,-0.0083219400549574));
#4735=CARTESIAN_POINT('',(0.15,-0.0404955925535938,-0.0499876962876227));
#4736=CARTESIAN_POINT('',(0.15,-0.0403926554154231,-0.0499928108542936));
#4737=CARTESIAN_POINT('',(0.15,-0.0402895056315384,-0.0499963383502732));
#4738=CARTESIAN_POINT('',(0.165,-0.0404955925535938,-0.0499876962876227));
#4739=CARTESIAN_POINT('',(0.165,-0.0403926554154231,-0.0499928108542936));
#4740=CARTESIAN_POINT('',(0.165,-0.0402895056315384,-0.0499963383502732));
#4741=CARTESIAN_POINT('',(0.18,-0.0404955925535938,-0.0499876962876227));
#4742=CARTESIAN_POINT('',(0.18,-0.0403926554154231,-0.0499928108542936));
#4743=CARTESIAN_POINT('',(0.18,-0.0402895056315384,-0.0499963383502732));
#4744=CARTESIAN_POINT('',(0.229287692855551,-0.0163304369023758,-0.0165261764795847));
#4745=CARTESIAN_POINT('',(0.229329123577532,-0.0162823757427979,-0.0165471158079421));
#4746=CARTESIAN_POINT('',(0.229370474461084,-0.0162342231279951,-0.0165678064306728));
#4747=CARTESIAN_POINT('',(0.239643846427775,-0.0133366491276843,-0.0124894315148113));
#4748=CARTESIAN_POINT('',(0.239664561788766,-0.013299684636438,-0.0125080728349325));
#4749=CARTESIAN_POINT('',(0.239685237230542,-0.0132626392248637,-0.0125265289977261));
#4750=CARTESIAN_POINT('',(0.25,-0.0103428613529929,-0.00845268655003791));
#4751=CARTESIAN_POINT('',(0.25,-0.0103169935300781,-0.00846902986192298));
#4752=CARTESIAN_POINT('',(0.25,-0.0102910553217323,-0.00848525156477947));
#4753=CARTESIAN_POINT('',(0.15,-0.0401861770956674,-0.0499982647363199));
#4754=CARTESIAN_POINT('',(0.15,-0.040134512827732,-0.0499992279293432));
#4755=CARTESIAN_POINT('',(0.15,-0.0400828038718,-0.0499997908448833));
#4756=CARTESIAN_POINT('',(0.165,-0.0401861770956674,-0.0499982647363199));
#4757=CARTESIAN_POINT('',(0.165,-0.040134512827732,-0.0499992279293432));
#4758=CARTESIAN_POINT('',(0.165,-0.0400828038718,-0.0499997908448833));
#4759=CARTESIAN_POINT('',(0.18,-0.0401861770956674,-0.0499982647363199));
#4760=CARTESIAN_POINT('',(0.18,-0.040134512827732,-0.0499992279293432));
#4761=CARTESIAN_POINT('',(0.18,-0.0400828038718,-0.0499997908448833));
#4762=CARTESIAN_POINT('',(0.229411742960412,-0.0161859825356615,-0.016588248760331));
#4763=CARTESIAN_POINT('',(0.229432377210076,-0.0161618622394947,-0.0165984699251602));
#4764=CARTESIAN_POINT('',(0.229452990863683,-0.0161377199489452,-0.0166086290167212));
#4765=CARTESIAN_POINT('',(0.239705871480206,-0.0132255150893738,-0.0125448000199394));
#4766=CARTESIAN_POINT('',(0.239716188605038,-0.0132069530216289,-0.0125539355310461));
#4767=CARTESIAN_POINT('',(0.239726495431842,-0.013188371272905,-0.0125630247570077));
#4768=CARTESIAN_POINT('',(0.25,-0.0102650476430861,-0.00850135127954785));
#4769=CARTESIAN_POINT('',(0.25,-0.010252043803763,-0.00850940113693204));
#4770=CARTESIAN_POINT('',(0.25,-0.0102390225968648,-0.00851742049729421));
#4771=CARTESIAN_POINT('',(0.15,-0.0400310544645875,-0.0499999517280349));
#4772=CARTESIAN_POINT('',(0.15,-0.0400181171127843,-0.0499999919488228));
#4773=CARTESIAN_POINT('',(0.15,-0.0400065104166667,-0.05));
#4774=CARTESIAN_POINT('',(0.165,-0.0400310544645875,-0.0499999517280349));
#4775=CARTESIAN_POINT('',(0.165,-0.0400181171127843,-0.0499999919488228));
#4776=CARTESIAN_POINT('',(0.165,-0.0400065104166667,-0.05));
#4777=CARTESIAN_POINT('',(0.18,-0.0400310544645875,-0.0499999517280349));
#4778=CARTESIAN_POINT('',(0.18,-0.0400181171127843,-0.0499999919488228));
#4779=CARTESIAN_POINT('',(0.18,-0.0400065104166667,-0.05));
#4780=CARTESIAN_POINT('',(0.229473583603011,-0.0161135560987248,-0.0166187260865833));
#4781=CARTESIAN_POINT('',(0.229478731787842,-0.0161075151361697,-0.0166212503540489));
#4782=CARTESIAN_POINT('',(0.229483878665532,-0.0161014728261351,-0.0166237707451583));
#4783=CARTESIAN_POINT('',(0.239736791801505,-0.0131697701177538,-0.0125720676999176));
#4784=CARTESIAN_POINT('',(0.239739365893921,-0.0131651198289661,-0.0125743284356451));
#4785=CARTESIAN_POINT('',(0.239741939332766,-0.0131604683272765,-0.0125765862786819));
#4786=CARTESIAN_POINT('',(0.25,-0.0102259841367829,-0.00852540931325191));
#4787=CARTESIAN_POINT('',(0.25,-0.0102227245217624,-0.00852740651724133));
#4788=CARTESIAN_POINT('',(0.25,-0.0102194638284179,-0.00852940181220548));
#4789=CARTESIAN_POINT('',(0.15,-0.039990234375,-0.05));
#4790=CARTESIAN_POINT('',(0.15,-0.0399739583333333,-0.05));
#4791=CARTESIAN_POINT('',(0.15,-0.0399576822916667,-0.05));
#4792=CARTESIAN_POINT('',(0.165,-0.039990234375,-0.05));
#4793=CARTESIAN_POINT('',(0.165,-0.0399739583333333,-0.05));
#4794=CARTESIAN_POINT('',(0.165,-0.0399576822916667,-0.05));
#4795=CARTESIAN_POINT('',(0.18,-0.039990234375,-0.05));
#4796=CARTESIAN_POINT('',(0.18,-0.0399739583333333,-0.05));
#4797=CARTESIAN_POINT('',(0.18,-0.0399576822916667,-0.05));
#4798=CARTESIAN_POINT('',(0.229489024231106,-0.0160954291754135,-0.0166262872607172));
#4799=CARTESIAN_POINT('',(0.229494169796681,-0.0160893855246919,-0.0166288037762762));
#4800=CARTESIAN_POINT('',(0.229499314050141,-0.0160833405332832,-0.0166313164162847));
#4801=CARTESIAN_POINT('',(0.239744512115553,-0.0131558156169752,-0.0125788412290606));
#4802=CARTESIAN_POINT('',(0.23974708489834,-0.0131511629066738,-0.0125810961794393));
#4803=CARTESIAN_POINT('',(0.23974965702507,-0.0131465089877607,-0.0125833482371601));
#4804=CARTESIAN_POINT('',(0.25,-0.0102162020585369,-0.00853139519740399));
#4805=CARTESIAN_POINT('',(0.25,-0.0102129402886558,-0.00853338858260251));
#4806=CARTESIAN_POINT('',(0.25,-0.0102096774422381,-0.00853538005803539));
#4807=CARTESIAN_POINT('',(0.15,-0.03994140625,-0.05));
#4808=CARTESIAN_POINT('',(0.15,-0.0399088541666667,-0.05));
#4809=CARTESIAN_POINT('',(0.15,-0.0398763020833333,-0.05));
#4810=CARTESIAN_POINT('',(0.165,-0.03994140625,-0.05));
#4811=CARTESIAN_POINT('',(0.165,-0.0399088541666667,-0.05));
#4812=CARTESIAN_POINT('',(0.165,-0.0398763020833333,-0.05));
#4813=CARTESIAN_POINT('',(0.18,-0.03994140625,-0.05));
#4814=CARTESIAN_POINT('',(0.18,-0.0399088541666667,-0.05));
#4815=CARTESIAN_POINT('',(0.18,-0.0398763020833333,-0.05));
#4816=CARTESIAN_POINT('',(0.229504456986513,-0.0160772942079799,-0.0166338251815487));
#4817=CARTESIAN_POINT('',(0.229514742859259,-0.0160652015573732,-0.0166388427120765));
#4818=CARTESIAN_POINT('',(0.229525023463656,-0.0160531035711877,-0.0166438447436258));
#4819=CARTESIAN_POINT('',(0.239752228493257,-0.0131418538645255,-0.0125855974022555));
#4820=CARTESIAN_POINT('',(0.239757371429629,-0.0131325436180552,-0.0125900957324463));
#4821=CARTESIAN_POINT('',(0.239762511731828,-0.0131232285542969,-0.0125945824921359));
#4822=CARTESIAN_POINT('',(0.25,-0.0102064135210711,-0.0085373696229623));
#4823=CARTESIAN_POINT('',(0.25,-0.0101998856787372,-0.00854134875281611));
#4824=CARTESIAN_POINT('',(0.25,-0.0101933535374062,-0.008545320240646));
#4825=CARTESIAN_POINT('',(0.15,-0.03984375,-0.05));
#4826=CARTESIAN_POINT('',(0.15,-0.0395833333333333,-0.05));
#4827=CARTESIAN_POINT('',(0.15,-0.0393229166666667,-0.05));
#4828=CARTESIAN_POINT('',(0.165,-0.03984375,-0.05));
#4829=CARTESIAN_POINT('',(0.165,-0.0395833333333333,-0.05));
#4830=CARTESIAN_POINT('',(0.165,-0.0393229166666667,-0.05));
#4831=CARTESIAN_POINT('',(0.18,-0.03984375,-0.05));
#4832=CARTESIAN_POINT('',(0.18,-0.0395833333333333,-0.05));
#4833=CARTESIAN_POINT('',(0.18,-0.0393229166666667,-0.05));
#4834=CARTESIAN_POINT('',(0.229535298759927,-0.0160410003037624,-0.0166488312826427));
#4835=CARTESIAN_POINT('',(0.229617501130095,-0.01594417416436,-0.016688723594778));
#4836=CARTESIAN_POINT('',(0.229699363780186,-0.0158470100256104,-0.0167276243848407));
#4837=CARTESIAN_POINT('',(0.239767649379963,-0.0131139087075698,-0.0125990576815859));
#4838=CARTESIAN_POINT('',(0.239808750565047,-0.0130393499337523,-0.0126348591971862));
#4839=CARTESIAN_POINT('',(0.239849681890093,-0.0129644850499219,-0.0126699202174549));
#4840=CARTESIAN_POINT('',(0.25,-0.0101868171113772,-0.00854928408052916));
#4841=CARTESIAN_POINT('',(0.25,-0.0101345257031447,-0.00858099479959445));
#4842=CARTESIAN_POINT('',(0.25,-0.0100819600742334,-0.00861221605006921));
#4843=CARTESIAN_POINT('',(0.15,-0.0390625,-0.05));
#4844=CARTESIAN_POINT('',(0.15,-0.0385416666666667,-0.05));
#4845=CARTESIAN_POINT('',(0.15,-0.0380208333333333,-0.05));
#4846=CARTESIAN_POINT('',(0.165,-0.0390625,-0.05));
#4847=CARTESIAN_POINT('',(0.165000000000001,-0.0385416666666667,-0.05));
#4848=CARTESIAN_POINT('',(0.165,-0.0380208333333333,-0.05));
#4849=CARTESIAN_POINT('',(0.180000000000001,-0.0390625,-0.05));
#4850=CARTESIAN_POINT('',(0.180000000000001,-0.0385416666666667,-0.05));
#4851=CARTESIAN_POINT('',(0.180000000000001,-0.0380208333333333,-0.05));
#4852=CARTESIAN_POINT('',(0.22978086634384,-0.0157495357090657,-0.0167655369532651));
#4853=CARTESIAN_POINT('',(0.229943871471148,-0.0155545870759763,-0.016841362090114));
#4854=CARTESIAN_POINT('',(0.23010543625271,-0.0153583977317065,-0.0169132343404099));
#4855=CARTESIAN_POINT('',(0.23989043317192,-0.0128893316273771,-0.0127042408763711));
#4856=CARTESIAN_POINT('',(0.239971935735574,-0.0127390247822875,-0.0127728821942036));
#4857=CARTESIAN_POINT('',(0.240052718126355,-0.0125875637823406,-0.012838562066626));
#4858=CARTESIAN_POINT('',(0.25,-0.0100291275456885,-0.0086429447994772));
#4859=CARTESIAN_POINT('',(0.25,-0.0099234624885987,-0.00870440229829318));
#4860=CARTESIAN_POINT('',(0.25,-0.00981672983297461,-0.00876388979284208));
#4861=CARTESIAN_POINT('',(0.15,-0.0375,-0.05));
#4862=CARTESIAN_POINT('',(0.15,-0.0333333333333333,-0.05));
#4863=CARTESIAN_POINT('',(0.15,-0.0291666666666667,-0.05));
#4864=CARTESIAN_POINT('',(0.165,-0.0375,-0.05));
#4865=CARTESIAN_POINT('',(0.164999999999998,-0.0333333333333333,-0.05));
#4866=CARTESIAN_POINT('',(0.164999999999999,-0.0291666666666667,-0.05));
#4867=CARTESIAN_POINT('',(0.18,-0.0375,-0.05));
#4868=CARTESIAN_POINT('',(0.179999999999996,-0.0333333333333333,-0.05));
#4869=CARTESIAN_POINT('',(0.179999999999998,-0.0291666666666667,-0.05));
#4870=CARTESIAN_POINT('',(0.230265397757649,-0.0151611902486728,-0.0169811801076278));
#4871=CARTESIAN_POINT('',(0.231545089797159,-0.0135835303844034,-0.0175247462453711));
#4872=CARTESIAN_POINT('',(0.232722172132798,-0.0119407096392483,-0.0178170174661229));
#4873=CARTESIAN_POINT('',(0.240132698878824,-0.0124350891979255,-0.0129012815654709));
#4874=CARTESIAN_POINT('',(0.240772544898579,-0.0112152925226052,-0.0134030375562305));
#4875=CARTESIAN_POINT('',(0.241361086066399,-0.00993062644132785,-0.0137153296380322));
#4876=CARTESIAN_POINT('',(0.25,-0.00970898814717821,-0.00882138302331405));
#4877=CARTESIAN_POINT('',(0.25,-0.00884705466080698,-0.0092813288670898));
#4878=CARTESIAN_POINT('',(0.25,-0.00792054324340741,-0.00961364180994159));
#4879=CARTESIAN_POINT('',(0.15,-0.025,-0.05));
#4880=CARTESIAN_POINT('',(0.15,-0.0229166666666667,-0.05));
#4881=CARTESIAN_POINT('',(0.15,-0.0208333333333333,-0.05));
#4882=CARTESIAN_POINT('',(0.165,-0.025,-0.05));
#4883=CARTESIAN_POINT('',(0.165,-0.0229166666666667,-0.05));
#4884=CARTESIAN_POINT('',(0.165,-0.0208333333333333,-0.05));
#4885=CARTESIAN_POINT('',(0.179999999999999,-0.025,-0.05));
#4886=CARTESIAN_POINT('',(0.18,-0.0229166666666667,-0.05));
#4887=CARTESIAN_POINT('',(0.18,-0.0208333333333333,-0.05));
#4888=CARTESIAN_POINT('',(0.233721156763905,-0.0103166077592351,-0.0179108186008158));
#4889=CARTESIAN_POINT('',(0.234220649079458,-0.00950455681922853,-0.0179577191681623));
#4890=CARTESIAN_POINT('',(0.234675616968878,-0.00869718559550742,-0.0179550022139941));
#4891=CARTESIAN_POINT('',(0.241860578381952,-0.00863802432777803,-0.0138583597150174));
#4892=CARTESIAN_POINT('',(0.242110324539729,-0.00799172327100312,-0.0139298747535099));
#4893=CARTESIAN_POINT('',(0.242337808484439,-0.00734343820616009,-0.0139590742907983));
#4894=CARTESIAN_POINT('',(0.25,-0.00695944089632095,-0.0098059008292189));
#4895=CARTESIAN_POINT('',(0.25,-0.00647888972277772,-0.00990203033885756));
#4896=CARTESIAN_POINT('',(0.25,-0.00598969081681276,-0.0099631463676026));
#4897=CARTESIAN_POINT('',(0.15,-0.01875,-0.05));
#4898=CARTESIAN_POINT('',(0.15,-0.0182291666666667,-0.05));
#4899=CARTESIAN_POINT('',(0.15,-0.0177083333333333,-0.05));
#4900=CARTESIAN_POINT('',(0.165,-0.01875,-0.05));
#4901=CARTESIAN_POINT('',(0.165,-0.0182291666666667,-0.05));
#4902=CARTESIAN_POINT('',(0.165,-0.0177083333333333,-0.05));
#4903=CARTESIAN_POINT('',(0.18,-0.01875,-0.05));
#4904=CARTESIAN_POINT('',(0.180000000000001,-0.0182291666666667,-0.05));
#4905=CARTESIAN_POINT('',(0.180000000000001,-0.0177083333333333,-0.05));
#4906=CARTESIAN_POINT('',(0.235077281307455,-0.00789950822851094,-0.0179123442393664));
#4907=CARTESIAN_POINT('',(0.235177697392099,-0.00770008888676182,-0.0179016797457095));
#4908=CARTESIAN_POINT('',(0.235274782004815,-0.00750127541105798,-0.0178885189382739));
#4909=CARTESIAN_POINT('',(0.242538640653727,-0.00669755039105235,-0.0139500202634946));
#4910=CARTESIAN_POINT('',(0.242588848696049,-0.00653607843727542,-0.0139477567566686));
#4911=CARTESIAN_POINT('',(0.242637391002408,-0.00637475631160693,-0.0139431024020557));
#4912=CARTESIAN_POINT('',(0.25,-0.00549559255359377,-0.0099876962876227));
#4913=CARTESIAN_POINT('',(0.25,-0.00537206798778901,-0.00999383376762773));
#4914=CARTESIAN_POINT('',(0.25,-0.00524823721215589,-0.00999768586583744));
#4915=CARTESIAN_POINT('',(0.15,-0.0171875,-0.05));
#4916=CARTESIAN_POINT('',(0.15,-0.0170572916666667,-0.05));
#4917=CARTESIAN_POINT('',(0.15,-0.0169270833333333,-0.05));
#4918=CARTESIAN_POINT('',(0.165,-0.0171875,-0.05));
#4919=CARTESIAN_POINT('',(0.165,-0.0170572916666667,-0.05));
#4920=CARTESIAN_POINT('',(0.165,-0.0169270833333333,-0.05));
#4921=CARTESIAN_POINT('',(0.180000000000001,-0.0171875,-0.05));
#4922=CARTESIAN_POINT('',(0.180000000000001,-0.0170572916666667,-0.05));
#4923=CARTESIAN_POINT('',(0.180000000000001,-0.0169270833333333,-0.05));
#4924=CARTESIAN_POINT('',(0.23536839364617,-0.00730312235249827,-0.0178729908855268));
#4925=CARTESIAN_POINT('',(0.235391796556509,-0.00725358408785834,-0.0178691088723401));
#4926=CARTESIAN_POINT('',(0.235414982406138,-0.00720408709928992,-0.0178650789063214));
#4927=CARTESIAN_POINT('',(0.242684196823085,-0.00621364057377732,-0.0139361096039844));
#4928=CARTESIAN_POINT('',(0.242695898278255,-0.00617336163931992,-0.0139343614044666));
#4929=CARTESIAN_POINT('',(0.242707491203069,-0.00613309560410245,-0.0139324670522326));
#4930=CARTESIAN_POINT('',(0.25,-0.00512415879505638,-0.00999922832244199));
#4931=CARTESIAN_POINT('',(0.25,-0.0050931391907815,-0.00999961393659312));
#4932=CARTESIAN_POINT('',(0.25,-0.00506210410891497,-0.00999985519814393));
#4933=CARTESIAN_POINT('',(0.15,-0.016796875,-0.05));
#4934=CARTESIAN_POINT('',(0.15,-0.0167643229166667,-0.05));
#4935=CARTESIAN_POINT('',(0.15,-0.0167317708333333,-0.05));
#4936=CARTESIAN_POINT('',(0.165,-0.016796875,-0.05));
#4937=CARTESIAN_POINT('',(0.165,-0.0167643229166667,-0.05));
#4938=CARTESIAN_POINT('',(0.165,-0.0167317708333333,-0.05));
#4939=CARTESIAN_POINT('',(0.180000000000001,-0.016796875,-0.05));
#4940=CARTESIAN_POINT('',(0.180000000000001,-0.0167643229166667,-0.05));
#4941=CARTESIAN_POINT('',(0.180000000000001,-0.0167317708333333,-0.05));
#4942=CARTESIAN_POINT('',(0.235437949105025,-0.00715463206346649,-0.0178609036040184));
#4943=CARTESIAN_POINT('',(0.235443690779747,-0.00714226830451063,-0.0178598597784426));
#4944=CARTESIAN_POINT('',(0.235449418757547,-0.00712990716760134,-0.0178588068693491));
#4945=CARTESIAN_POINT('',(0.242718974552513,-0.00609284326402697,-0.0139304276660266));
#4946=CARTESIAN_POINT('',(0.242721845389873,-0.0060827801790081,-0.0139299178194751));
#4947=CARTESIAN_POINT('',(0.242724709378774,-0.00607271794993561,-0.0139293989083004));
#4948=CARTESIAN_POINT('',(0.25,-0.00503105446458745,-0.00999995172803489));
#4949=CARTESIAN_POINT('',(0.25,-0.00502329205350557,-0.00999997586050763));
#4950=CARTESIAN_POINT('',(0.25,-0.00501552873226989,-0.00999999094725164));
#4951=CARTESIAN_POINT('',(0.15,-0.01669921875,-0.05));
#4952=CARTESIAN_POINT('',(0.15,-0.0166829427083333,-0.05));
#4953=CARTESIAN_POINT('',(0.15,-0.0166666666666667,-0.05));
#4954=CARTESIAN_POINT('',(0.165,-0.01669921875,-0.05));
#4955=CARTESIAN_POINT('',(0.165,-0.0166829427083333,-0.05));
#4956=CARTESIAN_POINT('',(0.165,-0.0166666666666667,-0.05));
#4957=CARTESIAN_POINT('',(0.180000000000001,-0.01669921875,-0.05));
#4958=CARTESIAN_POINT('',(0.180000000000001,-0.0166829427083333,-0.05));
#4959=CARTESIAN_POINT('',(0.180000000000001,-0.0166666666666667,-0.05));
#4960=CARTESIAN_POINT('',(0.235455133002575,-0.00711754866378211,-0.017857744901819));
#4961=CARTESIAN_POINT('',(0.235457990125089,-0.00711136941187249,-0.0178572139180539));
#4962=CARTESIAN_POINT('',(0.235460843814409,-0.00710519074411041,-0.017856679915156));
#4963=CARTESIAN_POINT('',(0.242727566501287,-0.0060626565894807,-0.0139288709420815));
#4964=CARTESIAN_POINT('',(0.242728995062544,-0.00605762590925325,-0.0139286069589721));
#4965=CARTESIAN_POINT('',(0.242730421907205,-0.00605259537205521,-0.013928339957578));
#4966=CARTESIAN_POINT('',(0.25,-0.0050077645151793,-0.00999999698234409));
#4967=CARTESIAN_POINT('',(0.25,-0.005003882406634,-0.00999999999989032));
#4968=CARTESIAN_POINT('',(0.25,-0.005,-0.01));
#4969=CARTESIAN_POINT('',(0.15,-0.016650390625,-0.05));
#4970=CARTESIAN_POINT('',(0.15,-0.0166341145833333,-0.05));
#4971=CARTESIAN_POINT('',(0.15,-0.0166178385416667,-0.05));
#4972=CARTESIAN_POINT('',(0.165,-0.016650390625,-0.05));
#4973=CARTESIAN_POINT('',(0.165,-0.0166341145833333,-0.05));
#4974=CARTESIAN_POINT('',(0.165,-0.0166178385416667,-0.05));
#4975=CARTESIAN_POINT('',(0.180000000000001,-0.016650390625,-0.05));
#4976=CARTESIAN_POINT('',(0.180000000000001,-0.0166341145833333,-0.05));
#4977=CARTESIAN_POINT('',(0.180000000000001,-0.0166178385416667,-0.05));
#4978=CARTESIAN_POINT('',(0.235463694066637,-0.00709801255360412,-0.0178561459170744));
#4979=CARTESIAN_POINT('',(0.235466544318866,-0.00709083436309783,-0.0178556119189928));
#4980=CARTESIAN_POINT('',(0.235469391134001,-0.00708365705571334,-0.0178550779258373));
#4981=CARTESIAN_POINT('',(0.242731847033319,-0.00604656487055206,-0.0139280729585372));
#4982=CARTESIAN_POINT('',(0.242733272159433,-0.00604053436904892,-0.0139278059594964));
#4983=CARTESIAN_POINT('',(0.242734695567001,-0.00603450430910667,-0.0139275389629186));
#4984=CARTESIAN_POINT('',(0.25,-0.0049951171875,-0.01));
#4985=CARTESIAN_POINT('',(0.25,-0.004990234375,-0.01));
#4986=CARTESIAN_POINT('',(0.25,-0.0049853515625,-0.01));
#4987=CARTESIAN_POINT('',(0.15,-0.0166015625,-0.05));
#4988=CARTESIAN_POINT('',(0.15,-0.0165364583333333,-0.05));
#4989=CARTESIAN_POINT('',(0.15,-0.0164713541666667,-0.05));
#4990=CARTESIAN_POINT('',(0.165,-0.0166015625,-0.05));
#4991=CARTESIAN_POINT('',(0.165,-0.0165364583333333,-0.05));
#4992=CARTESIAN_POINT('',(0.165,-0.0164713541666667,-0.05));
#4993=CARTESIAN_POINT('',(0.180000000000001,-0.0166015625,-0.05));
#4994=CARTESIAN_POINT('',(0.180000000000001,-0.0165364583333333,-0.05));
#4995=CARTESIAN_POINT('',(0.180000000000001,-0.0164713541666667,-0.05));
#4996=CARTESIAN_POINT('',(0.235472234507035,-0.00707648062515667,-0.0178545439394103));
#4997=CARTESIAN_POINT('',(0.235483607999168,-0.00704777490293,-0.0178524079937022));
#4998=CARTESIAN_POINT('',(0.235494926417662,-0.00701908320994851,-0.0178502721556507));
#4999=CARTESIAN_POINT('',(0.242736117253517,-0.00602847468757834,-0.0139272719697051));
#5000=CARTESIAN_POINT('',(0.242741803999584,-0.006004356201465,-0.0139262039968511));
#5001=CARTESIAN_POINT('',(0.242747463208831,-0.00598024472997426,-0.0139251360778254));
#5002=CARTESIAN_POINT('',(0.25,-0.00498046875,-0.01));
#5003=CARTESIAN_POINT('',(0.25,-0.0049609375,-0.01));
#5004=CARTESIAN_POINT('',(0.25,-0.00494140625,-0.01));
#5005=CARTESIAN_POINT('',(0.15,-0.01640625,-0.05));
#5006=CARTESIAN_POINT('',(0.15,-0.0161458333333333,-0.05));
#5007=CARTESIAN_POINT('',(0.15,-0.0158854166666667,-0.05));
#5008=CARTESIAN_POINT('',(0.165,-0.01640625,-0.05));
#5009=CARTESIAN_POINT('',(0.165,-0.0161458333333333,-0.05));
#5010=CARTESIAN_POINT('',(0.165,-0.0158854166666667,-0.05));
#5011=CARTESIAN_POINT('',(0.180000000000001,-0.01640625,-0.05));
#5012=CARTESIAN_POINT('',(0.180000000000001,-0.0161458333333333,-0.05));
#5013=CARTESIAN_POINT('',(0.180000000000001,-0.0158854166666667,-0.05));
#5014=CARTESIAN_POINT('',(0.235506189524053,-0.0069904057704951,-0.0178481368882918));
#5015=CARTESIAN_POINT('',(0.235551241949617,-0.00687569601268145,-0.017839595818856));
#5016=CARTESIAN_POINT('',(0.235595409381529,-0.00676121431131703,-0.0178310638804999));
#5017=CARTESIAN_POINT('',(0.242753094762027,-0.00595614038524755,-0.0139240684441459));
#5018=CARTESIAN_POINT('',(0.242775620974809,-0.00585972300634072,-0.013919797909428));
#5019=CARTESIAN_POINT('',(0.242797704690764,-0.00576341965565852,-0.0139155319402499));
#5020=CARTESIAN_POINT('',(0.25,-0.004921875,-0.01));
#5021=CARTESIAN_POINT('',(0.25,-0.00484375,-0.01));
#5022=CARTESIAN_POINT('',(0.25,-0.004765625,-0.01));
#5023=CARTESIAN_POINT('',(0.15,-0.015625,-0.05));
#5024=CARTESIAN_POINT('',(0.15,-0.0145833333333333,-0.05));
#5025=CARTESIAN_POINT('',(0.15,-0.0135416666666667,-0.05));
#5026=CARTESIAN_POINT('',(0.165,-0.015625,-0.05));
#5027=CARTESIAN_POINT('',(0.165,-0.0145833333333333,-0.05));
#5028=CARTESIAN_POINT('',(0.165,-0.0135416666666667,-0.05));
#5029=CARTESIAN_POINT('',(0.180000000000001,-0.015625,-0.05));
#5030=CARTESIAN_POINT('',(0.180000000000001,-0.0145833333333333,-0.05));
#5031=CARTESIAN_POINT('',(0.180000000000001,-0.0135416666666667,-0.05));
#5032=CARTESIAN_POINT('',(0.235638673224615,-0.00664694843876064,-0.0178225566602914));
#5033=CARTESIAN_POINT('',(0.23581172859696,-0.00618988494853505,-0.0177885277794577));
#5034=CARTESIAN_POINT('',(0.235970326548096,-0.00573627471923774,-0.0177548943889862));
#5035=CARTESIAN_POINT('',(0.242819336612308,-0.00566722421938032,-0.0139112783301457));
#5036=CARTESIAN_POINT('',(0.24290586429848,-0.00528244247426752,-0.0138942638897288));
#5037=CARTESIAN_POINT('',(0.242985163274048,-0.00489938735961887,-0.0138774471944931));
#5038=CARTESIAN_POINT('',(0.25,-0.0046875,-0.01));
#5039=CARTESIAN_POINT('',(0.25,-0.004375,-0.01));
#5040=CARTESIAN_POINT('',(0.25,-0.0040625,-0.01));
#5041=CARTESIAN_POINT('',(0.15,-0.0125,-0.05));
#5042=CARTESIAN_POINT('',(0.15,-0.00833333333333333,-0.05));
#5043=CARTESIAN_POINT('',(0.15,-0.00416666666666667,-0.05));
#5044=CARTESIAN_POINT('',(0.15,0.,-0.05));
#5045=CARTESIAN_POINT('',(0.165,-0.0125,-0.05));
#5046=CARTESIAN_POINT('',(0.165,-0.00833333333333333,-0.05));
#5047=CARTESIAN_POINT('',(0.165,-0.00416666666666667,-0.05));
#5048=CARTESIAN_POINT('',(0.165,0.,-0.05));
#5049=CARTESIAN_POINT('',(0.180000000000001,-0.0125,-0.05));
#5050=CARTESIAN_POINT('',(0.180000000000001,-0.00833333333333333,-0.05));
#5051=CARTESIAN_POINT('',(0.18,-0.00416666666666667,-0.05));
#5052=CARTESIAN_POINT('',(0.18,0.,-0.05));
#5053=CARTESIAN_POINT('',(0.236113400932637,-0.00528623467356172,-0.01772317324357));
#5054=CARTESIAN_POINT('',(0.236685698470802,-0.00348607449085762,-0.0175962886619049));
#5055=CARTESIAN_POINT('',(0.237009618943457,-0.00174303724609396,-0.0175000000011227));
#5056=CARTESIAN_POINT('',(0.237009618943233,4.59242549680257E-19,-0.0175));
#5057=CARTESIAN_POINT('',(0.243056700466318,-0.00451811733678086,-0.013861586621785));
#5058=CARTESIAN_POINT('',(0.243342849235401,-0.00299303724542881,-0.0137981443309525));
#5059=CARTESIAN_POINT('',(0.243504809471729,-0.00149651862304698,-0.0137500000005614));
#5060=CARTESIAN_POINT('',(0.243504809471617,2.29621274840129E-19,-0.01375));
#5061=CARTESIAN_POINT('',(0.25,-0.00375,-0.01));
#5062=CARTESIAN_POINT('',(0.25,-0.0025,-0.01));
#5063=CARTESIAN_POINT('',(0.25,-0.00125,-0.01));
#5064=CARTESIAN_POINT('',(0.25,0.,-0.01));
#5065=B_SPLINE_SURFACE_WITH_KNOTS('Surf_ICOLGFOOWM, Tail, 0, 6',5,3,((#5066, #5067, #5068, #5084, #5085, #5086, #5102, #5103, #5104, #5120, #5121, #5122, #5138, #5139, #5140, #5156, #5157, #5158, #5174, #5175, #5176, #5192, #5193, #5194, #5210, #5211, #5212, #5228, #5229, #5230, #5246, #5247, #5248, #5264, #5265, #5266, #5282, #5283, #5284, #5300, #5301, #5302, #5318, #5319, #5320, #5336, #5337, #5338, #5354, #5355, #5356, #5372, #5373, #5374, #5390, #5391, #5392, #5408, #5409, #5410, #5426, #5427, #5428, #5444, #5445, #5446, #5462, #5463, #5464, #5480, #5481, #5482, #5498, #5499, #5500, #5516, #5517, #5518, #5534, #5535, #5536, #5552, #5553, #5554, #5570, #5571, #5572, #5588, #5589, #5590, #5606, #5607, #5608, #5624, #5625, #5626, #5642, #5643, #5644, #5660, #5661, #5662, #5678, #5679, #5680, #5696, #5697, #5698, #5714, #5715, #5716, #5732, #5733, #5734, #5750, #5751, #5752, #5768, #5769, #5770, #5786, #5787, #5788, #5804, #5805, #5806, #5822, #5823, #5824, #5840, #5841, #5842, #5858, #5859, #5860, #5876, #5877, #5878, #5879),(#5069, #5070, #5071, #5087, #5088, #5089, #5105, #5106, #5107, #5123, #5124, #5125, #5141, #5142, #5143, #5159, #5160, #5161, #5177, #5178, #5179, #5195, #5196, #5197, #5213, #5214, #5215, #5231, #5232, #5233, #5249, #5250, #5251, #5267, #5268, #5269, #5285, #5286, #5287, #5303, #5304, #5305, #5321, #5322, #5323, #5339, #5340, #5341, #5357, #5358, #5359, #5375, #5376, #5377, #5393, #5394, #5395, #5411, #5412, #5413, #5429, #5430, #5431, #5447, #5448, #5449, #5465, #5466, #5467, #5483, #5484, #5485, #5501, #5502, #5503, #5519, #5520, #5521, #5537, #5538, #5539, #5555, #5556, #5557, #5573, #5574, #5575, #5591, #5592, #5593, #5609, #5610, #5611, #5627, #5628, #5629, #5645, #5646, #5647, #5663, #5664, #5665, #5681, #5682, #5683, #5699, #5700, #5701, #5717, #5718, #5719, #5735, #5736, #5737, #5753, #5754, #5755, #5771, #5772, #5773, #5789, #5790, #5791, #5807, #5808, #5809, #5825, #5826, #5827, #5843, #5844, #5845, #5861, #5862, #5863, #5880, #5881, #5882, #5883),(#5072, #5073, #5074, #5090, #5091, #5092, #5108, #5109, #5110, #5126, #5127, #5128, #5144, #5145, #5146, #5162, #5163, #5164, #5180, #5181, #5182, #5198, #5199, #5200, #5216, #5217, #5218, #5234, #5235, #5236, #5252, #5253, #5254, #5270, #5271, #5272, #5288, #5289, #5290, #5306, #5307, #5308, #5324, #5325, #5326, #5342, #5343, #5344, #5360, #5361, #5362, #5378, #5379, #5380, #5396, #5397, #5398, #5414, #5415, #5416, #5432, #5433, #5434, #5450, #5451, #5452, #5468, #5469, #5470, #5486, #5487, #5488, #5504, #5505, #5506, #5522, #5523, #5524, #5540, #5541, #5542, #5558, #5559, #5560, #5576, #5577, #5578, #5594, #5595, #5596, #5612, #5613, #5614, #5630, #5631, #5632, #5648, #5649, #5650, #5666, #5667, #5668, #5684, #5685, #5686, #5702, #5703, #5704, #5720, #5721, #5722, #5738, #5739, #5740, #5756, #5757, #5758, #5774, #5775, #5776, #5792, #5793, #5794, #5810, #5811, #5812, #5828, #5829, #5830, #5846, #5847, #5848, #5864, #5865, #5866, #5884, #5885, #5886, #5887),(#5075, #5076, #5077, #5093, #5094, #5095, #5111, #5112, #5113, #5129, #5130, #5131, #5147, #5148, #5149, #5165, #5166, #5167, #5183, #5184, #5185, #5201, #5202, #5203, #5219, #5220, #5221, #5237, #5238, #5239, #5255, #5256, #5257, #5273, #5274, #5275, #5291, #5292, #5293, #5309, #5310, #5311, #5327, #5328, #5329, #5345, #5346, #5347, #5363, #5364, #5365, #5381, #5382, #5383, #5399, #5400, #5401, #5417, #5418, #5419, #5435, #5436, #5437, #5453, #5454, #5455, #5471, #5472, #5473, #5489, #5490, #5491, #5507, #5508, #5509, #5525, #5526, #5527, #5543, #5544, #5545, #5561, #5562, #5563, #5579, #5580, #5581, #5597, #5598, #5599, #5615, #5616, #5617, #5633, #5634, #5635, #5651, #5652, #5653, #5669, #5670, #5671, #5687, #5688, #5689, #5705, #5706, #5707, #5723, #5724, #5725, #5741, #5742, #5743, #5759, #5760, #5761, #5777, #5778, #5779, #5795, #5796, #5797, #5813, #5814, #5815, #5831, #5832, #5833, #5849, #5850, #5851, #5867, #5868, #5869, #5888, #5889, #5890, #5891),(#5078, #5079, #5080, #5096, #5097, #5098, #5114, #5115, #5116, #5132, #5133, #5134, #5150, #5151, #5152, #5168, #5169, #5170, #5186, #5187, #5188, #5204, #5205, #5206, #5222, #5223, #5224, #5240, #5241, #5242, #5258, #5259, #5260, #5276, #5277, #5278, #5294, #5295, #5296, #5312, #5313, #5314, #5330, #5331, #5332, #5348, #5349, #5350, #5366, #5367, #5368, #5384, #5385, #5386, #5402, #5403, #5404, #5420, #5421, #5422, #5438, #5439, #5440, #5456, #5457, #5458, #5474, #5475, #5476, #5492, #5493, #5494, #5510, #5511, #5512, #5528, #5529, #5530, #5546, #5547, #5548, #5564, #5565, #5566, #5582, #5583, #5584, #5600, #5601, #5602, #5618, #5619, #5620, #5636, #5637, #5638, #5654, #5655, #5656, #5672, #5673, #5674, #5690, #5691, #5692, #5708, #5709, #5710, #5726, #5727, #5728, #5744, #5745, #5746, #5762, #5763, #5764, #5780, #5781, #5782, #5798, #5799, #5800, #5816, #5817, #5818, #5834, #5835, #5836, #5852, #5853, #5854, #5870, #5871, #5872, #5892, #5893, #5894, #5895),(#5081, #5082, #5083, #5099, #5100, #5101, #5117, #5118, #5119, #5135, #5136, #5137, #5153, #5154, #5155, #5171, #5172, #5173, #5189, #5190, #5191, #5207, #5208, #5209, #5225, #5226, #5227, #5243, #5244, #5245, #5261, #5262, #5263, #5279, #5280, #5281, #5297, #5298, #5299, #5315, #5316, #5317, #5333, #5334, #5335, #5351, #5352, #5353, #5369, #5370, #5371, #5387, #5388, #5389, #5405, #5406, #5407, #5423, #5424, #5425, #5441, #5442, #5443, #5459, #5460, #5461, #5477, #5478, #5479, #5495, #5496, #5497, #5513, #5514, #5515, #5531, #5532, #5533, #5549, #5550, #5551, #5567, #5568, #5569, #5585, #5586, #5587, #5603, #5604, #5605, #5621, #5622, #5623, #5639, #5640, #5641, #5657, #5658, #5659, #5675, #5676, #5677, #5693, #5694, #5695, #5711, #5712, #5713, #5729, #5730, #5731, #5747, #5748, #5749, #5765, #5766, #5767, #5783, #5784, #5785, #5801, #5802, #5803, #5819, #5820, #5821, #5837, #5838, #5839, #5855, #5856, #5857, #5873, #5874, #5875, #5896, #5897, #5898, #5899)),.UNSPECIFIED.,.F.,.F.,.F.,(6,6),(4,3,3,3,3,3,3,3,3,3,3,3,3,3,3,3,3,3,3,3,3,3,3,3,3,3,3,3,3,3,3,3,3,3,3,3,3,3,3,3,3,3,3,3,3,3,4),(0.,1.),(0.,1.,2.,3.,4.,5.,6.,7.,8.,9.,10.,11.,12.,13.,14.,15.,16.,17.,18.,19.,20.,21.,22.,23.,24.,25.,26.,27.,28.,29.,30.,31.,32.,33.,34.,35.,36.,37.,38.,39.,40.,41.,42.,43.,44.,45.,46.),.PIECEWISE_BEZIER_KNOTS.);
#5066=CARTESIAN_POINT('',(0.15,0.,0.05));
#5067=CARTESIAN_POINT('',(0.15,-0.00416666666666667,0.05));
#5068=CARTESIAN_POINT('',(0.15,-0.00833333333333334,0.05));
#5069=CARTESIAN_POINT('',(0.165,0.,0.05));
#5070=CARTESIAN_POINT('',(0.165,-0.00416666666666667,0.05));
#5071=CARTESIAN_POINT('',(0.165,-0.00833333333333334,0.05));
#5072=CARTESIAN_POINT('',(0.18,0.,0.05));
#5073=CARTESIAN_POINT('',(0.18,-0.00416666666666667,0.05));
#5074=CARTESIAN_POINT('',(0.18,-0.00833333333333334,0.05));
#5075=CARTESIAN_POINT('',(0.241,0.,0.05));
#5076=CARTESIAN_POINT('',(0.24099999999996,-0.00124972629219046,0.0500000000005041));
#5077=CARTESIAN_POINT('',(0.240601527498208,-0.00249945258441897,0.0500111913544208));
#5078=CARTESIAN_POINT('',(0.2455,0.,0.05));
#5079=CARTESIAN_POINT('',(0.24549999999998,-0.00124986314609523,0.050000000000252));
#5080=CARTESIAN_POINT('',(0.245300763749104,-0.00249972629220948,0.0500055956772104));
#5081=CARTESIAN_POINT('',(0.25,0.,0.05));
#5082=CARTESIAN_POINT('',(0.25,-0.00125,0.05));
#5083=CARTESIAN_POINT('',(0.25,-0.0025,0.05));
#5084=CARTESIAN_POINT('',(0.15,-0.0125,0.05));
#5085=CARTESIAN_POINT('',(0.15,-0.0135416666666667,0.05));
#5086=CARTESIAN_POINT('',(0.15,-0.0145833333333333,0.05));
#5087=CARTESIAN_POINT('',(0.165,-0.0125,0.05));
#5088=CARTESIAN_POINT('',(0.165,-0.0135416666666667,0.05));
#5089=CARTESIAN_POINT('',(0.165,-0.0145833333333333,0.05));
#5090=CARTESIAN_POINT('',(0.18,-0.0125,0.05));
#5091=CARTESIAN_POINT('',(0.18,-0.0135416666666667,0.05));
#5092=CARTESIAN_POINT('',(0.18,-0.0145833333333333,0.05));
#5093=CARTESIAN_POINT('',(0.239901448194501,-0.00375789118852484,0.0500396716837107));
#5094=CARTESIAN_POINT('',(0.239726428368574,-0.00407250083955131,0.0500467917660332));
#5095=CARTESIAN_POINT('',(0.239532558117524,-0.00438765501007011,0.0500549924093165));
#5096=CARTESIAN_POINT('',(0.24495072409725,-0.00375394559426242,0.0500198358418554));
#5097=CARTESIAN_POINT('',(0.244863214184287,-0.00406750041977565,0.0500233958830166));
#5098=CARTESIAN_POINT('',(0.244766279058762,-0.00438132750503505,0.0500274962046583));
#5099=CARTESIAN_POINT('',(0.25,-0.00375,0.05));
#5100=CARTESIAN_POINT('',(0.25,-0.0040625,0.05));
#5101=CARTESIAN_POINT('',(0.25,-0.004375,0.05));
#5102=CARTESIAN_POINT('',(0.15,-0.015625,0.05));
#5103=CARTESIAN_POINT('',(0.15,-0.0158854166666667,0.05));
#5104=CARTESIAN_POINT('',(0.15,-0.0161458333333333,0.05));
#5105=CARTESIAN_POINT('',(0.165,-0.015625,0.05));
#5106=CARTESIAN_POINT('',(0.165,-0.0158854166666667,0.05));
#5107=CARTESIAN_POINT('',(0.165,-0.0161458333333333,0.05));
#5108=CARTESIAN_POINT('',(0.18,-0.015625,0.05));
#5109=CARTESIAN_POINT('',(0.18,-0.0158854166666667,0.05));
#5110=CARTESIAN_POINT('',(0.18,-0.0161458333333333,0.05));
#5111=CARTESIAN_POINT('',(0.239321358647996,-0.00470365256571357,0.0500644846570106));
#5112=CARTESIAN_POINT('',(0.239268558780614,-0.00478265195462443,0.0500668577189341));
#5113=CARTESIAN_POINT('',(0.239214675837077,-0.00486170405510559,0.0500693115061333));
#5114=CARTESIAN_POINT('',(0.244660679323998,-0.00469557628285678,0.0500322423285053));
#5115=CARTESIAN_POINT('',(0.244634279390307,-0.00477413847731222,0.0500334288594671));
#5116=CARTESIAN_POINT('',(0.244607337918538,-0.00485272702755279,0.0500346557530667));
#5117=CARTESIAN_POINT('',(0.25,-0.0046875,0.05));
#5118=CARTESIAN_POINT('',(0.25,-0.004765625,0.05));
#5119=CARTESIAN_POINT('',(0.25,-0.00484375,0.05));
#5120=CARTESIAN_POINT('',(0.15,-0.01640625,0.05));
#5121=CARTESIAN_POINT('',(0.15,-0.0164713541666667,0.05));
#5122=CARTESIAN_POINT('',(0.15,-0.0165364583333333,0.05));
#5123=CARTESIAN_POINT('',(0.165,-0.01640625,0.05));
#5124=CARTESIAN_POINT('',(0.165,-0.0164713541666667,0.05));
#5125=CARTESIAN_POINT('',(0.165,-0.0165364583333333,0.05));
#5126=CARTESIAN_POINT('',(0.18,-0.01640625,0.05));
#5127=CARTESIAN_POINT('',(0.18,-0.0164713541666667,0.05));
#5128=CARTESIAN_POINT('',(0.18,-0.0165364583333333,0.05));
#5129=CARTESIAN_POINT('',(0.239159733534113,-0.00494081171923313,0.0500718471133602));
#5130=CARTESIAN_POINT('',(0.239145997958372,-0.00496058863526501,0.0500724810151669));
#5131=CARTESIAN_POINT('',(0.239132196172666,-0.0049803690240248,0.0500731200307253));
#5132=CARTESIAN_POINT('',(0.244579866767056,-0.00493134335961656,0.0500359235566801));
#5133=CARTESIAN_POINT('',(0.244572998979186,-0.00495099744263251,0.0500362405075834));
#5134=CARTESIAN_POINT('',(0.244566098086333,-0.0049706532620124,0.0500365600153626));
#5135=CARTESIAN_POINT('',(0.25,-0.004921875,0.05));
#5136=CARTESIAN_POINT('',(0.25,-0.00494140625,0.05));
#5137=CARTESIAN_POINT('',(0.25,-0.0049609375,0.05));
#5138=CARTESIAN_POINT('',(0.15,-0.0166015625,0.05));
#5139=CARTESIAN_POINT('',(0.15,-0.0166178385416667,0.05));
#5140=CARTESIAN_POINT('',(0.15,-0.0166341145833333,0.05));
#5141=CARTESIAN_POINT('',(0.165,-0.0166015625,0.05));
#5142=CARTESIAN_POINT('',(0.165,-0.0166178385416667,0.05));
#5143=CARTESIAN_POINT('',(0.165,-0.0166341145833333,0.05));
#5144=CARTESIAN_POINT('',(0.18,-0.0166015625,0.05));
#5145=CARTESIAN_POINT('',(0.18,-0.0166178385416667,0.05));
#5146=CARTESIAN_POINT('',(0.18,-0.0166341145833333,0.05));
#5147=CARTESIAN_POINT('',(0.23911832854959,-0.00500015298799779,0.0500737642348786));
#5148=CARTESIAN_POINT('',(0.239114861643821,-0.00500509897899104,0.050073925285917));
#5149=CARTESIAN_POINT('',(0.239111390623216,-0.00501004519343511,0.0500740866612425));
#5150=CARTESIAN_POINT('',(0.244559164274795,-0.00499031086899889,0.0500368821174393));
#5151=CARTESIAN_POINT('',(0.244557430821911,-0.00499522527074552,0.0500369626429585));
#5152=CARTESIAN_POINT('',(0.244555695311608,-0.00500013978421755,0.0500370433306212));
#5153=CARTESIAN_POINT('',(0.25,-0.00498046875,0.05));
#5154=CARTESIAN_POINT('',(0.25,-0.0049853515625,0.05));
#5155=CARTESIAN_POINT('',(0.25,-0.004990234375,0.05));
#5156=CARTESIAN_POINT('',(0.15,-0.016650390625,0.05));
#5157=CARTESIAN_POINT('',(0.15,-0.0166666666666667,0.05));
#5158=CARTESIAN_POINT('',(0.15,-0.0166829427083333,0.05));
#5159=CARTESIAN_POINT('',(0.165,-0.016650390625,0.05));
#5160=CARTESIAN_POINT('',(0.165,-0.0166666666666667,0.05));
#5161=CARTESIAN_POINT('',(0.165,-0.0166829427083333,0.05));
#5162=CARTESIAN_POINT('',(0.18,-0.016650390625,0.05));
#5163=CARTESIAN_POINT('',(0.18,-0.0166666666666667,0.05));
#5164=CARTESIAN_POINT('',(0.18,-0.0166829427083333,0.05));
#5165=CARTESIAN_POINT('',(0.239107915493592,-0.00501499163154407,0.050074248360117));
#5166=CARTESIAN_POINT('',(0.239104440363967,-0.00501993806965304,0.0500744100589916));
#5167=CARTESIAN_POINT('',(0.239100961125322,-0.0050238843255609,0.0500745720813056));
#5168=CARTESIAN_POINT('',(0.244553957746796,-0.00500505440952204,0.0500371241800585));
#5169=CARTESIAN_POINT('',(0.244552220181983,-0.00500996903482652,0.0500372050294958));
#5170=CARTESIAN_POINT('',(0.244550480562661,-0.00501388336609745,0.050037286040598));
#5171=CARTESIAN_POINT('',(0.25,-0.0049951171875,0.05));
#5172=CARTESIAN_POINT('',(0.25,-0.005,0.05));
#5173=CARTESIAN_POINT('',(0.25,-0.005003882406634,0.0499999999998903));
#5174=CARTESIAN_POINT('',(0.15,-0.01669921875,0.05));
#5175=CARTESIAN_POINT('',(0.15,-0.0167317708333333,0.05));
#5176=CARTESIAN_POINT('',(0.15,-0.0167643229166667,0.05));
#5177=CARTESIAN_POINT('',(0.165,-0.01669921875,0.05));
#5178=CARTESIAN_POINT('',(0.165,-0.0167317708333333,0.05));
#5179=CARTESIAN_POINT('',(0.165,-0.0167643229166667,0.05));
#5180=CARTESIAN_POINT('',(0.18,-0.01669921875,0.05));
#5181=CARTESIAN_POINT('',(0.18,-0.0167317708333333,0.05));
#5182=CARTESIAN_POINT('',(0.18,-0.0167643229166667,0.05));
#5183=CARTESIAN_POINT('',(0.239097477783289,-0.00502783050844133,0.0500747314128361));
#5184=CARTESIAN_POINT('',(0.239090511099224,-0.0050357228742022,0.0500750500758972));
#5185=CARTESIAN_POINT('',(0.239083528001607,-0.00504361524435332,0.0500753609939189));
#5186=CARTESIAN_POINT('',(0.244548738891645,-0.00501779751181032,0.0500373641975901));
#5187=CARTESIAN_POINT('',(0.244545255549612,-0.00502562580323605,0.0500375205115744));
#5188=CARTESIAN_POINT('',(0.244541764000803,-0.00503345364892945,0.0500376684272133));
#5189=CARTESIAN_POINT('',(0.25,-0.0050077645151793,0.0499999969823441));
#5190=CARTESIAN_POINT('',(0.25,-0.00501552873226989,0.0499999909472516));
#5191=CARTESIAN_POINT('',(0.25,-0.00502329205350557,0.0499999758605076));
#5192=CARTESIAN_POINT('',(0.15,-0.016796875,0.05));
#5193=CARTESIAN_POINT('',(0.15,-0.0169270833333333,0.05));
#5194=CARTESIAN_POINT('',(0.15,-0.0170572916666667,0.05));
#5195=CARTESIAN_POINT('',(0.165,-0.016796875,0.05));
#5196=CARTESIAN_POINT('',(0.165,-0.0169270833333333,0.05));
#5197=CARTESIAN_POINT('',(0.165,-0.0170572916666667,0.05));
#5198=CARTESIAN_POINT('',(0.18,-0.016796875,0.05));
#5199=CARTESIAN_POINT('',(0.18,-0.0169270833333333,0.05));
#5200=CARTESIAN_POINT('',(0.18,-0.0170572916666667,0.05));
#5201=CARTESIAN_POINT('',(0.239076528539072,-0.00505150761119946,0.0500756641490523));
#5202=CARTESIAN_POINT('',(0.23904853068893,-0.00508307707858401,0.0500768767695855));
#5203=CARTESIAN_POINT('',(0.239020271000099,-0.00511464649308892,0.0500779651839032));
#5204=CARTESIAN_POINT('',(0.244538264269536,-0.00504128103789345,0.0500378079385436));
#5205=CARTESIAN_POINT('',(0.244524265344465,-0.00507259059374949,0.0500383659838647));
#5206=CARTESIAN_POINT('',(0.244510135500049,-0.00510389284193521,0.0500387895602482));
#5207=CARTESIAN_POINT('',(0.25,-0.00503105446458745,0.0499999517280349));
#5208=CARTESIAN_POINT('',(0.25,-0.00506210410891497,0.0499998551981439));
#5209=CARTESIAN_POINT('',(0.25,-0.0050931391907815,0.0499996139365931));
#5210=CARTESIAN_POINT('',(0.15,-0.0171875,0.05));
#5211=CARTESIAN_POINT('',(0.15,-0.0177083333333333,0.05));
#5212=CARTESIAN_POINT('',(0.15,-0.0182291666666667,0.05));
#5213=CARTESIAN_POINT('',(0.165,-0.0171875,0.05));
#5214=CARTESIAN_POINT('',(0.165,-0.0177083333333333,0.05));
#5215=CARTESIAN_POINT('',(0.165,-0.0182291666666667,0.05));
#5216=CARTESIAN_POINT('',(0.18,-0.0171875,0.05));
#5217=CARTESIAN_POINT('',(0.18,-0.0177083333333333,0.05));
#5218=CARTESIAN_POINT('',(0.18,-0.0182291666666667,0.05));
#5219=CARTESIAN_POINT('',(0.238991752355486,-0.00514621555958069,0.0500789312280648));
#5220=CARTESIAN_POINT('',(0.238877677777034,-0.00527249182554778,0.0500827954047109));
#5221=CARTESIAN_POINT('',(0.238759459906086,-0.00539876252330468,0.050084701658858));
#5222=CARTESIAN_POINT('',(0.244495876177743,-0.00513518717731854,0.0500390797752534));
#5223=CARTESIAN_POINT('',(0.244438838888517,-0.00526036451885183,0.0500402406352742));
#5224=CARTESIAN_POINT('',(0.244379729953043,-0.00538541525554685,0.0500392677132429));
#5225=CARTESIAN_POINT('',(0.25,-0.00512415879505638,0.049999228322442));
#5226=CARTESIAN_POINT('',(0.25,-0.00524823721215589,0.0499976858658374));
#5227=CARTESIAN_POINT('',(0.25,-0.00537206798778901,0.0499938337676277));
#5228=CARTESIAN_POINT('',(0.15,-0.01875,0.05));
#5229=CARTESIAN_POINT('',(0.15,-0.0208333333333333,0.05));
#5230=CARTESIAN_POINT('',(0.15,-0.0229166666666667,0.05));
#5231=CARTESIAN_POINT('',(0.165,-0.01875,0.05));
#5232=CARTESIAN_POINT('',(0.165,-0.0208333333333333,0.05));
#5233=CARTESIAN_POINT('',(0.165,-0.0229166666666667,0.05));
#5234=CARTESIAN_POINT('',(0.18,-0.01875,0.05));
#5235=CARTESIAN_POINT('',(0.18,-0.0208333333333333,0.05));
#5236=CARTESIAN_POINT('',(0.18,-0.0229166666666667,0.05));
#5237=CARTESIAN_POINT('',(0.238637292501487,-0.00552500291318218,0.0500846492499517));
#5238=CARTESIAN_POINT('',(0.238148622883093,-0.00602996447269217,0.0500844396143265));
#5239=CARTESIAN_POINT('',(0.23759676072629,-0.00653444110613156,0.0500528913698458));
#5240=CARTESIAN_POINT('',(0.244318646250744,-0.00551029773338797,0.0500361727687872));
#5241=CARTESIAN_POINT('',(0.244074311441546,-0.00600982764475247,0.0500237929909645));
#5242=CARTESIAN_POINT('',(0.243798380363145,-0.00650666541445464,0.0499774608543517));
#5243=CARTESIAN_POINT('',(0.25,-0.00549559255359376,0.0499876962876227));
#5244=CARTESIAN_POINT('',(0.25,-0.00598969081681276,0.0499631463676026));
#5245=CARTESIAN_POINT('',(0.25,-0.00647888972277772,0.0499020303388576));
#5246=CARTESIAN_POINT('',(0.15,-0.025,0.05));
#5247=CARTESIAN_POINT('',(0.15,-0.0291666666666667,0.05));
#5248=CARTESIAN_POINT('',(0.15,-0.0333333333333333,0.05));
#5249=CARTESIAN_POINT('',(0.165,-0.025,0.05));
#5250=CARTESIAN_POINT('',(0.165,-0.0291666666666667,0.05));
#5251=CARTESIAN_POINT('',(0.165,-0.0333333333333333,0.05));
#5252=CARTESIAN_POINT('',(0.18,-0.025,0.05));
#5253=CARTESIAN_POINT('',(0.18,-0.0291666666666667,0.05));
#5254=CARTESIAN_POINT('',(0.18,-0.0333333333333333,0.05));
#5255=CARTESIAN_POINT('',(0.236993786674479,-0.00703749421429436,0.0499943382080585));
#5256=CARTESIAN_POINT('',(0.235787838570856,-0.00804360043061998,0.049877231884484));
#5257=CARTESIAN_POINT('',(0.234377442887195,-0.00904401254583928,0.0496521058916831));
#5258=CARTESIAN_POINT('',(0.243496893337239,-0.00699846755530766,0.0499001195186387));
#5259=CARTESIAN_POINT('',(0.242893919285428,-0.00798207183701369,0.0497454368472128));
#5260=CARTESIAN_POINT('',(0.242188721443598,-0.00894553360332312,0.0494667173793864));
#5261=CARTESIAN_POINT('',(0.25,-0.00695944089632095,0.0498059008292189));
#5262=CARTESIAN_POINT('',(0.25,-0.00792054324340741,0.0496136418099416));
#5263=CARTESIAN_POINT('',(0.25,-0.00884705466080697,0.0492813288670898));
#5264=CARTESIAN_POINT('',(0.15,-0.0375,0.05));
#5265=CARTESIAN_POINT('',(0.15,-0.0380208333333333,0.05));
#5266=CARTESIAN_POINT('',(0.15,-0.0385416666666667,0.05));
#5267=CARTESIAN_POINT('',(0.165,-0.0375,0.05));
#5268=CARTESIAN_POINT('',(0.165,-0.0380208333333333,0.05));
#5269=CARTESIAN_POINT('',(0.165,-0.0385416666666667,0.05));
#5270=CARTESIAN_POINT('',(0.18,-0.0375,0.05));
#5271=CARTESIAN_POINT('',(0.18,-0.0380208333333333,0.05));
#5272=CARTESIAN_POINT('',(0.18,-0.0385416666666667,0.05));
#5273=CARTESIAN_POINT('',(0.232862254985678,-0.0100381517832648,0.049319673710853));
#5274=CARTESIAN_POINT('',(0.232672856497988,-0.010162419187943,0.0492781196882493));
#5275=CARTESIAN_POINT('',(0.232481820631894,-0.0102865885789057,0.0492348890064576));
#5276=CARTESIAN_POINT('',(0.241431127492839,-0.00987356996522152,0.0490705283670835));
#5277=CARTESIAN_POINT('',(0.241336428248994,-0.00998957451045882,0.0490210047405457));
#5278=CARTESIAN_POINT('',(0.241240910315947,-0.0101050255337522,0.0489696456523754));
#5279=CARTESIAN_POINT('',(0.25,-0.00970898814717821,0.0488213830233141));
#5280=CARTESIAN_POINT('',(0.25,-0.00981672983297462,0.0487638897928421));
#5281=CARTESIAN_POINT('',(0.25,-0.00992346248859871,0.0487044022982932));
#5282=CARTESIAN_POINT('',(0.15,-0.0390625,0.05));
#5283=CARTESIAN_POINT('',(0.15,-0.0393229166666667,0.05));
#5284=CARTESIAN_POINT('',(0.15,-0.0395833333333333,0.05));
#5285=CARTESIAN_POINT('',(0.165,-0.0390625,0.05));
#5286=CARTESIAN_POINT('',(0.165,-0.0393229166666667,0.05));
#5287=CARTESIAN_POINT('',(0.165,-0.0395833333333333,0.05));
#5288=CARTESIAN_POINT('',(0.18,-0.0390625,0.05));
#5289=CARTESIAN_POINT('',(0.18,-0.0393229166666667,0.05));
#5290=CARTESIAN_POINT('',(0.18,-0.0395833333333333,0.05));
#5291=CARTESIAN_POINT('',(0.232289342026776,-0.0104106588257296,0.0491899830589959));
#5292=CARTESIAN_POINT('',(0.232193102724217,-0.0104726939491416,0.049167530085265));
#5293=CARTESIAN_POINT('',(0.232096502736901,-0.0105347042865189,0.0491446582951167));
#5294=CARTESIAN_POINT('',(0.241144671013388,-0.010219893185709,0.0489164639292365));
#5295=CARTESIAN_POINT('',(0.241096551362108,-0.0102773270116875,0.0488898730676671));
#5296=CARTESIAN_POINT('',(0.241048251368451,-0.0103346149948318,0.0488628265473556));
#5297=CARTESIAN_POINT('',(0.25,-0.0100291275456885,0.0486429447994772));
#5298=CARTESIAN_POINT('',(0.25,-0.0100819600742334,0.0486122160500692));
#5299=CARTESIAN_POINT('',(0.25,-0.0101345257031447,0.0485809947995945));
#5300=CARTESIAN_POINT('',(0.15,-0.03984375,0.05));
#5301=CARTESIAN_POINT('',(0.15,-0.0398763020833333,0.05));
#5302=CARTESIAN_POINT('',(0.15,-0.0399088541666667,0.05));
#5303=CARTESIAN_POINT('',(0.165,-0.03984375,0.05));
#5304=CARTESIAN_POINT('',(0.165,-0.0398763020833333,0.05));
#5305=CARTESIAN_POINT('',(0.165,-0.0399088541666667,0.05));
#5306=CARTESIAN_POINT('',(0.18,-0.03984375,0.05));
#5307=CARTESIAN_POINT('',(0.18,-0.0398763020833333,0.05));
#5308=CARTESIAN_POINT('',(0.18,-0.0399088541666667,0.05));
#5309=CARTESIAN_POINT('',(0.231999566394752,-0.0105966896965585,0.0491213678627406));
#5310=CARTESIAN_POINT('',(0.231987449351983,-0.0106044378728135,0.0491184565586935));
#5311=CARTESIAN_POINT('',(0.23197532705367,-0.0106121856595788,0.0491155387133617));
#5312=CARTESIAN_POINT('',(0.240999783197376,-0.0103917534039678,0.0488353259716349));
#5313=CARTESIAN_POINT('',(0.240993724675992,-0.0103988957051099,0.0488318883996698));
#5314=CARTESIAN_POINT('',(0.240987663526835,-0.010406035669158,0.0488284437330889));
#5315=CARTESIAN_POINT('',(0.25,-0.0101868171113772,0.0485492840805292));
#5316=CARTESIAN_POINT('',(0.25,-0.0101933535374062,0.048545320240646));
#5317=CARTESIAN_POINT('',(0.25,-0.0101998856787372,0.0485413487528161));
#5318=CARTESIAN_POINT('',(0.15,-0.03994140625,0.05));
#5319=CARTESIAN_POINT('',(0.15,-0.0399576822916667,0.05));
#5320=CARTESIAN_POINT('',(0.15,-0.0399739583333333,0.05));
#5321=CARTESIAN_POINT('',(0.165,-0.03994140625,0.05));
#5322=CARTESIAN_POINT('',(0.165,-0.0399576822916667,0.05));
#5323=CARTESIAN_POINT('',(0.165,-0.0399739583333333,0.05));
#5324=CARTESIAN_POINT('',(0.18,-0.03994140625,0.05));
#5325=CARTESIAN_POINT('',(0.18,-0.0399576822916667,0.05));
#5326=CARTESIAN_POINT('',(0.18,-0.0399739583333333,0.05));
#5327=CARTESIAN_POINT('',(0.231963199547332,-0.0106199330565785,0.0491126143270853));
#5328=CARTESIAN_POINT('',(0.231957135794164,-0.0106238067550783,0.0491111521339471));
#5329=CARTESIAN_POINT('',(0.231951070738988,-0.0106276803561368,0.0491096883055727));
#5330=CARTESIAN_POINT('',(0.240981599773666,-0.0104131732888248,0.0488249919750238));
#5331=CARTESIAN_POINT('',(0.240978567897082,-0.0104167420986582,0.0488232660959912));
#5332=CARTESIAN_POINT('',(0.240975535369494,-0.0104203103223963,0.0488215384440876));
#5333=CARTESIAN_POINT('',(0.25,-0.0102064135210711,0.0485373696229623));
#5334=CARTESIAN_POINT('',(0.25,-0.0102096774422381,0.0485353800580354));
#5335=CARTESIAN_POINT('',(0.25,-0.0102129402886558,0.0485333885826025));
#5336=CARTESIAN_POINT('',(0.15,-0.039990234375,0.05));
#5337=CARTESIAN_POINT('',(0.15,-0.0400065104166667,0.05));
#5338=CARTESIAN_POINT('',(0.15,-0.0400181171127843,0.0499999919488228));
#5339=CARTESIAN_POINT('',(0.165,-0.039990234375,0.05));
#5340=CARTESIAN_POINT('',(0.165,-0.0400065104166667,0.05));
#5341=CARTESIAN_POINT('',(0.165,-0.0400181171127843,0.0499999919488228));
#5342=CARTESIAN_POINT('',(0.18,-0.039990234375,0.05));
#5343=CARTESIAN_POINT('',(0.18,-0.0400065104166667,0.05));
#5344=CARTESIAN_POINT('',(0.18,-0.0400181171127843,0.0499999919488228));
#5345=CARTESIAN_POINT('',(0.231945004387747,-0.0106315538597193,0.0491082228420048));
#5346=CARTESIAN_POINT('',(0.231938938036506,-0.0106354273633018,0.0491067573784368));
#5347=CARTESIAN_POINT('',(0.231932870389198,-0.0106393007694084,0.0491052902796752));
#5348=CARTESIAN_POINT('',(0.240972502193874,-0.0104238779591281,0.0488198090197044));
#5349=CARTESIAN_POINT('',(0.240969469018253,-0.0104274455958599,0.0488180795953211));
#5350=CARTESIAN_POINT('',(0.240966435194599,-0.0104310126455854,0.0488163483984582));
#5351=CARTESIAN_POINT('',(0.25,-0.0102162020585369,0.048531395197404));
#5352=CARTESIAN_POINT('',(0.25,-0.010219463828418,0.0485294018122055));
#5353=CARTESIAN_POINT('',(0.25,-0.0102227245217624,0.0485274065172413));
#5354=CARTESIAN_POINT('',(0.15,-0.0400310544645875,0.0499999517280349));
#5355=CARTESIAN_POINT('',(0.15,-0.0400828038718,0.0499997908448833));
#5356=CARTESIAN_POINT('',(0.15,-0.040134512827732,0.0499992279293432));
#5357=CARTESIAN_POINT('',(0.165,-0.0400310544645875,0.0499999517280349));
#5358=CARTESIAN_POINT('',(0.165,-0.0400828038718,0.0499997908448833));
#5359=CARTESIAN_POINT('',(0.165,-0.040134512827732,0.0499992279293432));
#5360=CARTESIAN_POINT('',(0.18,-0.0400310544645875,0.0499999517280349));
#5361=CARTESIAN_POINT('',(0.18,-0.0400828038718,0.0499997908448833));
#5362=CARTESIAN_POINT('',(0.18,-0.040134512827732,0.0499992279293432));
#5363=CARTESIAN_POINT('',(0.231926801451764,-0.0106431740780046,0.0491038215457625));
#5364=CARTESIAN_POINT('',(0.231902525702027,-0.0106586673123895,0.0490979466101117));
#5365=CARTESIAN_POINT('',(0.231878229310269,-0.0106741589866079,0.0490920455120434));
#5366=CARTESIAN_POINT('',(0.240963400725882,-0.0104345791073938,0.0488146154295072));
#5367=CARTESIAN_POINT('',(0.240951262851014,-0.0104488449546272,0.0488076835537029));
#5368=CARTESIAN_POINT('',(0.240939114655134,-0.0104631013951855,0.0488007233244877));
#5369=CARTESIAN_POINT('',(0.25,-0.0102259841367829,0.0485254093132519));
#5370=CARTESIAN_POINT('',(0.25,-0.0102390225968648,0.0485174204972942));
#5371=CARTESIAN_POINT('',(0.25,-0.010252043803763,0.048509401136932));
#5372=CARTESIAN_POINT('',(0.15,-0.0401861770956674,0.0499982647363199));
#5373=CARTESIAN_POINT('',(0.15,-0.0402895056315384,0.0499963383502732));
#5374=CARTESIAN_POINT('',(0.15,-0.0403926554154231,0.0499928108542936));
#5375=CARTESIAN_POINT('',(0.165,-0.0401861770956674,0.0499982647363199));
#5376=CARTESIAN_POINT('',(0.165,-0.0402895056315384,0.0499963383502732));
#5377=CARTESIAN_POINT('',(0.165,-0.0403926554154231,0.0499928108542936));
#5378=CARTESIAN_POINT('',(0.18,-0.0401861770956674,0.0499982647363199));
#5379=CARTESIAN_POINT('',(0.18,-0.0402895056315384,0.0499963383502732));
#5380=CARTESIAN_POINT('',(0.18,-0.0403926554154231,0.0499928108542936));
#5381=CARTESIAN_POINT('',(0.231853912656643,-0.010689649098452,0.0490861182542793));
#5382=CARTESIAN_POINT('',(0.231805279349392,-0.0107206293221402,0.0490742637387511));
#5383=CARTESIAN_POINT('',(0.231756564994673,-0.0107516032963311,0.0490623045844397));
#5384=CARTESIAN_POINT('',(0.240926956328322,-0.0104773483707691,0.0487937347669136));
#5385=CARTESIAN_POINT('',(0.240902639674696,-0.0105058423219362,0.0487797576517653));
#5386=CARTESIAN_POINT('',(0.240878282497336,-0.0105342984132046,0.0487656672231813));
#5387=CARTESIAN_POINT('',(0.25,-0.0102650476430861,0.0485013512795478));
#5388=CARTESIAN_POINT('',(0.25,-0.0102910553217323,0.0484852515647795));
#5389=CARTESIAN_POINT('',(0.25,-0.0103169935300781,0.048469029861923));
#5390=CARTESIAN_POINT('',(0.15,-0.0404955925535938,0.0499876962876227));
#5391=CARTESIAN_POINT('',(0.15,-0.0413190896589588,0.0499467797542559));
#5392=CARTESIAN_POINT('',(0.15,-0.0421289774386181,0.0498042906966531));
#5393=CARTESIAN_POINT('',(0.165,-0.0404955925535938,0.0499876962876227));
#5394=CARTESIAN_POINT('',(0.165000000000001,-0.0413190896589588,0.0499467797542559));
#5395=CARTESIAN_POINT('',(0.165,-0.0421289774386181,0.0498042906966531));
#5396=CARTESIAN_POINT('',(0.18,-0.0404955925535938,0.0499876962876227));
#5397=CARTESIAN_POINT('',(0.180000000000001,-0.0413190896589588,0.0499467797542559));
#5398=CARTESIAN_POINT('',(0.18,-0.0421289774386181,0.0498042906966531));
#5399=CARTESIAN_POINT('',(0.231707772633725,-0.0107825710033619,0.0490502408131187));
#5400=CARTESIAN_POINT('',(0.231317433746148,-0.0110303126596084,0.0489537306425513));
#5401=CARTESIAN_POINT('',(0.230922102459989,-0.0112776532176069,0.0488505249833757));
#5402=CARTESIAN_POINT('',(0.240853886316863,-0.0105627161781774,0.0487514636815783));
#5403=CARTESIAN_POINT('',(0.240658716873074,-0.0107900582979598,0.0486378353487543));
#5404=CARTESIAN_POINT('',(0.240461051229994,-0.0110149475348256,0.0485169677827119));
#5405=CARTESIAN_POINT('',(0.25,-0.0103428613529929,0.0484526865500379));
#5406=CARTESIAN_POINT('',(0.25,-0.0105498039363112,0.0483219400549574));
#5407=CARTESIAN_POINT('',(0.25,-0.0107522418520442,0.0481834105820481));
#5408=CARTESIAN_POINT('',(0.15,-0.0429079023038325,0.049567417206626));
#5409=CARTESIAN_POINT('',(0.15,-0.0444657520342612,0.0490936702265719));
#5410=CARTESIAN_POINT('',(0.15,-0.0458997501069103,0.0482423855168207));
#5411=CARTESIAN_POINT('',(0.165,-0.0429079023038325,0.049567417206626));
#5412=CARTESIAN_POINT('',(0.164999999999999,-0.0444657520342612,0.0490936702265719));
#5413=CARTESIAN_POINT('',(0.165,-0.0458997501069103,0.0482423855168207));
#5414=CARTESIAN_POINT('',(0.179999999999999,-0.0429079023038325,0.049567417206626));
#5415=CARTESIAN_POINT('',(0.179999999999998,-0.0444657520342612,0.0490936702265719));
#5416=CARTESIAN_POINT('',(0.179999999999999,-0.0458997501069103,0.0482423855168207));
#5417=CARTESIAN_POINT('',(0.230523335890281,-0.0115245836339719,0.0487406349837358));
#5418=CARTESIAN_POINT('',(0.229725802750867,-0.0120184444667019,0.0485208549844558));
#5419=CARTESIAN_POINT('',(0.228914528477261,-0.0125106647328975,0.0482743376233183));
#5420=CARTESIAN_POINT('',(0.240261667945141,-0.011237145093634,0.0483889635967623));
#5421=CARTESIAN_POINT('',(0.239862901375433,-0.0116815402112509,0.048132955224863));
#5422=CARTESIAN_POINT('',(0.23945726423863,-0.0121151686166382,0.0478484003733352));
#5423=CARTESIAN_POINT('',(0.25,-0.0109497065532961,0.0480372922097888));
#5424=CARTESIAN_POINT('',(0.25,-0.0113446359557999,0.0477450554652702));
#5425=CARTESIAN_POINT('',(0.25,-0.0117196725003789,0.047422463123352));
#5426=CARTESIAN_POINT('',(0.15,-0.0470710678118655,0.0470710678118655));
#5427=CARTESIAN_POINT('',(0.15,-0.0470802187314354,0.0470619168922955));
#5428=CARTESIAN_POINT('',(0.15,-0.0470893501177415,0.0470527499399883));
#5429=CARTESIAN_POINT('',(0.165,-0.0470710678118655,0.0470710678118655));
#5430=CARTESIAN_POINT('',(0.165,-0.0470802187314354,0.0470619168922955));
#5431=CARTESIAN_POINT('',(0.165,-0.0470893501177415,0.0470527499399883));
#5432=CARTESIAN_POINT('',(0.18,-0.0470710678118655,0.0470710678118655));
#5433=CARTESIAN_POINT('',(0.18,-0.0470802187314354,0.0470619168922955));
#5434=CARTESIAN_POINT('',(0.18,-0.0470893501177415,0.0470527499399883));
#5435=CARTESIAN_POINT('',(0.228101969989736,-0.0130011720854728,0.0480011720854728));
#5436=CARTESIAN_POINT('',(0.228095621876552,-0.0130050041741648,0.0479990379797084));
#5437=CARTESIAN_POINT('',(0.228089273684986,-0.0130143211210222,0.0479914076819347));
#5438=CARTESIAN_POINT('',(0.239050984994868,-0.0125361199486691,0.0475361199486691));
#5439=CARTESIAN_POINT('',(0.239047810938276,-0.0125394086309506,0.0475336802578514));
#5440=CARTESIAN_POINT('',(0.239044636842493,-0.0125481815021983,0.0475257443092654));
#5441=CARTESIAN_POINT('',(0.25,-0.0120710678118655,0.0470710678118655));
#5442=CARTESIAN_POINT('',(0.25,-0.0120738130877365,0.0470683225359945));
#5443=CARTESIAN_POINT('',(0.25,-0.0120820418833744,0.0470600809365961));
#5444=CARTESIAN_POINT('',(0.15,-0.0470984619433634,0.0470435670211424));
#5445=CARTESIAN_POINT('',(0.15,-0.0471075737689852,0.0470343841022966));
#5446=CARTESIAN_POINT('',(0.15,-0.0471166660339228,0.0470251852169121));
#5447=CARTESIAN_POINT('',(0.165,-0.0470984619433634,0.0470435670211424));
#5448=CARTESIAN_POINT('',(0.165,-0.0471075737689852,0.0470343841022966));
#5449=CARTESIAN_POINT('',(0.165,-0.0471166660339228,0.0470251852169121));
#5450=CARTESIAN_POINT('',(0.18,-0.0470984619433634,0.0470435670211424));
#5451=CARTESIAN_POINT('',(0.18,-0.0471075737689852,0.0470343841022966));
#5452=CARTESIAN_POINT('',(0.18,-0.0471166660339228,0.0470251852169121));
#5453=CARTESIAN_POINT('',(0.228082925432502,-0.0130208870620166,0.0479865168797379));
#5454=CARTESIAN_POINT('',(0.228076577180019,-0.013027453003011,0.0479816260775411));
#5455=CARTESIAN_POINT('',(0.228070228866618,-0.0130340132140134,0.0479767294950502));
#5456=CARTESIAN_POINT('',(0.239041462716251,-0.0125542027136301,0.04752054786766));
#5457=CARTESIAN_POINT('',(0.239038288590009,-0.0125602239250619,0.0475153514260547));
#5458=CARTESIAN_POINT('',(0.239035114433309,-0.0125662387525488,0.047510149215559));
#5459=CARTESIAN_POINT('',(0.25,-0.0120875183652436,0.0470545788555822));
#5460=CARTESIAN_POINT('',(0.25,-0.0120929948471128,0.0470490767745683));
#5461=CARTESIAN_POINT('',(0.25,-0.0120984642910842,0.0470435689360679));
#5462=CARTESIAN_POINT('',(0.15,-0.0471257387107557,0.0470159704311878));
#5463=CARTESIAN_POINT('',(0.15,-0.0471438840644215,0.0469975408597391));
#5464=CARTESIAN_POINT('',(0.15,-0.0471619510656687,0.0469790476869307));
#5465=CARTESIAN_POINT('',(0.165,-0.0471257387107557,0.0470159704311878));
#5466=CARTESIAN_POINT('',(0.165,-0.0471438840644215,0.0469975408597391));
#5467=CARTESIAN_POINT('',(0.165,-0.0471619510656687,0.0469790476869307));
#5468=CARTESIAN_POINT('',(0.18,-0.0471257387107557,0.0470159704311878));
#5469=CARTESIAN_POINT('',(0.18,-0.0471438840644215,0.0469975408597391));
#5470=CARTESIAN_POINT('',(0.18,-0.0471619510656687,0.0469790476869307));
#5471=CARTESIAN_POINT('',(0.228063880495548,-0.0130405676981074,0.0479718271816488));
#5472=CARTESIAN_POINT('',(0.228051183753408,-0.0130536766662954,0.0479620225548459));
#5473=CARTESIAN_POINT('',(0.228038486780593,-0.0130667627268499,0.0479521950044008));
#5474=CARTESIAN_POINT('',(0.239031940247774,-0.0125722471946712,0.0475049412680143));
#5475=CARTESIAN_POINT('',(0.239025591876704,-0.012584264078916,0.0474945253729249));
#5476=CARTESIAN_POINT('',(0.239019243390297,-0.0125962554217028,0.0474840865296391));
#5477=CARTESIAN_POINT('',(0.25,-0.012103926691235,0.0470380553543799));
#5478=CARTESIAN_POINT('',(0.25,-0.0121148514915366,0.0470270281910039));
#5479=CARTESIAN_POINT('',(0.25,-0.0121257481165557,0.0470159780548775));
#5480=CARTESIAN_POINT('',(0.15,-0.0471799394951342,0.0469604914423522));
#5481=CARTESIAN_POINT('',(0.15,-0.047215916354065,0.0469233789531952));
#5482=CARTESIAN_POINT('',(0.15,-0.0472515789258688,0.0468860141769576));
#5483=CARTESIAN_POINT('',(0.165,-0.0471799394951342,0.0469604914423522));
#5484=CARTESIAN_POINT('',(0.165,-0.047215916354065,0.0469233789531952));
#5485=CARTESIAN_POINT('',(0.165,-0.0472515789258688,0.0468860141769576));
#5486=CARTESIAN_POINT('',(0.18,-0.0471799394951342,0.0469604914423522));
#5487=CARTESIAN_POINT('',(0.18,-0.047215916354065,0.0469233789531952));
#5488=CARTESIAN_POINT('',(0.18,-0.0472515789258688,0.0468860141769576));
#5489=CARTESIAN_POINT('',(0.228025789627386,-0.0130798258367194,0.0479423446016618));
#5490=CARTESIAN_POINT('',(0.228000395320971,-0.0131059520564584,0.0479226437961838));
#5491=CARTESIAN_POINT('',(0.227975000292983,-0.0131319864734576,0.0479028515815303));
#5492=CARTESIAN_POINT('',(0.239012894813693,-0.0126082211778147,0.0474736248310269));
#5493=CARTESIAN_POINT('',(0.239000197660485,-0.0126321526900386,0.0474527014338026));
#5494=CARTESIAN_POINT('',(0.238987500146491,-0.0126559818555627,0.0474316866152724));
#5495=CARTESIAN_POINT('',(0.25,-0.01213661651891,0.0470049050603921));
#5496=CARTESIAN_POINT('',(0.25,-0.0121583533236187,0.0469827590714213));
#5497=CARTESIAN_POINT('',(0.25,-0.0121799772376679,0.0469605216490144));
#5498=CARTESIAN_POINT('',(0.15,-0.0472869254556402,0.0468484013503555));
#5499=CARTESIAN_POINT('',(0.15,-0.0473576185151831,0.0467731756971512));
#5500=CARTESIAN_POINT('',(0.15,-0.0474270474065966,0.0466969578424886));
#5501=CARTESIAN_POINT('',(0.165,-0.0472869254556402,0.0468484013503555));
#5502=CARTESIAN_POINT('',(0.165,-0.0473576185151831,0.0467731756971512));
#5503=CARTESIAN_POINT('',(0.165,-0.0474270474065966,0.0466969578424886));
#5504=CARTESIAN_POINT('',(0.18,-0.0472869254556402,0.0468484013503555));
#5505=CARTESIAN_POINT('',(0.18,-0.0473576185151831,0.0467731756971512));
#5506=CARTESIAN_POINT('',(0.18,-0.0474270474065966,0.0466969578424886));
#5507=CARTESIAN_POINT('',(0.227949604928529,-0.0131579287926958,0.0478829687575696));
#5508=CARTESIAN_POINT('',(0.22789881419962,-0.0132098134311722,0.0478432031096483));
#5509=CARTESIAN_POINT('',(0.227848022124845,-0.0132613296786048,0.0478030750244981));
#5510=CARTESIAN_POINT('',(0.238974802464264,-0.012679708337347,0.0474105812329359));
#5511=CARTESIAN_POINT('',(0.23894940709981,-0.0127271613009155,0.0473683704682628));
#5512=CARTESIAN_POINT('',(0.238924011062423,-0.0127742035295242,0.0473257974483645));
#5513=CARTESIAN_POINT('',(0.25,-0.0122014878819982,0.0469381937083021));
#5514=CARTESIAN_POINT('',(0.25,-0.0122445091706588,0.0468935378268774));
#5515=CARTESIAN_POINT('',(0.25,-0.0122870773804436,0.0468485198722308));
#5516=CARTESIAN_POINT('',(0.15,-0.0474951980906389,0.0466197816800957));
#5517=CARTESIAN_POINT('',(0.15,-0.0476314994587237,0.0464654293553099));
#5518=CARTESIAN_POINT('',(0.15,-0.0477626879973238,0.046307243799603));
#5519=CARTESIAN_POINT('',(0.165,-0.0474951980906389,0.0466197816800957));
#5520=CARTESIAN_POINT('',(0.165,-0.0476314994587237,0.0464654293553099));
#5521=CARTESIAN_POINT('',(0.165,-0.0477626879973238,0.046307243799603));
#5522=CARTESIAN_POINT('',(0.18,-0.0474951980906389,0.0466197816800957));
#5523=CARTESIAN_POINT('',(0.18,-0.0476314994587237,0.0464654293553099));
#5524=CARTESIAN_POINT('',(0.18,-0.0477626879973238,0.046307243799603));
#5525=CARTESIAN_POINT('',(0.227797231797903,-0.0133124751012127,0.0477625907170427));
#5526=CARTESIAN_POINT('',(0.227695651144019,-0.0134147659464283,0.0476816221021317));
#5527=CARTESIAN_POINT('',(0.227594077481465,-0.0135155734923447,0.0475992285979996));
#5528=CARTESIAN_POINT('',(0.238898615898952,-0.0128208322900446,0.0472828689412252));
#5529=CARTESIAN_POINT('',(0.238847825572009,-0.0129140898110852,0.0471970119269466));
#5530=CARTESIAN_POINT('',(0.238797038740733,-0.0130056934597724,0.0471097329637043));
#5531=CARTESIAN_POINT('',(0.25,-0.0123291894788765,0.0468031471654077));
#5532=CARTESIAN_POINT('',(0.25,-0.0124134136757422,0.0467124017517615));
#5533=CARTESIAN_POINT('',(0.25,-0.0124958134272,0.046620237329409));
#5534=CARTESIAN_POINT('',(0.15,-0.0478886513925047,0.0461454961627989));
#5535=CARTESIAN_POINT('',(0.15,-0.0481405781828665,0.0458220008891908));
#5536=CARTESIAN_POINT('',(0.15,-0.0483716043995517,0.0454842572911942));
#5537=CARTESIAN_POINT('',(0.165,-0.0478886513925047,0.0461454961627989));
#5538=CARTESIAN_POINT('',(0.165,-0.0481405781828665,0.0458220008891908));
#5539=CARTESIAN_POINT('',(0.165,-0.0483716043995517,0.0454842572911942));
#5540=CARTESIAN_POINT('',(0.18,-0.0478886513925047,0.0461454961627989));
#5541=CARTESIAN_POINT('',(0.18,-0.0481405781828665,0.0458220008891908));
#5542=CARTESIAN_POINT('',(0.18,-0.0483716043995517,0.0454842572911942));
#5543=CARTESIAN_POINT('',(0.227492535564952,-0.0136148783856595,0.0475154599060951));
#5544=CARTESIAN_POINT('',(0.227289451731927,-0.0138134881722892,0.0473479225222861));
#5545=CARTESIAN_POINT('',(0.227086494883065,-0.0140060873485127,0.0471748843873876));
#5546=CARTESIAN_POINT('',(0.238746267782476,-0.0130956214295498,0.0470210861864037));
#5547=CARTESIAN_POINT('',(0.238644725865963,-0.0132754773691048,0.0468437926318024));
#5548=CARTESIAN_POINT('',(0.238543247441533,-0.0134486305930211,0.0466610278209678));
#5549=CARTESIAN_POINT('',(0.25,-0.0125763644734401,0.0465267124667123));
#5550=CARTESIAN_POINT('',(0.25,-0.0127374665659203,0.0463396627413187));
#5551=CARTESIAN_POINT('',(0.25,-0.0128911738375295,0.046147171254548));
#5552=CARTESIAN_POINT('',(0.15,-0.0485808315310837,0.0451344345674016));
#5553=CARTESIAN_POINT('',(0.15,-0.0489992857941477,0.0444347891198163));
#5554=CARTESIAN_POINT('',(0.15,-0.049330543716599,0.0436868271690469));
#5555=CARTESIAN_POINT('',(0.165,-0.0485808315310837,0.0451344345674016));
#5556=CARTESIAN_POINT('',(0.165,-0.0489992857941477,0.0444347891198163));
#5557=CARTESIAN_POINT('',(0.165,-0.049330543716599,0.0436868271690469));
#5558=CARTESIAN_POINT('',(0.18,-0.0485808315310837,0.0451344345674016));
#5559=CARTESIAN_POINT('',(0.18,-0.0489992857941477,0.0444347891198163));
#5560=CARTESIAN_POINT('',(0.18,-0.049330543716599,0.0436868271690469));
#5561=CARTESIAN_POINT('',(0.226883863230484,-0.0141925140705768,0.0469967386164104));
#5562=CARTESIAN_POINT('',(0.226478599925322,-0.0145653675147049,0.0466404470744559));
#5563=CARTESIAN_POINT('',(0.226074637405279,-0.0149135311421953,0.0462637249881867));
#5564=CARTESIAN_POINT('',(0.238441931615242,-0.0136149031401828,0.0464732225848533));
#5565=CARTESIAN_POINT('',(0.238239299962661,-0.0139474482345061,0.0460976121126242));
#5566=CARTESIAN_POINT('',(0.23803731870264,-0.0142524706218107,0.0457018399392753));
#5567=CARTESIAN_POINT('',(0.25,-0.0130372922097888,0.0459497065532961));
#5568=CARTESIAN_POINT('',(0.25,-0.0133295289543073,0.0455547771507924));
#5569=CARTESIAN_POINT('',(0.25,-0.0135914101014262,0.0451399548903638));
#5570=CARTESIAN_POINT('',(0.15,-0.049567417206626,0.0429079023038325));
#5571=CARTESIAN_POINT('',(0.15,-0.0498042906966531,0.0421289774386181));
#5572=CARTESIAN_POINT('',(0.15,-0.0499467797542559,0.0413190896589588));
#5573=CARTESIAN_POINT('',(0.165,-0.049567417206626,0.0429079023038325));
#5574=CARTESIAN_POINT('',(0.165,-0.0498042906966531,0.0421289774386181));
#5575=CARTESIAN_POINT('',(0.165,-0.0499467797542559,0.0413190896589588));
#5576=CARTESIAN_POINT('',(0.18,-0.049567417206626,0.0429079023038325));
#5577=CARTESIAN_POINT('',(0.18,-0.0498042906966531,0.0421289774386181));
#5578=CARTESIAN_POINT('',(0.18,-0.0499467797542559,0.0413190896589588));
#5579=CARTESIAN_POINT('',(0.225673564101227,-0.0152356859196481,0.0458696765380071));
#5580=CARTESIAN_POINT('',(0.225272490797175,-0.0155578406971009,0.0454756280878275));
#5581=CARTESIAN_POINT('',(0.224874306709113,-0.0158539866245161,0.0450642532737374));
#5582=CARTESIAN_POINT('',(0.237836782050614,-0.0145285344714811,0.0452893323425927));
#5583=CARTESIAN_POINT('',(0.237636245398588,-0.0148045983211514,0.04487682474591));
#5584=CARTESIAN_POINT('',(0.237437153354556,-0.0150517036331875,0.0444475817258936));
#5585=CARTESIAN_POINT('',(0.25,-0.0138213830233141,0.0447089881471782));
#5586=CARTESIAN_POINT('',(0.25,-0.0140513559452019,0.0442780214039926));
#5587=CARTESIAN_POINT('',(0.25,-0.0142494206418588,0.0438309101780499));
#5588=CARTESIAN_POINT('',(0.15,-0.0499876962876227,0.0404955925535938));
#5589=CARTESIAN_POINT('',(0.15,-0.0499928108542936,0.0403926554154231));
#5590=CARTESIAN_POINT('',(0.15,-0.0499963383502732,0.0402895056315384));
#5591=CARTESIAN_POINT('',(0.165,-0.0499876962876227,0.0404955925535938));
#5592=CARTESIAN_POINT('',(0.165,-0.0499928108542936,0.0403926554154231));
#5593=CARTESIAN_POINT('',(0.165,-0.0499963383502732,0.0402895056315384));
#5594=CARTESIAN_POINT('',(0.18,-0.0499876962876227,0.0404955925535938));
#5595=CARTESIAN_POINT('',(0.18,-0.0499928108542936,0.0403926554154231));
#5596=CARTESIAN_POINT('',(0.18,-0.0499963383502732,0.0402895056315384));
#5597=CARTESIAN_POINT('',(0.224480603175476,-0.0161226007847901,0.0446385524637009));
#5598=CARTESIAN_POINT('',(0.224431390233771,-0.0161561775548244,0.0445853398624463));
#5599=CARTESIAN_POINT('',(0.224382247300729,-0.0161893241409971,0.0445319034175051));
#5600=CARTESIAN_POINT('',(0.237240301587738,-0.0152683126351218,0.0440049776541093));
#5601=CARTESIAN_POINT('',(0.237215695116885,-0.0152953887603636,0.0439496521451363));
#5602=CARTESIAN_POINT('',(0.237191123650365,-0.01532198838076,0.0438941178697294));
#5603=CARTESIAN_POINT('',(0.25,-0.0144140244854534,0.0433714028445178));
#5604=CARTESIAN_POINT('',(0.25,-0.0144345999659027,0.0433139644278263));
#5605=CARTESIAN_POINT('',(0.25,-0.0144546526205229,0.0432563323219537));
#5606=CARTESIAN_POINT('',(0.15,-0.0499982647363199,0.0401861770956674));
#5607=CARTESIAN_POINT('',(0.15,-0.0499992279293432,0.040134512827732));
#5608=CARTESIAN_POINT('',(0.15,-0.0499997908448833,0.0400828038718));
#5609=CARTESIAN_POINT('',(0.165,-0.0499982647363199,0.0401861770956674));
#5610=CARTESIAN_POINT('',(0.165,-0.0499992279293432,0.040134512827732));
#5611=CARTESIAN_POINT('',(0.165,-0.0499997908448833,0.0400828038718));
#5612=CARTESIAN_POINT('',(0.18,-0.0499982647363199,0.0401861770956674));
#5613=CARTESIAN_POINT('',(0.18,-0.0499992279293432,0.040134512827732));
#5614=CARTESIAN_POINT('',(0.18,-0.0499997908448833,0.0400828038718));
#5615=CARTESIAN_POINT('',(0.224333177484433,-0.0162220375688607,0.0444782489889709));
#5616=CARTESIAN_POINT('',(0.224308642576285,-0.0162383942827925,0.0444514217747038));
#5617=CARTESIAN_POINT('',(0.224284125947323,-0.016254642707147,0.0444245400645384));
#5618=CARTESIAN_POINT('',(0.237166588742217,-0.0153481084928493,0.0438383814184581));
#5619=CARTESIAN_POINT('',(0.237154321288143,-0.0153611685488939,0.0438105131928224));
#5620=CARTESIAN_POINT('',(0.237142062973662,-0.0153741087278617,0.0437825944232206));
#5621=CARTESIAN_POINT('',(0.25,-0.0144741794168378,0.0431985138479452));
#5622=CARTESIAN_POINT('',(0.25,-0.0144839428149953,0.043169604610941));
#5623=CARTESIAN_POINT('',(0.25,-0.0144935747485764,0.0431406487819029));
#5624=CARTESIAN_POINT('',(0.15,-0.0499999517280349,0.0400310544645875));
#5625=CARTESIAN_POINT('',(0.15,-0.0499999919488228,0.0400181171127843));
#5626=CARTESIAN_POINT('',(0.15,-0.05,0.0400065104166667));
#5627=CARTESIAN_POINT('',(0.165,-0.0499999517280349,0.0400310544645875));
#5628=CARTESIAN_POINT('',(0.165,-0.0499999919488228,0.0400181171127843));
#5629=CARTESIAN_POINT('',(0.165,-0.05,0.0400065104166667));
#5630=CARTESIAN_POINT('',(0.18,-0.0499999517280349,0.0400310544645875));
#5631=CARTESIAN_POINT('',(0.18,-0.0499999919488228,0.0400181171127843));
#5632=CARTESIAN_POINT('',(0.18,-0.05,0.0400065104166667));
#5633=CARTESIAN_POINT('',(0.224259627986059,-0.0162707824701184,0.0443976045909866));
#5634=CARTESIAN_POINT('',(0.224253503495742,-0.0162748174108612,0.0443908707225986));
#5635=CARTESIAN_POINT('',(0.224247380172157,-0.0162788455602676,0.0443841334939989));
#5636=CARTESIAN_POINT('',(0.237129813993029,-0.01538692865432,0.043754625933474));
#5637=CARTESIAN_POINT('',(0.237126751747871,-0.0153901336359346,0.0437476338110373));
#5638=CARTESIAN_POINT('',(0.237123690086079,-0.0153933311017673,0.0437406385810916));
#5639=CARTESIAN_POINT('',(0.25,-0.0145030748385216,0.0431116472759614));
#5640=CARTESIAN_POINT('',(0.25,-0.014505449861008,0.043104396899476));
#5641=CARTESIAN_POINT('',(0.25,-0.014507816643267,0.0430971436681842));
#5642=CARTESIAN_POINT('',(0.15,-0.05,0.039990234375));
#5643=CARTESIAN_POINT('',(0.15,-0.05,0.0399739583333333));
#5644=CARTESIAN_POINT('',(0.15,-0.05,0.0399576822916667));
#5645=CARTESIAN_POINT('',(0.165,-0.05,0.039990234375));
#5646=CARTESIAN_POINT('',(0.165,-0.05,0.0399739583333333));
#5647=CARTESIAN_POINT('',(0.165,-0.05,0.0399576822916667));
#5648=CARTESIAN_POINT('',(0.18,-0.05,0.039990234375));
#5649=CARTESIAN_POINT('',(0.18,-0.05,0.0399739583333333));
#5650=CARTESIAN_POINT('',(0.18,-0.05,0.0399576822916667));
#5651=CARTESIAN_POINT('',(0.224241258021374,-0.0162828669125281,0.0443773929166332));
#5652=CARTESIAN_POINT('',(0.22423513587059,-0.0162868882647886,0.0443706523392674));
#5653=CARTESIAN_POINT('',(0.224229014892608,-0.0162909028199031,0.0443639084131354));
#5654=CARTESIAN_POINT('',(0.237120629010687,-0.0153965210459521,0.043733640256509));
#5655=CARTESIAN_POINT('',(0.237117567935295,-0.0153997109901368,0.0437266419319264));
#5656=CARTESIAN_POINT('',(0.237114507446304,-0.0154028934126736,0.043719640512707));
#5657=CARTESIAN_POINT('',(0.25,-0.0145101751793761,0.0430898875963848));
#5658=CARTESIAN_POINT('',(0.25,-0.0145125337154851,0.0430826315245855));
#5659=CARTESIAN_POINT('',(0.25,-0.0145148840054441,0.0430753726122785));
#5660=CARTESIAN_POINT('',(0.15,-0.05,0.03994140625));
#5661=CARTESIAN_POINT('',(0.15,-0.05,0.0399088541666667));
#5662=CARTESIAN_POINT('',(0.15,-0.05,0.0398763020833333));
#5663=CARTESIAN_POINT('',(0.165,-0.05,0.03994140625));
#5664=CARTESIAN_POINT('',(0.165,-0.05,0.0399088541666667));
#5665=CARTESIAN_POINT('',(0.165,-0.05,0.0398763020833333));
#5666=CARTESIAN_POINT('',(0.18,-0.05,0.03994140625));
#5667=CARTESIAN_POINT('',(0.18,-0.05,0.0399088541666667));
#5668=CARTESIAN_POINT('',(0.18,-0.05,0.0398763020833333));
#5669=CARTESIAN_POINT('',(0.224222895093498,-0.0162949105720623,0.0443571611496828));
#5670=CARTESIAN_POINT('',(0.224210655495278,-0.0163029260763806,0.0443436666227775));
#5671=CARTESIAN_POINT('',(0.224198420612546,-0.0163109143688774,0.0443301587465896));
#5672=CARTESIAN_POINT('',(0.237111447546749,-0.0154060683076962,0.0437126360117229));
#5673=CARTESIAN_POINT('',(0.237105327747639,-0.0154124180977415,0.0436986270097548));
#5674=CARTESIAN_POINT('',(0.237099210306273,-0.0154187377777303,0.043684605680728));
#5675=CARTESIAN_POINT('',(0.25,-0.0145172260433302,0.043068110873763));
#5676=CARTESIAN_POINT('',(0.25,-0.0145219101191024,0.043053587396732));
#5677=CARTESIAN_POINT('',(0.25,-0.0145265611865833,0.0430390526148664));
#5678=CARTESIAN_POINT('',(0.15,-0.05,0.03984375));
#5679=CARTESIAN_POINT('',(0.15,-0.05,0.0395833333333333));
#5680=CARTESIAN_POINT('',(0.15,-0.05,0.0393229166666667));
#5681=CARTESIAN_POINT('',(0.165,-0.05,0.03984375));
#5682=CARTESIAN_POINT('',(0.165,-0.05,0.0395833333333333));
#5683=CARTESIAN_POINT('',(0.165,-0.05,0.0393229166666667));
#5684=CARTESIAN_POINT('',(0.18,-0.05,0.03984375));
#5685=CARTESIAN_POINT('',(0.179999999999999,-0.05,0.0395833333333333));
#5686=CARTESIAN_POINT('',(0.18,-0.05,0.0393229166666667));
#5687=CARTESIAN_POINT('',(0.224186190493865,-0.0163188754030769,0.044316637612683));
#5688=CARTESIAN_POINT('',(0.224088349544422,-0.016382563676673,0.0442084685414301));
#5689=CARTESIAN_POINT('',(0.223990813494293,-0.0164445074192431,0.0440994509761799));
#5690=CARTESIAN_POINT('',(0.237093095246933,-0.0154250273007336,0.0436705721276204));
#5691=CARTESIAN_POINT('',(0.237044174772211,-0.0154753434847597,0.043558303702759));
#5692=CARTESIAN_POINT('',(0.236995406747147,-0.0155237296217095,0.0434452529367179));
#5693=CARTESIAN_POINT('',(0.25,-0.0145311791983903,0.0430245066425577));
#5694=CARTESIAN_POINT('',(0.25,-0.0145681232928463,0.042908138864088));
#5695=CARTESIAN_POINT('',(0.25,-0.014602951824176,0.0427910548972559));
#5696=CARTESIAN_POINT('',(0.15,-0.05,0.0390625));
#5697=CARTESIAN_POINT('',(0.15,-0.05,0.0385416666666667));
#5698=CARTESIAN_POINT('',(0.15,-0.05,0.0380208333333333));
#5699=CARTESIAN_POINT('',(0.165,-0.05,0.0390625));
#5700=CARTESIAN_POINT('',(0.165,-0.05,0.0385416666666667));
#5701=CARTESIAN_POINT('',(0.165,-0.05,0.0380208333333333));
#5702=CARTESIAN_POINT('',(0.18,-0.05,0.0390625));
#5703=CARTESIAN_POINT('',(0.18,-0.05,0.0385416666666667));
#5704=CARTESIAN_POINT('',(0.18,-0.05,0.0380208333333333));
#5705=CARTESIAN_POINT('',(0.223893607208142,-0.0165046828352073,0.0439896317976819));
#5706=CARTESIAN_POINT('',(0.22369919463584,-0.0166250336671358,0.043769993440686));
#5707=CARTESIAN_POINT('',(0.223506101119449,-0.016738311192641,0.043547148630699));
#5708=CARTESIAN_POINT('',(0.236946803604071,-0.0155701616838885,0.0433314725540527));
#5709=CARTESIAN_POINT('',(0.23684959731792,-0.0156630258082463,0.0431039117887224));
#5710=CARTESIAN_POINT('',(0.236753050559724,-0.0157480736335203,0.0428734325568958));
#5711=CARTESIAN_POINT('',(0.25,-0.0146356405325696,0.0426733133104235));
#5712=CARTESIAN_POINT('',(0.25,-0.0147010179493568,0.0424378301367588));
#5713=CARTESIAN_POINT('',(0.25,-0.0147578360743996,0.0421997164830926));
#5714=CARTESIAN_POINT('',(0.15,-0.05,0.0375));
#5715=CARTESIAN_POINT('',(0.15,-0.05,0.0364583333333333));
#5716=CARTESIAN_POINT('',(0.15,-0.05,0.0354166666666667));
#5717=CARTESIAN_POINT('',(0.165,-0.05,0.0375));
#5718=CARTESIAN_POINT('',(0.165,-0.05,0.0364583333333333));
#5719=CARTESIAN_POINT('',(0.165,-0.05,0.0354166666666667));
#5720=CARTESIAN_POINT('',(0.18,-0.05,0.0375));
#5721=CARTESIAN_POINT('',(0.18,-0.05,0.0364583333333333));
#5722=CARTESIAN_POINT('',(0.18,-0.05,0.0354166666666667));
#5723=CARTESIAN_POINT('',(0.223314525576272,-0.016844325047085,0.0433214724137164));
#5724=CARTESIAN_POINT('',(0.222931374489919,-0.017056352755973,0.0428701199797513));
#5725=CARTESIAN_POINT('',(0.222554295296426,-0.0172393257806162,0.0424074419178038));
#5726=CARTESIAN_POINT('',(0.236657262788136,-0.0158251129381519,0.0426404566550187));
#5727=CARTESIAN_POINT('',(0.23646568724496,-0.0159791915474153,0.0421745048512645));
#5728=CARTESIAN_POINT('',(0.236277147648213,-0.0161012360741094,0.0416985663673083));
#5729=CARTESIAN_POINT('',(0.25,-0.0148059008292189,0.0419594408963209));
#5730=CARTESIAN_POINT('',(0.25,-0.0149020303388576,0.0414788897227777));
#5731=CARTESIAN_POINT('',(0.25,-0.0149631463676026,0.0409896908168128));
#5732=CARTESIAN_POINT('',(0.15,-0.05,0.034375));
#5733=CARTESIAN_POINT('',(0.15,-0.05,0.0341145833333333));
#5734=CARTESIAN_POINT('',(0.15,-0.05,0.0338541666666667));
#5735=CARTESIAN_POINT('',(0.165,-0.05,0.034375));
#5736=CARTESIAN_POINT('',(0.165,-0.05,0.0341145833333333));
#5737=CARTESIAN_POINT('',(0.165,-0.05,0.0338541666666667));
#5738=CARTESIAN_POINT('',(0.18,-0.05,0.034375));
#5739=CARTESIAN_POINT('',(0.18,-0.05,0.0341145833333333));
#5740=CARTESIAN_POINT('',(0.18,-0.05,0.0338541666666667));
#5741=CARTESIAN_POINT('',(0.222184878352983,-0.017391484260684,0.0419363676181087));
#5742=CARTESIAN_POINT('',(0.222092524117122,-0.017429523880701,0.041818599043185));
#5743=CARTESIAN_POINT('',(0.22200064877189,-0.017465637591682,0.041700305703402));
#5744=CARTESIAN_POINT('',(0.236092439176491,-0.0161895902741534,0.0412159800858512));
#5745=CARTESIAN_POINT('',(0.236046262058561,-0.0162116788241644,0.041095333515487));
#5746=CARTESIAN_POINT('',(0.236000324385945,-0.0162316617287597,0.0409742714577789));
#5747=CARTESIAN_POINT('',(0.25,-0.0149876962876227,0.0404955925535938));
#5748=CARTESIAN_POINT('',(0.25,-0.0149938337676277,0.040372067987789));
#5749=CARTESIAN_POINT('',(0.25,-0.0149976858658374,0.0402482372121559));
#5750=CARTESIAN_POINT('',(0.15,-0.05,0.03359375));
#5751=CARTESIAN_POINT('',(0.15,-0.05,0.0335286458333333));
#5752=CARTESIAN_POINT('',(0.15,-0.05,0.0334635416666667));
#5753=CARTESIAN_POINT('',(0.165,-0.05,0.03359375));
#5754=CARTESIAN_POINT('',(0.165,-0.05,0.0335286458333333));
#5755=CARTESIAN_POINT('',(0.165,-0.05,0.0334635416666667));
#5756=CARTESIAN_POINT('',(0.18,-0.05,0.03359375));
#5757=CARTESIAN_POINT('',(0.18,-0.05,0.0335286458333333));
#5758=CARTESIAN_POINT('',(0.18,-0.05,0.0334635416666667));
#5759=CARTESIAN_POINT('',(0.221909277110984,-0.0174997970914702,0.0415815336968603));
#5760=CARTESIAN_POINT('',(0.221886434195757,-0.0175083369664172,0.0415518406952249));
#5761=CARTESIAN_POINT('',(0.221863622760801,-0.0175167547031647,0.0415221177769171));
#5762=CARTESIAN_POINT('',(0.235954638555492,-0.0162495127069561,0.0408528462459583));
#5763=CARTESIAN_POINT('',(0.235943217097879,-0.0162539754515052,0.0408224899430032));
#5764=CARTESIAN_POINT('',(0.2359318113804,-0.0162583049506543,0.040792110942916));
#5765=CARTESIAN_POINT('',(0.25,-0.014999228322442,0.0401241587950564));
#5766=CARTESIAN_POINT('',(0.25,-0.0149996139365931,0.0400931391907815));
#5767=CARTESIAN_POINT('',(0.25,-0.0149998551981439,0.040062104108915));
#5768=CARTESIAN_POINT('',(0.15,-0.05,0.0333984375));
#5769=CARTESIAN_POINT('',(0.15,-0.05,0.0333821614583333));
#5770=CARTESIAN_POINT('',(0.15,-0.05,0.0333658854166667));
#5771=CARTESIAN_POINT('',(0.165,-0.05,0.0333984375));
#5772=CARTESIAN_POINT('',(0.165,-0.05,0.0333821614583333));
#5773=CARTESIAN_POINT('',(0.165,-0.05,0.0333658854166667));
#5774=CARTESIAN_POINT('',(0.18,-0.05,0.0333984375));
#5775=CARTESIAN_POINT('',(0.18,-0.05,0.0333821614583333));
#5776=CARTESIAN_POINT('',(0.18,-0.05,0.0333658854166667));
#5777=CARTESIAN_POINT('',(0.221840843194512,-0.0175250498500882,0.0414923656488274));
#5778=CARTESIAN_POINT('',(0.221835148302939,-0.0175271236368191,0.041484927616805));
#5779=CARTESIAN_POINT('',(0.221829455403159,-0.0175291897616859,0.0414774877591712));
#5780=CARTESIAN_POINT('',(0.235920421597256,-0.0162625007890615,0.0407617100567074));
#5781=CARTESIAN_POINT('',(0.23591757415147,-0.0162635497486633,0.0407541098351553));
#5782=CARTESIAN_POINT('',(0.235914727701579,-0.0162645903544688,0.0407465082457205));
#5783=CARTESIAN_POINT('',(0.25,-0.0149999517280349,0.0400310544645875));
#5784=CARTESIAN_POINT('',(0.25,-0.0149999758605076,0.0400232920535056));
#5785=CARTESIAN_POINT('',(0.25,-0.0149999909472516,0.0400155287322699));
#5786=CARTESIAN_POINT('',(0.15,-0.05,0.033349609375));
#5787=CARTESIAN_POINT('',(0.15,-0.05,0.0333333333333333));
#5788=CARTESIAN_POINT('',(0.15,-0.05,0.0333170572916667));
#5789=CARTESIAN_POINT('',(0.165,-0.05,0.033349609375));
#5790=CARTESIAN_POINT('',(0.165,-0.05,0.0333333333333333));
#5791=CARTESIAN_POINT('',(0.165,-0.05,0.0333170572916667));
#5792=CARTESIAN_POINT('',(0.18,-0.05,0.033349609375));
#5793=CARTESIAN_POINT('',(0.18,-0.05,0.0333333333333333));
#5794=CARTESIAN_POINT('',(0.18,-0.05,0.0333170572916667));
#5795=CARTESIAN_POINT('',(0.221823764501014,-0.0175312482162619,0.0414700460884849));
#5796=CARTESIAN_POINT('',(0.221818073598869,-0.0175333066708379,0.0414626044177986));
#5797=CARTESIAN_POINT('',(0.221812384694359,-0.0175353574542456,0.0414531601239167));
#5798=CARTESIAN_POINT('',(0.235911882250507,-0.016265622599303,0.0407389053018321));
#5799=CARTESIAN_POINT('',(0.235909036799434,-0.0162666548441372,0.0407313023579437));
#5800=CARTESIAN_POINT('',(0.23590619234718,-0.0162676787271228,0.0407216972494583));
#5801=CARTESIAN_POINT('',(0.25,-0.0149999969823441,0.0400077645151793));
#5802=CARTESIAN_POINT('',(0.25,-0.0150000030174365,0.0400000002980887));
#5803=CARTESIAN_POINT('',(0.25,-0.015,0.039990234375));
#5804=CARTESIAN_POINT('',(0.15,-0.05,0.03330078125));
#5805=CARTESIAN_POINT('',(0.15,-0.05,0.0332682291666667));
#5806=CARTESIAN_POINT('',(0.15,-0.05,0.0332356770833333));
#5807=CARTESIAN_POINT('',(0.165,-0.05,0.03330078125));
#5808=CARTESIAN_POINT('',(0.165,-0.05,0.0332682291666667));
#5809=CARTESIAN_POINT('',(0.165,-0.05,0.0332356770833333));
#5810=CARTESIAN_POINT('',(0.18,-0.05,0.03330078125));
#5811=CARTESIAN_POINT('',(0.18,-0.05,0.0332682291666667));
#5812=CARTESIAN_POINT('',(0.18,-0.05,0.0332356770833333));
#5813=CARTESIAN_POINT('',(0.221806697794432,-0.0175374126419406,0.0414437152023828));
#5814=CARTESIAN_POINT('',(0.221795323994579,-0.0175415230173305,0.0414248253593153));
#5815=CARTESIAN_POINT('',(0.221783958213056,-0.0175456389401236,0.0414059318132854));
#5816=CARTESIAN_POINT('',(0.235903348897216,-0.0162687063209703,0.0407120919761914));
#5817=CARTESIAN_POINT('',(0.235897661997289,-0.0162707615086653,0.0406928814296576));
#5818=CARTESIAN_POINT('',(0.235891979106528,-0.0162728194700618,0.0406736690316427));
#5819=CARTESIAN_POINT('',(0.25,-0.015,0.03998046875));
#5820=CARTESIAN_POINT('',(0.25,-0.015,0.0399609375));
#5821=CARTESIAN_POINT('',(0.25,-0.015,0.03994140625));
#5822=CARTESIAN_POINT('',(0.15,-0.05,0.033203125));
#5823=CARTESIAN_POINT('',(0.15,-0.05,0.0330729166666667));
#5824=CARTESIAN_POINT('',(0.15,-0.05,0.0329427083333333));
#5825=CARTESIAN_POINT('',(0.165,-0.05,0.033203125));
#5826=CARTESIAN_POINT('',(0.165,-0.05,0.0330729166666667));
#5827=CARTESIAN_POINT('',(0.165,-0.05,0.0329427083333333));
#5828=CARTESIAN_POINT('',(0.18,-0.05,0.033203125));
#5829=CARTESIAN_POINT('',(0.18,-0.05,0.0330729166666667));
#5830=CARTESIAN_POINT('',(0.18,-0.05,0.0329427083333333));
#5831=CARTESIAN_POINT('',(0.221772600487343,-0.0175497603194541,0.0413870346058129));
#5832=CARTESIAN_POINT('',(0.221727169584491,-0.0175662458367759,0.0413114457759229));
#5833=CARTESIAN_POINT('',(0.221681867574588,-0.0175828186586962,0.0412357983629492));
#5834=CARTESIAN_POINT('',(0.235886300243672,-0.016274880159727,0.0406544548029065));
#5835=CARTESIAN_POINT('',(0.235863584792245,-0.016283122918388,0.0405775978879614));
#5836=CARTESIAN_POINT('',(0.235840933787294,-0.0162914093293481,0.0405007116814746));
#5837=CARTESIAN_POINT('',(0.25,-0.015,0.039921875));
#5838=CARTESIAN_POINT('',(0.25,-0.015,0.03984375));
#5839=CARTESIAN_POINT('',(0.25,-0.015,0.039765625));
#5840=CARTESIAN_POINT('',(0.15,-0.05,0.0328125));
#5841=CARTESIAN_POINT('',(0.15,-0.05,0.0322916666666667));
#5842=CARTESIAN_POINT('',(0.15,-0.05,0.0317708333333333));
#5843=CARTESIAN_POINT('',(0.165,-0.05,0.0328125));
#5844=CARTESIAN_POINT('',(0.165,-0.05,0.0322916666666667));
#5845=CARTESIAN_POINT('',(0.165,-0.05,0.0317708333333333));
#5846=CARTESIAN_POINT('',(0.18,-0.05,0.0328125));
#5847=CARTESIAN_POINT('',(0.18,-0.05,0.0322916666666667));
#5848=CARTESIAN_POINT('',(0.18,-0.05,0.0317708333333333));
#5849=CARTESIAN_POINT('',(0.221636698001152,-0.0175994815014238,0.0411600880812836));
#5850=CARTESIAN_POINT('',(0.221456019707409,-0.0176661328723345,0.040857246954621));
#5851=CARTESIAN_POINT('',(0.221277460397148,-0.0177342245761638,0.0405533999288873));
#5852=CARTESIAN_POINT('',(0.235818349000576,-0.0162997407507119,0.0404237940406418));
#5853=CARTESIAN_POINT('',(0.235728009853705,-0.0163330664361673,0.0401161234773105));
#5854=CARTESIAN_POINT('',(0.235638730198574,-0.0163671122880819,0.0398079499644436));
#5855=CARTESIAN_POINT('',(0.25,-0.015,0.0396875));
#5856=CARTESIAN_POINT('',(0.25,-0.015,0.039375));
#5857=CARTESIAN_POINT('',(0.25,-0.015,0.0390625));
#5858=CARTESIAN_POINT('',(0.15,-0.05,0.03125));
#5859=CARTESIAN_POINT('',(0.15,-0.05,0.0291666666666667));
#5860=CARTESIAN_POINT('',(0.15,-0.05,0.0270833333333333));
#5861=CARTESIAN_POINT('',(0.165,-0.05,0.03125));
#5862=CARTESIAN_POINT('',(0.165,-0.05,0.0291666666666667));
#5863=CARTESIAN_POINT('',(0.165,-0.05,0.0270833333333333));
#5864=CARTESIAN_POINT('',(0.18,-0.05,0.03125));
#5865=CARTESIAN_POINT('',(0.18,-0.05,0.0291666666666667));
#5866=CARTESIAN_POINT('',(0.18,-0.05,0.0270833333333333));
#5867=CARTESIAN_POINT('',(0.221101201246802,-0.0178035864979658,0.040248548203764));
#5868=CARTESIAN_POINT('',(0.220396164645417,-0.0180810341851738,0.0390291413032708));
#5869=CARTESIAN_POINT('',(0.219727930602673,-0.0183788053599463,0.0377936592125457));
#5870=CARTESIAN_POINT('',(0.235550600623401,-0.0164017932489829,0.039499274101882));
#5871=CARTESIAN_POINT('',(0.235198082322709,-0.0165405170925869,0.0382645706516354));
#5872=CARTESIAN_POINT('',(0.234863965301336,-0.0166894026799732,0.0370218296062729));
#5873=CARTESIAN_POINT('',(0.25,-0.015,0.03875));
#5874=CARTESIAN_POINT('',(0.25,-0.015,0.0375));
#5875=CARTESIAN_POINT('',(0.25,-0.015,0.03625));
#5876=CARTESIAN_POINT('',(0.15,-0.05,0.025));
#5877=CARTESIAN_POINT('',(0.15,-0.05,0.0166666666666667));
#5878=CARTESIAN_POINT('',(0.15,-0.05,0.00833333333333333));
#5879=CARTESIAN_POINT('',(0.15,-0.05,0.));
#5880=CARTESIAN_POINT('',(0.165,-0.05,0.025));
#5881=CARTESIAN_POINT('',(0.165,-0.05,0.0166666666666667));
#5882=CARTESIAN_POINT('',(0.165,-0.05,0.00833333333333333));
#5883=CARTESIAN_POINT('',(0.165,-0.05,0.));
#5884=CARTESIAN_POINT('',(0.18,-0.05,0.025));
#5885=CARTESIAN_POINT('',(0.179999999999999,-0.05,0.0166666666666667));
#5886=CARTESIAN_POINT('',(0.18,-0.05,0.00833333333333333));
#5887=CARTESIAN_POINT('',(0.18,-0.05,0.));
#5888=CARTESIAN_POINT('',(0.219109790719698,-0.0186978420316104,0.0365316963210063));
#5889=CARTESIAN_POINT('',(0.216637231187798,-0.019973988718267,0.0314838447548488));
#5890=CARTESIAN_POINT('',(0.214966178212215,-0.0215903833551889,0.026012300375663));
#5891=CARTESIAN_POINT('',(0.214853343743682,-0.0227918261017717,0.02));
#5892=CARTESIAN_POINT('',(0.234554895359849,-0.0168489210158052,0.0357658481605032));
#5893=CARTESIAN_POINT('',(0.233318615593899,-0.0174869943591335,0.0307419223774244));
#5894=CARTESIAN_POINT('',(0.232483089106108,-0.0182951916775945,0.0255061501878315));
#5895=CARTESIAN_POINT('',(0.232426671871841,-0.0188959130508859,0.02));
#5896=CARTESIAN_POINT('',(0.25,-0.015,0.035));
#5897=CARTESIAN_POINT('',(0.25,-0.015,0.03));
#5898=CARTESIAN_POINT('',(0.25,-0.015,0.025));
#5899=CARTESIAN_POINT('',(0.25,-0.015,0.02));
#5900=B_SPLINE_SURFACE_WITH_KNOTS('Surf_ICOLGFOOWM, Tail, 0, 7',5,3,((#5901, #5902, #5903, #5919, #5920, #5921, #5937, #5938, #5939, #5955, #5956, #5957, #5973, #5974, #5975, #5991, #5992, #5993, #6009, #6010, #6011, #6027, #6028, #6029, #6045, #6046, #6047, #6063, #6064, #6065, #6081, #6082, #6083, #6099, #6100, #6101, #6117, #6118, #6119, #6135, #6136, #6137, #6153, #6154, #6155, #6171, #6172, #6173, #6189, #6190, #6191, #6207, #6208, #6209, #6225, #6226, #6227, #6243, #6244, #6245, #6261, #6262, #6263, #6279, #6280, #6281, #6297, #6298, #6299, #6315, #6316, #6317, #6333, #6334, #6335, #6351, #6352, #6353, #6369, #6370, #6371, #6387, #6388, #6389, #6405, #6406, #6407, #6423, #6424, #6425, #6441, #6442, #6443, #6459, #6460, #6461, #6477, #6478, #6479, #6495, #6496, #6497, #6513, #6514, #6515, #6531, #6532, #6533, #6549, #6550, #6551, #6567, #6568, #6569, #6585, #6586, #6587, #6603, #6604, #6605, #6621, #6622, #6623, #6639, #6640, #6641, #6657, #6658, #6659, #6675, #6676, #6677, #6693, #6694, #6695, #6711, #6712, #6713, #6714),(#5904, #5905, #5906, #5922, #5923, #5924, #5940, #5941, #5942, #5958, #5959, #5960, #5976, #5977, #5978, #5994, #5995, #5996, #6012, #6013, #6014, #6030, #6031, #6032, #6048, #6049, #6050, #6066, #6067, #6068, #6084, #6085, #6086, #6102, #6103, #6104, #6120, #6121, #6122, #6138, #6139, #6140, #6156, #6157, #6158, #6174, #6175, #6176, #6192, #6193, #6194, #6210, #6211, #6212, #6228, #6229, #6230, #6246, #6247, #6248, #6264, #6265, #6266, #6282, #6283, #6284, #6300, #6301, #6302, #6318, #6319, #6320, #6336, #6337, #6338, #6354, #6355, #6356, #6372, #6373, #6374, #6390, #6391, #6392, #6408, #6409, #6410, #6426, #6427, #6428, #6444, #6445, #6446, #6462, #6463, #6464, #6480, #6481, #6482, #6498, #6499, #6500, #6516, #6517, #6518, #6534, #6535, #6536, #6552, #6553, #6554, #6570, #6571, #6572, #6588, #6589, #6590, #6606, #6607, #6608, #6624, #6625, #6626, #6642, #6643, #6644, #6660, #6661, #6662, #6678, #6679, #6680, #6696, #6697, #6698, #6715, #6716, #6717, #6718),(#5907, #5908, #5909, #5925, #5926, #5927, #5943, #5944, #5945, #5961, #5962, #5963, #5979, #5980, #5981, #5997, #5998, #5999, #6015, #6016, #6017, #6033, #6034, #6035, #6051, #6052, #6053, #6069, #6070, #6071, #6087, #6088, #6089, #6105, #6106, #6107, #6123, #6124, #6125, #6141, #6142, #6143, #6159, #6160, #6161, #6177, #6178, #6179, #6195, #6196, #6197, #6213, #6214, #6215, #6231, #6232, #6233, #6249, #6250, #6251, #6267, #6268, #6269, #6285, #6286, #6287, #6303, #6304, #6305, #6321, #6322, #6323, #6339, #6340, #6341, #6357, #6358, #6359, #6375, #6376, #6377, #6393, #6394, #6395, #6411, #6412, #6413, #6429, #6430, #6431, #6447, #6448, #6449, #6465, #6466, #6467, #6483, #6484, #6485, #6501, #6502, #6503, #6519, #6520, #6521, #6537, #6538, #6539, #6555, #6556, #6557, #6573, #6574, #6575, #6591, #6592, #6593, #6609, #6610, #6611, #6627, #6628, #6629, #6645, #6646, #6647, #6663, #6664, #6665, #6681, #6682, #6683, #6699, #6700, #6701, #6719, #6720, #6721, #6722),(#5910, #5911, #5912, #5928, #5929, #5930, #5946, #5947, #5948, #5964, #5965, #5966, #5982, #5983, #5984, #6000, #6001, #6002, #6018, #6019, #6020, #6036, #6037, #6038, #6054, #6055, #6056, #6072, #6073, #6074, #6090, #6091, #6092, #6108, #6109, #6110, #6126, #6127, #6128, #6144, #6145, #6146, #6162, #6163, #6164, #6180, #6181, #6182, #6198, #6199, #6200, #6216, #6217, #6218, #6234, #6235, #6236, #6252, #6253, #6254, #6270, #6271, #6272, #6288, #6289, #6290, #6306, #6307, #6308, #6324, #6325, #6326, #6342, #6343, #6344, #6360, #6361, #6362, #6378, #6379, #6380, #6396, #6397, #6398, #6414, #6415, #6416, #6432, #6433, #6434, #6450, #6451, #6452, #6468, #6469, #6470, #6486, #6487, #6488, #6504, #6505, #6506, #6522, #6523, #6524, #6540, #6541, #6542, #6558, #6559, #6560, #6576, #6577, #6578, #6594, #6595, #6596, #6612, #6613, #6614, #6630, #6631, #6632, #6648, #6649, #6650, #6666, #6667, #6668, #6684, #6685, #6686, #6702, #6703, #6704, #6723, #6724, #6725, #6726),(#5913, #5914, #5915, #5931, #5932, #5933, #5949, #5950, #5951, #5967, #5968, #5969, #5985, #5986, #5987, #6003, #6004, #6005, #6021, #6022, #6023, #6039, #6040, #6041, #6057, #6058, #6059, #6075, #6076, #6077, #6093, #6094, #6095, #6111, #6112, #6113, #6129, #6130, #6131, #6147, #6148, #6149, #6165, #6166, #6167, #6183, #6184, #6185, #6201, #6202, #6203, #6219, #6220, #6221, #6237, #6238, #6239, #6255, #6256, #6257, #6273, #6274, #6275, #6291, #6292, #6293, #6309, #6310, #6311, #6327, #6328, #6329, #6345, #6346, #6347, #6363, #6364, #6365, #6381, #6382, #6383, #6399, #6400, #6401, #6417, #6418, #6419, #6435, #6436, #6437, #6453, #6454, #6455, #6471, #6472, #6473, #6489, #6490, #6491, #6507, #6508, #6509, #6525, #6526, #6527, #6543, #6544, #6545, #6561, #6562, #6563, #6579, #6580, #6581, #6597, #6598, #6599, #6615, #6616, #6617, #6633, #6634, #6635, #6651, #6652, #6653, #6669, #6670, #6671, #6687, #6688, #6689, #6705, #6706, #6707, #6727, #6728, #6729, #6730),(#5916, #5917, #5918, #5934, #5935, #5936, #5952, #5953, #5954, #5970, #5971, #5972, #5988, #5989, #5990, #6006, #6007, #6008, #6024, #6025, #6026, #6042, #6043, #6044, #6060, #6061, #6062, #6078, #6079, #6080, #6096, #6097, #6098, #6114, #6115, #6116, #6132, #6133, #6134, #6150, #6151, #6152, #6168, #6169, #6170, #6186, #6187, #6188, #6204, #6205, #6206, #6222, #6223, #6224, #6240, #6241, #6242, #6258, #6259, #6260, #6276, #6277, #6278, #6294, #6295, #6296, #6312, #6313, #6314, #6330, #6331, #6332, #6348, #6349, #6350, #6366, #6367, #6368, #6384, #6385, #6386, #6402, #6403, #6404, #6420, #6421, #6422, #6438, #6439, #6440, #6456, #6457, #6458, #6474, #6475, #6476, #6492, #6493, #6494, #6510, #6511, #6512, #6528, #6529, #6530, #6546, #6547, #6548, #6564, #6565, #6566, #6582, #6583, #6584, #6600, #6601, #6602, #6618, #6619, #6620, #6636, #6637, #6638, #6654, #6655, #6656, #6672, #6673, #6674, #6690, #6691, #6692, #6708, #6709, #6710, #6731, #6732, #6733, #6734)),.UNSPECIFIED.,.F.,.F.,.F.,(6,6),(4,3,3,3,3,3,3,3,3,3,3,3,3,3,3,3,3,3,3,3,3,3,3,3,3,3,3,3,3,3,3,3,3,3,3,3,3,3,3,3,3,3,3,3,3,3,4),(0.,1.),(0.,1.,2.,3.,4.,5.,6.,7.,8.,9.,10.,11.,12.,13.,14.,15.,16.,17.,18.,19.,20.,21.,22.,23.,24.,25.,26.,27.,28.,29.,30.,31.,32.,33.,34.,35.,36.,37.,38.,39.,40.,41.,42.,43.,44.,45.,46.),.PIECEWISE_BEZIER_KNOTS.);
#5901=CARTESIAN_POINT('',(0.15,0.05,0.));
#5902=CARTESIAN_POINT('',(0.15,0.05,0.00833333333333333));
#5903=CARTESIAN_POINT('',(0.15,0.05,0.0166666666666667));
#5904=CARTESIAN_POINT('',(0.165,0.05,0.));
#5905=CARTESIAN_POINT('',(0.165,0.05,0.00833333333333333));
#5906=CARTESIAN_POINT('',(0.165,0.05,0.0166666666666667));
#5907=CARTESIAN_POINT('',(0.18,0.05,0.));
#5908=CARTESIAN_POINT('',(0.18,0.05,0.00833333333333333));
#5909=CARTESIAN_POINT('',(0.18,0.05,0.0166666666666667));
#5910=CARTESIAN_POINT('',(0.214853343743682,0.0227918261017717,0.02));
#5911=CARTESIAN_POINT('',(0.214966178212097,0.0215903833552151,0.0260123003764618));
#5912=CARTESIAN_POINT('',(0.21663723118776,0.0199739887195566,0.0314838447556568));
#5913=CARTESIAN_POINT('',(0.232426671871841,0.0188959130508859,0.02));
#5914=CARTESIAN_POINT('',(0.232483089106048,0.0182951916776075,0.0255061501882309));
#5915=CARTESIAN_POINT('',(0.23331861559388,0.0174869943597783,0.0307419223778284));
#5916=CARTESIAN_POINT('',(0.25,0.015,0.02));
#5917=CARTESIAN_POINT('',(0.25,0.015,0.025));
#5918=CARTESIAN_POINT('',(0.25,0.015,0.03));
#5919=CARTESIAN_POINT('',(0.15,0.05,0.025));
#5920=CARTESIAN_POINT('',(0.15,0.05,0.0270833333333333));
#5921=CARTESIAN_POINT('',(0.15,0.05,0.0291666666666667));
#5922=CARTESIAN_POINT('',(0.165,0.05,0.025));
#5923=CARTESIAN_POINT('',(0.165,0.05,0.0270833333333333));
#5924=CARTESIAN_POINT('',(0.165,0.05,0.0291666666666667));
#5925=CARTESIAN_POINT('',(0.18,0.05,0.025));
#5926=CARTESIAN_POINT('',(0.18,0.05,0.0270833333333333));
#5927=CARTESIAN_POINT('',(0.18,0.05,0.0291666666666667));
#5928=CARTESIAN_POINT('',(0.219109790719698,0.0186978420316105,0.0365316963210063));
#5929=CARTESIAN_POINT('',(0.219727930602682,0.0183788053596239,0.0377936592123437));
#5930=CARTESIAN_POINT('',(0.220396164645434,0.0180810341843694,0.0390291413028158));
#5931=CARTESIAN_POINT('',(0.234554895359849,0.0168489210158052,0.0357658481605032));
#5932=CARTESIAN_POINT('',(0.234863965301341,0.016689402679812,0.0370218296061719));
#5933=CARTESIAN_POINT('',(0.235198082322717,0.0165405170921847,0.0382645706514079));
#5934=CARTESIAN_POINT('',(0.25,0.015,0.035));
#5935=CARTESIAN_POINT('',(0.25,0.015,0.03625));
#5936=CARTESIAN_POINT('',(0.25,0.015,0.0375));
#5937=CARTESIAN_POINT('',(0.15,0.05,0.03125));
#5938=CARTESIAN_POINT('',(0.15,0.05,0.0317708333333333));
#5939=CARTESIAN_POINT('',(0.15,0.05,0.0322916666666667));
#5940=CARTESIAN_POINT('',(0.165,0.05,0.03125));
#5941=CARTESIAN_POINT('',(0.165,0.05,0.0317708333333333));
#5942=CARTESIAN_POINT('',(0.165,0.05,0.0322916666666667));
#5943=CARTESIAN_POINT('',(0.18,0.05,0.03125));
#5944=CARTESIAN_POINT('',(0.18,0.05,0.0317708333333333));
#5945=CARTESIAN_POINT('',(0.18,0.05,0.0322916666666667));
#5946=CARTESIAN_POINT('',(0.221101201246802,0.0178035864979658,0.040248548203764));
#5947=CARTESIAN_POINT('',(0.221277460397144,0.0177342245763648,0.040553399929001));
#5948=CARTESIAN_POINT('',(0.2214560197074,0.0176661328728171,0.0408572469548928));
#5949=CARTESIAN_POINT('',(0.235550600623401,0.0164017932489829,0.039499274101882));
#5950=CARTESIAN_POINT('',(0.235638730198572,0.0163671122881824,0.0398079499645005));
#5951=CARTESIAN_POINT('',(0.2357280098537,0.0163330664364086,0.0401161234774464));
#5952=CARTESIAN_POINT('',(0.25,0.015,0.03875));
#5953=CARTESIAN_POINT('',(0.25,0.015,0.0390625));
#5954=CARTESIAN_POINT('',(0.25,0.015,0.039375));
#5955=CARTESIAN_POINT('',(0.15,0.05,0.0328125));
#5956=CARTESIAN_POINT('',(0.15,0.05,0.0329427083333333));
#5957=CARTESIAN_POINT('',(0.15,0.05,0.0330729166666667));
#5958=CARTESIAN_POINT('',(0.165,0.05,0.0328125));
#5959=CARTESIAN_POINT('',(0.165,0.05,0.0329427083333333));
#5960=CARTESIAN_POINT('',(0.165,0.05,0.0330729166666667));
#5961=CARTESIAN_POINT('',(0.18,0.05,0.0328125));
#5962=CARTESIAN_POINT('',(0.18,0.05,0.0329427083333333));
#5963=CARTESIAN_POINT('',(0.18,0.05,0.0330729166666667));
#5964=CARTESIAN_POINT('',(0.221636698001152,0.0175994815014239,0.0411600880812836));
#5965=CARTESIAN_POINT('',(0.22168186757459,0.0175828186585755,0.0412357983628813));
#5966=CARTESIAN_POINT('',(0.221727169584496,0.0175662458364869,0.0413114457757601));
#5967=CARTESIAN_POINT('',(0.235818349000576,0.0162997407507119,0.0404237940406418));
#5968=CARTESIAN_POINT('',(0.235840933787295,0.0162914093292878,0.0405007116814406));
#5969=CARTESIAN_POINT('',(0.235863584792248,0.0162831229182434,0.0405775978878801));
#5970=CARTESIAN_POINT('',(0.25,0.015,0.0396875));
#5971=CARTESIAN_POINT('',(0.25,0.015,0.039765625));
#5972=CARTESIAN_POINT('',(0.25,0.015,0.03984375));
#5973=CARTESIAN_POINT('',(0.15,0.05,0.033203125));
#5974=CARTESIAN_POINT('',(0.15,0.05,0.0332356770833333));
#5975=CARTESIAN_POINT('',(0.15,0.05,0.0332682291666667));
#5976=CARTESIAN_POINT('',(0.165,0.05,0.033203125));
#5977=CARTESIAN_POINT('',(0.165,0.05,0.0332356770833333));
#5978=CARTESIAN_POINT('',(0.165,0.05,0.0332682291666667));
#5979=CARTESIAN_POINT('',(0.18,0.05,0.033203125));
#5980=CARTESIAN_POINT('',(0.18,0.05,0.0332356770833333));
#5981=CARTESIAN_POINT('',(0.18,0.05,0.0332682291666667));
#5982=CARTESIAN_POINT('',(0.221772600487343,0.0175497603194541,0.0413870346058129));
#5983=CARTESIAN_POINT('',(0.221783958213055,0.0175456389401959,0.0414059318133262));
#5984=CARTESIAN_POINT('',(0.221795323994576,0.0175415230175036,0.0414248253594127));
#5985=CARTESIAN_POINT('',(0.235886300243672,0.016274880159727,0.0406544548029065));
#5986=CARTESIAN_POINT('',(0.235891979106528,0.0162728194700979,0.0406736690316631));
#5987=CARTESIAN_POINT('',(0.235897661997288,0.0162707615087518,0.0406928814297064));
#5988=CARTESIAN_POINT('',(0.25,0.015,0.039921875));
#5989=CARTESIAN_POINT('',(0.25,0.015,0.03994140625));
#5990=CARTESIAN_POINT('',(0.25,0.015,0.0399609375));
#5991=CARTESIAN_POINT('',(0.15,0.05,0.03330078125));
#5992=CARTESIAN_POINT('',(0.15,0.05,0.0333170572916667));
#5993=CARTESIAN_POINT('',(0.15,0.05,0.0333333333333333));
#5994=CARTESIAN_POINT('',(0.165,0.05,0.03330078125));
#5995=CARTESIAN_POINT('',(0.165,0.05,0.0333170572916667));
#5996=CARTESIAN_POINT('',(0.165,0.05,0.0333333333333333));
#5997=CARTESIAN_POINT('',(0.18,0.05,0.03330078125));
#5998=CARTESIAN_POINT('',(0.18,0.05,0.0333170572916667));
#5999=CARTESIAN_POINT('',(0.18,0.05,0.0333333333333333));
#6000=CARTESIAN_POINT('',(0.221806697794432,0.0175374126419406,0.0414437152023828));
#6001=CARTESIAN_POINT('',(0.221812384694361,0.017535357454159,0.0414531601238679));
#6002=CARTESIAN_POINT('',(0.221818073598873,0.0175333066705963,0.0414626044176626));
#6003=CARTESIAN_POINT('',(0.235903348897216,0.0162687063209703,0.0407120919761914));
#6004=CARTESIAN_POINT('',(0.23590619234718,0.0162676787270795,0.040721697249434));
#6005=CARTESIAN_POINT('',(0.235909036799437,0.0162666548440164,0.0407313023578756));
#6006=CARTESIAN_POINT('',(0.25,0.015,0.03998046875));
#6007=CARTESIAN_POINT('',(0.25,0.015,0.039990234375));
#6008=CARTESIAN_POINT('',(0.25,0.0150000030174365,0.0400000002980887));
#6009=CARTESIAN_POINT('',(0.15,0.05,0.033349609375));
#6010=CARTESIAN_POINT('',(0.15,0.05,0.0333658854166667));
#6011=CARTESIAN_POINT('',(0.15,0.05,0.0333821614583333));
#6012=CARTESIAN_POINT('',(0.165,0.05,0.033349609375));
#6013=CARTESIAN_POINT('',(0.165,0.05,0.0333658854166667));
#6014=CARTESIAN_POINT('',(0.165,0.05,0.0333821614583333));
#6015=CARTESIAN_POINT('',(0.18,0.05,0.033349609375));
#6016=CARTESIAN_POINT('',(0.18,0.05,0.0333658854166667));
#6017=CARTESIAN_POINT('',(0.18,0.05,0.0333821614583333));
#6018=CARTESIAN_POINT('',(0.221823764501014,0.0175312482162619,0.0414700460884849));
#6019=CARTESIAN_POINT('',(0.221829455403154,0.0175291897619275,0.0414774877593072));
#6020=CARTESIAN_POINT('',(0.221835148302923,0.0175271236376989,0.0414849276173004));
#6021=CARTESIAN_POINT('',(0.235911882250507,0.016265622599303,0.0407389053018321));
#6022=CARTESIAN_POINT('',(0.235914727701577,0.0162645903545896,0.0407465082457886));
#6023=CARTESIAN_POINT('',(0.235917574151461,0.0162635497491033,0.040754109835403));
#6024=CARTESIAN_POINT('',(0.25,0.0149999969823441,0.0400077645151793));
#6025=CARTESIAN_POINT('',(0.25,0.0149999909472516,0.0400155287322699));
#6026=CARTESIAN_POINT('',(0.25,0.0149999758605076,0.0400232920535056));
#6027=CARTESIAN_POINT('',(0.15,0.05,0.0333984375));
#6028=CARTESIAN_POINT('',(0.15,0.05,0.0334635416666667));
#6029=CARTESIAN_POINT('',(0.15,0.05,0.0335286458333333));
#6030=CARTESIAN_POINT('',(0.165,0.05,0.0333984375));
#6031=CARTESIAN_POINT('',(0.165,0.05,0.0334635416666667));
#6032=CARTESIAN_POINT('',(0.165,0.05,0.0335286458333333));
#6033=CARTESIAN_POINT('',(0.18,0.05,0.0333984375));
#6034=CARTESIAN_POINT('',(0.18,0.05,0.0334635416666667));
#6035=CARTESIAN_POINT('',(0.18,0.05,0.0335286458333333));
#6036=CARTESIAN_POINT('',(0.221840843194512,0.0175250498500882,0.0414923656488274));
#6037=CARTESIAN_POINT('',(0.221863622760867,0.0175167546996454,0.0415221177749353));
#6038=CARTESIAN_POINT('',(0.221886434196345,0.0175083369350892,0.041551840677584));
#6039=CARTESIAN_POINT('',(0.235920421597256,0.0162625007890615,0.0407617100567074));
#6040=CARTESIAN_POINT('',(0.235931811380433,0.0162583049488947,0.0407921109419252));
#6041=CARTESIAN_POINT('',(0.235943217098173,0.0162539754358411,0.0408224899341828));
#6042=CARTESIAN_POINT('',(0.25,0.0149999517280349,0.0400310544645875));
#6043=CARTESIAN_POINT('',(0.25,0.0149998551981439,0.040062104108915));
#6044=CARTESIAN_POINT('',(0.25,0.0149996139365931,0.0400931391907815));
#6045=CARTESIAN_POINT('',(0.15,0.05,0.03359375));
#6046=CARTESIAN_POINT('',(0.15,0.05,0.0338541666666667));
#6047=CARTESIAN_POINT('',(0.15,0.05,0.0341145833333333));
#6048=CARTESIAN_POINT('',(0.165,0.05,0.03359375));
#6049=CARTESIAN_POINT('',(0.165,0.05,0.0338541666666667));
#6050=CARTESIAN_POINT('',(0.165,0.05,0.0341145833333333));
#6051=CARTESIAN_POINT('',(0.18,0.05,0.03359375));
#6052=CARTESIAN_POINT('',(0.18,0.05,0.0338541666666667));
#6053=CARTESIAN_POINT('',(0.18,0.05,0.0341145833333333));
#6054=CARTESIAN_POINT('',(0.221909277110983,0.0174997970914702,0.0415815336968603));
#6055=CARTESIAN_POINT('',(0.222000648769535,0.0174656377169943,0.0417003057739655));
#6056=CARTESIAN_POINT('',(0.22209252409464,0.017429525077514,0.0418185997171118));
#6057=CARTESIAN_POINT('',(0.235954638555492,0.0162495127069561,0.0408528462459583));
#6058=CARTESIAN_POINT('',(0.236000324384767,0.0162316617914159,0.0409742714930607));
#6059=CARTESIAN_POINT('',(0.23604626204732,0.0162116794225709,0.0410953338524504));
#6060=CARTESIAN_POINT('',(0.25,0.014999228322442,0.0401241587950564));
#6061=CARTESIAN_POINT('',(0.25,0.0149976858658374,0.0402482372121559));
#6062=CARTESIAN_POINT('',(0.25,0.0149938337676277,0.040372067987789));
#6063=CARTESIAN_POINT('',(0.15,0.05,0.034375));
#6064=CARTESIAN_POINT('',(0.15,0.05,0.0354166666666667));
#6065=CARTESIAN_POINT('',(0.15,0.05,0.0364583333333333));
#6066=CARTESIAN_POINT('',(0.165,0.05,0.034375));
#6067=CARTESIAN_POINT('',(0.165,0.05,0.0354166666666667));
#6068=CARTESIAN_POINT('',(0.165,0.05,0.0364583333333333));
#6069=CARTESIAN_POINT('',(0.18,0.05,0.034375));
#6070=CARTESIAN_POINT('',(0.18,0.05,0.0354166666666667));
#6071=CARTESIAN_POINT('',(0.18,0.05,0.0364583333333333));
#6072=CARTESIAN_POINT('',(0.222184878352983,0.017391484260684,0.0419363676181087));
#6073=CARTESIAN_POINT('',(0.222554295386353,0.0172393209933639,0.0424074392220967));
#6074=CARTESIAN_POINT('',(0.22293137535152,0.0170563068884476,0.0428700941516963));
#6075=CARTESIAN_POINT('',(0.236092439176491,0.0161895902741534,0.0412159800858513));
#6076=CARTESIAN_POINT('',(0.236277147693176,0.0161012336804832,0.0416985650194548));
#6077=CARTESIAN_POINT('',(0.23646568767576,0.0159791686136526,0.042174491937237));
#6078=CARTESIAN_POINT('',(0.25,0.0149876962876227,0.0404955925535938));
#6079=CARTESIAN_POINT('',(0.25,0.0149631463676026,0.0409896908168128));
#6080=CARTESIAN_POINT('',(0.25,0.0149020303388576,0.0414788897227777));
#6081=CARTESIAN_POINT('',(0.15,0.05,0.0375));
#6082=CARTESIAN_POINT('',(0.15,0.05,0.0380208333333333));
#6083=CARTESIAN_POINT('',(0.15,0.05,0.0385416666666667));
#6084=CARTESIAN_POINT('',(0.165,0.05,0.0375));
#6085=CARTESIAN_POINT('',(0.165,0.05,0.0380208333333333));
#6086=CARTESIAN_POINT('',(0.165,0.05,0.0385416666666667));
#6087=CARTESIAN_POINT('',(0.18,0.05,0.0375));
#6088=CARTESIAN_POINT('',(0.18,0.05,0.0380208333333333));
#6089=CARTESIAN_POINT('',(0.18,0.05,0.0385416666666667));
#6090=CARTESIAN_POINT('',(0.223314525576272,0.016844325047085,0.0433214724137164));
#6091=CARTESIAN_POINT('',(0.223506100688649,0.0167383341264037,0.0435471615447265));
#6092=CARTESIAN_POINT('',(0.223699193365921,0.0166251012716108,0.0437700315088417));
#6093=CARTESIAN_POINT('',(0.236657262788136,0.0158251129381519,0.0426404566550187));
#6094=CARTESIAN_POINT('',(0.236753050344324,0.0157480851004016,0.0428734390139095));
#6095=CARTESIAN_POINT('',(0.23684959668296,0.0156630596104838,0.0431039308228002));
#6096=CARTESIAN_POINT('',(0.25,0.0148059008292189,0.0419594408963209));
#6097=CARTESIAN_POINT('',(0.25,0.0147578360743996,0.0421997164830926));
#6098=CARTESIAN_POINT('',(0.25,0.0147010179493568,0.0424378301367588));
#6099=CARTESIAN_POINT('',(0.15,0.05,0.0390625));
#6100=CARTESIAN_POINT('',(0.15,0.05,0.0393229166666667));
#6101=CARTESIAN_POINT('',(0.15,0.05,0.0395833333333333));
#6102=CARTESIAN_POINT('',(0.165,0.05,0.0390625));
#6103=CARTESIAN_POINT('',(0.165,0.05,0.0393229166666667));
#6104=CARTESIAN_POINT('',(0.165,0.05,0.0395833333333333));
#6105=CARTESIAN_POINT('',(0.18,0.05,0.0390625));
#6106=CARTESIAN_POINT('',(0.18,0.05,0.0393229166666667));
#6107=CARTESIAN_POINT('',(0.18,0.05,0.0395833333333333));
#6108=CARTESIAN_POINT('',(0.223893604915231,0.0165048043742771,0.043989700354053));
#6109=CARTESIAN_POINT('',(0.223990810689886,0.0164446559256102,0.0440995347766586));
#6110=CARTESIAN_POINT('',(0.22408834618255,0.016382741466308,0.0442085689195382));
#6111=CARTESIAN_POINT('',(0.236946802457615,0.0155702224534233,0.0433315068322383));
#6112=CARTESIAN_POINT('',(0.236995405344943,0.0155238038748931,0.0434452948369572));
#6113=CARTESIAN_POINT('',(0.237044173091275,0.0154754323795771,0.0435583538918131));
#6114=CARTESIAN_POINT('',(0.25,0.0146356405325696,0.0426733133104236));
#6115=CARTESIAN_POINT('',(0.25,0.014602951824176,0.0427910548972559));
#6116=CARTESIAN_POINT('',(0.25,0.0145681232928463,0.042908138864088));
#6117=CARTESIAN_POINT('',(0.15,0.05,0.03984375));
#6118=CARTESIAN_POINT('',(0.15,0.05,0.0398763020833333));
#6119=CARTESIAN_POINT('',(0.15,0.05,0.0399088541666667));
#6120=CARTESIAN_POINT('',(0.165,0.05,0.03984375));
#6121=CARTESIAN_POINT('',(0.165,0.05,0.0398763020833333));
#6122=CARTESIAN_POINT('',(0.165,0.05,0.0399088541666667));
#6123=CARTESIAN_POINT('',(0.18,0.05,0.03984375));
#6124=CARTESIAN_POINT('',(0.18,0.05,0.0398763020833333));
#6125=CARTESIAN_POINT('',(0.18,0.05,0.0399088541666667));
#6126=CARTESIAN_POINT('',(0.224186186556616,0.016319083232817,0.0443167550386907));
#6127=CARTESIAN_POINT('',(0.224198416603375,0.0163111259536306,0.0443302783035847));
#6128=CARTESIAN_POINT('',(0.224210651413905,0.0163031414279725,0.044343788318108));
#6129=CARTESIAN_POINT('',(0.237093093278308,0.0154251312156036,0.0436706308406242));
#6130=CARTESIAN_POINT('',(0.237099208301687,0.0154188435701069,0.0436846654592256));
#6131=CARTESIAN_POINT('',(0.237105325706952,0.0154125257735375,0.04369868785742));
#6132=CARTESIAN_POINT('',(0.25,0.0145311791983903,0.0430245066425577));
#6133=CARTESIAN_POINT('',(0.25,0.0145265611865833,0.0430390526148664));
#6134=CARTESIAN_POINT('',(0.25,0.0145219101191024,0.043053587396732));
#6135=CARTESIAN_POINT('',(0.15,0.05,0.03994140625));
#6136=CARTESIAN_POINT('',(0.15,0.05,0.0399576822916667));
#6137=CARTESIAN_POINT('',(0.15,0.05,0.0399739583333333));
#6138=CARTESIAN_POINT('',(0.165,0.05,0.03994140625));
#6139=CARTESIAN_POINT('',(0.165,0.05,0.0399576822916667));
#6140=CARTESIAN_POINT('',(0.165,0.05,0.0399739583333333));
#6141=CARTESIAN_POINT('',(0.18,0.05,0.03994140625));
#6142=CARTESIAN_POINT('',(0.18,0.05,0.0399576822916667));
#6143=CARTESIAN_POINT('',(0.18,0.05,0.0399739583333333));
#6144=CARTESIAN_POINT('',(0.224222890939698,0.0162951296992733,0.0443572849890106));
#6145=CARTESIAN_POINT('',(0.224229010702595,0.0162911238349237,0.0443640333244619));
#6146=CARTESIAN_POINT('',(0.224235131644307,0.0162871111698138,0.0443707783240081));
#6147=CARTESIAN_POINT('',(0.237111445469849,0.0154061778713017,0.0437126979313868));
#6148=CARTESIAN_POINT('',(0.237114505351297,0.0154030039201839,0.0437197029683702));
#6149=CARTESIAN_POINT('',(0.237117565822153,0.0153998224426494,0.0437267049242968));
#6150=CARTESIAN_POINT('',(0.25,0.0145172260433302,0.043068110873763));
#6151=CARTESIAN_POINT('',(0.25,0.0145148840054441,0.0430753726122785));
#6152=CARTESIAN_POINT('',(0.25,0.0145125337154851,0.0430826315245855));
#6153=CARTESIAN_POINT('',(0.15,0.05,0.039990234375));
#6154=CARTESIAN_POINT('',(0.15,0.05,0.0400065104166667));
#6155=CARTESIAN_POINT('',(0.15,0.0499999919488228,0.0400181171127843));
#6156=CARTESIAN_POINT('',(0.165,0.05,0.039990234375));
#6157=CARTESIAN_POINT('',(0.165,0.05,0.0400065104166667));
#6158=CARTESIAN_POINT('',(0.165,0.0499999919488228,0.0400181171127843));
#6159=CARTESIAN_POINT('',(0.18,0.05,0.039990234375));
#6160=CARTESIAN_POINT('',(0.18,0.05,0.0400065104166667));
#6161=CARTESIAN_POINT('',(0.18,0.0499999919488228,0.0400181171127843));
#6162=CARTESIAN_POINT('',(0.224241253758771,0.0162830917093724,0.0443775199759927));
#6163=CARTESIAN_POINT('',(0.224247375873236,0.0162790722489311,0.0443842616279774));
#6164=CARTESIAN_POINT('',(0.224253499160452,0.0162750459931582,0.0443909999324006));
#6165=CARTESIAN_POINT('',(0.237120626879386,0.0153966334443742,0.0437337037861888));
#6166=CARTESIAN_POINT('',(0.237123687936618,0.015393444446099,0.0437407026480808));
#6167=CARTESIAN_POINT('',(0.237126749580226,0.0153902479270831,0.0437476984159383));
#6168=CARTESIAN_POINT('',(0.25,0.0145101751793761,0.0430898875963848));
#6169=CARTESIAN_POINT('',(0.25,0.014507816643267,0.0430971436681842));
#6170=CARTESIAN_POINT('',(0.25,0.014505449861008,0.043104396899476));
#6171=CARTESIAN_POINT('',(0.15,0.0499999517280349,0.0400310544645875));
#6172=CARTESIAN_POINT('',(0.15,0.0499997908448833,0.0400828038718));
#6173=CARTESIAN_POINT('',(0.15,0.0499992279293432,0.040134512827732));
#6174=CARTESIAN_POINT('',(0.165,0.0499999517280349,0.0400310544645875));
#6175=CARTESIAN_POINT('',(0.165,0.0499997908448833,0.0400828038718));
#6176=CARTESIAN_POINT('',(0.165,0.0499992279293432,0.040134512827732));
#6177=CARTESIAN_POINT('',(0.18,0.0499999517280349,0.0400310544645875));
#6178=CARTESIAN_POINT('',(0.18,0.0499997908448833,0.0400828038718));
#6179=CARTESIAN_POINT('',(0.18,0.0499992279293432,0.040134512827732));
#6180=CARTESIAN_POINT('',(0.224259623614357,0.0162710129474828,0.0443977348776062));
#6181=CARTESIAN_POINT('',(0.224284121429977,0.0162548807647809,0.0444246746584284));
#6182=CARTESIAN_POINT('',(0.224308637912613,0.0162386399436366,0.0444515606917676));
#6183=CARTESIAN_POINT('',(0.237129811807179,0.0153870438930022,0.0437546910767838));
#6184=CARTESIAN_POINT('',(0.237142060714989,0.0153742277566786,0.0437826617201656));
#6185=CARTESIAN_POINT('',(0.237154318956306,0.015361291379316,0.0438105826513543));
#6186=CARTESIAN_POINT('',(0.25,0.0145030748385216,0.0431116472759614));
#6187=CARTESIAN_POINT('',(0.25,0.0144935747485764,0.0431406487819029));
#6188=CARTESIAN_POINT('',(0.25,0.0144839428149953,0.043169604610941));
#6189=CARTESIAN_POINT('',(0.15,0.0499982647363199,0.0401861770956674));
#6190=CARTESIAN_POINT('',(0.15,0.0499963383502732,0.0402895056315384));
#6191=CARTESIAN_POINT('',(0.15,0.0499928108542936,0.0403926554154231));
#6192=CARTESIAN_POINT('',(0.165,0.0499982647363199,0.0401861770956674));
#6193=CARTESIAN_POINT('',(0.165,0.0499963383502732,0.0402895056315384));
#6194=CARTESIAN_POINT('',(0.165,0.0499928108542936,0.0403926554154231));
#6195=CARTESIAN_POINT('',(0.18,0.0499982647363199,0.0401861770956674));
#6196=CARTESIAN_POINT('',(0.18,0.0499963383502732,0.0402895056315384));
#6197=CARTESIAN_POINT('',(0.18,0.0499928108542936,0.0403926554154231));
#6198=CARTESIAN_POINT('',(0.224333172674192,0.0162222908314945,0.0444783922316239));
#6199=CARTESIAN_POINT('',(0.22438224219735,0.0161895926072104,0.0445320553113365));
#6200=CARTESIAN_POINT('',(0.224431384836283,0.0161564612189347,0.044585500417117));
#6201=CARTESIAN_POINT('',(0.237166586337096,0.0153482351241662,0.0438384530397846));
#6202=CARTESIAN_POINT('',(0.237191121098675,0.0153221226138666,0.0438941938166451));
#6203=CARTESIAN_POINT('',(0.237215692418141,0.0152955305924187,0.0439497324224717));
#6204=CARTESIAN_POINT('',(0.25,0.0144741794168378,0.0431985138479452));
#6205=CARTESIAN_POINT('',(0.25,0.0144546526205229,0.0432563323219537));
#6206=CARTESIAN_POINT('',(0.25,0.0144345999659027,0.0433139644278263));
#6207=CARTESIAN_POINT('',(0.15,0.0499876962876227,0.0404955925535938));
#6208=CARTESIAN_POINT('',(0.15,0.0499467797542559,0.0413190896589588));
#6209=CARTESIAN_POINT('',(0.15,0.0498042906966531,0.0421289774386181));
#6210=CARTESIAN_POINT('',(0.165,0.0499876962876227,0.0404955925535938));
#6211=CARTESIAN_POINT('',(0.165000000000001,0.0499467797542559,0.0413190896589588));
#6212=CARTESIAN_POINT('',(0.165,0.0498042906966531,0.0421289774386181));
#6213=CARTESIAN_POINT('',(0.18,0.0499876962876227,0.0404955925535938));
#6214=CARTESIAN_POINT('',(0.180000000000001,0.0499467797542559,0.0413190896589588));
#6215=CARTESIAN_POINT('',(0.18,0.0498042906966531,0.0421289774386181));
#6216=CARTESIAN_POINT('',(0.224480597486414,0.0161228994462235,0.0446387215809656));
#6217=CARTESIAN_POINT('',(0.224874298687467,0.0158544052645334,0.0450644908917539));
#6218=CARTESIAN_POINT('',(0.225272480605235,0.015558366478962,0.0454759279188898));
#6219=CARTESIAN_POINT('',(0.237240298743207,0.0152684619658384,0.0440050622127417));
#6220=CARTESIAN_POINT('',(0.237437149343734,0.0150519129531961,0.0444477005349019));
#6221=CARTESIAN_POINT('',(0.237636240302618,0.014804861212082,0.0448769746614412));
#6222=CARTESIAN_POINT('',(0.25,0.0144140244854534,0.0433714028445178));
#6223=CARTESIAN_POINT('',(0.25,0.0142494206418588,0.0438309101780499));
#6224=CARTESIAN_POINT('',(0.25,0.0140513559452019,0.0442780214039926));
#6225=CARTESIAN_POINT('',(0.15,0.049567417206626,0.0429079023038325));
#6226=CARTESIAN_POINT('',(0.15,0.0490936702265719,0.0444657520342612));
#6227=CARTESIAN_POINT('',(0.15,0.0482423855168207,0.0458997501069103));
#6228=CARTESIAN_POINT('',(0.165,0.049567417206626,0.0429079023038325));
#6229=CARTESIAN_POINT('',(0.164999999999999,0.0490936702265719,0.0444657520342612));
#6230=CARTESIAN_POINT('',(0.165,0.0482423855168207,0.0458997501069103));
#6231=CARTESIAN_POINT('',(0.179999999999999,0.049567417206626,0.0429079023038325));
#6232=CARTESIAN_POINT('',(0.179999999999998,0.0490936702265719,0.0444657520342612));
#6233=CARTESIAN_POINT('',(0.179999999999999,0.0482423855168207,0.0458997501069103));
#6234=CARTESIAN_POINT('',(0.22567355369685,0.0152362062220744,0.0458699770463002));
#6235=CARTESIAN_POINT('',(0.226475699880079,0.0145918857082991,0.046658075301121));
#6236=CARTESIAN_POINT('',(0.227289410758692,0.0138430793092586,0.04737662195704));
#6237=CARTESIAN_POINT('',(0.237836776848425,0.0145287946226942,0.0452894825967392));
#6238=CARTESIAN_POINT('',(0.238237849940039,0.0139766614439187,0.0461144984673352));
#6239=CARTESIAN_POINT('',(0.238644705379346,0.0133084688720486,0.0468724495729662));
#6240=CARTESIAN_POINT('',(0.25,0.0138213830233141,0.0447089881471782));
#6241=CARTESIAN_POINT('',(0.25,0.0133614371795383,0.0455709216335494));
#6242=CARTESIAN_POINT('',(0.25,0.0127738584348386,0.0463682771888923));
#6243=CARTESIAN_POINT('',(0.15,0.0470710678118655,0.0470710678118655));
#6244=CARTESIAN_POINT('',(0.15,0.0470619168922955,0.0470802187314354));
#6245=CARTESIAN_POINT('',(0.15,0.0470527499399883,0.0470893501177415));
#6246=CARTESIAN_POINT('',(0.165,0.0470710678118655,0.0470710678118655));
#6247=CARTESIAN_POINT('',(0.165,0.0470619168922955,0.0470802187314354));
#6248=CARTESIAN_POINT('',(0.165,0.0470527499399883,0.0470893501177415));
#6249=CARTESIAN_POINT('',(0.18,0.0470710678118655,0.0470710678118655));
#6250=CARTESIAN_POINT('',(0.18,0.0470619168922955,0.0470802187314354));
#6251=CARTESIAN_POINT('',(0.18,0.0470527499399883,0.0470893501177415));
#6252=CARTESIAN_POINT('',(0.228101969989736,0.0130011720854728,0.0480011720854728));
#6253=CARTESIAN_POINT('',(0.228108318108728,0.012994594685287,0.0480060513833512));
#6254=CARTESIAN_POINT('',(0.22811466615743,0.0129935077434484,0.0480054384061865));
#6255=CARTESIAN_POINT('',(0.239050984994868,0.0125361199486691,0.0475361199486691));
#6256=CARTESIAN_POINT('',(0.239054159054364,0.0125300859727052,0.0475413048734793));
#6257=CARTESIAN_POINT('',(0.239057333078715,0.0125295417803128,0.0475409975059001));
#6258=CARTESIAN_POINT('',(0.25,0.0120710678118655,0.0470710678118655));
#6259=CARTESIAN_POINT('',(0.25,0.0120655772601235,0.0470765583636075));
#6260=CARTESIAN_POINT('',(0.25,0.0120655758171771,0.0470765566056137));
#6261=CARTESIAN_POINT('',(0.15,0.0470435670211424,0.0470984619433634));
#6262=CARTESIAN_POINT('',(0.15,0.0470343841022966,0.0471075737689852));
#6263=CARTESIAN_POINT('',(0.15,0.0470251852169121,0.0471166660339228));
#6264=CARTESIAN_POINT('',(0.165,0.0470435670211424,0.0470984619433634));
#6265=CARTESIAN_POINT('',(0.165,0.0470343841022966,0.0471075737689852));
#6266=CARTESIAN_POINT('',(0.165,0.0470251852169121,0.0471166660339228));
#6267=CARTESIAN_POINT('',(0.18,0.0470435670211424,0.0470984619433634));
#6268=CARTESIAN_POINT('',(0.18,0.0470343841022966,0.0471075737689852));
#6269=CARTESIAN_POINT('',(0.18,0.0470251852169121,0.0471166660339228));
#6270=CARTESIAN_POINT('',(0.228121014131022,0.012989675387059,0.0480075689528235));
#6271=CARTESIAN_POINT('',(0.228127362104614,0.0129858430306696,0.0480096994994605));
#6272=CARTESIAN_POINT('',(0.228133710003097,0.0129820105356004,0.0480118282940282));
#6273=CARTESIAN_POINT('',(0.239060507065511,0.0125262515221299,0.0475434336587902));
#6274=CARTESIAN_POINT('',(0.239063681052307,0.012522961263947,0.0475458698116803));
#6275=CARTESIAN_POINT('',(0.239066855001549,0.0125196702158448,0.0475483042091686));
#6276=CARTESIAN_POINT('',(0.25,0.0120628276572008,0.0470792983647568));
#6277=CARTESIAN_POINT('',(0.25,0.0120600794972245,0.0470820401239));
#6278=CARTESIAN_POINT('',(0.25,0.0120573298960891,0.047084780124309));
#6279=CARTESIAN_POINT('',(0.15,0.0470159704311878,0.0471257387107557));
#6280=CARTESIAN_POINT('',(0.15,0.0469975408597391,0.0471438840644215));
#6281=CARTESIAN_POINT('',(0.15,0.0469790476869307,0.0471619510656687));
#6282=CARTESIAN_POINT('',(0.165,0.0470159704311878,0.0471257387107557));
#6283=CARTESIAN_POINT('',(0.165,0.0469975408597391,0.0471438840644215));
#6284=CARTESIAN_POINT('',(0.165,0.0469790476869307,0.0471619510656687));
#6285=CARTESIAN_POINT('',(0.18,0.0470159704311878,0.0471257387107557));
#6286=CARTESIAN_POINT('',(0.18,0.0469975408597391,0.0471438840644215));
#6287=CARTESIAN_POINT('',(0.18,0.0469790476869307,0.0471619510656687));
#6288=CARTESIAN_POINT('',(0.228140057820137,0.012978177913564,0.0480139553451905));
#6289=CARTESIAN_POINT('',(0.228152753454217,0.0129705126694912,0.0480182094475151));
#6290=CARTESIAN_POINT('',(0.228165448762524,0.0129628469175493,0.0480224565762182));
#6291=CARTESIAN_POINT('',(0.239070028910069,0.0125163783845731,0.0475507368552171));
#6292=CARTESIAN_POINT('',(0.239076376727108,0.0125097947220297,0.047555602147314));
#6293=CARTESIAN_POINT('',(0.239082724381262,0.0125032079268086,0.0475604604336512));
#6294=CARTESIAN_POINT('',(0.25,0.0120545788555822,0.0470875183652436));
#6295=CARTESIAN_POINT('',(0.25,0.0120490767745683,0.0470929948471128));
#6296=CARTESIAN_POINT('',(0.25,0.0120435689360679,0.0470984642910842));
#6297=CARTESIAN_POINT('',(0.15,0.0469604914423522,0.0471799394951342));
#6298=CARTESIAN_POINT('',(0.15,0.0469233789531952,0.047215916354065));
#6299=CARTESIAN_POINT('',(0.15,0.0468860141769576,0.0472515789258688));
#6300=CARTESIAN_POINT('',(0.165,0.0469604914423522,0.0471799394951342));
#6301=CARTESIAN_POINT('',(0.165,0.0469233789531952,0.047215916354065));
#6302=CARTESIAN_POINT('',(0.165,0.0468860141769576,0.0472515789258688));
#6303=CARTESIAN_POINT('',(0.18,0.0469604914423522,0.0471799394951342));
#6304=CARTESIAN_POINT('',(0.18,0.0469233789531952,0.047215916354065));
#6305=CARTESIAN_POINT('',(0.18,0.0468860141769576,0.0472515789258688));
#6306=CARTESIAN_POINT('',(0.228178143696967,0.012955180653921,0.0480266967367082));
#6307=CARTESIAN_POINT('',(0.228203533565854,0.0129398481266643,0.0480351770576883));
#6308=CARTESIAN_POINT('',(0.228228921939286,0.0129245135526617,0.0480436295058158));
#6309=CARTESIAN_POINT('',(0.239089071848483,0.0124966180041504,0.0475653117139716));
#6310=CARTESIAN_POINT('',(0.239101766782927,0.0124834381588341,0.0475750142746124));
#6311=CARTESIAN_POINT('',(0.239114460969643,0.0124702458037696,0.0475846888111858));
#6312=CARTESIAN_POINT('',(0.25,0.0120380553543799,0.047103926691235));
#6313=CARTESIAN_POINT('',(0.25,0.0120270281910039,0.0471148514915366));
#6314=CARTESIAN_POINT('',(0.25,0.0120159780548775,0.0471257481165557));
#6315=CARTESIAN_POINT('',(0.15,0.0468484013503555,0.0472869254556402));
#6316=CARTESIAN_POINT('',(0.15,0.0467731756971512,0.0473576185151831));
#6317=CARTESIAN_POINT('',(0.15,0.0466969578424886,0.0474270474065966));
#6318=CARTESIAN_POINT('',(0.165,0.0468484013503555,0.0472869254556402));
#6319=CARTESIAN_POINT('',(0.165,0.0467731756971512,0.0473576185151831));
#6320=CARTESIAN_POINT('',(0.165,0.0466969578424886,0.0474270474065966));
#6321=CARTESIAN_POINT('',(0.18,0.0468484013503555,0.0472869254556402));
#6322=CARTESIAN_POINT('',(0.18,0.0467731756971512,0.0473576185151831));
#6323=CARTESIAN_POINT('',(0.18,0.0466969578424886,0.0474270474065966));
#6324=CARTESIAN_POINT('',(0.228254308430908,0.0129091769706942,0.0480520541673515));
#6325=CARTESIAN_POINT('',(0.228305081414152,0.0128785038067593,0.0480689034904227));
#6326=CARTESIAN_POINT('',(0.22835584687015,0.0128478226109649,0.0480856416671262));
#6327=CARTESIAN_POINT('',(0.239127154215454,0.0124570410155432,0.0475943353431308));
#6328=CARTESIAN_POINT('',(0.239152540707076,0.0124306314390903,0.0476136284070207));
#6329=CARTESIAN_POINT('',(0.239177923435075,0.0124041721299897,0.047632809452397));
#6330=CARTESIAN_POINT('',(0.25,0.0120049050603921,0.04713661651891));
#6331=CARTESIAN_POINT('',(0.25,0.0119827590714213,0.0471583533236187));
#6332=CARTESIAN_POINT('',(0.25,0.0119605216490144,0.0471799772376679));
#6333=CARTESIAN_POINT('',(0.15,0.0466197816800957,0.0474951980906389));
#6334=CARTESIAN_POINT('',(0.15,0.0464654293553099,0.0476314994587237));
#6335=CARTESIAN_POINT('',(0.15,0.046307243799603,0.0477626879973238));
#6336=CARTESIAN_POINT('',(0.165,0.0466197816800957,0.0474951980906389));
#6337=CARTESIAN_POINT('',(0.165,0.0464654293553099,0.0476314994587237));
#6338=CARTESIAN_POINT('',(0.165,0.046307243799603,0.0477626879973238));
#6339=CARTESIAN_POINT('',(0.18,0.0466197816800957,0.0474951980906389));
#6340=CARTESIAN_POINT('',(0.18,0.0464654293553099,0.0476314994587237));
#6341=CARTESIAN_POINT('',(0.18,0.046307243799603,0.0477626879973238));
#6342=CARTESIAN_POINT('',(0.228406601708467,0.0128171336201935,0.0481022693576646));
#6343=CARTESIAN_POINT('',(0.228508111385101,0.0127557556386508,0.0481355247387414));
#6344=CARTESIAN_POINT('',(0.228609578591008,0.0126943464772002,0.0481683381751583));
#6345=CARTESIAN_POINT('',(0.239203300854234,0.0123776636642478,0.0476518786198314));
#6346=CARTESIAN_POINT('',(0.239254055692551,0.0123246467327641,0.0476900169547001));
#6347=CARTESIAN_POINT('',(0.239304789295504,0.0122714331747155,0.0477277077778009));
#6348=CARTESIAN_POINT('',(0.25,0.0119381937083021,0.0472014878819982));
#6349=CARTESIAN_POINT('',(0.25,0.0118935378268774,0.0472445091706588));
#6350=CARTESIAN_POINT('',(0.25,0.0118485198722308,0.0472870773804436));
#6351=CARTESIAN_POINT('',(0.15,0.0461454961627989,0.0478886513925047));
#6352=CARTESIAN_POINT('',(0.15,0.0458220008891908,0.0481405781828665));
#6353=CARTESIAN_POINT('',(0.15,0.0454842572911942,0.0483716043995517));
#6354=CARTESIAN_POINT('',(0.165,0.0461454961627989,0.0478886513925047));
#6355=CARTESIAN_POINT('',(0.165,0.0458220008891908,0.0481405781828665));
#6356=CARTESIAN_POINT('',(0.165,0.0454842572911942,0.0483716043995517));
#6357=CARTESIAN_POINT('',(0.18,0.0461454961627989,0.0478886513925047));
#6358=CARTESIAN_POINT('',(0.18,0.0458220008891908,0.0481405781828665));
#6359=CARTESIAN_POINT('',(0.18,0.0454842572911942,0.0483716043995517));
#6360=CARTESIAN_POINT('',(0.228710978634665,0.0126329080184718,0.0482007145573737));
#6361=CARTESIAN_POINT('',(0.228913778721979,0.012510031101015,0.0482654673218045));
#6362=CARTESIAN_POINT('',(0.229116310160293,0.0123870369944472,0.0483284718694295));
#6363=CARTESIAN_POINT('',(0.239355489317333,0.0122180275919398,0.0477649520181251));
#6364=CARTESIAN_POINT('',(0.239456889360989,0.0121112164263883,0.0478394404987733));
#6365=CARTESIAN_POINT('',(0.239558155080147,0.0120036371619281,0.0479121426483148));
#6366=CARTESIAN_POINT('',(0.25,0.0118031471654077,0.0473291894788765));
#6367=CARTESIAN_POINT('',(0.25,0.0117124017517615,0.0474134136757422));
#6368=CARTESIAN_POINT('',(0.25,0.011620237329409,0.0474958134272001));
#6369=CARTESIAN_POINT('',(0.15,0.0451344345674016,0.0485808315310837));
#6370=CARTESIAN_POINT('',(0.15,0.0444347891198163,0.0489992857941477));
#6371=CARTESIAN_POINT('',(0.15,0.0436868271690469,0.049330543716599));
#6372=CARTESIAN_POINT('',(0.165,0.0451344345674016,0.0485808315310837));
#6373=CARTESIAN_POINT('',(0.165,0.0444347891198163,0.0489992857941477));
#6374=CARTESIAN_POINT('',(0.165,0.0436868271690469,0.049330543716599));
#6375=CARTESIAN_POINT('',(0.18,0.0451344345674016,0.0485808315310837));
#6376=CARTESIAN_POINT('',(0.18,0.0444347891198163,0.0489992857941477));
#6377=CARTESIAN_POINT('',(0.18,0.0436868271690469,0.049330543716599));
#6378=CARTESIAN_POINT('',(0.229318375427201,0.0122639363491622,0.0483897656817738));
#6379=CARTESIAN_POINT('',(0.229722505961018,0.0120177350585921,0.0485123533064622));
#6380=CARTESIAN_POINT('',(0.230124771809211,0.0117711076131533,0.0486280979900272));
#6381=CARTESIAN_POINT('',(0.239659187713601,0.0118953244079372,0.047983065077607));
#6382=CARTESIAN_POINT('',(0.239861252980509,0.0116786988999554,0.0481249099361913));
#6383=CARTESIAN_POINT('',(0.240062385904605,0.0114591394338507,0.0482596359137784));
#6384=CARTESIAN_POINT('',(0.25,0.0115267124667123,0.0475763644734401));
#6385=CARTESIAN_POINT('',(0.25,0.0113396627413187,0.0477374665659203));
#6386=CARTESIAN_POINT('',(0.25,0.011147171254548,0.0478911738375295));
#6387=CARTESIAN_POINT('',(0.15,0.0429079023038325,0.049567417206626));
#6388=CARTESIAN_POINT('',(0.15,0.0421289774386181,0.0498042906966531));
#6389=CARTESIAN_POINT('',(0.15,0.0413190896589588,0.0499467797542559));
#6390=CARTESIAN_POINT('',(0.165,0.0429079023038325,0.049567417206626));
#6391=CARTESIAN_POINT('',(0.165,0.0421289774386181,0.0498042906966531));
#6392=CARTESIAN_POINT('',(0.165,0.0413190896589588,0.0499467797542559));
#6393=CARTESIAN_POINT('',(0.18,0.0429079023038325,0.049567417206626));
#6394=CARTESIAN_POINT('',(0.18,0.0421289774386181,0.0498042906966531));
#6395=CARTESIAN_POINT('',(0.18,0.0413190896589588,0.0499467797542559));
#6396=CARTESIAN_POINT('',(0.23052359915101,0.01152411839119,0.0487372150594019));
#6397=CARTESIAN_POINT('',(0.230922426492809,0.0112771291692266,0.0488463321287766));
#6398=CARTESIAN_POINT('',(0.231317815328215,0.0110297781707388,0.0489488215839611));
#6399=CARTESIAN_POINT('',(0.240261799575505,0.0112369124722431,0.0483872536345953));
#6400=CARTESIAN_POINT('',(0.240461213246404,0.0110146855106354,0.0485148713554123));
#6401=CARTESIAN_POINT('',(0.240658907664107,0.010789791053525,0.0486353808194592));
#6402=CARTESIAN_POINT('',(0.25,0.0109497065532961,0.0480372922097888));
#6403=CARTESIAN_POINT('',(0.25,0.0107522418520442,0.0481834105820481));
#6404=CARTESIAN_POINT('',(0.25,0.0105498039363112,0.0483219400549574));
#6405=CARTESIAN_POINT('',(0.15,0.0404955925535938,0.0499876962876227));
#6406=CARTESIAN_POINT('',(0.15,0.0403926554154231,0.0499928108542936));
#6407=CARTESIAN_POINT('',(0.15,0.0402895056315384,0.0499963383502732));
#6408=CARTESIAN_POINT('',(0.165,0.0404955925535938,0.0499876962876227));
#6409=CARTESIAN_POINT('',(0.165,0.0403926554154231,0.0499928108542936));
#6410=CARTESIAN_POINT('',(0.165,0.0402895056315384,0.0499963383502732));
#6411=CARTESIAN_POINT('',(0.18,0.0404955925535938,0.0499876962876227));
#6412=CARTESIAN_POINT('',(0.18,0.0403926554154231,0.0499928108542936));
#6413=CARTESIAN_POINT('',(0.18,0.0402895056315384,0.0499963383502732));
#6414=CARTESIAN_POINT('',(0.231708196960495,0.0107820514282137,0.0490448076588086));
#6415=CARTESIAN_POINT('',(0.23175699466453,0.010751085585398,0.0490568059181645));
#6416=CARTESIAN_POINT('',(0.231805714131016,0.0107201138715818,0.0490687025622027));
#6417=CARTESIAN_POINT('',(0.240854098480247,0.0105624563906033,0.0487487471044233));
#6418=CARTESIAN_POINT('',(0.240878497332265,0.0105340395577381,0.0487629178900438));
#6419=CARTESIAN_POINT('',(0.240902857065508,0.010505584596657,0.0487769770634911));
#6420=CARTESIAN_POINT('',(0.25,0.0103428613529929,0.0484526865500379));
#6421=CARTESIAN_POINT('',(0.25,0.0103169935300781,0.048469029861923));
#6422=CARTESIAN_POINT('',(0.25,0.0102910553217323,0.0484852515647795));
#6423=CARTESIAN_POINT('',(0.15,0.0401861770956674,0.0499982647363199));
#6424=CARTESIAN_POINT('',(0.15,0.040134512827732,0.0499992279293432));
#6425=CARTESIAN_POINT('',(0.15,0.0400828038718,0.0499997908448833));
#6426=CARTESIAN_POINT('',(0.165,0.0401861770956674,0.0499982647363199));
#6427=CARTESIAN_POINT('',(0.165,0.040134512827732,0.0499992279293432));
#6428=CARTESIAN_POINT('',(0.165,0.0400828038718,0.0499997908448833));
#6429=CARTESIAN_POINT('',(0.18,0.0401861770956674,0.0499982647363199));
#6430=CARTESIAN_POINT('',(0.18,0.040134512827732,0.0499992279293432));
#6431=CARTESIAN_POINT('',(0.18,0.0400828038718,0.0499997908448833));
#6432=CARTESIAN_POINT('',(0.231854352296092,0.0106891362594847,0.0490804978335674));
#6433=CARTESIAN_POINT('',(0.231878671378631,0.0106736474534362,0.0490863954692497));
#6434=CARTESIAN_POINT('',(0.231902970135817,0.0106581571728174,0.0490922677617636));
#6435=CARTESIAN_POINT('',(0.240927176148046,0.0104770919512854,0.0487909245565576));
#6436=CARTESIAN_POINT('',(0.240939335689315,0.0104628456285996,0.0487978983030909));
#6437=CARTESIAN_POINT('',(0.240951485067908,0.0104485898848411,0.0488048441295289));
#6438=CARTESIAN_POINT('',(0.25,0.0102650476430861,0.0485013512795479));
#6439=CARTESIAN_POINT('',(0.25,0.010252043803763,0.048509401136932));
#6440=CARTESIAN_POINT('',(0.25,0.0102390225968648,0.0485174204972942));
#6441=CARTESIAN_POINT('',(0.15,0.0400310544645874,0.0499999517280349));
#6442=CARTESIAN_POINT('',(0.15,0.0400181171127843,0.0499999919488228));
#6443=CARTESIAN_POINT('',(0.15,0.0400065104166667,0.05));
#6444=CARTESIAN_POINT('',(0.165,0.0400310544645874,0.0499999517280349));
#6445=CARTESIAN_POINT('',(0.165,0.0400181171127843,0.0499999919488228));
#6446=CARTESIAN_POINT('',(0.165,0.0400065104166667,0.05));
#6447=CARTESIAN_POINT('',(0.18,0.0400310544645874,0.0499999517280349));
#6448=CARTESIAN_POINT('',(0.18,0.0400181171127843,0.0499999919488228));
#6449=CARTESIAN_POINT('',(0.18,0.0400065104166667,0.05));
#6450=CARTESIAN_POINT('',(0.231927248184667,0.0106426654142184,0.0490981147414397));
#6451=CARTESIAN_POINT('',(0.23193331769688,0.0106387924745686,0.0490995764863588));
#6452=CARTESIAN_POINT('',(0.231939385914822,0.0106349194425451,0.0491010366492254));
#6453=CARTESIAN_POINT('',(0.240963624092334,0.0104343247755006,0.0488117620273458));
#6454=CARTESIAN_POINT('',(0.24096665884844,0.0104307584981655,0.0488134915018001));
#6455=CARTESIAN_POINT('',(0.240969692957411,0.0104271916354815,0.0488152192307155));
#6456=CARTESIAN_POINT('',(0.25,0.0102259841367829,0.0485254093132519));
#6457=CARTESIAN_POINT('',(0.25,0.0102227245217624,0.0485274065172413));
#6458=CARTESIAN_POINT('',(0.25,0.0102194638284179,0.0485294018122055));
#6459=CARTESIAN_POINT('',(0.15,0.039990234375,0.05));
#6460=CARTESIAN_POINT('',(0.15,0.0399739583333333,0.05));
#6461=CARTESIAN_POINT('',(0.15,0.0399576822916667,0.05));
#6462=CARTESIAN_POINT('',(0.165,0.039990234375,0.05));
#6463=CARTESIAN_POINT('',(0.165,0.0399739583333333,0.05));
#6464=CARTESIAN_POINT('',(0.165,0.0399576822916667,0.05));
#6465=CARTESIAN_POINT('',(0.18,0.039990234375,0.05));
#6466=CARTESIAN_POINT('',(0.18,0.0399739583333333,0.05));
#6467=CARTESIAN_POINT('',(0.18,0.0399576822916667,0.05));
#6468=CARTESIAN_POINT('',(0.231945452832509,0.0106310463180945,0.0491024952305137));
#6469=CARTESIAN_POINT('',(0.231951519750195,0.010627173193644,0.0491039538118018));
#6470=CARTESIAN_POINT('',(0.231957585367627,0.0106232999767663,0.0491054108115116));
#6471=CARTESIAN_POINT('',(0.240972726416254,0.0104236241883157,0.0488169452139588));
#6472=CARTESIAN_POINT('',(0.240975759875098,0.0104200567411499,0.0488186711972022));
#6473=CARTESIAN_POINT('',(0.240978792683814,0.0104164887095022,0.0488203954347735));
#6474=CARTESIAN_POINT('',(0.25,0.0102162020585369,0.048531395197404));
#6475=CARTESIAN_POINT('',(0.25,0.0102129402886558,0.0485333885826025));
#6476=CARTESIAN_POINT('',(0.25,0.0102096774422381,0.0485353800580354));
#6477=CARTESIAN_POINT('',(0.15,0.03994140625,0.05));
#6478=CARTESIAN_POINT('',(0.15,0.0399088541666667,0.05));
#6479=CARTESIAN_POINT('',(0.15,0.0398763020833333,0.05));
#6480=CARTESIAN_POINT('',(0.165,0.03994140625,0.05));
#6481=CARTESIAN_POINT('',(0.165,0.0399088541666667,0.05));
#6482=CARTESIAN_POINT('',(0.165,0.0398763020833333,0.05));
#6483=CARTESIAN_POINT('',(0.18,0.03994140625,0.05));
#6484=CARTESIAN_POINT('',(0.18,0.0399088541666667,0.05));
#6485=CARTESIAN_POINT('',(0.18,0.0398763020833333,0.05));
#6486=CARTESIAN_POINT('',(0.23196364967882,0.0106194266674084,0.0491068662301168));
#6487=CARTESIAN_POINT('',(0.231975778301205,0.0106116800486925,0.0491097770673273));
#6488=CARTESIAN_POINT('',(0.231987901698633,0.0106039330600553,0.0491126815801196));
#6489=CARTESIAN_POINT('',(0.24098182483941,0.0104129200942397,0.0488221179265396));
#6490=CARTESIAN_POINT('',(0.240987889150602,0.0104057828637148,0.0488255629100717));
#6491=CARTESIAN_POINT('',(0.240993950849317,0.0103986432987307,0.0488290009103828));
#6492=CARTESIAN_POINT('',(0.25,0.0102064135210711,0.0485373696229623));
#6493=CARTESIAN_POINT('',(0.25,0.0101998856787372,0.0485413487528161));
#6494=CARTESIAN_POINT('',(0.25,0.0101933535374062,0.048545320240646));
#6495=CARTESIAN_POINT('',(0.15,0.03984375,0.05));
#6496=CARTESIAN_POINT('',(0.15,0.0395833333333333,0.05));
#6497=CARTESIAN_POINT('',(0.15,0.0393229166666667,0.05));
#6498=CARTESIAN_POINT('',(0.165,0.03984375,0.05));
#6499=CARTESIAN_POINT('',(0.165,0.0395833333333333,0.05));
#6500=CARTESIAN_POINT('',(0.165,0.0393229166666667,0.05));
#6501=CARTESIAN_POINT('',(0.18,0.03984375,0.05));
#6502=CARTESIAN_POINT('',(0.18,0.0395833333333333,0.05));
#6503=CARTESIAN_POINT('',(0.18,0.0393229166666667,0.05));
#6504=CARTESIAN_POINT('',(0.232000019823232,0.0105961857010705,0.049115579772285));
#6505=CARTESIAN_POINT('',(0.232096964820025,0.0105342068291922,0.0491387653096088));
#6506=CARTESIAN_POINT('',(0.232193572355736,0.0104722042550691,0.0491615463268154));
#6507=CARTESIAN_POINT('',(0.241000009911616,0.0103915014062238,0.0488324319264071));
#6508=CARTESIAN_POINT('',(0.241048482410013,0.0103343662661684,0.0488598800546016));
#6509=CARTESIAN_POINT('',(0.241096786177868,0.0102770821646512,0.0488868811884423));
#6510=CARTESIAN_POINT('',(0.25,0.0101868171113772,0.0485492840805292));
#6511=CARTESIAN_POINT('',(0.25,0.0101345257031447,0.0485809947995945));
#6512=CARTESIAN_POINT('',(0.25,0.0100819600742334,0.0486122160500692));
#6513=CARTESIAN_POINT('',(0.15,0.0390625,0.05));
#6514=CARTESIAN_POINT('',(0.15,0.0385416666666667,0.05));
#6515=CARTESIAN_POINT('',(0.15,0.0380208333333333,0.05));
#6516=CARTESIAN_POINT('',(0.165,0.0390625,0.05));
#6517=CARTESIAN_POINT('',(0.165,0.0385416666666667,0.05));
#6518=CARTESIAN_POINT('',(0.165,0.0380208333333333,0.05));
#6519=CARTESIAN_POINT('',(0.18,0.0390625,0.05));
#6520=CARTESIAN_POINT('',(0.179999999999999,0.0385416666666667,0.05));
#6521=CARTESIAN_POINT('',(0.18,0.0380208333333333,0.05));
#6522=CARTESIAN_POINT('',(0.232289817919479,0.010410177760459,0.0491839247650589));
#6523=CARTESIAN_POINT('',(0.232482309046965,0.0102861247712387,0.0492286816415459));
#6524=CARTESIAN_POINT('',(0.232673352286578,0.0101619761000701,0.0492718282021803));
#6525=CARTESIAN_POINT('',(0.24114490895974,0.0102196526530737,0.048913434782268));
#6526=CARTESIAN_POINT('',(0.241241154523483,0.0101047936299187,0.0489665419699195));
#6527=CARTESIAN_POINT('',(0.241336676143289,0.00998935296652234,0.0490178589975112));
#6528=CARTESIAN_POINT('',(0.25,0.0100291275456885,0.0486429447994772));
#6529=CARTESIAN_POINT('',(0.25,0.0099234624885987,0.0487044022982932));
#6530=CARTESIAN_POINT('',(0.25,0.00981672983297461,0.0487638897928421));
#6531=CARTESIAN_POINT('',(0.15,0.0375,0.05));
#6532=CARTESIAN_POINT('',(0.15,0.0333333333333333,0.05));
#6533=CARTESIAN_POINT('',(0.15,0.0291666666666667,0.05));
#6534=CARTESIAN_POINT('',(0.165,0.0375,0.05));
#6535=CARTESIAN_POINT('',(0.165000000000001,0.0333333333333333,0.05));
#6536=CARTESIAN_POINT('',(0.165,0.0291666666666667,0.05));
#6537=CARTESIAN_POINT('',(0.18,0.0375,0.05));
#6538=CARTESIAN_POINT('',(0.180000000000002,0.0333333333333333,0.05));
#6539=CARTESIAN_POINT('',(0.18,0.0291666666666667,0.05));
#6540=CARTESIAN_POINT('',(0.232862751551227,0.0100377300010139,0.0493133799761939));
#6541=CARTESIAN_POINT('',(0.234377945668415,0.00904376120856454,0.0496457941683023));
#6542=CARTESIAN_POINT('',(0.235787925387884,0.00804355703131545,0.0498761420166743));
#6543=CARTESIAN_POINT('',(0.241431375775613,0.00987335907409605,0.049067381499754));
#6544=CARTESIAN_POINT('',(0.242188972834208,0.00894540793468576,0.049463561517696));
#6545=CARTESIAN_POINT('',(0.242893962693942,0.00798205013736143,0.049744891913308));
#6546=CARTESIAN_POINT('',(0.25,0.00970898814717821,0.0488213830233141));
#6547=CARTESIAN_POINT('',(0.25,0.00884705466080698,0.0492813288670898));
#6548=CARTESIAN_POINT('',(0.25,0.00792054324340741,0.0496136418099416));
#6549=CARTESIAN_POINT('',(0.15,0.025,0.05));
#6550=CARTESIAN_POINT('',(0.15,0.0229166666666667,0.05));
#6551=CARTESIAN_POINT('',(0.15,0.0208333333333333,0.05));
#6552=CARTESIAN_POINT('',(0.165,0.025,0.05));
#6553=CARTESIAN_POINT('',(0.165,0.0229166666666667,0.05));
#6554=CARTESIAN_POINT('',(0.164999999999999,0.0208333333333333,0.05));
#6555=CARTESIAN_POINT('',(0.179999999999999,0.025,0.05));
#6556=CARTESIAN_POINT('',(0.179999999999999,0.0229166666666667,0.05));
#6557=CARTESIAN_POINT('',(0.179999999999999,0.0208333333333333,0.05));
#6558=CARTESIAN_POINT('',(0.236993786674479,0.00703749421429436,0.0499943382080585));
#6559=CARTESIAN_POINT('',(0.237596717317776,0.00653446280578382,0.0500534363037507));
#6560=CARTESIAN_POINT('',(0.238148618352855,0.00602996673733028,0.0500844964851958));
#6561=CARTESIAN_POINT('',(0.243496893337239,0.00699846755530765,0.0499001195186387));
#6562=CARTESIAN_POINT('',(0.243798358658888,0.00650667626428077,0.0499777333213041));
#6563=CARTESIAN_POINT('',(0.244074309176427,0.00600982877707152,0.0500238214263992));
#6564=CARTESIAN_POINT('',(0.25,0.00695944089632095,0.0498059008292189));
#6565=CARTESIAN_POINT('',(0.25,0.00647888972277771,0.0499020303388576));
#6566=CARTESIAN_POINT('',(0.25,0.00598969081681276,0.0499631463676026));
#6567=CARTESIAN_POINT('',(0.15,0.01875,0.05));
#6568=CARTESIAN_POINT('',(0.15,0.0182291666666667,0.05));
#6569=CARTESIAN_POINT('',(0.15,0.0177083333333333,0.05));
#6570=CARTESIAN_POINT('',(0.164999999999999,0.01875,0.05));
#6571=CARTESIAN_POINT('',(0.164999999999999,0.0182291666666667,0.05));
#6572=CARTESIAN_POINT('',(0.164999999999999,0.0177083333333333,0.05));
#6573=CARTESIAN_POINT('',(0.179999999999999,0.01875,0.05));
#6574=CARTESIAN_POINT('',(0.179999999999999,0.0182291666666667,0.05));
#6575=CARTESIAN_POINT('',(0.179999999999999,0.0177083333333333,0.05));
#6576=CARTESIAN_POINT('',(0.238637292501487,0.00552500291318218,0.0500846492499517));
#6577=CARTESIAN_POINT('',(0.238759461038645,0.00539876195714515,0.0500846874411407));
#6578=CARTESIAN_POINT('',(0.2388776778954,0.00527249176637722,0.0500827939187866));
#6579=CARTESIAN_POINT('',(0.244318646250744,0.00551029773338797,0.0500361727687872));
#6580=CARTESIAN_POINT('',(0.244379730519323,0.00538541497246708,0.0500392606043842));
#6581=CARTESIAN_POINT('',(0.2444388389477,0.00526036448926656,0.050040239892312));
#6582=CARTESIAN_POINT('',(0.25,0.00549559255359376,0.0499876962876227));
#6583=CARTESIAN_POINT('',(0.25,0.00537206798778901,0.0499938337676277));
#6584=CARTESIAN_POINT('',(0.25,0.00524823721215589,0.0499976858658374));
#6585=CARTESIAN_POINT('',(0.15,0.0171875,0.05));
#6586=CARTESIAN_POINT('',(0.15,0.0170572916666667,0.05));
#6587=CARTESIAN_POINT('',(0.15,0.0169270833333333,0.05));
#6588=CARTESIAN_POINT('',(0.164999999999999,0.0171875,0.05));
#6589=CARTESIAN_POINT('',(0.164999999999999,0.0170572916666667,0.05));
#6590=CARTESIAN_POINT('',(0.164999999999999,0.0169270833333333,0.05));
#6591=CARTESIAN_POINT('',(0.179999999999999,0.0171875,0.05));
#6592=CARTESIAN_POINT('',(0.179999999999999,0.0170572916666667,0.05));
#6593=CARTESIAN_POINT('',(0.179999999999999,0.0169270833333333,0.05));
#6594=CARTESIAN_POINT('',(0.238991752355486,0.00514621555958069,0.0500789312280648));
#6595=CARTESIAN_POINT('',(0.239020270970507,0.00511464650788156,0.0500779655553843));
#6596=CARTESIAN_POINT('',(0.239048530685736,0.00508307708018064,0.0500768768096809));
#6597=CARTESIAN_POINT('',(0.244495876177743,0.00513518717731854,0.0500390797752534));
#6598=CARTESIAN_POINT('',(0.244510135485253,0.00510389284933153,0.0500387897459887));
#6599=CARTESIAN_POINT('',(0.244524265342868,0.00507259059454781,0.0500383660039124));
#6600=CARTESIAN_POINT('',(0.25,0.00512415879505638,0.049999228322442));
#6601=CARTESIAN_POINT('',(0.25,0.0050931391907815,0.0499996139365931));
#6602=CARTESIAN_POINT('',(0.25,0.00506210410891498,0.0499998551981439));
#6603=CARTESIAN_POINT('',(0.15,0.016796875,0.05));
#6604=CARTESIAN_POINT('',(0.15,0.0167643229166667,0.05));
#6605=CARTESIAN_POINT('',(0.15,0.0167317708333333,0.05));
#6606=CARTESIAN_POINT('',(0.164999999999999,0.016796875,0.05));
#6607=CARTESIAN_POINT('',(0.164999999999999,0.0167643229166667,0.05));
#6608=CARTESIAN_POINT('',(0.164999999999999,0.0167317708333333,0.05));
#6609=CARTESIAN_POINT('',(0.179999999999999,0.016796875,0.05));
#6610=CARTESIAN_POINT('',(0.179999999999999,0.0167643229166667,0.05));
#6611=CARTESIAN_POINT('',(0.179999999999999,0.0167317708333333,0.05));
#6612=CARTESIAN_POINT('',(0.239076528539072,0.00505150761119946,0.0500756641490523));
#6613=CARTESIAN_POINT('',(0.239083528002405,0.00504361524395417,0.0500753609838951));
#6614=CARTESIAN_POINT('',(0.239090511099371,0.00503572287412885,0.0500750500740551));
#6615=CARTESIAN_POINT('',(0.244538264269536,0.00504128103789346,0.0500378079385436));
#6616=CARTESIAN_POINT('',(0.244541764001203,0.00503345364872987,0.0500376684222014));
#6617=CARTESIAN_POINT('',(0.244545255549685,0.00502562580319937,0.0500375205106534));
#6618=CARTESIAN_POINT('',(0.25,0.00503105446458746,0.0499999517280349));
#6619=CARTESIAN_POINT('',(0.25,0.00502329205350558,0.0499999758605076));
#6620=CARTESIAN_POINT('',(0.25,0.00501552873226988,0.0499999909472516));
#6621=CARTESIAN_POINT('',(0.15,0.01669921875,0.05));
#6622=CARTESIAN_POINT('',(0.15,0.0166829427083333,0.05));
#6623=CARTESIAN_POINT('',(0.15,0.0166666666666667,0.05));
#6624=CARTESIAN_POINT('',(0.164999999999999,0.01669921875,0.05));
#6625=CARTESIAN_POINT('',(0.164999999999999,0.0166829427083333,0.05));
#6626=CARTESIAN_POINT('',(0.164999999999999,0.0166666666666667,0.05));
#6627=CARTESIAN_POINT('',(0.179999999999999,0.01669921875,0.05));
#6628=CARTESIAN_POINT('',(0.179999999999999,0.0166829427083333,0.05));
#6629=CARTESIAN_POINT('',(0.179999999999999,0.0166666666666667,0.05));
#6630=CARTESIAN_POINT('',(0.239097477783289,0.00502783050844133,0.0500747314128361));
#6631=CARTESIAN_POINT('',(0.239100961125249,0.00502388432559757,0.0500745720822266));
#6632=CARTESIAN_POINT('',(0.239104440363946,0.00501993806966328,0.0500744100592487));
#6633=CARTESIAN_POINT('',(0.244548738891645,0.00501779751181031,0.0500373641975901));
#6634=CARTESIAN_POINT('',(0.244550480562624,0.00501388336611578,0.0500372860410585));
#6635=CARTESIAN_POINT('',(0.244552220181973,0.00500996903483164,0.0500372050296244));
#6636=CARTESIAN_POINT('',(0.25,0.00500776451517929,0.0499999969823441));
#6637=CARTESIAN_POINT('',(0.25,0.005003882406634,0.0499999999998903));
#6638=CARTESIAN_POINT('',(0.25,0.005,0.05));
#6639=CARTESIAN_POINT('',(0.15,0.016650390625,0.05));
#6640=CARTESIAN_POINT('',(0.15,0.0166341145833333,0.05));
#6641=CARTESIAN_POINT('',(0.15,0.0166178385416667,0.05));
#6642=CARTESIAN_POINT('',(0.164999999999999,0.016650390625,0.05));
#6643=CARTESIAN_POINT('',(0.164999999999999,0.0166341145833333,0.05));
#6644=CARTESIAN_POINT('',(0.164999999999999,0.0166178385416667,0.05));
#6645=CARTESIAN_POINT('',(0.179999999999999,0.016650390625,0.05));
#6646=CARTESIAN_POINT('',(0.179999999999999,0.0166341145833333,0.05));
#6647=CARTESIAN_POINT('',(0.179999999999999,0.0166178385416667,0.05));
#6648=CARTESIAN_POINT('',(0.239107915493592,0.00501499163154408,0.050074248360117));
#6649=CARTESIAN_POINT('',(0.239111390623237,0.00501004519342488,0.0500740866609854));
#6650=CARTESIAN_POINT('',(0.23911486164383,0.00500509897898677,0.0500739252858097));
#6651=CARTESIAN_POINT('',(0.244553957746796,0.00500505440952204,0.0500371241800585));
#6652=CARTESIAN_POINT('',(0.244555695311618,0.00500013978421244,0.0500370433304927));
#6653=CARTESIAN_POINT('',(0.244557430821915,0.00499522527074339,0.0500369626429048));
#6654=CARTESIAN_POINT('',(0.25,0.0049951171875,0.05));
#6655=CARTESIAN_POINT('',(0.25,0.004990234375,0.05));
#6656=CARTESIAN_POINT('',(0.25,0.0049853515625,0.05));
#6657=CARTESIAN_POINT('',(0.15,0.0166015625,0.05));
#6658=CARTESIAN_POINT('',(0.15,0.0165364583333333,0.05));
#6659=CARTESIAN_POINT('',(0.15,0.0164713541666667,0.05));
#6660=CARTESIAN_POINT('',(0.164999999999999,0.0166015625,0.05));
#6661=CARTESIAN_POINT('',(0.164999999999999,0.0165364583333333,0.05));
#6662=CARTESIAN_POINT('',(0.164999999999999,0.0164713541666667,0.05));
#6663=CARTESIAN_POINT('',(0.179999999999999,0.0166015625,0.05));
#6664=CARTESIAN_POINT('',(0.179999999999999,0.0165364583333333,0.05));
#6665=CARTESIAN_POINT('',(0.179999999999999,0.0164713541666667,0.05));
#6666=CARTESIAN_POINT('',(0.23911832854959,0.00500015298799779,0.0500737642348786));
#6667=CARTESIAN_POINT('',(0.239132196172632,0.0049803690240419,0.0500731200311546));
#6668=CARTESIAN_POINT('',(0.239145997958357,0.00496058863527215,0.050072481015346));
#6669=CARTESIAN_POINT('',(0.244559164274795,0.0049903108689989,0.0500368821174393));
#6670=CARTESIAN_POINT('',(0.244566098086316,0.00497065326202095,0.0500365600155773));
#6671=CARTESIAN_POINT('',(0.244572998979179,0.00495099744263608,0.050036240507673));
#6672=CARTESIAN_POINT('',(0.25,0.00498046875,0.05));
#6673=CARTESIAN_POINT('',(0.25,0.00496093750000001,0.05));
#6674=CARTESIAN_POINT('',(0.25,0.00494140625,0.05));
#6675=CARTESIAN_POINT('',(0.15,0.01640625,0.05));
#6676=CARTESIAN_POINT('',(0.15,0.0161458333333333,0.05));
#6677=CARTESIAN_POINT('',(0.15,0.0158854166666667,0.05));
#6678=CARTESIAN_POINT('',(0.164999999999999,0.01640625,0.05));
#6679=CARTESIAN_POINT('',(0.164999999999999,0.0161458333333333,0.05));
#6680=CARTESIAN_POINT('',(0.164999999999999,0.0158854166666667,0.05));
#6681=CARTESIAN_POINT('',(0.179999999999999,0.01640625,0.05));
#6682=CARTESIAN_POINT('',(0.179999999999999,0.0161458333333333,0.05));
#6683=CARTESIAN_POINT('',(0.179999999999999,0.0158854166666667,0.05));
#6684=CARTESIAN_POINT('',(0.239159733534113,0.00494081171923313,0.0500718471133602));
#6685=CARTESIAN_POINT('',(0.239214675837134,0.00486170405507705,0.0500693115054166));
#6686=CARTESIAN_POINT('',(0.239268558780638,0.00478265195461254,0.0500668577186348));
#6687=CARTESIAN_POINT('',(0.244579866767056,0.00493134335961657,0.0500359235566801));
#6688=CARTESIAN_POINT('',(0.244607337918567,0.00485272702753853,0.0500346557527083));
#6689=CARTESIAN_POINT('',(0.244634279390319,0.00477413847730627,0.0500334288593174));
#6690=CARTESIAN_POINT('',(0.25,0.004921875,0.05));
#6691=CARTESIAN_POINT('',(0.25,0.00484375,0.05));
#6692=CARTESIAN_POINT('',(0.25,0.004765625,0.05));
#6693=CARTESIAN_POINT('',(0.15,0.015625,0.05));
#6694=CARTESIAN_POINT('',(0.15,0.0145833333333333,0.05));
#6695=CARTESIAN_POINT('',(0.15,0.0135416666666667,0.05));
#6696=CARTESIAN_POINT('',(0.164999999999999,0.015625,0.05));
#6697=CARTESIAN_POINT('',(0.164999999999999,0.0145833333333333,0.05));
#6698=CARTESIAN_POINT('',(0.164999999999999,0.0135416666666667,0.05));
#6699=CARTESIAN_POINT('',(0.179999999999999,0.015625,0.05));
#6700=CARTESIAN_POINT('',(0.179999999999999,0.0145833333333333,0.05));
#6701=CARTESIAN_POINT('',(0.179999999999999,0.0135416666666667,0.05));
#6702=CARTESIAN_POINT('',(0.239321358647996,0.00470365256571357,0.0500644846570106));
#6703=CARTESIAN_POINT('',(0.239532558117429,0.00438765501011768,0.0500549924105137));
#6704=CARTESIAN_POINT('',(0.239726428368533,0.00407250083957033,0.0500467917665373));
#6705=CARTESIAN_POINT('',(0.244660679323998,0.00469557628285678,0.0500322423285053));
#6706=CARTESIAN_POINT('',(0.244766279058714,0.00438132750505884,0.0500274962052569));
#6707=CARTESIAN_POINT('',(0.244863214184267,0.00406750041978517,0.0500233958832686));
#6708=CARTESIAN_POINT('',(0.25,0.0046875,0.05));
#6709=CARTESIAN_POINT('',(0.25,0.004375,0.05));
#6710=CARTESIAN_POINT('',(0.25,0.0040625,0.05));
#6711=CARTESIAN_POINT('',(0.15,0.0125,0.05));
#6712=CARTESIAN_POINT('',(0.15,0.00833333333333333,0.05));
#6713=CARTESIAN_POINT('',(0.15,0.00416666666666667,0.05));
#6714=CARTESIAN_POINT('',(0.15,0.,0.05));
#6715=CARTESIAN_POINT('',(0.164999999999999,0.0125,0.05));
#6716=CARTESIAN_POINT('',(0.165,0.00833333333333333,0.05));
#6717=CARTESIAN_POINT('',(0.165,0.00416666666666667,0.05));
#6718=CARTESIAN_POINT('',(0.165,0.,0.05));
#6719=CARTESIAN_POINT('',(0.179999999999999,0.0125,0.05));
#6720=CARTESIAN_POINT('',(0.179999999999999,0.00833333333333333,0.05));
#6721=CARTESIAN_POINT('',(0.18,0.00416666666666667,0.05));
#6722=CARTESIAN_POINT('',(0.18,0.,0.05));
#6723=CARTESIAN_POINT('',(0.239901448194501,0.00375789118852484,0.0500396716837107));
#6724=CARTESIAN_POINT('',(0.240601527498369,0.00249945258434287,0.0500111913524045));
#6725=CARTESIAN_POINT('',(0.24100000000004,0.00124972629219046,0.0499999999994959));
#6726=CARTESIAN_POINT('',(0.241,0.,0.05));
#6727=CARTESIAN_POINT('',(0.24495072409725,0.00375394559426242,0.0500198358418554));
#6728=CARTESIAN_POINT('',(0.245300763749185,0.00249972629217143,0.0500055956762023));
#6729=CARTESIAN_POINT('',(0.24550000000002,0.00124986314609523,0.049999999999748));
#6730=CARTESIAN_POINT('',(0.2455,0.,0.05));
#6731=CARTESIAN_POINT('',(0.25,0.00375,0.05));
#6732=CARTESIAN_POINT('',(0.25,0.0025,0.05));
#6733=CARTESIAN_POINT('',(0.25,0.00125,0.05));
#6734=CARTESIAN_POINT('',(0.25,0.,0.05));
#6735=B_SPLINE_SURFACE_WITH_KNOTS('Surf_ICOLGFOOWM, Tail, 0, 8',5,3,((#6736, #6737, #6738, #6754, #6755, #6756, #6772, #6773, #6774, #6790, #6791, #6792, #6808, #6809, #6810, #6826, #6827, #6828, #6844, #6845, #6846, #6862, #6863, #6864, #6880, #6881, #6882, #6898, #6899, #6900, #6916, #6917, #6918, #6934, #6935, #6936, #6952, #6953, #6954, #6970, #6971, #6972, #6988, #6989, #6990, #7006, #7007, #7008, #7024, #7025, #7026, #7042, #7043, #7044, #7060, #7061, #7062, #7078, #7079, #7080, #7096, #7097, #7098, #7114, #7115, #7116, #7132, #7133, #7134, #7150, #7151, #7152, #7168, #7169, #7170, #7186, #7187, #7188, #7204, #7205, #7206, #7222, #7223, #7224, #7240, #7241, #7242, #7258, #7259, #7260, #7276, #7277, #7278, #7294, #7295, #7296, #7312, #7313, #7314, #7330, #7331, #7332, #7348, #7349, #7350, #7366, #7367, #7368, #7384, #7385, #7386, #7402, #7403, #7404, #7420, #7421, #7422, #7438, #7439, #7440, #7456, #7457, #7458, #7474, #7475, #7476, #7492, #7493, #7494, #7510, #7511, #7512, #7528, #7529, #7530, #7546, #7547, #7548, #7549),(#6739, #6740, #6741, #6757, #6758, #6759, #6775, #6776, #6777, #6793, #6794, #6795, #6811, #6812, #6813, #6829, #6830, #6831, #6847, #6848, #6849, #6865, #6866, #6867, #6883, #6884, #6885, #6901, #6902, #6903, #6919, #6920, #6921, #6937, #6938, #6939, #6955, #6956, #6957, #6973, #6974, #6975, #6991, #6992, #6993, #7009, #7010, #7011, #7027, #7028, #7029, #7045, #7046, #7047, #7063, #7064, #7065, #7081, #7082, #7083, #7099, #7100, #7101, #7117, #7118, #7119, #7135, #7136, #7137, #7153, #7154, #7155, #7171, #7172, #7173, #7189, #7190, #7191, #7207, #7208, #7209, #7225, #7226, #7227, #7243, #7244, #7245, #7261, #7262, #7263, #7279, #7280, #7281, #7297, #7298, #7299, #7315, #7316, #7317, #7333, #7334, #7335, #7351, #7352, #7353, #7369, #7370, #7371, #7387, #7388, #7389, #7405, #7406, #7407, #7423, #7424, #7425, #7441, #7442, #7443, #7459, #7460, #7461, #7477, #7478, #7479, #7495, #7496, #7497, #7513, #7514, #7515, #7531, #7532, #7533, #7550, #7551, #7552, #7553),(#6742, #6743, #6744, #6760, #6761, #6762, #6778, #6779, #6780, #6796, #6797, #6798, #6814, #6815, #6816, #6832, #6833, #6834, #6850, #6851, #6852, #6868, #6869, #6870, #6886, #6887, #6888, #6904, #6905, #6906, #6922, #6923, #6924, #6940, #6941, #6942, #6958, #6959, #6960, #6976, #6977, #6978, #6994, #6995, #6996, #7012, #7013, #7014, #7030, #7031, #7032, #7048, #7049, #7050, #7066, #7067, #7068, #7084, #7085, #7086, #7102, #7103, #7104, #7120, #7121, #7122, #7138, #7139, #7140, #7156, #7157, #7158, #7174, #7175, #7176, #7192, #7193, #7194, #7210, #7211, #7212, #7228, #7229, #7230, #7246, #7247, #7248, #7264, #7265, #7266, #7282, #7283, #7284, #7300, #7301, #7302, #7318, #7319, #7320, #7336, #7337, #7338, #7354, #7355, #7356, #7372, #7373, #7374, #7390, #7391, #7392, #7408, #7409, #7410, #7426, #7427, #7428, #7444, #7445, #7446, #7462, #7463, #7464, #7480, #7481, #7482, #7498, #7499, #7500, #7516, #7517, #7518, #7534, #7535, #7536, #7554, #7555, #7556, #7557),(#6745, #6746, #6747, #6763, #6764, #6765, #6781, #6782, #6783, #6799, #6800, #6801, #6817, #6818, #6819, #6835, #6836, #6837, #6853, #6854, #6855, #6871, #6872, #6873, #6889, #6890, #6891, #6907, #6908, #6909, #6925, #6926, #6927, #6943, #6944, #6945, #6961, #6962, #6963, #6979, #6980, #6981, #6997, #6998, #6999, #7015, #7016, #7017, #7033, #7034, #7035, #7051, #7052, #7053, #7069, #7070, #7071, #7087, #7088, #7089, #7105, #7106, #7107, #7123, #7124, #7125, #7141, #7142, #7143, #7159, #7160, #7161, #7177, #7178, #7179, #7195, #7196, #7197, #7213, #7214, #7215, #7231, #7232, #7233, #7249, #7250, #7251, #7267, #7268, #7269, #7285, #7286, #7287, #7303, #7304, #7305, #7321, #7322, #7323, #7339, #7340, #7341, #7357, #7358, #7359, #7375, #7376, #7377, #7393, #7394, #7395, #7411, #7412, #7413, #7429, #7430, #7431, #7447, #7448, #7449, #7465, #7466, #7467, #7483, #7484, #7485, #7501, #7502, #7503, #7519, #7520, #7521, #7537, #7538, #7539, #7558, #7559, #7560, #7561),(#6748, #6749, #6750, #6766, #6767, #6768, #6784, #6785, #6786, #6802, #6803, #6804, #6820, #6821, #6822, #6838, #6839, #6840, #6856, #6857, #6858, #6874, #6875, #6876, #6892, #6893, #6894, #6910, #6911, #6912, #6928, #6929, #6930, #6946, #6947, #6948, #6964, #6965, #6966, #6982, #6983, #6984, #7000, #7001, #7002, #7018, #7019, #7020, #7036, #7037, #7038, #7054, #7055, #7056, #7072, #7073, #7074, #7090, #7091, #7092, #7108, #7109, #7110, #7126, #7127, #7128, #7144, #7145, #7146, #7162, #7163, #7164, #7180, #7181, #7182, #7198, #7199, #7200, #7216, #7217, #7218, #7234, #7235, #7236, #7252, #7253, #7254, #7270, #7271, #7272, #7288, #7289, #7290, #7306, #7307, #7308, #7324, #7325, #7326, #7342, #7343, #7344, #7360, #7361, #7362, #7378, #7379, #7380, #7396, #7397, #7398, #7414, #7415, #7416, #7432, #7433, #7434, #7450, #7451, #7452, #7468, #7469, #7470, #7486, #7487, #7488, #7504, #7505, #7506, #7522, #7523, #7524, #7540, #7541, #7542, #7562, #7563, #7564, #7565),(#6751, #6752, #6753, #6769, #6770, #6771, #6787, #6788, #6789, #6805, #6806, #6807, #6823, #6824, #6825, #6841, #6842, #6843, #6859, #6860, #6861, #6877, #6878, #6879, #6895, #6896, #6897, #6913, #6914, #6915, #6931, #6932, #6933, #6949, #6950, #6951, #6967, #6968, #6969, #6985, #6986, #6987, #7003, #7004, #7005, #7021, #7022, #7023, #7039, #7040, #7041, #7057, #7058, #7059, #7075, #7076, #7077, #7093, #7094, #7095, #7111, #7112, #7113, #7129, #7130, #7131, #7147, #7148, #7149, #7165, #7166, #7167, #7183, #7184, #7185, #7201, #7202, #7203, #7219, #7220, #7221, #7237, #7238, #7239, #7255, #7256, #7257, #7273, #7274, #7275, #7291, #7292, #7293, #7309, #7310, #7311, #7327, #7328, #7329, #7345, #7346, #7347, #7363, #7364, #7365, #7381, #7382, #7383, #7399, #7400, #7401, #7417, #7418, #7419, #7435, #7436, #7437, #7453, #7454, #7455, #7471, #7472, #7473, #7489, #7490, #7491, #7507, #7508, #7509, #7525, #7526, #7527, #7543, #7544, #7545, #7566, #7567, #7568, #7569)),.UNSPECIFIED.,.F.,.F.,.F.,(6,6),(4,3,3,3,3,3,3,3,3,3,3,3,3,3,3,3,3,3,3,3,3,3,3,3,3,3,3,3,3,3,3,3,3,3,3,3,3,3,3,3,3,3,3,3,3,3,4),(0.,1.),(0.,1.,2.,3.,4.,5.,6.,7.,8.,9.,10.,11.,12.,13.,14.,15.,16.,17.,18.,19.,20.,21.,22.,23.,24.,25.,26.,27.,28.,29.,30.,31.,32.,33.,34.,35.,36.,37.,38.,39.,40.,41.,42.,43.,44.,45.,46.),.PIECEWISE_BEZIER_KNOTS.);
#6736=CARTESIAN_POINT('',(0.25,0.,-0.01));
#6737=CARTESIAN_POINT('',(0.25,0.00125,-0.01));
#6738=CARTESIAN_POINT('',(0.25,0.0025,-0.01));
#6739=CARTESIAN_POINT('',(0.25,-4.59242549680257E-19,-0.0025));
#6740=CARTESIAN_POINT('',(0.25,0.000757183345498585,-0.0025000000004513));
#6741=CARTESIAN_POINT('',(0.25,0.00151436668909909,-0.00236955850281706));
#6742=CARTESIAN_POINT('',(0.25,-9.18485099360515E-19,0.005));
#6743=CARTESIAN_POINT('',(0.25,0.000264366690997168,0.00499999999909739));
#6744=CARTESIAN_POINT('',(0.25,0.000528733378198172,0.00526088299436588));
#6745=CARTESIAN_POINT('',(0.25,-1.04083408558608E-18,0.011));
#6746=CARTESIAN_POINT('',(0.25,0.0005625,0.011));
#6747=CARTESIAN_POINT('',(0.25,0.001125,0.0110703125));
#6748=CARTESIAN_POINT('',(0.25,-5.20417042793042E-19,0.0155));
#6749=CARTESIAN_POINT('',(0.25,0.00028125,0.0155));
#6750=CARTESIAN_POINT('',(0.25,0.0005625,0.01553515625));
#6751=CARTESIAN_POINT('',(0.25,0.,0.02));
#6752=CARTESIAN_POINT('',(0.25,0.,0.02));
#6753=CARTESIAN_POINT('',(0.25,0.,0.02));
#6754=CARTESIAN_POINT('',(0.25,0.00375,-0.01));
#6755=CARTESIAN_POINT('',(0.25,0.0040625,-0.01));
#6756=CARTESIAN_POINT('',(0.25,0.004375,-0.01));
#6757=CARTESIAN_POINT('',(0.25,0.00219280200488396,-0.00217143702209394));
#6758=CARTESIAN_POINT('',(0.25,0.00236241083383018,-0.00212190665191316));
#6759=CARTESIAN_POINT('',(0.25,0.00252709791103792,-0.00206814628278933));
#6760=CARTESIAN_POINT('',(0.25,0.000635604009767924,0.00565712595581212));
#6761=CARTESIAN_POINT('',(0.25,0.000662321667660361,0.00575618669617368));
#6762=CARTESIAN_POINT('',(0.25,0.000679195822075842,0.00586370743442134));
#6763=CARTESIAN_POINT('',(0.25,0.0016787109375,0.0112021484375));
#6764=CARTESIAN_POINT('',(0.25,0.001817138671875,0.011235107421875));
#6765=CARTESIAN_POINT('',(0.25,0.00195501708984375,0.0112719116210938));
#6766=CARTESIAN_POINT('',(0.25,0.00083935546875,0.01560107421875));
#6767=CARTESIAN_POINT('',(0.25,0.0009085693359375,0.0156175537109375));
#6768=CARTESIAN_POINT('',(0.25,0.000977508544921875,0.0156359558105469));
#6769=CARTESIAN_POINT('',(0.25,0.,0.02));
#6770=CARTESIAN_POINT('',(0.25,0.,0.02));
#6771=CARTESIAN_POINT('',(0.25,0.,0.02));
#6772=CARTESIAN_POINT('',(0.25,0.0046875,-0.01));
#6773=CARTESIAN_POINT('',(0.25,0.004765625,-0.01));
#6774=CARTESIAN_POINT('',(0.25,0.00484375,-0.01));
#6775=CARTESIAN_POINT('',(0.25,0.00268648947990203,-0.00201151821009072));
#6776=CARTESIAN_POINT('',(0.25,0.00272633737211805,-0.00199736119191607));
#6777=CARTESIAN_POINT('',(0.25,0.00276585429506261,-0.001983024942268));
#6778=CARTESIAN_POINT('',(0.25,0.000685478959804053,0.00597696357981855));
#6779=CARTESIAN_POINT('',(0.25,0.000687049744236104,0.00600527761616785));
#6780=CARTESIAN_POINT('',(0.25,0.000687958590125208,0.006033950115464));
#6781=CARTESIAN_POINT('',(0.25,0.00209220886230469,0.0113124237060547));
#6782=CARTESIAN_POINT('',(0.25,0.00212650680541992,0.0113225517272949));
#6783=CARTESIAN_POINT('',(0.25,0.00216076183319092,0.011332911491394));
#6784=CARTESIAN_POINT('',(0.25,0.00104610443115234,0.0156562118530273));
#6785=CARTESIAN_POINT('',(0.25,0.00106325340270996,0.0156612758636475));
#6786=CARTESIAN_POINT('',(0.25,0.00108038091659546,0.015666455745697));
#6787=CARTESIAN_POINT('',(0.25,0.,0.02));
#6788=CARTESIAN_POINT('',(0.25,0.,0.02));
#6789=CARTESIAN_POINT('',(0.25,0.,0.02));
#6790=CARTESIAN_POINT('',(0.25,0.004921875,-0.01));
#6791=CARTESIAN_POINT('',(0.25,0.00494140625,-0.01));
#6792=CARTESIAN_POINT('',(0.25,0.00496093750000001,-0.01));
#6793=CARTESIAN_POINT('',(0.25,0.00280502193169758,-0.00196852525018915));
#6794=CARTESIAN_POINT('',(0.25,0.00281481384085632,-0.00196490032716944));
#6795=CARTESIAN_POINT('',(0.25,0.00282458391962072,-0.00196126518899781));
#6796=CARTESIAN_POINT('',(0.25,0.000688168863395154,0.0060629494996217));
#6797=CARTESIAN_POINT('',(0.25,0.000688221431712641,0.00607019934566112));
#6798=CARTESIAN_POINT('',(0.25,0.000688230339241433,0.00607746962200439));
#6799=CARTESIAN_POINT('',(0.25,0.00219497179985046,0.0113435008525848));
#6800=CARTESIAN_POINT('',(0.25,0.00220352429151535,0.0113461481928825));
#6801=CARTESIAN_POINT('',(0.25,0.00221207396686077,0.0113488098829985));
#6802=CARTESIAN_POINT('',(0.25,0.00109748589992523,0.0156717504262924));
#6803=CARTESIAN_POINT('',(0.25,0.00110176214575768,0.0156730740964413));
#6804=CARTESIAN_POINT('',(0.25,0.00110603698343039,0.0156744049414992));
#6805=CARTESIAN_POINT('',(0.25,0.,0.02));
#6806=CARTESIAN_POINT('',(0.25,0.,0.02));
#6807=CARTESIAN_POINT('',(0.25,0.,0.02));
#6808=CARTESIAN_POINT('',(0.25,0.00498046875,-0.01));
#6809=CARTESIAN_POINT('',(0.25,0.0049853515625,-0.01));
#6810=CARTESIAN_POINT('',(0.25,0.004990234375,-0.01));
#6811=CARTESIAN_POINT('',(0.25,0.00283433224430874,-0.0019576202388336));
#6812=CARTESIAN_POINT('',(0.25,0.00283676932548074,-0.00195670900129255));
#6813=CARTESIAN_POINT('',(0.25,0.00283920504702298,-0.00195579715050196));
#6814=CARTESIAN_POINT('',(0.25,0.000688195738617476,0.0060847595223328));
#6815=CARTESIAN_POINT('',(0.25,0.000688187088461485,0.00608658199741491));
#6816=CARTESIAN_POINT('',(0.25,0.000688175719045948,0.00608840569899608));
#6817=CARTESIAN_POINT('',(0.25,0.00222062079235911,0.011351485889405));
#6818=CARTESIAN_POINT('',(0.25,0.0022227574987337,0.0113521548910067));
#6819=CARTESIAN_POINT('',(0.25,0.00222489402699284,0.0113528247873764));
#6820=CARTESIAN_POINT('',(0.25,0.00111031039617956,0.0156757429447025));
#6821=CARTESIAN_POINT('',(0.25,0.00111137874936685,0.0156760774455033));
#6822=CARTESIAN_POINT('',(0.25,0.00111244701349642,0.0156764123936882));
#6823=CARTESIAN_POINT('',(0.25,0.,0.02));
#6824=CARTESIAN_POINT('',(0.25,0.,0.02));
#6825=CARTESIAN_POINT('',(0.25,0.,0.02));
#6826=CARTESIAN_POINT('',(0.25,0.0049951171875,-0.01));
#6827=CARTESIAN_POINT('',(0.25,0.005,-0.01));
#6828=CARTESIAN_POINT('',(0.25,0.005003882406634,-0.00999999999989032));
#6829=CARTESIAN_POINT('',(0.25,0.00284163940249245,-0.00195488468856141));
#6830=CARTESIAN_POINT('',(0.25,0.00284407375796193,-0.00195397222662087));
#6831=CARTESIAN_POINT('',(0.25,0.00284550634149264,-0.00195305915342069));
#6832=CARTESIAN_POINT('',(0.25,0.0006881616174849,0.00609023062287717));
#6833=CARTESIAN_POINT('',(0.25,0.000688147515923852,0.00609205554675825));
#6834=CARTESIAN_POINT('',(0.25,0.000687130276351291,0.00609388169304893));
#6835=CARTESIAN_POINT('',(0.25,0.00222703037661268,0.0113534955779905));
#6836=CARTESIAN_POINT('',(0.25,0.00222916672623251,0.0113541663686046));
#6837=CARTESIAN_POINT('',(0.25,0.00223130289721303,0.011354838053463));
#6838=CARTESIAN_POINT('',(0.25,0.00111351518830634,0.0156767477889953));
#6839=CARTESIAN_POINT('',(0.25,0.00111458336311625,0.0156770831843023));
#6840=CARTESIAN_POINT('',(0.25,0.00111565144860651,0.0156774190267315));
#6841=CARTESIAN_POINT('',(0.25,0.,0.02));
#6842=CARTESIAN_POINT('',(0.25,0.,0.02));
#6843=CARTESIAN_POINT('',(0.25,0.,0.02));
#6844=CARTESIAN_POINT('',(0.25,0.00500776451517929,-0.00999999698234409));
#6845=CARTESIAN_POINT('',(0.25,0.00501552873226988,-0.00999999094725164));
#6846=CARTESIAN_POINT('',(0.25,0.00502329205350558,-0.00999997586050763));
#6847=CARTESIAN_POINT('',(0.25,0.00284693725558709,-0.00195214245909839));
#6848=CARTESIAN_POINT('',(0.25,0.00284979908377599,-0.00195030907045377));
#6849=CARTESIAN_POINT('',(0.25,0.00285265453071974,-0.00194846421541527));
#6850=CARTESIAN_POINT('',(0.25,0.000686109995994896,0.00609571206414732));
#6851=CARTESIAN_POINT('',(0.25,0.000684069435282107,0.00609937280634409));
#6852=CARTESIAN_POINT('',(0.25,0.000682017007933901,0.00610304742967708));
#6853=CARTESIAN_POINT('',(0.25,0.00223343888903037,0.0113555106320418));
#6854=CARTESIAN_POINT('',(0.25,0.00223771087266505,0.0113568557891995));
#6855=CARTESIAN_POINT('',(0.25,0.00224198213964701,0.0113582045212388));
#6856=CARTESIAN_POINT('',(0.25,0.00111671944451518,0.0156777553160209));
#6857=CARTESIAN_POINT('',(0.25,0.00111885543633252,0.0156784278945997));
#6858=CARTESIAN_POINT('',(0.25,0.0011209910698235,0.0156791022606194));
#6859=CARTESIAN_POINT('',(0.25,0.,0.02));
#6860=CARTESIAN_POINT('',(0.25,0.,0.02));
#6861=CARTESIAN_POINT('',(0.25,0.,0.02));
#6862=CARTESIAN_POINT('',(0.25,0.00503105446458746,-0.00999995172803489));
#6863=CARTESIAN_POINT('',(0.25,0.00506210410891498,-0.00999985519814393));
#6864=CARTESIAN_POINT('',(0.25,0.0050931391907815,-0.00999961393659312));
#6865=CARTESIAN_POINT('',(0.25,0.00285550361597885,-0.00194660791159287));
#6866=CARTESIAN_POINT('',(0.25,0.0028668999570153,-0.00193918269630326));
#6867=CARTESIAN_POINT('',(0.25,0.00287819451109773,-0.00193157430047108));
#6868=CARTESIAN_POINT('',(0.25,0.000679952767370245,0.00610673590484915));
#6869=CARTESIAN_POINT('',(0.25,0.000671695805115628,0.00612148980553741));
#6870=CARTESIAN_POINT('',(0.25,0.000663249831413951,0.00613646533565096));
#6871=CARTESIAN_POINT('',(0.25,0.00224625268578529,0.0113595568239689));
#6872=CARTESIAN_POINT('',(0.25,0.00226333487033844,0.0113649660348892));
#6873=CARTESIAN_POINT('',(0.25,0.00228040552139282,0.0113704323768616));
#6874=CARTESIAN_POINT('',(0.25,0.00112312634289265,0.0156797784119844));
#6875=CARTESIAN_POINT('',(0.25,0.00113166743516922,0.0156824830174446));
#6876=CARTESIAN_POINT('',(0.25,0.00114020276069641,0.0156852161884308));
#6877=CARTESIAN_POINT('',(0.25,0.,0.02));
#6878=CARTESIAN_POINT('',(0.25,0.,0.02));
#6879=CARTESIAN_POINT('',(0.25,0.,0.02));
#6880=CARTESIAN_POINT('',(0.25,0.00512415879505638,-0.00999922832244199));
#6881=CARTESIAN_POINT('',(0.25,0.00524823721215589,-0.00999768586583744));
#6882=CARTESIAN_POINT('',(0.25,0.00537206798778902,-0.00999383376762772));
#6883=CARTESIAN_POINT('',(0.25,0.00288938310614012,-0.00192378663082464));
#6884=CARTESIAN_POINT('',(0.25,0.0029341374863097,-0.00189263595223888));
#6885=CARTESIAN_POINT('',(0.25,0.00297719652183878,-0.00185861689262492));
#6886=CARTESIAN_POINT('',(0.25,0.000654607417223863,0.0061516550607927));
#6887=CARTESIAN_POINT('',(0.25,0.000620037760463515,0.00621241396135968));
#6888=CARTESIAN_POINT('',(0.25,0.000582325055888537,0.00627659998237788));
#6889=CARTESIAN_POINT('',(0.25,0.00229746437072754,0.011375955581665));
#6890=CARTESIAN_POINT('',(0.25,0.00236569976806641,0.0113980484008789));
#6891=CARTESIAN_POINT('',(0.25,0.00243374633789062,0.0114210510253906));
#6892=CARTESIAN_POINT('',(0.25,0.00114873218536377,0.0156879777908325));
#6893=CARTESIAN_POINT('',(0.25,0.0011828498840332,0.0156990242004394));
#6894=CARTESIAN_POINT('',(0.25,0.00121687316894531,0.0157105255126953));
#6895=CARTESIAN_POINT('',(0.25,0.,0.02));
#6896=CARTESIAN_POINT('',(0.25,0.,0.02));
#6897=CARTESIAN_POINT('',(0.25,0.,0.02));
#6898=CARTESIAN_POINT('',(0.25,0.00549559255359377,-0.0099876962876227));
#6899=CARTESIAN_POINT('',(0.25,0.00598969081681277,-0.0099631463676026));
#6900=CARTESIAN_POINT('',(0.25,0.00647888972277771,-0.00990203033885756));
#6901=CARTESIAN_POINT('',(0.25,0.00301851672093574,-0.00182187161731119));
#6902=CARTESIAN_POINT('',(0.25,0.00318379751732358,-0.00167489051605625));
#6903=CARTESIAN_POINT('',(0.25,0.00332125693079761,-0.00148428996360493));
#6904=CARTESIAN_POINT('',(0.25,0.000541440888277709,0.00634395305300032));
#6905=CARTESIAN_POINT('',(0.25,0.000377904217834397,0.00661336533549009));
#6906=CARTESIAN_POINT('',(0.25,0.000163624138817497,0.00693345041164769));
#6907=CARTESIAN_POINT('',(0.25,0.0025015869140625,0.0114449462890625));
#6908=CARTESIAN_POINT('',(0.25,0.00277294921875,0.01154052734375));
#6909=CARTESIAN_POINT('',(0.25,0.003041015625,0.011650390625));
#6910=CARTESIAN_POINT('',(0.25,0.00125079345703125,0.0157224731445312));
#6911=CARTESIAN_POINT('',(0.25,0.001386474609375,0.015770263671875));
#6912=CARTESIAN_POINT('',(0.25,0.0015205078125,0.0158251953125));
#6913=CARTESIAN_POINT('',(0.25,0.,0.02));
#6914=CARTESIAN_POINT('',(0.25,0.,0.02));
#6915=CARTESIAN_POINT('',(0.25,0.,0.02));
#6916=CARTESIAN_POINT('',(0.25,0.00695944089632095,-0.0098059008292189));
#6917=CARTESIAN_POINT('',(0.25,0.00792054324340741,-0.00961364180994159));
#6918=CARTESIAN_POINT('',(0.25,0.00884705466080698,-0.0092813288670898));
#6919=CARTESIAN_POINT('',(0.25,0.00342111400410154,-0.00126362405791337));
#6920=CARTESIAN_POINT('',(0.25,0.00362082815070941,-0.000822292246530252));
#6921=CARTESIAN_POINT('',(0.25,0.0036701329366369,-0.000260699022186162));
#6922=CARTESIAN_POINT('',(0.25,-0.000117212888117862,0.00727865271339215));
#6923=CARTESIAN_POINT('',(0.25,-0.000678886941988585,0.00796905731688108));
#6924=CARTESIAN_POINT('',(0.25,-0.00150678878753317,0.00875993082271747));
#6925=CARTESIAN_POINT('',(0.25,0.0033046875,0.0117734375));
#6926=CARTESIAN_POINT('',(0.25,0.00383203125,0.01201953125));
#6927=CARTESIAN_POINT('',(0.25,0.004341796875,0.012318359375));
#6928=CARTESIAN_POINT('',(0.25,0.00165234375,0.01588671875));
#6929=CARTESIAN_POINT('',(0.25,0.001916015625,0.016009765625));
#6930=CARTESIAN_POINT('',(0.25,0.0021708984375,0.0161591796875));
#6931=CARTESIAN_POINT('',(0.25,0.,0.02));
#6932=CARTESIAN_POINT('',(0.25,0.,0.02));
#6933=CARTESIAN_POINT('',(0.25,0.,0.02));
#6934=CARTESIAN_POINT('',(0.25,0.00970898814717821,-0.00882138302331405));
#6935=CARTESIAN_POINT('',(0.25,0.00981672983297462,-0.00876388979284208));
#6936=CARTESIAN_POINT('',(0.25,0.00992346248859871,-0.00870440229829318));
#6937=CARTESIAN_POINT('',(0.25,0.00357429036362703,0.000335644823188245));
#6938=CARTESIAN_POINT('',(0.25,0.00356231004200079,0.000410187803860042));
#6939=CARTESIAN_POINT('',(0.25,0.00354806179289116,0.000485273762985442));
#6940=CARTESIAN_POINT('',(0.25,-0.00256040741992416,0.00949267266969054));
#6941=CARTESIAN_POINT('',(0.25,-0.00269210974897304,0.00958426540056217));
#6942=CARTESIAN_POINT('',(0.25,-0.00282733890281639,0.00967494982426407));
#6943=CARTESIAN_POINT('',(0.25,0.0048251953125,0.0126611328125));
#6944=CARTESIAN_POINT('',(0.25,0.0048856201171875,0.0127039794921875));
#6945=CARTESIAN_POINT('',(0.25,0.00494563293457031,0.0127475128173828));
#6946=CARTESIAN_POINT('',(0.25,0.00241259765625,0.01633056640625));
#6947=CARTESIAN_POINT('',(0.25,0.00244281005859375,0.0163519897460937));
#6948=CARTESIAN_POINT('',(0.25,0.00247281646728516,0.0163737564086914));
#6949=CARTESIAN_POINT('',(0.25,0.,0.02));
#6950=CARTESIAN_POINT('',(0.25,0.,0.02));
#6951=CARTESIAN_POINT('',(0.25,0.,0.02));
#6952=CARTESIAN_POINT('',(0.25,0.0100291275456885,-0.0086429447994772));
#6953=CARTESIAN_POINT('',(0.25,0.0100819600742334,-0.00861221605006922));
#6954=CARTESIAN_POINT('',(0.25,0.0101345257031447,-0.00858099479959446));
#6955=CARTESIAN_POINT('',(0.25,0.00353155589364529,0.00056073568729895));
#6956=CARTESIAN_POINT('',(0.25,0.00352330294402235,0.000598466649455703));
#6957=CARTESIAN_POINT('',(0.25,0.00351448558186536,0.000636291602909483));
#6958=CARTESIAN_POINT('',(0.25,-0.00296601575839791,0.0097644161740751));
#6959=CARTESIAN_POINT('',(0.25,-0.00303535418618866,0.00980914934898062));
#6960=CARTESIAN_POINT('',(0.25,-0.00310555453941396,0.00985357800541342));
#6961=CARTESIAN_POINT('',(0.25,0.00500521659851074,0.0127917156219482));
#6962=CARTESIAN_POINT('',(0.25,0.00503500843048096,0.012813817024231));
#6963=CARTESIAN_POINT('',(0.25,0.00506469297409058,0.0128360857963562));
#6964=CARTESIAN_POINT('',(0.25,0.00250260829925537,0.0163958578109741));
#6965=CARTESIAN_POINT('',(0.25,0.00251750421524048,0.0164069085121155));
#6966=CARTESIAN_POINT('',(0.25,0.00253234648704529,0.0164180428981781));
#6967=CARTESIAN_POINT('',(0.25,0.,0.02));
#6968=CARTESIAN_POINT('',(0.25,0.,0.02));
#6969=CARTESIAN_POINT('',(0.25,0.,0.02));
#6970=CARTESIAN_POINT('',(0.25,0.0101868171113772,-0.00854928408052917));
#6971=CARTESIAN_POINT('',(0.25,0.0101933535374062,-0.008545320240646));
#6972=CARTESIAN_POINT('',(0.25,0.0101998856787372,-0.00854134875281612));
#6973=CARTESIAN_POINT('',(0.25,0.00350510509184269,0.000674189671002105));
#6974=CARTESIAN_POINT('',(0.25,0.00350393253058986,0.000678926929513681));
#6975=CARTESIAN_POINT('',(0.25,0.00350275117046413,0.00068366533044149));
#6976=CARTESIAN_POINT('',(0.25,-0.00317660692769177,0.00989766342253338));
#6977=CARTESIAN_POINT('',(0.25,-0.0031854884762265,0.00990317409967337));
#6978=CARTESIAN_POINT('',(0.25,-0.00319438333780892,0.0099086794136991));
#6979=CARTESIAN_POINT('',(0.25,0.00509426808357239,0.0128585197925568));
#6980=CARTESIAN_POINT('',(0.25,0.00509796497225762,0.0128613240420818));
#6981=CARTESIAN_POINT('',(0.25,0.00510166015103459,0.0128641308732331));
#6982=CARTESIAN_POINT('',(0.25,0.00254713404178619,0.0164292598962784));
#6983=CARTESIAN_POINT('',(0.25,0.00254898248612881,0.0164306620210409));
#6984=CARTESIAN_POINT('',(0.25,0.0025508300755173,0.0164320654366165));
#6985=CARTESIAN_POINT('',(0.25,0.,0.02));
#6986=CARTESIAN_POINT('',(0.25,0.,0.02));
#6987=CARTESIAN_POINT('',(0.25,0.,0.02));
#6988=CARTESIAN_POINT('',(0.25,0.0102064135210711,-0.0085373696229623));
#6989=CARTESIAN_POINT('',(0.25,0.0102096774422381,-0.0085353800580354));
#6990=CARTESIAN_POINT('',(0.25,0.0102129402886558,-0.00853338858260251));
#6991=CARTESIAN_POINT('',(0.25,0.00350156101397461,0.000688404833010808));
#6992=CARTESIAN_POINT('',(0.25,0.00350096593572985,0.00069077458429547));
#6993=CARTESIAN_POINT('',(0.25,0.00350036865839414,0.000693144610990504));
#6994=CARTESIAN_POINT('',(0.25,-0.00320329149312189,0.00991417928898392));
#6995=CARTESIAN_POINT('',(0.25,-0.00320774557077837,0.00991692922662634));
#6996=CARTESIAN_POINT('',(0.25,-0.00321220297186749,0.00991967780458352));
#6997=CARTESIAN_POINT('',(0.25,0.00510535361571238,0.0128669402818196));
#6998=CARTESIAN_POINT('',(0.25,0.00510720034805127,0.0128683449861128));
#6999=CARTESIAN_POINT('',(0.25,0.00510904665186536,0.0128697503347648));
#7000=CARTESIAN_POINT('',(0.25,0.00255267680785619,0.0164334701409098));
#7001=CARTESIAN_POINT('',(0.25,0.00255360017402563,0.0164341724930564));
#7002=CARTESIAN_POINT('',(0.25,0.00255452332593268,0.0164348751673824));
#7003=CARTESIAN_POINT('',(0.25,0.,0.02));
#7004=CARTESIAN_POINT('',(0.25,0.,0.02));
#7005=CARTESIAN_POINT('',(0.25,0.,0.02));
#7006=CARTESIAN_POINT('',(0.25,0.0102162020585369,-0.008531395197404));
#7007=CARTESIAN_POINT('',(0.25,0.010219463828418,-0.00852940181220548));
#7008=CARTESIAN_POINT('',(0.25,0.0102227245217624,-0.00852740651724133));
#7009=CARTESIAN_POINT('',(0.25,0.00349976918228113,0.00069551490799908));
#7010=CARTESIAN_POINT('',(0.25,0.00349916970616812,0.000697885205007652));
#7011=CARTESIAN_POINT('',(0.25,0.00349856803127781,0.000700255772329763));
#7012=CARTESIAN_POINT('',(0.25,-0.0032166636939746,0.00992242501340216));
#7013=CARTESIAN_POINT('',(0.25,-0.00322112441608171,0.00992517222222078));
#7014=CARTESIAN_POINT('',(0.25,-0.00322558845920681,0.00992791806190086));
#7015=CARTESIAN_POINT('',(0.25,0.00511089252663078,0.0128711563272518));
#7016=CARTESIAN_POINT('',(0.25,0.0051127384013962,0.0128725623197388));
#7017=CARTESIAN_POINT('',(0.25,0.00511458384711295,0.0128739689560607));
#7018=CARTESIAN_POINT('',(0.25,0.00255544626331539,0.0164355781636259));
#7019=CARTESIAN_POINT('',(0.25,0.0025563692006981,0.0164362811598694));
#7020=CARTESIAN_POINT('',(0.25,0.00255729192355648,0.0164369844780303));
#7021=CARTESIAN_POINT('',(0.25,0.,0.02));
#7022=CARTESIAN_POINT('',(0.25,0.,0.02));
#7023=CARTESIAN_POINT('',(0.25,0.,0.02));
#7024=CARTESIAN_POINT('',(0.25,0.0102259841367829,-0.00852540931325191));
#7025=CARTESIAN_POINT('',(0.25,0.0102390225968648,-0.00851742049729421));
#7026=CARTESIAN_POINT('',(0.25,0.010252043803763,-0.00850940113693205));
#7027=CARTESIAN_POINT('',(0.25,0.00349796415792382,0.000702626604868568));
#7028=CARTESIAN_POINT('',(0.25,0.00349554866450789,0.000712109935023795));
#7029=CARTESIAN_POINT('',(0.25,0.0034930979956733,0.000721597508646166));
#7030=CARTESIAN_POINT('',(0.25,-0.00323005582093526,0.00993066252298905));
#7031=CARTESIAN_POINT('',(0.25,-0.00324792526784906,0.0099416403673418));
#7032=CARTESIAN_POINT('',(0.25,-0.00326584781241642,0.00995259615422438));
#7033=CARTESIAN_POINT('',(0.25,0.00511642886325717,0.0128753762356937));
#7034=CARTESIAN_POINT('',(0.25,0.00512380892783403,0.0128810053542256));
#7035=CARTESIAN_POINT('',(0.25,0.0051311821192503,0.0128866447657347));
#7036=CARTESIAN_POINT('',(0.25,0.00255821443162858,0.0164376881178468));
#7037=CARTESIAN_POINT('',(0.25,0.00256190446391702,0.0164405026771128));
#7038=CARTESIAN_POINT('',(0.25,0.00256559105962515,0.0164433223828673));
#7039=CARTESIAN_POINT('',(0.25,0.,0.02));
#7040=CARTESIAN_POINT('',(0.25,0.,0.02));
#7041=CARTESIAN_POINT('',(0.25,0.,0.02));
#7042=CARTESIAN_POINT('',(0.25,0.0102650476430861,-0.00850135127954785));
#7043=CARTESIAN_POINT('',(0.25,0.0102910553217323,-0.00848525156477947));
#7044=CARTESIAN_POINT('',(0.25,0.0103169935300781,-0.00846902986192298));
#7045=CARTESIAN_POINT('',(0.25,0.00349061217149299,0.000731088999537893));
#7046=CARTESIAN_POINT('',(0.25,0.00348564052313238,0.000750071981321352));
#7047=CARTESIAN_POINT('',(0.25,0.00348052825338889,0.000769070632182248));
#7048=CARTESIAN_POINT('',(0.25,-0.00328382330010012,0.00996352927862364));
#7049=CARTESIAN_POINT('',(0.25,-0.00331977427546752,0.00998539552742217));
#7050=CARTESIAN_POINT('',(0.25,-0.0033559370233003,0.0100071711262875));
#7051=CARTESIAN_POINT('',(0.25,0.00513854840397835,0.0128922944366932));
#7052=CARTESIAN_POINT('',(0.25,0.00515328097343445,0.0129035937786102));
#7053=CARTESIAN_POINT('',(0.25,0.0051679859161377,0.0129149341583252));
#7054=CARTESIAN_POINT('',(0.25,0.00256927420198917,0.0164461472183466));
#7055=CARTESIAN_POINT('',(0.25,0.00257664048671722,0.0164517968893051));
#7056=CARTESIAN_POINT('',(0.25,0.00258399295806885,0.0164574670791626));
#7057=CARTESIAN_POINT('',(0.25,0.,0.02));
#7058=CARTESIAN_POINT('',(0.25,0.,0.02));
#7059=CARTESIAN_POINT('',(0.25,0.,0.02));
#7060=CARTESIAN_POINT('',(0.25,0.0103428613529929,-0.00845268655003792));
#7061=CARTESIAN_POINT('',(0.25,0.0105498039363112,-0.0083219400549574));
#7062=CARTESIAN_POINT('',(0.25,0.0107522418520443,-0.00818341058204805));
#7063=CARTESIAN_POINT('',(0.25,0.00347527552284609,0.000788082342538307));
#7064=CARTESIAN_POINT('',(0.25,0.00343325367850368,0.000940176025386782));
#7065=CARTESIAN_POINT('',(0.25,0.00338224234300493,0.00109310551592573));
#7066=CARTESIAN_POINT('',(0.25,-0.00339231030730068,0.0100288512351145));
#7067=CARTESIAN_POINT('',(0.25,-0.00368329657930381,0.010202292105731));
#7068=CARTESIAN_POINT('',(0.25,-0.0039877571660344,0.0103696216138995));
#7069=CARTESIAN_POINT('',(0.25,0.00518266296386719,0.0129263153076172));
#7070=CARTESIAN_POINT('',(0.25,0.00530007934570312,0.0130173645019531));
#7071=CARTESIAN_POINT('',(0.25,0.00541571044921875,0.0131110229492187));
#7072=CARTESIAN_POINT('',(0.25,0.00259133148193359,0.0164631576538086));
#7073=CARTESIAN_POINT('',(0.25,0.00265003967285156,0.0165086822509766));
#7074=CARTESIAN_POINT('',(0.25,0.00270785522460937,0.0165555114746094));
#7075=CARTESIAN_POINT('',(0.25,0.,0.02));
#7076=CARTESIAN_POINT('',(0.25,0.,0.02));
#7077=CARTESIAN_POINT('',(0.25,0.,0.02));
#7078=CARTESIAN_POINT('',(0.25,0.0109497065532961,-0.00803729220978878));
#7079=CARTESIAN_POINT('',(0.25,0.0113446359557999,-0.00774505546527024));
#7080=CARTESIAN_POINT('',(0.25,0.0117196725003789,-0.00742246312335204));
#7081=CARTESIAN_POINT('',(0.25,0.00332232373512705,0.00124553470803125));
#7082=CARTESIAN_POINT('',(0.25,0.0032024865193713,0.00155039309224227));
#7083=CARTESIAN_POINT('',(0.25,0.00304702021409908,0.00185325028271954));
#7084=CARTESIAN_POINT('',(0.25,-0.00430505908304203,0.0105283616258513));
#7085=CARTESIAN_POINT('',(0.25,-0.0049396629170573,0.0108458416497548));
#7086=CARTESIAN_POINT('',(0.25,-0.00562563207218074,0.0111289636887911));
#7087=CARTESIAN_POINT('',(0.25,0.0055294189453125,0.0132071533203125));
#7088=CARTESIAN_POINT('',(0.25,0.0057568359375,0.0133994140625));
#7089=CARTESIAN_POINT('',(0.25,0.0059765625,0.0136015625));
#7090=CARTESIAN_POINT('',(0.25,0.00276470947265625,0.0166035766601562));
#7091=CARTESIAN_POINT('',(0.25,0.00287841796875,0.01669970703125));
#7092=CARTESIAN_POINT('',(0.25,0.00298828125,0.01680078125));
#7093=CARTESIAN_POINT('',(0.25,0.,0.02));
#7094=CARTESIAN_POINT('',(0.25,0.,0.02));
#7095=CARTESIAN_POINT('',(0.25,0.,0.02));
#7096=CARTESIAN_POINT('',(0.25,0.0120710678118655,-0.00707106781186547));
#7097=CARTESIAN_POINT('',(0.25,0.0120738130877365,-0.00706832253599449));
#7098=CARTESIAN_POINT('',(0.25,0.0120820418833744,-0.0070600809365961));
#7099=CARTESIAN_POINT('',(0.25,0.00285658256952828,0.00214341743047172));
#7100=CARTESIAN_POINT('',(0.25,0.00285509477543007,0.00214568436131353));
#7101=CARTESIAN_POINT('',(0.25,0.00285908980956405,0.00215344508315026));
#7102=CARTESIAN_POINT('',(0.25,-0.00635790267280892,0.0113579026728089));
#7103=CARTESIAN_POINT('',(0.25,-0.00636362353687632,0.0113596912586216));
#7104=CARTESIAN_POINT('',(0.25,-0.00636386226424635,0.0113669711028966));
#7105=CARTESIAN_POINT('',(0.25,0.0061875,0.0138125));
#7106=CARTESIAN_POINT('',(0.25,0.00618914794921875,0.0138141479492187));
#7107=CARTESIAN_POINT('',(0.25,0.0061907953619957,0.0138157964348793));
#7108=CARTESIAN_POINT('',(0.25,0.00309375,0.01690625));
#7109=CARTESIAN_POINT('',(0.25,0.00309457397460937,0.0169070739746094));
#7110=CARTESIAN_POINT('',(0.25,0.00309539768099785,0.0169078982174396));
#7111=CARTESIAN_POINT('',(0.25,0.,0.02));
#7112=CARTESIAN_POINT('',(0.25,0.,0.02));
#7113=CARTESIAN_POINT('',(0.25,0.,0.02));
#7114=CARTESIAN_POINT('',(0.25,0.0120875183652436,-0.00705457885558219));
#7115=CARTESIAN_POINT('',(0.25,0.0120929948471128,-0.00704907677456828));
#7116=CARTESIAN_POINT('',(0.25,0.0120984642910842,-0.00704356893606786));
#7117=CARTESIAN_POINT('',(0.25,0.00286033211815545,0.00215846391021759));
#7118=CARTESIAN_POINT('',(0.25,0.00286157442674684,0.00216348273728493));
#7119=CARTESIAN_POINT('',(0.25,0.00286280928566664,0.00216850494545385));
#7120=CARTESIAN_POINT('',(0.25,-0.00636685412893274,0.0113715066760174));
#7121=CARTESIAN_POINT('',(0.25,-0.00636984599361914,0.0113760422491381));
#7122=CARTESIAN_POINT('',(0.25,-0.00637284571975092,0.0113805788269756));
#7123=CARTESIAN_POINT('',(0.25,0.00619244223780697,0.0138174454564578));
#7124=CARTESIAN_POINT('',(0.25,0.00619408911361825,0.0138190944780363));
#7125=CARTESIAN_POINT('',(0.25,0.00619573545246385,0.0138207440355327));
#7126=CARTESIAN_POINT('',(0.25,0.00309622111890349,0.0169087227282289));
#7127=CARTESIAN_POINT('',(0.25,0.00309704455680912,0.0169095472390181));
#7128=CARTESIAN_POINT('',(0.25,0.00309786772623193,0.0169103720177663));
#7129=CARTESIAN_POINT('',(0.25,0.,0.02));
#7130=CARTESIAN_POINT('',(0.25,0.,0.02));
#7131=CARTESIAN_POINT('',(0.25,0.,0.02));
#7132=CARTESIAN_POINT('',(0.25,0.012103926691235,-0.00703805535437986));
#7133=CARTESIAN_POINT('',(0.25,0.0121148514915366,-0.00702702819100386));
#7134=CARTESIAN_POINT('',(0.25,0.0121257481165557,-0.00701597805487749));
#7135=CARTESIAN_POINT('',(0.25,0.00286403662620236,0.00217353047891573));
#7136=CARTESIAN_POINT('',(0.25,0.00286649130727379,0.00218358154583949));
#7137=CARTESIAN_POINT('',(0.25,0.00286891591480883,0.00219364591393508));
#7138=CARTESIAN_POINT('',(0.25,-0.00637585343883028,0.0113851163122113));
#7139=CARTESIAN_POINT('',(0.25,-0.006381868876989,0.0113941912826828));
#7140=CARTESIAN_POINT('',(0.25,-0.00638791628693808,0.0114032698827477));
#7141=CARTESIAN_POINT('',(0.25,0.00619738125381991,0.0138223941284232));
#7142=CARTESIAN_POINT('',(0.25,0.00620067285653204,0.0138256943142042));
#7143=CARTESIAN_POINT('',(0.25,0.006203962309286,0.0138289966415614));
#7144=CARTESIAN_POINT('',(0.25,0.00309869062690996,0.0169111970642116));
#7145=CARTESIAN_POINT('',(0.25,0.00310033642826602,0.0169128471571021));
#7146=CARTESIAN_POINT('',(0.25,0.003101981154643,0.0169144983207807));
#7147=CARTESIAN_POINT('',(0.25,0.,0.02));
#7148=CARTESIAN_POINT('',(0.25,0.,0.02));
#7149=CARTESIAN_POINT('',(0.25,0.,0.02));
#7150=CARTESIAN_POINT('',(0.25,0.01213661651891,-0.0070049050603921));
#7151=CARTESIAN_POINT('',(0.25,0.0121583533236187,-0.00698275907142131));
#7152=CARTESIAN_POINT('',(0.25,0.0121799772376679,-0.00696052164901441));
#7153=CARTESIAN_POINT('',(0.25,0.00287131048450773,0.00220372347477381));
#7154=CARTESIAN_POINT('',(0.25,0.00287609962390554,0.00222387859645126));
#7155=CARTESIAN_POINT('',(0.25,0.00288076861195877,0.00224408648910123));
#7156=CARTESIAN_POINT('',(0.25,-0.00639399554989459,0.0114123520099397));
#7157=CARTESIAN_POINT('',(0.25,-0.0064061540758076,0.0114305162643238));
#7158=CARTESIAN_POINT('',(0.25,-0.00641844001375036,0.0114486946272169));
#7159=CARTESIAN_POINT('',(0.25,0.00620724960789084,0.0138323011063039));
#7160=CARTESIAN_POINT('',(0.25,0.00621382420510054,0.013838910035789));
#7161=CARTESIAN_POINT('',(0.25,0.00622039018571377,0.0138455275148153));
#7162=CARTESIAN_POINT('',(0.25,0.00310362480394542,0.016916150553152));
#7163=CARTESIAN_POINT('',(0.25,0.00310691210255027,0.0169194550178945));
#7164=CARTESIAN_POINT('',(0.25,0.00311019509285688,0.0169227637574077));
#7165=CARTESIAN_POINT('',(0.25,0.,0.02));
#7166=CARTESIAN_POINT('',(0.25,0.,0.02));
#7167=CARTESIAN_POINT('',(0.25,0.,0.02));
#7168=CARTESIAN_POINT('',(0.25,0.0122014878819982,-0.00693819370830206));
#7169=CARTESIAN_POINT('',(0.25,0.0122445091706588,-0.00689353782687735));
#7170=CARTESIAN_POINT('',(0.25,0.0122870773804436,-0.00684851987223082));
#7171=CARTESIAN_POINT('',(0.25,0.00288531731990613,0.00226434604437955));
#7172=CARTESIAN_POINT('',(0.25,0.00289441473580086,0.00230486515493619));
#7173=CARTESIAN_POINT('',(0.25,0.00290303103127214,0.00234559091600618));
#7174=CARTESIAN_POINT('',(0.25,-0.00643085324218592,0.0114668857970612));
#7175=CARTESIAN_POINT('',(0.25,-0.00645567969905704,0.0115032681367497));
#7176=CARTESIAN_POINT('',(0.25,-0.00648101531789933,0.0115397017042432));
#7177=CARTESIAN_POINT('',(0.25,0.00622694751620293,0.0138521535098553));
#7178=CARTESIAN_POINT('',(0.25,0.00624006217718124,0.0138654054999351));
#7179=CARTESIAN_POINT('',(0.25,0.00625314223766327,0.0138786915540695));
#7180=CARTESIAN_POINT('',(0.25,0.00311347375810146,0.0169260767549276));
#7181=CARTESIAN_POINT('',(0.25,0.00312003108859062,0.0169327027499676));
#7182=CARTESIAN_POINT('',(0.25,0.00312657111883163,0.0169393457770348));
#7183=CARTESIAN_POINT('',(0.25,0.,0.02));
#7184=CARTESIAN_POINT('',(0.25,0.,0.02));
#7185=CARTESIAN_POINT('',(0.25,0.,0.02));
#7186=CARTESIAN_POINT('',(0.25,0.0123291894788765,-0.00680314716540771));
#7187=CARTESIAN_POINT('',(0.25,0.0124134136757422,-0.00671240175176151));
#7188=CARTESIAN_POINT('',(0.25,0.0124958134272,-0.00662023732940902));
#7189=CARTESIAN_POINT('',(0.25,0.00291116549928566,0.0023865146898047));
#7190=CARTESIAN_POINT('',(0.25,0.0029274344353127,0.00246836223740175));
#7191=CARTESIAN_POINT('',(0.25,0.00294177606150871,0.00255100183591291));
#7192=CARTESIAN_POINT('',(0.25,-0.00650685848030516,0.0115761765450171));
#7193=CARTESIAN_POINT('',(0.25,-0.00655854480511682,0.011649126226565));
#7194=CARTESIAN_POINT('',(0.25,-0.00661226130418262,0.0117222410012349));
#7195=CARTESIAN_POINT('',(0.25,0.0062661874294281,0.0138920114040375));
#7196=CARTESIAN_POINT('',(0.25,0.00629227781295776,0.0139186511039734));
#7197=CARTESIAN_POINT('',(0.25,0.00631822872161865,0.0139454259872436));
#7198=CARTESIAN_POINT('',(0.25,0.00313309371471405,0.0169460057020187));
#7199=CARTESIAN_POINT('',(0.25,0.00314613890647888,0.0169593255519867));
#7200=CARTESIAN_POINT('',(0.25,0.00315911436080933,0.0169727129936218));
#7201=CARTESIAN_POINT('',(0.25,0.,0.02));
#7202=CARTESIAN_POINT('',(0.25,0.,0.02));
#7203=CARTESIAN_POINT('',(0.25,0.,0.02));
#7204=CARTESIAN_POINT('',(0.25,0.0125763644734401,-0.00652671246671225));
#7205=CARTESIAN_POINT('',(0.25,0.0127374665659203,-0.00633966274131871));
#7206=CARTESIAN_POINT('',(0.25,0.0128911738375295,-0.00614717125454801));
#7207=CARTESIAN_POINT('',(0.25,0.00295418469539691,0.00263436424577006));
#7208=CARTESIAN_POINT('',(0.25,0.0029790019631733,0.00280108906548434));
#7209=CARTESIAN_POINT('',(0.25,0.00299608726171836,0.00297070513058255));
#7210=CARTESIAN_POINT('',(0.25,-0.00666799508264632,0.0117954409582524));
#7211=CARTESIAN_POINT('',(0.25,-0.00677946263957373,0.0119418408722874));
#7212=CARTESIAN_POINT('',(0.25,-0.0068989993140928,0.0120885815157131));
#7213=CARTESIAN_POINT('',(0.25,0.00634403800964355,0.0139723339080811));
#7214=CARTESIAN_POINT('',(0.25,0.00639565658569336,0.0140261497497559));
#7215=CARTESIAN_POINT('',(0.25,0.00644670867919922,0.0140804977416992));
#7216=CARTESIAN_POINT('',(0.25,0.00317201900482178,0.0169861669540405));
#7217=CARTESIAN_POINT('',(0.25,0.00319782829284668,0.0170130748748779));
#7218=CARTESIAN_POINT('',(0.25,0.00322335433959961,0.0170402488708496));
#7219=CARTESIAN_POINT('',(0.25,0.,0.02));
#7220=CARTESIAN_POINT('',(0.25,0.,0.02));
#7221=CARTESIAN_POINT('',(0.25,0.,0.02));
#7222=CARTESIAN_POINT('',(0.25,0.0130372922097888,-0.00594970655329613));
#7223=CARTESIAN_POINT('',(0.25,0.0133295289543073,-0.00555477715079235));
#7224=CARTESIAN_POINT('',(0.25,0.0135914101014262,-0.00513995489036383));
#7225=CARTESIAN_POINT('',(0.25,0.00300540120700185,0.00314266945698846));
#7226=CARTESIAN_POINT('',(0.25,0.00302402909756884,0.00348659810980027));
#7227=CARTESIAN_POINT('',(0.25,0.00301157157508961,0.00383991980784285));
#7228=CARTESIAN_POINT('',(0.25,-0.00702648979578508,0.012235045467273));
#7229=CARTESIAN_POINT('',(0.25,-0.00728147075916963,0.0125279733703929));
#7230=CARTESIAN_POINT('',(0.25,-0.00756826695124697,0.0128197945060495));
#7231=CARTESIAN_POINT('',(0.25,0.00649717712402343,0.0141353607177734));
#7232=CARTESIAN_POINT('',(0.25,0.00659811401367187,0.0142450866699219));
#7233=CARTESIAN_POINT('',(0.25,0.00669671630859375,0.0143568725585937));
#7234=CARTESIAN_POINT('',(0.25,0.00324858856201172,0.0170676803588867));
#7235=CARTESIAN_POINT('',(0.25,0.00329905700683594,0.0171225433349609));
#7236=CARTESIAN_POINT('',(0.25,0.00334835815429687,0.0171784362792969));
#7237=CARTESIAN_POINT('',(0.25,0.,0.02));
#7238=CARTESIAN_POINT('',(0.25,0.,0.02));
#7239=CARTESIAN_POINT('',(0.25,0.,0.02));
#7240=CARTESIAN_POINT('',(0.25,0.0138213830233141,-0.00470898814717821));
#7241=CARTESIAN_POINT('',(0.25,0.0140513559452019,-0.00427802140399259));
#7242=CARTESIAN_POINT('',(0.25,0.0142494206418588,-0.00383091017804989));
#7243=CARTESIAN_POINT('',(0.25,0.00296776707342859,0.00419834426669246));
#7244=CARTESIAN_POINT('',(0.25,0.00292396257176758,0.00455676872554206));
#7245=CARTESIAN_POINT('',(0.25,0.00284881109092478,0.00492029594519867));
#7246=CARTESIAN_POINT('',(0.25,-0.00788584887645687,0.0131056766805631));
#7247=CARTESIAN_POINT('',(0.25,-0.00820343080166677,0.0133915588550767));
#7248=CARTESIAN_POINT('',(0.25,-0.00855179846000926,0.0136715020684472));
#7249=CARTESIAN_POINT('',(0.25,0.0067928466796875,0.0144705810546875));
#7250=CARTESIAN_POINT('',(0.25,0.00688897705078125,0.0145842895507812));
#7251=CARTESIAN_POINT('',(0.25,0.00698263549804687,0.0146999206542969));
#7252=CARTESIAN_POINT('',(0.25,0.00339642333984375,0.0172352905273437));
#7253=CARTESIAN_POINT('',(0.25,0.00344448852539062,0.0172921447753906));
#7254=CARTESIAN_POINT('',(0.25,0.00349131774902344,0.0173499603271484));
#7255=CARTESIAN_POINT('',(0.25,0.,0.02));
#7256=CARTESIAN_POINT('',(0.25,0.,0.02));
#7257=CARTESIAN_POINT('',(0.25,0.,0.02));
#7258=CARTESIAN_POINT('',(0.25,0.0144140244854534,-0.00337140284451779));
#7259=CARTESIAN_POINT('',(0.25,0.0144345999659027,-0.00331396442782627));
#7260=CARTESIAN_POINT('',(0.25,0.0144546526205229,-0.00325633232195368));
#7261=CARTESIAN_POINT('',(0.25,0.00274218643915959,0.00528493312158936));
#7262=CARTESIAN_POINT('',(0.25,0.00272885835768895,0.00533051276863819));
#7263=CARTESIAN_POINT('',(0.25,0.00271503850792263,0.005376109758761));
#7264=CARTESIAN_POINT('',(0.25,-0.00892965160713421,0.0139412690876965));
#7265=CARTESIAN_POINT('',(0.25,-0.00897688325052483,0.0139749899651027));
#7266=CARTESIAN_POINT('',(0.25,-0.00902457560467768,0.0140085518394757));
#7267=CARTESIAN_POINT('',(0.25,0.00707368469238281,0.0148173370361328));
#7268=CARTESIAN_POINT('',(0.25,0.0070850658416748,0.0148320140838623));
#7269=CARTESIAN_POINT('',(0.25,0.00709640622138977,0.0148467190265655));
#7270=CARTESIAN_POINT('',(0.25,0.00353684234619141,0.0174086685180664));
#7271=CARTESIAN_POINT('',(0.25,0.0035425329208374,0.0174160070419311));
#7272=CARTESIAN_POINT('',(0.25,0.00354820311069488,0.0174233595132828));
#7273=CARTESIAN_POINT('',(0.25,0.,0.02));
#7274=CARTESIAN_POINT('',(0.25,0.,0.02));
#7275=CARTESIAN_POINT('',(0.25,0.,0.02));
#7276=CARTESIAN_POINT('',(0.25,0.0144741794168378,-0.00319851384794524));
#7277=CARTESIAN_POINT('',(0.25,0.0144839428149953,-0.00316960461094103));
#7278=CARTESIAN_POINT('',(0.25,0.0144935747485764,-0.00314064878190285));
#7279=CARTESIAN_POINT('',(0.25,0.00270072664339242,0.00542171629351232));
#7280=CARTESIAN_POINT('',(0.25,0.00269357071112731,0.00544451956088798));
#7281=CARTESIAN_POINT('',(0.25,0.00268629177517122,0.00546732521442077));
#7282=CARTESIAN_POINT('',(0.25,-0.009072726130053,0.0140419464349699));
#7283=CARTESIAN_POINT('',(0.25,-0.00909680139274067,0.014058643732717));
#7284=CARTESIAN_POINT('',(0.25,-0.00912099119823396,0.0140752992107444));
#7285=CARTESIAN_POINT('',(0.25,0.00710770556330681,0.0148614515960217));
#7286=CARTESIAN_POINT('',(0.25,0.00711335523426532,0.0148688178807497));
#7287=CARTESIAN_POINT('',(0.25,0.00711899464577436,0.014876191072166));
#7288=CARTESIAN_POINT('',(0.25,0.0035538527816534,0.0174307257980108));
#7289=CARTESIAN_POINT('',(0.25,0.00355667761713266,0.0174344089403748));
#7290=CARTESIAN_POINT('',(0.25,0.00355949732288718,0.017438095536083));
#7291=CARTESIAN_POINT('',(0.25,0.,0.02));
#7292=CARTESIAN_POINT('',(0.25,0.,0.02));
#7293=CARTESIAN_POINT('',(0.25,0.,0.02));
#7294=CARTESIAN_POINT('',(0.25,0.0145030748385216,-0.00311164727596138));
#7295=CARTESIAN_POINT('',(0.25,0.014505449861008,-0.00310439689947601));
#7296=CARTESIAN_POINT('',(0.25,0.014507816643267,-0.00309714366818418));
#7297=CARTESIAN_POINT('',(0.25,0.00267888980471563,0.00549013227930501));
#7298=CARTESIAN_POINT('',(0.25,0.00267703931210173,0.00549583404552607));
#7299=CARTESIAN_POINT('',(0.25,0.00267518112983161,0.00550153589995659));
#7300=CARTESIAN_POINT('',(0.25,-0.00914529522909039,0.0140919118345714));
#7301=CARTESIAN_POINT('',(0.25,-0.0091513712368045,0.0140960649905281));
#7302=CARTESIAN_POINT('',(0.25,-0.0091574543836038,0.0141002154680974));
#7303=CARTESIAN_POINT('',(0.25,0.0071246237643063,0.0148835711367428));
#7304=CARTESIAN_POINT('',(0.25,0.00712603104393929,0.014885416152887));
#7305=CARTESIAN_POINT('',(0.25,0.00712743768026121,0.0148872615986038));
#7306=CARTESIAN_POINT('',(0.25,0.00356231188215315,0.0174417855683714));
#7307=CARTESIAN_POINT('',(0.25,0.00356301552196964,0.0174427080764435));
#7308=CARTESIAN_POINT('',(0.25,0.0035637188401306,0.0174436307993019));
#7309=CARTESIAN_POINT('',(0.25,0.,0.02));
#7310=CARTESIAN_POINT('',(0.25,0.,0.02));
#7311=CARTESIAN_POINT('',(0.25,0.,0.02));
#7312=CARTESIAN_POINT('',(0.25,0.0145101751793761,-0.00308988759638481));
#7313=CARTESIAN_POINT('',(0.25,0.0145125337154851,-0.00308263152458545));
#7314=CARTESIAN_POINT('',(0.25,0.0145148840054441,-0.00307537261227854));
#7315=CARTESIAN_POINT('',(0.25,0.00267331525742389,0.00550723782736524));
#7316=CARTESIAN_POINT('',(0.25,0.00267144938501617,0.00551293975477389));
#7317=CARTESIAN_POINT('',(0.25,0.00266957582247085,0.00551864175516067));
#7318=CARTESIAN_POINT('',(0.25,-0.00916354466452826,0.0141043632511153));
#7319=CARTESIAN_POINT('',(0.25,-0.00916963494545273,0.0141085110341332));
#7320=CARTESIAN_POINT('',(0.25,-0.00917573236050235,0.0141126561225999));
#7321=CARTESIAN_POINT('',(0.25,0.00712884367274819,0.0148891074733692));
#7322=CARTESIAN_POINT('',(0.25,0.00713024966523517,0.0148909533481346));
#7323=CARTESIAN_POINT('',(0.25,0.00713165501388721,0.0148927996519487));
#7324=CARTESIAN_POINT('',(0.25,0.00356442183637409,0.0174445537366846));
#7325=CARTESIAN_POINT('',(0.25,0.00356512483261758,0.0174454766740673));
#7326=CARTESIAN_POINT('',(0.25,0.0035658275069436,0.0174463998259744));
#7327=CARTESIAN_POINT('',(0.25,0.,0.02));
#7328=CARTESIAN_POINT('',(0.25,0.,0.02));
#7329=CARTESIAN_POINT('',(0.25,0.,0.02));
#7330=CARTESIAN_POINT('',(0.25,0.0145172260433302,-0.00306811087376301));
#7331=CARTESIAN_POINT('',(0.25,0.0145219101191024,-0.00305358739673195));
#7332=CARTESIAN_POINT('',(0.25,0.0145265611865833,-0.0030390526148664));
#7333=CARTESIAN_POINT('',(0.25,0.00266769456930654,0.00552434381329423));
#7334=CARTESIAN_POINT('',(0.25,0.00266393206297793,0.00553574792956137));
#7335=CARTESIAN_POINT('',(0.25,0.00266013879417337,0.00554715227681565));
#7336=CARTESIAN_POINT('',(0.25,-0.0091818369047171,0.0141167985003515));
#7337=CARTESIAN_POINT('',(0.25,-0.00919404599314658,0.0141250832558547));
#7338=CARTESIAN_POINT('',(0.25,-0.00920628359823654,0.0141333571684977));
#7339=CARTESIAN_POINT('',(0.25,0.00713305971818045,0.0148946463842876));
#7340=CARTESIAN_POINT('',(0.25,0.00713586912676692,0.0148983398489654));
#7341=CARTESIAN_POINT('',(0.25,0.00713867595791816,0.0149020350277424));
#7342=CARTESIAN_POINT('',(0.25,0.00356652985909022,0.0174473231921438));
#7343=CARTESIAN_POINT('',(0.25,0.00356793456338346,0.0174491699244827));
#7344=CARTESIAN_POINT('',(0.25,0.00356933797895908,0.0174510175138712));
#7345=CARTESIAN_POINT('',(0.25,0.,0.02));
#7346=CARTESIAN_POINT('',(0.25,0.,0.02));
#7347=CARTESIAN_POINT('',(0.25,0.,0.02));
#7348=CARTESIAN_POINT('',(0.25,0.0145311791983903,-0.00302450664255769));
#7349=CARTESIAN_POINT('',(0.25,0.0145681232928463,-0.00290813886408798));
#7350=CARTESIAN_POINT('',(0.25,0.014602951824176,-0.00279105489725593));
#7351=CARTESIAN_POINT('',(0.25,0.0026563147590418,0.00555855673320637));
#7352=CARTESIAN_POINT('',(0.25,0.00262572247798926,0.00564979238433216));
#7353=CARTESIAN_POINT('',(0.25,0.00259316115200812,0.0057410350201902));
#7354=CARTESIAN_POINT('',(0.25,-0.00921854968030668,0.0141416201089704));
#7355=CARTESIAN_POINT('',(0.25,-0.00931667833686776,0.0142077236327523));
#7356=CARTESIAN_POINT('',(0.25,-0.00941662952015977,0.0142731249376363));
#7357=CARTESIAN_POINT('',(0.25,0.00714148020744323,0.0149057319164276));
#7358=CARTESIAN_POINT('',(0.25,0.00716391420364379,0.0149353070259094));
#7359=CARTESIAN_POINT('',(0.25,0.00718618297576904,0.014964991569519));
#7360=CARTESIAN_POINT('',(0.25,0.00357074010372162,0.0174528659582138));
#7361=CARTESIAN_POINT('',(0.25,0.0035819571018219,0.0174676535129547));
#7362=CARTESIAN_POINT('',(0.25,0.00359309148788452,0.0174824957847595));
#7363=CARTESIAN_POINT('',(0.25,0.,0.02));
#7364=CARTESIAN_POINT('',(0.25,0.,0.02));
#7365=CARTESIAN_POINT('',(0.25,0.,0.02));
#7366=CARTESIAN_POINT('',(0.25,0.0146356405325696,-0.00267331331042354));
#7367=CARTESIAN_POINT('',(0.25,0.0147010179493568,-0.00243783013675874));
#7368=CARTESIAN_POINT('',(0.25,0.0147578360743996,-0.00219971648309256));
#7369=CARTESIAN_POINT('',(0.25,0.00255862880935243,0.00583222225321683));
#7370=CARTESIAN_POINT('',(0.25,0.00248956412404107,0.00601459671927009));
#7371=CARTESIAN_POINT('',(0.25,0.00241261537203153,0.00619674957399776));
#7372=CARTESIAN_POINT('',(0.25,-0.00951838291386475,0.0143377578168572));
#7373=CARTESIAN_POINT('',(0.25,-0.00972188970127471,0.0144670235752989));
#7374=CARTESIAN_POINT('',(0.25,-0.00993260533033652,0.0145932156310881));
#7375=CARTESIAN_POINT('',(0.25,0.00720828437805175,0.0149947834014893));
#7376=CARTESIAN_POINT('',(0.25,0.00725248718261718,0.0150543670654297));
#7377=CARTESIAN_POINT('',(0.25,0.0072960205078125,0.0151143798828125));
#7378=CARTESIAN_POINT('',(0.25,0.00360414218902588,0.0174973917007446));
#7379=CARTESIAN_POINT('',(0.25,0.00362624359130859,0.0175271835327148));
#7380=CARTESIAN_POINT('',(0.25,0.00364801025390625,0.0175571899414062));
#7381=CARTESIAN_POINT('',(0.25,0.,0.02));
#7382=CARTESIAN_POINT('',(0.25,0.,0.02));
#7383=CARTESIAN_POINT('',(0.25,0.,0.02));
#7384=CARTESIAN_POINT('',(0.25,0.0148059008292189,-0.00195944089632095));
#7385=CARTESIAN_POINT('',(0.25,0.0149020303388576,-0.00147888972277771));
#7386=CARTESIAN_POINT('',(0.25,0.0149631463676026,-0.000989690816812754));
#7387=CARTESIAN_POINT('',(0.25,0.00232776677935624,0.00637818171689071));
#7388=CARTESIAN_POINT('',(0.25,0.00215806959400566,0.00674104600267662));
#7389=CARTESIAN_POINT('',(0.25,0.00195677304599209,0.00710102744112368));
#7390=CARTESIAN_POINT('',(0.25,-0.0101503672705064,0.0147158043301024));
#7391=CARTESIAN_POINT('',(0.25,-0.0105858911508462,0.014960981728131));
#7392=CARTESIAN_POINT('',(0.25,-0.0110496002756184,0.0151917456990601));
#7393=CARTESIAN_POINT('',(0.25,0.0073388671875,0.0151748046875));
#7394=CARTESIAN_POINT('',(0.25,0.007424560546875,0.015295654296875));
#7395=CARTESIAN_POINT('',(0.25,0.00750750732421875,0.0154181518554688));
#7396=CARTESIAN_POINT('',(0.25,0.00366943359375,0.01758740234375));
#7397=CARTESIAN_POINT('',(0.25,0.0037122802734375,0.0176478271484375));
#7398=CARTESIAN_POINT('',(0.25,0.00375375366210937,0.0177090759277344));
#7399=CARTESIAN_POINT('',(0.25,0.,0.02));
#7400=CARTESIAN_POINT('',(0.25,0.,0.02));
#7401=CARTESIAN_POINT('',(0.25,0.,0.02));
#7402=CARTESIAN_POINT('',(0.25,0.0149876962876227,-0.000495592553593756));
#7403=CARTESIAN_POINT('',(0.25,0.0149938337676277,-0.000372067987789006));
#7404=CARTESIAN_POINT('',(0.25,0.0149976858658374,-0.000248237212155886));
#7405=CARTESIAN_POINT('',(0.25,0.00172384917200974,0.00745445145938817));
#7406=CARTESIAN_POINT('',(0.25,0.00166561820351416,0.00754280746395429));
#7407=CARTESIAN_POINT('',(0.25,0.00160541052714552,0.00763075362975899));
#7408=CARTESIAN_POINT('',(0.25,-0.0115399979436032,0.0154044954723701));
#7409=CARTESIAN_POINT('',(0.25,-0.0116625973605994,0.0154576829156976));
#7410=CARTESIAN_POINT('',(0.25,-0.0117868648115464,0.0155097444716739));
#7411=CARTESIAN_POINT('',(0.25,0.00758757019042969,0.0155421600341797));
#7412=CARTESIAN_POINT('',(0.25,0.00760758590698242,0.0155731620788574));
#7413=CARTESIAN_POINT('',(0.25,0.00762742137908935,0.0156042585372925));
#7414=CARTESIAN_POINT('',(0.25,0.00379378509521484,0.0177710800170898));
#7415=CARTESIAN_POINT('',(0.25,0.00380379295349121,0.0177865810394287));
#7416=CARTESIAN_POINT('',(0.25,0.00381371068954468,0.0178021292686462));
#7417=CARTESIAN_POINT('',(0.25,0.,0.02));
#7418=CARTESIAN_POINT('',(0.25,0.,0.02));
#7419=CARTESIAN_POINT('',(0.25,0.,0.02));
#7420=CARTESIAN_POINT('',(0.25,0.014999228322442,-0.000124158795056373));
#7421=CARTESIAN_POINT('',(0.25,0.0149996139365931,-9.3139190781498E-05));
#7422=CARTESIAN_POINT('',(0.25,0.0149998551981439,-6.21041089149746E-05));
#7423=CARTESIAN_POINT('',(0.25,0.00154322542885183,0.00771823335932566));
#7424=CARTESIAN_POINT('',(0.25,0.0015276791542784,0.00774010329171732));
#7425=CARTESIAN_POINT('',(0.25,0.00151200929083467,0.0077619440718441));
#7426=CARTESIAN_POINT('',(0.25,-0.0119127774647383,0.0155606255137077));
#7427=CARTESIAN_POINT('',(0.25,-0.0119442556280363,0.0155733457742161));
#7428=CARTESIAN_POINT('',(0.25,-0.0119758366164746,0.0155859922526032));
#7429=CARTESIAN_POINT('',(0.25,0.00764707446098327,0.0156354472637177));
#7430=CARTESIAN_POINT('',(0.25,0.00765198773145676,0.015643244445324));
#7431=CARTESIAN_POINT('',(0.25,0.00765688960254192,0.0156510473936796));
#7432=CARTESIAN_POINT('',(0.25,0.00382353723049164,0.0178177236318588));
#7433=CARTESIAN_POINT('',(0.25,0.00382599386572838,0.017821622222662));
#7434=CARTESIAN_POINT('',(0.25,0.00382844480127096,0.0178255236968398));
#7435=CARTESIAN_POINT('',(0.25,0.,0.02));
#7436=CARTESIAN_POINT('',(0.25,0.,0.02));
#7437=CARTESIAN_POINT('',(0.25,0.,0.02));
#7438=CARTESIAN_POINT('',(0.25,0.0149999517280349,-3.10544645874544E-05));
#7439=CARTESIAN_POINT('',(0.25,0.0149999758605076,-2.32920535055761E-05));
#7440=CARTESIAN_POINT('',(0.25,0.0149999909472516,-1.55287322698774E-05));
#7441=CARTESIAN_POINT('',(0.25,0.00149621584204584,0.00778375483207936));
#7442=CARTESIAN_POINT('',(0.25,0.00149226747984864,0.00778920752213818));
#7443=CARTESIAN_POINT('',(0.25,0.00148831139356737,0.00779465833595378));
#7444=CARTESIAN_POINT('',(0.25,-0.0120075200439432,0.0155985641287462));
#7445=CARTESIAN_POINT('',(0.25,-0.0120154409008104,0.0156017070977819));
#7446=CARTESIAN_POINT('',(0.25,-0.0120233681601169,0.0156048454041774));
#7447=CARTESIAN_POINT('',(0.25,0.00766178004071116,0.0156588560752571));
#7448=CARTESIAN_POINT('',(0.25,0.00766300265025347,0.0156608082456514));
#7449=CARTESIAN_POINT('',(0.25,0.00766422454523854,0.0156627607743721));
#7450=CARTESIAN_POINT('',(0.25,0.00383089002035558,0.0178294280376285));
#7451=CARTESIAN_POINT('',(0.25,0.00383150132512674,0.0178304041228257));
#7452=CARTESIAN_POINT('',(0.25,0.00383211227261927,0.0178313803871861));
#7453=CARTESIAN_POINT('',(0.25,0.,0.02));
#7454=CARTESIAN_POINT('',(0.25,0.,0.02));
#7455=CARTESIAN_POINT('',(0.25,0.,0.02));
#7456=CARTESIAN_POINT('',(0.25,0.0149999969823441,-7.7645151792885E-06));
#7457=CARTESIAN_POINT('',(0.25,0.0150000030174365,-2.98088699557386E-10));
#7458=CARTESIAN_POINT('',(0.25,0.015,9.76562500000222E-06));
#7459=CARTESIAN_POINT('',(0.25,0.00148434758223093,0.00780010726152096));
#7460=CARTESIAN_POINT('',(0.25,0.0014803837708945,0.00780555618708815));
#7461=CARTESIAN_POINT('',(0.25,0.00147641223362545,0.00781300403455014));
#7462=CARTESIAN_POINT('',(0.25,-0.0120313018178822,0.0156079790382212));
#7463=CARTESIAN_POINT('',(0.25,-0.0120392354756475,0.015611112672265));
#7464=CARTESIAN_POINT('',(0.25,-0.0120471755327491,0.0156162424441003));
#7465=CARTESIAN_POINT('',(0.25,0.00766544572514249,0.0156647136608954));
#7466=CARTESIAN_POINT('',(0.25,0.00766666690504644,0.0156666665474186));
#7467=CARTESIAN_POINT('',(0.25,0.00766788736986927,0.0156686197917443));
#7468=CARTESIAN_POINT('',(0.25,0.00383272286257124,0.0178323568304477));
#7469=CARTESIAN_POINT('',(0.25,0.00383333345252322,0.0178333332737093));
#7470=CARTESIAN_POINT('',(0.25,0.00383394368493464,0.0178343098958721));
#7471=CARTESIAN_POINT('',(0.25,0.,0.02));
#7472=CARTESIAN_POINT('',(0.25,0.,0.02));
#7473=CARTESIAN_POINT('',(0.25,0.,0.02));
#7474=CARTESIAN_POINT('',(0.25,0.015,1.95312500000031E-05));
#7475=CARTESIAN_POINT('',(0.25,0.015,3.90625000000033E-05));
#7476=CARTESIAN_POINT('',(0.25,0.015,5.85937500000022E-05));
#7477=CARTESIAN_POINT('',(0.25,0.00147244504938497,0.00782044879243156));
#7478=CARTESIAN_POINT('',(0.25,0.00146451068090402,0.0078353383081944));
#7479=CARTESIAN_POINT('',(0.25,0.0014565816547912,0.00785021665798976));
#7480=CARTESIAN_POINT('',(0.25,-0.0120551099012301,0.0156213663348631));
#7481=CARTESIAN_POINT('',(0.25,-0.012070978638192,0.0156316141163888));
#7482=CARTESIAN_POINT('',(0.25,-0.0120868366904176,0.0156418395659795));
#7483=CARTESIAN_POINT('',(0.25,0.00766910711908713,0.0156705733933486));
#7484=CARTESIAN_POINT('',(0.25,0.00767154661752283,0.0156744805965573));
#7485=CARTESIAN_POINT('',(0.25,0.00767398325353861,0.0156783892288804));
#7486=CARTESIAN_POINT('',(0.25,0.00383455355954356,0.0178352866966743));
#7487=CARTESIAN_POINT('',(0.25,0.00383577330876142,0.0178372402982786));
#7488=CARTESIAN_POINT('',(0.25,0.0038369916267693,0.0178391946144402));
#7489=CARTESIAN_POINT('',(0.25,0.,0.02));
#7490=CARTESIAN_POINT('',(0.25,0.,0.02));
#7491=CARTESIAN_POINT('',(0.25,0.,0.02));
#7492=CARTESIAN_POINT('',(0.25,0.015,7.81250000000011E-05));
#7493=CARTESIAN_POINT('',(0.25,0.015,0.000156250000000001));
#7494=CARTESIAN_POINT('',(0.25,0.015,0.000234375000000006));
#7495=CARTESIAN_POINT('',(0.25,0.00144865797937509,0.00786508394735172));
#7496=CARTESIAN_POINT('',(0.25,0.00141696327771067,0.00792455310479958));
#7497=CARTESIAN_POINT('',(0.25,0.00138535418719373,0.00798384529531313));
#7498=CARTESIAN_POINT('',(0.25,-0.0121026840412498,0.0156520428947034));
#7499=CARTESIAN_POINT('',(0.25,-0.0121660734445787,0.0156928562095992));
#7500=CARTESIAN_POINT('',(0.25,-0.0122292916256125,0.0157333155906262));
#7501=CARTESIAN_POINT('',(0.25,0.00767641702294349,0.0156822992861271));
#7502=CARTESIAN_POINT('',(0.25,0.00768615210056305,0.0156979395151138));
#7503=CARTESIAN_POINT('',(0.25,0.00769584131240845,0.0157136025428772));
#7504=CARTESIAN_POINT('',(0.25,0.00383820851147175,0.0178411496430635));
#7505=CARTESIAN_POINT('',(0.25,0.00384307605028152,0.0178489697575569));
#7506=CARTESIAN_POINT('',(0.25,0.00384792065620422,0.0178568012714386));
#7507=CARTESIAN_POINT('',(0.25,0.,0.02));
#7508=CARTESIAN_POINT('',(0.25,0.,0.02));
#7509=CARTESIAN_POINT('',(0.25,0.,0.02));
#7510=CARTESIAN_POINT('',(0.25,0.015,0.000312500000000003));
#7511=CARTESIAN_POINT('',(0.25,0.015,0.000625000000000005));
#7512=CARTESIAN_POINT('',(0.25,0.015,0.000937500000000001));
#7513=CARTESIAN_POINT('',(0.25,0.00135383525390507,0.00804295684276821));
#7514=CARTESIAN_POINT('',(0.25,0.00122775952075041,0.00827940303258857));
#7515=CARTESIAN_POINT('',(0.25,0.00110312630324817,0.00851295893347367));
#7516=CARTESIAN_POINT('',(0.25,-0.0122923294921899,0.0157734136855364));
#7517=CARTESIAN_POINT('',(0.25,-0.0125444809584992,0.0159338060651771));
#7518=CARTESIAN_POINT('',(0.25,-0.0127937473935037,0.0160884178669473));
#7519=CARTESIAN_POINT('',(0.25,0.00770548439025879,0.0157292881011963));
#7520=CARTESIAN_POINT('',(0.25,0.00774405670166016,0.0157920303344727));
#7521=CARTESIAN_POINT('',(0.25,0.00778189086914062,0.0158551330566406));
#7522=CARTESIAN_POINT('',(0.25,0.00385274219512939,0.0178646440505981));
#7523=CARTESIAN_POINT('',(0.25,0.00387202835083008,0.0178960151672363));
#7524=CARTESIAN_POINT('',(0.25,0.00389094543457031,0.0179275665283203));
#7525=CARTESIAN_POINT('',(0.25,0.,0.02));
#7526=CARTESIAN_POINT('',(0.25,0.,0.02));
#7527=CARTESIAN_POINT('',(0.25,0.,0.02));
#7528=CARTESIAN_POINT('',(0.25,0.015,0.00125));
#7529=CARTESIAN_POINT('',(0.25,0.015,0.0025));
#7530=CARTESIAN_POINT('',(0.25,0.015,0.00375));
#7531=CARTESIAN_POINT('',(0.25,0.000980067947486273,0.00874380980734193));
#7532=CARTESIAN_POINT('',(0.25,0.000487834524438707,0.00966721330281498));
#7533=CARTESIAN_POINT('',(0.25,2.0798889236763E-05,0.0105473363660186));
#7534=CARTESIAN_POINT('',(0.25,-0.0130398641050275,0.0162376196146839));
#7535=CARTESIAN_POINT('',(0.25,-0.0140243309511226,0.01683442660563));
#7536=CARTESIAN_POINT('',(0.25,-0.0149584022215265,0.0173446727320373));
#7537=CARTESIAN_POINT('',(0.25,0.0078189697265625,0.0159185791015625));
#7538=CARTESIAN_POINT('',(0.25,0.00796728515625,0.01617236328125));
#7539=CARTESIAN_POINT('',(0.25,0.008103515625,0.016431640625));
#7540=CARTESIAN_POINT('',(0.25,0.00390948486328125,0.0179592895507813));
#7541=CARTESIAN_POINT('',(0.25,0.003983642578125,0.018086181640625));
#7542=CARTESIAN_POINT('',(0.25,0.0040517578125,0.0182158203125));
#7543=CARTESIAN_POINT('',(0.25,0.,0.02));
#7544=CARTESIAN_POINT('',(0.25,0.,0.02));
#7545=CARTESIAN_POINT('',(0.25,0.,0.02));
#7546=CARTESIAN_POINT('',(0.25,0.015,0.005));
#7547=CARTESIAN_POINT('',(0.25,0.015,0.01));
#7548=CARTESIAN_POINT('',(0.25,0.015,0.015));
#7549=CARTESIAN_POINT('',(0.25,0.015,0.02));
#7550=CARTESIAN_POINT('',(0.25,-0.000406412985510607,0.0113815452061193));
#7551=CARTESIAN_POINT('',(0.25,-0.00211526048449989,0.0147183805665221));
#7552=CARTESIAN_POINT('',(0.25,-0.00318692781621601,0.0173205883572773));
#7553=CARTESIAN_POINT('',(0.25,-0.003,0.02));
#7554=CARTESIAN_POINT('',(0.25,-0.0158128259710212,0.0177630904122386));
#7555=CARTESIAN_POINT('',(0.25,-0.0192305209689998,0.0194367611330441));
#7556=CARTESIAN_POINT('',(0.25,-0.021373855632432,0.0196411767145545));
#7557=CARTESIAN_POINT('',(0.25,-0.021,0.02));
#7558=CARTESIAN_POINT('',(0.25,0.0082265625,0.0166953125));
#7559=CARTESIAN_POINT('',(0.25,0.00871875,0.01775));
#7560=CARTESIAN_POINT('',(0.25,0.009,0.018875));
#7561=CARTESIAN_POINT('',(0.25,0.009,0.02));
#7562=CARTESIAN_POINT('',(0.25,0.00411328125,0.01834765625));
#7563=CARTESIAN_POINT('',(0.25,0.004359375,0.018875));
#7564=CARTESIAN_POINT('',(0.25,0.0045,0.0194375));
#7565=CARTESIAN_POINT('',(0.25,0.0045,0.02));
#7566=CARTESIAN_POINT('',(0.25,0.,0.02));
#7567=CARTESIAN_POINT('',(0.25,0.,0.02));
#7568=CARTESIAN_POINT('',(0.25,0.,0.02));
#7569=CARTESIAN_POINT('',(0.25,0.,0.02));
#7570=B_SPLINE_SURFACE_WITH_KNOTS('Surf_ICOLGFOOWM, Tail, 0, 9',5,3,((#7571, #7572, #7573, #7589, #7590, #7591, #7607, #7608, #7609, #7625, #7626, #7627, #7643, #7644, #7645, #7661, #7662, #7663, #7679, #7680, #7681, #7697, #7698, #7699, #7715, #7716, #7717, #7733, #7734, #7735, #7751, #7752, #7753, #7769, #7770, #7771, #7787, #7788, #7789, #7805, #7806, #7807, #7823, #7824, #7825, #7841, #7842, #7843, #7859, #7860, #7861, #7877, #7878, #7879, #7895, #7896, #7897, #7913, #7914, #7915, #7931, #7932, #7933, #7949, #7950, #7951, #7967, #7968, #7969, #7985, #7986, #7987, #8003, #8004, #8005, #8021, #8022, #8023, #8039, #8040, #8041, #8057, #8058, #8059, #8075, #8076, #8077, #8093, #8094, #8095, #8111, #8112, #8113, #8129, #8130, #8131, #8147, #8148, #8149, #8165, #8166, #8167, #8183, #8184, #8185, #8201, #8202, #8203, #8219, #8220, #8221, #8237, #8238, #8239, #8255, #8256, #8257, #8273, #8274, #8275, #8291, #8292, #8293, #8309, #8310, #8311, #8327, #8328, #8329, #8345, #8346, #8347, #8363, #8364, #8365, #8381, #8382, #8383, #8384),(#7574, #7575, #7576, #7592, #7593, #7594, #7610, #7611, #7612, #7628, #7629, #7630, #7646, #7647, #7648, #7664, #7665, #7666, #7682, #7683, #7684, #7700, #7701, #7702, #7718, #7719, #7720, #7736, #7737, #7738, #7754, #7755, #7756, #7772, #7773, #7774, #7790, #7791, #7792, #7808, #7809, #7810, #7826, #7827, #7828, #7844, #7845, #7846, #7862, #7863, #7864, #7880, #7881, #7882, #7898, #7899, #7900, #7916, #7917, #7918, #7934, #7935, #7936, #7952, #7953, #7954, #7970, #7971, #7972, #7988, #7989, #7990, #8006, #8007, #8008, #8024, #8025, #8026, #8042, #8043, #8044, #8060, #8061, #8062, #8078, #8079, #8080, #8096, #8097, #8098, #8114, #8115, #8116, #8132, #8133, #8134, #8150, #8151, #8152, #8168, #8169, #8170, #8186, #8187, #8188, #8204, #8205, #8206, #8222, #8223, #8224, #8240, #8241, #8242, #8258, #8259, #8260, #8276, #8277, #8278, #8294, #8295, #8296, #8312, #8313, #8314, #8330, #8331, #8332, #8348, #8349, #8350, #8366, #8367, #8368, #8385, #8386, #8387, #8388),(#7577, #7578, #7579, #7595, #7596, #7597, #7613, #7614, #7615, #7631, #7632, #7633, #7649, #7650, #7651, #7667, #7668, #7669, #7685, #7686, #7687, #7703, #7704, #7705, #7721, #7722, #7723, #7739, #7740, #7741, #7757, #7758, #7759, #7775, #7776, #7777, #7793, #7794, #7795, #7811, #7812, #7813, #7829, #7830, #7831, #7847, #7848, #7849, #7865, #7866, #7867, #7883, #7884, #7885, #7901, #7902, #7903, #7919, #7920, #7921, #7937, #7938, #7939, #7955, #7956, #7957, #7973, #7974, #7975, #7991, #7992, #7993, #8009, #8010, #8011, #8027, #8028, #8029, #8045, #8046, #8047, #8063, #8064, #8065, #8081, #8082, #8083, #8099, #8100, #8101, #8117, #8118, #8119, #8135, #8136, #8137, #8153, #8154, #8155, #8171, #8172, #8173, #8189, #8190, #8191, #8207, #8208, #8209, #8225, #8226, #8227, #8243, #8244, #8245, #8261, #8262, #8263, #8279, #8280, #8281, #8297, #8298, #8299, #8315, #8316, #8317, #8333, #8334, #8335, #8351, #8352, #8353, #8369, #8370, #8371, #8389, #8390, #8391, #8392),(#7580, #7581, #7582, #7598, #7599, #7600, #7616, #7617, #7618, #7634, #7635, #7636, #7652, #7653, #7654, #7670, #7671, #7672, #7688, #7689, #7690, #7706, #7707, #7708, #7724, #7725, #7726, #7742, #7743, #7744, #7760, #7761, #7762, #7778, #7779, #7780, #7796, #7797, #7798, #7814, #7815, #7816, #7832, #7833, #7834, #7850, #7851, #7852, #7868, #7869, #7870, #7886, #7887, #7888, #7904, #7905, #7906, #7922, #7923, #7924, #7940, #7941, #7942, #7958, #7959, #7960, #7976, #7977, #7978, #7994, #7995, #7996, #8012, #8013, #8014, #8030, #8031, #8032, #8048, #8049, #8050, #8066, #8067, #8068, #8084, #8085, #8086, #8102, #8103, #8104, #8120, #8121, #8122, #8138, #8139, #8140, #8156, #8157, #8158, #8174, #8175, #8176, #8192, #8193, #8194, #8210, #8211, #8212, #8228, #8229, #8230, #8246, #8247, #8248, #8264, #8265, #8266, #8282, #8283, #8284, #8300, #8301, #8302, #8318, #8319, #8320, #8336, #8337, #8338, #8354, #8355, #8356, #8372, #8373, #8374, #8393, #8394, #8395, #8396),(#7583, #7584, #7585, #7601, #7602, #7603, #7619, #7620, #7621, #7637, #7638, #7639, #7655, #7656, #7657, #7673, #7674, #7675, #7691, #7692, #7693, #7709, #7710, #7711, #7727, #7728, #7729, #7745, #7746, #7747, #7763, #7764, #7765, #7781, #7782, #7783, #7799, #7800, #7801, #7817, #7818, #7819, #7835, #7836, #7837, #7853, #7854, #7855, #7871, #7872, #7873, #7889, #7890, #7891, #7907, #7908, #7909, #7925, #7926, #7927, #7943, #7944, #7945, #7961, #7962, #7963, #7979, #7980, #7981, #7997, #7998, #7999, #8015, #8016, #8017, #8033, #8034, #8035, #8051, #8052, #8053, #8069, #8070, #8071, #8087, #8088, #8089, #8105, #8106, #8107, #8123, #8124, #8125, #8141, #8142, #8143, #8159, #8160, #8161, #8177, #8178, #8179, #8195, #8196, #8197, #8213, #8214, #8215, #8231, #8232, #8233, #8249, #8250, #8251, #8267, #8268, #8269, #8285, #8286, #8287, #8303, #8304, #8305, #8321, #8322, #8323, #8339, #8340, #8341, #8357, #8358, #8359, #8375, #8376, #8377, #8397, #8398, #8399, #8400),(#7586, #7587, #7588, #7604, #7605, #7606, #7622, #7623, #7624, #7640, #7641, #7642, #7658, #7659, #7660, #7676, #7677, #7678, #7694, #7695, #7696, #7712, #7713, #7714, #7730, #7731, #7732, #7748, #7749, #7750, #7766, #7767, #7768, #7784, #7785, #7786, #7802, #7803, #7804, #7820, #7821, #7822, #7838, #7839, #7840, #7856, #7857, #7858, #7874, #7875, #7876, #7892, #7893, #7894, #7910, #7911, #7912, #7928, #7929, #7930, #7946, #7947, #7948, #7964, #7965, #7966, #7982, #7983, #7984, #8000, #8001, #8002, #8018, #8019, #8020, #8036, #8037, #8038, #8054, #8055, #8056, #8072, #8073, #8074, #8090, #8091, #8092, #8108, #8109, #8110, #8126, #8127, #8128, #8144, #8145, #8146, #8162, #8163, #8164, #8180, #8181, #8182, #8198, #8199, #8200, #8216, #8217, #8218, #8234, #8235, #8236, #8252, #8253, #8254, #8270, #8271, #8272, #8288, #8289, #8290, #8306, #8307, #8308, #8324, #8325, #8326, #8342, #8343, #8344, #8360, #8361, #8362, #8378, #8379, #8380, #8401, #8402, #8403, #8404)),.UNSPECIFIED.,.F.,.F.,.F.,(6,6),(4,3,3,3,3,3,3,3,3,3,3,3,3,3,3,3,3,3,3,3,3,3,3,3,3,3,3,3,3,3,3,3,3,3,3,3,3,3,3,3,3,3,3,3,3,3,4),(0.,1.),(0.,1.,2.,3.,4.,5.,6.,7.,8.,9.,10.,11.,12.,13.,14.,15.,16.,17.,18.,19.,20.,21.,22.,23.,24.,25.,26.,27.,28.,29.,30.,31.,32.,33.,34.,35.,36.,37.,38.,39.,40.,41.,42.,43.,44.,45.,46.),.PIECEWISE_BEZIER_KNOTS.);
#7571=CARTESIAN_POINT('',(0.25,-0.015,0.02));
#7572=CARTESIAN_POINT('',(0.25,-0.015,0.015));
#7573=CARTESIAN_POINT('',(0.25,-0.015,0.01));
#7574=CARTESIAN_POINT('',(0.25,0.003,0.02));
#7575=CARTESIAN_POINT('',(0.25,0.00318692781677719,0.017320588357299));
#7576=CARTESIAN_POINT('',(0.25,0.00211526048550547,0.0147183805646019));
#7577=CARTESIAN_POINT('',(0.25,0.021,0.02));
#7578=CARTESIAN_POINT('',(0.25,0.0213738556335544,0.0196411767145979));
#7579=CARTESIAN_POINT('',(0.25,0.0192305209710109,0.0194367611292037));
#7580=CARTESIAN_POINT('',(0.25,-0.009,0.02));
#7581=CARTESIAN_POINT('',(0.25,-0.009,0.018875));
#7582=CARTESIAN_POINT('',(0.25,-0.00871875,0.01775));
#7583=CARTESIAN_POINT('',(0.25,-0.0045,0.02));
#7584=CARTESIAN_POINT('',(0.25,-0.0045,0.0194375));
#7585=CARTESIAN_POINT('',(0.25,-0.004359375,0.018875));
#7586=CARTESIAN_POINT('',(0.25,0.,0.02));
#7587=CARTESIAN_POINT('',(0.25,0.,0.02));
#7588=CARTESIAN_POINT('',(0.25,0.,0.02));
#7589=CARTESIAN_POINT('',(0.25,-0.015,0.005));
#7590=CARTESIAN_POINT('',(0.25,-0.015,0.00375));
#7591=CARTESIAN_POINT('',(0.25,-0.015,0.0025));
#7592=CARTESIAN_POINT('',(0.25,0.000406412985510482,0.0113815452061194));
#7593=CARTESIAN_POINT('',(0.25,-2.07988894882633E-05,0.0105473363664988));
#7594=CARTESIAN_POINT('',(0.25,-0.000487834525032212,0.0096672133040166));
#7595=CARTESIAN_POINT('',(0.25,0.015812825971021,0.0177630904122388));
#7596=CARTESIAN_POINT('',(0.25,0.0149584022210235,0.0173446727329976));
#7597=CARTESIAN_POINT('',(0.25,0.0140243309499356,0.0168344266080332));
#7598=CARTESIAN_POINT('',(0.25,-0.0082265625,0.0166953125));
#7599=CARTESIAN_POINT('',(0.25,-0.00810351562500001,0.016431640625));
#7600=CARTESIAN_POINT('',(0.25,-0.00796728515625001,0.01617236328125));
#7601=CARTESIAN_POINT('',(0.25,-0.00411328125,0.01834765625));
#7602=CARTESIAN_POINT('',(0.25,-0.0040517578125,0.0182158203125));
#7603=CARTESIAN_POINT('',(0.25,-0.003983642578125,0.018086181640625));
#7604=CARTESIAN_POINT('',(0.25,0.,0.02));
#7605=CARTESIAN_POINT('',(0.25,0.,0.02));
#7606=CARTESIAN_POINT('',(0.25,0.,0.02));
#7607=CARTESIAN_POINT('',(0.25,-0.015,0.00125));
#7608=CARTESIAN_POINT('',(0.25,-0.015,0.000937499999999999));
#7609=CARTESIAN_POINT('',(0.25,-0.015,0.000625000000000006));
#7610=CARTESIAN_POINT('',(0.25,-0.000980067947486601,0.00874380980734185));
#7611=CARTESIAN_POINT('',(0.25,-0.0011031263031002,0.00851295893317317));
#7612=CARTESIAN_POINT('',(0.25,-0.0012277595203957,0.00827940303186745));
#7613=CARTESIAN_POINT('',(0.25,0.0130398641050268,0.0162376196146837));
#7614=CARTESIAN_POINT('',(0.25,0.0127937473937996,0.0160884178663463));
#7615=CARTESIAN_POINT('',(0.25,0.0125444809592086,0.0159338060637349));
#7616=CARTESIAN_POINT('',(0.25,-0.0078189697265625,0.0159185791015625));
#7617=CARTESIAN_POINT('',(0.25,-0.00778189086914063,0.0158551330566406));
#7618=CARTESIAN_POINT('',(0.25,-0.00774405670166016,0.0157920303344726));
#7619=CARTESIAN_POINT('',(0.25,-0.00390948486328125,0.0179592895507812));
#7620=CARTESIAN_POINT('',(0.25,-0.00389094543457032,0.0179275665283203));
#7621=CARTESIAN_POINT('',(0.25,-0.00387202835083008,0.0178960151672363));
#7622=CARTESIAN_POINT('',(0.25,0.,0.02));
#7623=CARTESIAN_POINT('',(0.25,0.,0.02));
#7624=CARTESIAN_POINT('',(0.25,0.,0.02));
#7625=CARTESIAN_POINT('',(0.25,-0.015,0.000312500000000003));
#7626=CARTESIAN_POINT('',(0.25,-0.015,0.000234375000000006));
#7627=CARTESIAN_POINT('',(0.25,-0.015,0.000156249999999999));
#7628=CARTESIAN_POINT('',(0.25,-0.00135383525390524,0.00804295684276819));
#7629=CARTESIAN_POINT('',(0.25,-0.00138535418728263,0.00798384529549337));
#7630=CARTESIAN_POINT('',(0.25,-0.00141696327792339,0.00792455310523145));
#7631=CARTESIAN_POINT('',(0.25,0.0122923294921895,0.0157734136855364));
#7632=CARTESIAN_POINT('',(0.25,0.0122292916254347,0.0157333155909867));
#7633=CARTESIAN_POINT('',(0.25,0.0121660734441532,0.0156928562104629));
#7634=CARTESIAN_POINT('',(0.25,-0.0077054843902588,0.0157292881011963));
#7635=CARTESIAN_POINT('',(0.25,-0.00769584131240846,0.0157136025428772));
#7636=CARTESIAN_POINT('',(0.25,-0.00768615210056306,0.0156979395151138));
#7637=CARTESIAN_POINT('',(0.25,-0.0038527421951294,0.0178646440505981));
#7638=CARTESIAN_POINT('',(0.25,-0.00384792065620423,0.0178568012714386));
#7639=CARTESIAN_POINT('',(0.25,-0.00384307605028153,0.0178489697575569));
#7640=CARTESIAN_POINT('',(0.25,0.,0.02));
#7641=CARTESIAN_POINT('',(0.25,0.,0.02));
#7642=CARTESIAN_POINT('',(0.25,0.,0.02));
#7643=CARTESIAN_POINT('',(0.25,-0.015,7.81250000000011E-05));
#7644=CARTESIAN_POINT('',(0.25,-0.015,5.85937500000022E-05));
#7645=CARTESIAN_POINT('',(0.25,-0.015,3.90625000000033E-05));
#7646=CARTESIAN_POINT('',(0.25,-0.00144865797937513,0.00786508394735174));
#7647=CARTESIAN_POINT('',(0.25,-0.00145658165473806,0.00785021665788181));
#7648=CARTESIAN_POINT('',(0.25,-0.00146451068077668,0.00783533830793577));
#7649=CARTESIAN_POINT('',(0.25,0.0121026840412497,0.0156520428947035));
#7650=CARTESIAN_POINT('',(0.25,0.0120868366905239,0.0156418395657636));
#7651=CARTESIAN_POINT('',(0.25,0.0120709786384466,0.0156316141158715));
#7652=CARTESIAN_POINT('',(0.25,-0.0076764170229435,0.0156822992861271));
#7653=CARTESIAN_POINT('',(0.25,-0.00767398325353861,0.0156783892288804));
#7654=CARTESIAN_POINT('',(0.25,-0.00767154661752284,0.0156744805965573));
#7655=CARTESIAN_POINT('',(0.25,-0.00383820851147175,0.0178411496430635));
#7656=CARTESIAN_POINT('',(0.25,-0.00383699162676931,0.0178391946144402));
#7657=CARTESIAN_POINT('',(0.25,-0.00383577330876142,0.0178372402982786));
#7658=CARTESIAN_POINT('',(0.25,0.,0.02));
#7659=CARTESIAN_POINT('',(0.25,0.,0.02));
#7660=CARTESIAN_POINT('',(0.25,0.,0.02));
#7661=CARTESIAN_POINT('',(0.25,-0.015,1.95312500000044E-05));
#7662=CARTESIAN_POINT('',(0.25,-0.015,9.76562500000083E-06));
#7663=CARTESIAN_POINT('',(0.25,-0.0150000030174365,-2.98088699557386E-10));
#7664=CARTESIAN_POINT('',(0.25,-0.00147244504938499,0.00782044879243156));
#7665=CARTESIAN_POINT('',(0.25,-0.00147641223368914,0.00781300403467945));
#7666=CARTESIAN_POINT('',(0.25,-0.00148038377107226,0.0078055561874491));
#7667=CARTESIAN_POINT('',(0.25,0.01205510990123,0.0156213663348631));
#7668=CARTESIAN_POINT('',(0.25,0.0120471755326217,0.0156162424443589));
#7669=CARTESIAN_POINT('',(0.25,0.012039235475292,0.0156111126729869));
#7670=CARTESIAN_POINT('',(0.25,-0.00766910711908714,0.0156705733933486));
#7671=CARTESIAN_POINT('',(0.25,-0.00766788736986928,0.0156686197917443));
#7672=CARTESIAN_POINT('',(0.25,-0.00766666690504645,0.0156666665474186));
#7673=CARTESIAN_POINT('',(0.25,-0.00383455355954357,0.0178352866966743));
#7674=CARTESIAN_POINT('',(0.25,-0.00383394368493464,0.0178343098958721));
#7675=CARTESIAN_POINT('',(0.25,-0.00383333345252322,0.0178333332737093));
#7676=CARTESIAN_POINT('',(0.25,0.,0.02));
#7677=CARTESIAN_POINT('',(0.25,0.,0.02));
#7678=CARTESIAN_POINT('',(0.25,0.,0.02));
#7679=CARTESIAN_POINT('',(0.25,-0.0149999969823441,-7.7645151792885E-06));
#7680=CARTESIAN_POINT('',(0.25,-0.0149999909472516,-1.55287322698774E-05));
#7681=CARTESIAN_POINT('',(0.25,-0.0149999758605076,-2.32920535055747E-05));
#7682=CARTESIAN_POINT('',(0.25,-0.00148434758223094,0.00780010726152097));
#7683=CARTESIAN_POINT('',(0.25,-0.00148831139338961,0.00779465833559284));
#7684=CARTESIAN_POINT('',(0.25,-0.00149226747920128,0.00778920752082371));
#7685=CARTESIAN_POINT('',(0.25,0.0120313018178822,0.0156079790382212));
#7686=CARTESIAN_POINT('',(0.25,0.0120233681604724,0.0156048454034555));
#7687=CARTESIAN_POINT('',(0.25,0.0120154409021051,0.015601707095153));
#7688=CARTESIAN_POINT('',(0.25,-0.0076654457251425,0.0156647136608954));
#7689=CARTESIAN_POINT('',(0.25,-0.00766422454523855,0.0156627607743721));
#7690=CARTESIAN_POINT('',(0.25,-0.00766300265025348,0.0156608082456514));
#7691=CARTESIAN_POINT('',(0.25,-0.00383272286257125,0.0178323568304477));
#7692=CARTESIAN_POINT('',(0.25,-0.00383211227261927,0.0178313803871861));
#7693=CARTESIAN_POINT('',(0.25,-0.00383150132512674,0.0178304041228257));
#7694=CARTESIAN_POINT('',(0.25,0.,0.02));
#7695=CARTESIAN_POINT('',(0.25,0.,0.02));
#7696=CARTESIAN_POINT('',(0.25,0.,0.02));
#7697=CARTESIAN_POINT('',(0.25,-0.0149999517280349,-3.1054464587453E-05));
#7698=CARTESIAN_POINT('',(0.25,-0.0149998551981439,-6.21041089149732E-05));
#7699=CARTESIAN_POINT('',(0.25,-0.0149996139365931,-9.31391907814966E-05));
#7700=CARTESIAN_POINT('',(0.25,-0.00149621584204587,0.00778375483207937));
#7701=CARTESIAN_POINT('',(0.25,-0.00151200929342421,0.00776194407710199));
#7702=CARTESIAN_POINT('',(0.25,-0.0015276791773291,0.00774010333852111));
#7703=CARTESIAN_POINT('',(0.25,0.0120075200439432,0.0155985641287462));
#7704=CARTESIAN_POINT('',(0.25,0.0119758366112955,0.015585992263119));
#7705=CARTESIAN_POINT('',(0.25,0.0119442555819349,0.0155733458678237));
#7706=CARTESIAN_POINT('',(0.25,-0.00766178004071117,0.0156588560752571));
#7707=CARTESIAN_POINT('',(0.25,-0.00765688960254193,0.0156510473936796));
#7708=CARTESIAN_POINT('',(0.25,-0.00765198773145676,0.0156432444453239));
#7709=CARTESIAN_POINT('',(0.25,-0.00383089002035559,0.0178294280376285));
#7710=CARTESIAN_POINT('',(0.25,-0.00382844480127097,0.0178255236968398));
#7711=CARTESIAN_POINT('',(0.25,-0.00382599386572838,0.017821622222662));
#7712=CARTESIAN_POINT('',(0.25,0.,0.02));
#7713=CARTESIAN_POINT('',(0.25,0.,0.02));
#7714=CARTESIAN_POINT('',(0.25,0.,0.02));
#7715=CARTESIAN_POINT('',(0.25,-0.014999228322442,-0.000124158795056374));
#7716=CARTESIAN_POINT('',(0.25,-0.0149976858658374,-0.000248237212155884));
#7717=CARTESIAN_POINT('',(0.25,-0.0149938337676277,-0.000372067987789013));
#7718=CARTESIAN_POINT('',(0.25,-0.00154322542885185,0.00771823335932569));
#7719=CARTESIAN_POINT('',(0.25,-0.00160541043494284,0.00763075344254401));
#7720=CARTESIAN_POINT('',(0.25,-0.00166561732291952,0.00754280567592979));
#7721=CARTESIAN_POINT('',(0.25,0.0119127774647383,0.0155606255137078));
#7722=CARTESIAN_POINT('',(0.25,0.0117868649959518,0.0155097440972439));
#7723=CARTESIAN_POINT('',(0.25,0.0116625991217887,0.0154576793396486));
#7724=CARTESIAN_POINT('',(0.25,-0.00764707446098329,0.0156354472637176));
#7725=CARTESIAN_POINT('',(0.25,-0.00762742137908936,0.0156042585372925));
#7726=CARTESIAN_POINT('',(0.25,-0.00760758590698243,0.0155731620788574));
#7727=CARTESIAN_POINT('',(0.25,-0.00382353723049164,0.0178177236318588));
#7728=CARTESIAN_POINT('',(0.25,-0.00381371068954468,0.0178021292686462));
#7729=CARTESIAN_POINT('',(0.25,-0.00380379295349122,0.0177865810394287));
#7730=CARTESIAN_POINT('',(0.25,0.,0.02));
#7731=CARTESIAN_POINT('',(0.25,0.,0.02));
#7732=CARTESIAN_POINT('',(0.25,0.,0.02));
#7733=CARTESIAN_POINT('',(0.25,-0.0149876962876227,-0.000495592553593764));
#7734=CARTESIAN_POINT('',(0.25,-0.0149631463676026,-0.000989690816812761));
#7735=CARTESIAN_POINT('',(0.25,-0.0149020303388576,-0.00147888972277771));
#7736=CARTESIAN_POINT('',(0.25,-0.00172384917200977,0.00745445145938824));
#7737=CARTESIAN_POINT('',(0.25,-0.00195677656837078,0.00710103459322204));
#7738=CARTESIAN_POINT('',(0.25,-0.00215810334254887,0.0067411145282186));
#7739=CARTESIAN_POINT('',(0.25,0.0115399979436032,0.0154044954723702));
#7740=CARTESIAN_POINT('',(0.25,0.011049593230861,0.0151917600032568));
#7741=CARTESIAN_POINT('',(0.25,0.0105858236537598,0.0149611187792149));
#7742=CARTESIAN_POINT('',(0.25,-0.0075875701904297,0.0155421600341797));
#7743=CARTESIAN_POINT('',(0.25,-0.00750750732421876,0.0154181518554687));
#7744=CARTESIAN_POINT('',(0.25,-0.00742456054687501,0.015295654296875));
#7745=CARTESIAN_POINT('',(0.25,-0.00379378509521485,0.0177710800170898));
#7746=CARTESIAN_POINT('',(0.25,-0.00375375366210938,0.0177090759277344));
#7747=CARTESIAN_POINT('',(0.25,-0.0037122802734375,0.0176478271484375));
#7748=CARTESIAN_POINT('',(0.25,0.,0.02));
#7749=CARTESIAN_POINT('',(0.25,0.,0.02));
#7750=CARTESIAN_POINT('',(0.25,0.,0.02));
#7751=CARTESIAN_POINT('',(0.25,-0.0148059008292189,-0.00195944089632095));
#7752=CARTESIAN_POINT('',(0.25,-0.0147578360743996,-0.00219971648309256));
#7753=CARTESIAN_POINT('',(0.25,-0.0147010179493568,-0.00243783013675874));
#7754=CARTESIAN_POINT('',(0.25,-0.00232776677935624,0.00637818171689071));
#7755=CARTESIAN_POINT('',(0.25,-0.00241259849775992,0.00619671531122677));
#7756=CARTESIAN_POINT('',(0.25,-0.00248951438182092,0.00601449571898172));
#7757=CARTESIAN_POINT('',(0.25,0.0101503672705064,0.0147158043301024));
#7758=CARTESIAN_POINT('',(0.25,0.00993263907887973,0.0145931471055461));
#7759=CARTESIAN_POINT('',(0.25,0.009721989185715,0.0144668215747222));
#7760=CARTESIAN_POINT('',(0.25,-0.00733886718750001,0.0151748046875));
#7761=CARTESIAN_POINT('',(0.25,-0.00729602050781251,0.0151143798828125));
#7762=CARTESIAN_POINT('',(0.25,-0.0072524871826172,0.0150543670654297));
#7763=CARTESIAN_POINT('',(0.25,-0.00366943359375,0.01758740234375));
#7764=CARTESIAN_POINT('',(0.25,-0.00364801025390625,0.0175571899414062));
#7765=CARTESIAN_POINT('',(0.25,-0.0036262435913086,0.0175271835327148));
#7766=CARTESIAN_POINT('',(0.25,0.,0.02));
#7767=CARTESIAN_POINT('',(0.25,0.,0.02));
#7768=CARTESIAN_POINT('',(0.25,0.,0.02));
#7769=CARTESIAN_POINT('',(0.25,-0.0146356405325696,-0.00267331331042354));
#7770=CARTESIAN_POINT('',(0.25,-0.014602951824176,-0.00279105489725593));
#7771=CARTESIAN_POINT('',(0.25,-0.0145681232928463,-0.00290813886408798));
#7772=CARTESIAN_POINT('',(0.25,-0.00255853922595775,0.00583204059889205));
#7773=CARTESIAN_POINT('',(0.25,-0.00259305164802617,0.00574081303884722));
#7774=CARTESIAN_POINT('',(0.25,-0.00262559131011354,0.00564952659684123));
#7775=CARTESIAN_POINT('',(0.25,0.00951856208065412,0.0143373945082076));
#7776=CARTESIAN_POINT('',(0.25,0.00941684852812368,0.0142726809749504));
#7777=CARTESIAN_POINT('',(0.25,0.00931694067261919,0.0142071920577705));
#7778=CARTESIAN_POINT('',(0.25,-0.00720828437805177,0.0149947834014893));
#7779=CARTESIAN_POINT('',(0.25,-0.00718618297576905,0.014964991569519));
#7780=CARTESIAN_POINT('',(0.25,-0.00716391420364381,0.0149353070259094));
#7781=CARTESIAN_POINT('',(0.25,-0.00360414218902588,0.0174973917007446));
#7782=CARTESIAN_POINT('',(0.25,-0.00359309148788453,0.0174824957847595));
#7783=CARTESIAN_POINT('',(0.25,-0.0035819571018219,0.0174676535129547));
#7784=CARTESIAN_POINT('',(0.25,0.,0.02));
#7785=CARTESIAN_POINT('',(0.25,0.,0.02));
#7786=CARTESIAN_POINT('',(0.25,0.,0.02));
#7787=CARTESIAN_POINT('',(0.25,-0.0145311791983903,-0.00302450664255769));
#7788=CARTESIAN_POINT('',(0.25,-0.0145265611865833,-0.0030390526148664));
#7789=CARTESIAN_POINT('',(0.25,-0.0145219101191024,-0.00305358739673195));
#7790=CARTESIAN_POINT('',(0.25,-0.00265616131152218,0.00555824598021616));
#7791=CARTESIAN_POINT('',(0.25,-0.00265998256169827,0.00554683590313803));
#7792=CARTESIAN_POINT('',(0.25,-0.00266377303592624,0.00553542591708147));
#7793=CARTESIAN_POINT('',(0.25,0.00921885657534591,0.01414099860299));
#7794=CARTESIAN_POINT('',(0.25,0.00920659606318675,0.0141327244211425));
#7795=CARTESIAN_POINT('',(0.25,0.00919436404724995,0.0141244392308949));
#7796=CARTESIAN_POINT('',(0.25,-0.00714148020744324,0.0149057319164276));
#7797=CARTESIAN_POINT('',(0.25,-0.00713867595791817,0.0149020350277424));
#7798=CARTESIAN_POINT('',(0.25,-0.00713586912676693,0.0148983398489654));
#7799=CARTESIAN_POINT('',(0.25,-0.00357074010372162,0.0174528659582138));
#7800=CARTESIAN_POINT('',(0.25,-0.00356933797895909,0.0174510175138712));
#7801=CARTESIAN_POINT('',(0.25,-0.00356793456338346,0.0174491699244827));
#7802=CARTESIAN_POINT('',(0.25,0.,0.02));
#7803=CARTESIAN_POINT('',(0.25,0.,0.02));
#7804=CARTESIAN_POINT('',(0.25,0.,0.02));
#7805=CARTESIAN_POINT('',(0.25,-0.0145172260433302,-0.00306811087376301));
#7806=CARTESIAN_POINT('',(0.25,-0.0145148840054441,-0.00307537261227854));
#7807=CARTESIAN_POINT('',(0.25,-0.0145125337154851,-0.00308263152458545));
#7808=CARTESIAN_POINT('',(0.25,-0.00266753274025944,0.00552401614842801));
#7809=CARTESIAN_POINT('',(0.25,-0.00266941259242603,0.00551831126410129));
#7810=CARTESIAN_POINT('',(0.25,-0.00267128475211893,0.00551260643412534));
#7811=CARTESIAN_POINT('',(0.25,0.00918216056281131,0.014116143170619));
#7812=CARTESIAN_POINT('',(0.25,0.00917605882059199,0.0141119951404811));
#7813=CARTESIAN_POINT('',(0.25,0.00916996421124721,0.0141078443928361));
#7814=CARTESIAN_POINT('',(0.25,-0.00713305971818045,0.0148946463842876));
#7815=CARTESIAN_POINT('',(0.25,-0.00713165501388722,0.0148927996519487));
#7816=CARTESIAN_POINT('',(0.25,-0.00713024966523518,0.0148909533481346));
#7817=CARTESIAN_POINT('',(0.25,-0.00356652985909023,0.0174473231921438));
#7818=CARTESIAN_POINT('',(0.25,-0.00356582750694361,0.0174463998259744));
#7819=CARTESIAN_POINT('',(0.25,-0.00356512483261759,0.0174454766740673));
#7820=CARTESIAN_POINT('',(0.25,0.,0.02));
#7821=CARTESIAN_POINT('',(0.25,0.,0.02));
#7822=CARTESIAN_POINT('',(0.25,0.,0.02));
#7823=CARTESIAN_POINT('',(0.25,-0.0145101751793761,-0.00308988759638481));
#7824=CARTESIAN_POINT('',(0.25,-0.014507816643267,-0.00309714366818418));
#7825=CARTESIAN_POINT('',(0.25,-0.014505449861008,-0.00310439689947601));
#7826=CARTESIAN_POINT('',(0.25,-0.00267314922009481,0.00550690167429785));
#7827=CARTESIAN_POINT('',(0.25,-0.00267501368807068,0.00550119691447037));
#7828=CARTESIAN_POINT('',(0.25,-0.00267687046432952,0.00549549222479135));
#7829=CARTESIAN_POINT('',(0.25,0.00916387673918644,0.0141036909449805));
#7830=CARTESIAN_POINT('',(0.25,0.00915778926712566,0.0140995374971249));
#7831=CARTESIAN_POINT('',(0.25,0.00915170893234891,0.0140953813490587));
#7832=CARTESIAN_POINT('',(0.25,-0.00712884367274819,0.0148891074733692));
#7833=CARTESIAN_POINT('',(0.25,-0.00712743768026122,0.0148872615986038));
#7834=CARTESIAN_POINT('',(0.25,-0.0071260310439393,0.014885416152887));
#7835=CARTESIAN_POINT('',(0.25,-0.0035644218363741,0.0174445537366846));
#7836=CARTESIAN_POINT('',(0.25,-0.00356371884013061,0.0174436307993019));
#7837=CARTESIAN_POINT('',(0.25,-0.00356301552196965,0.0174427080764435));
#7838=CARTESIAN_POINT('',(0.25,0.,0.02));
#7839=CARTESIAN_POINT('',(0.25,0.,0.02));
#7840=CARTESIAN_POINT('',(0.25,0.,0.02));
#7841=CARTESIAN_POINT('',(0.25,-0.0145030748385216,-0.00311164727596137));
#7842=CARTESIAN_POINT('',(0.25,-0.0144935747485764,-0.00314064878190285));
#7843=CARTESIAN_POINT('',(0.25,-0.0144839428149953,-0.00316960461094103));
#7844=CARTESIAN_POINT('',(0.25,-0.002678719549628,0.0054897876210585));
#7845=CARTESIAN_POINT('',(0.25,-0.00268611589082192,0.00546696920612706));
#7846=CARTESIAN_POINT('',(0.25,-0.00269338917665002,0.00544415216633415));
#7847=CARTESIAN_POINT('',(0.25,0.00914563573926564,0.0140912225180784));
#7848=CARTESIAN_POINT('',(0.25,0.00912134296693255,0.014074587194157));
#7849=CARTESIAN_POINT('',(0.25,0.00909716446169524,0.0140579089436093));
#7850=CARTESIAN_POINT('',(0.25,-0.00712462376430631,0.0148835711367428));
#7851=CARTESIAN_POINT('',(0.25,-0.00711899464577437,0.014876191072166));
#7852=CARTESIAN_POINT('',(0.25,-0.00711335523426533,0.0148688178807497));
#7853=CARTESIAN_POINT('',(0.25,-0.00356231188215316,0.0174417855683714));
#7854=CARTESIAN_POINT('',(0.25,-0.00355949732288719,0.017438095536083));
#7855=CARTESIAN_POINT('',(0.25,-0.00355667761713267,0.0174344089403749));
#7856=CARTESIAN_POINT('',(0.25,0.,0.02));
#7857=CARTESIAN_POINT('',(0.25,0.,0.02));
#7858=CARTESIAN_POINT('',(0.25,0.,0.02));
#7859=CARTESIAN_POINT('',(0.25,-0.0144741794168378,-0.00319851384794524));
#7860=CARTESIAN_POINT('',(0.25,-0.0144546526205229,-0.00325633232195368));
#7861=CARTESIAN_POINT('',(0.25,-0.0144345999659027,-0.00331396442782627));
#7862=CARTESIAN_POINT('',(0.25,-0.00270053945553889,0.00542133751273199));
#7863=CARTESIAN_POINT('',(0.25,-0.00271484001331664,0.00537570820552767));
#7864=CARTESIAN_POINT('',(0.25,-0.00272864854333749,0.00533008844308633));
#7865=CARTESIAN_POINT('',(0.25,0.00907310050576005,0.0140411888734092));
#7866=CARTESIAN_POINT('',(0.25,0.00902497259388966,0.014007748733009));
#7867=CARTESIAN_POINT('',(0.25,0.00897730287922773,0.0139741413139989));
#7868=CARTESIAN_POINT('',(0.25,-0.00710770556330681,0.0148614515960217));
#7869=CARTESIAN_POINT('',(0.25,-0.00709640622138978,0.0148467190265656));
#7870=CARTESIAN_POINT('',(0.25,-0.00708506584167481,0.0148320140838623));
#7871=CARTESIAN_POINT('',(0.25,-0.00355385278165341,0.0174307257980108));
#7872=CARTESIAN_POINT('',(0.25,-0.00354820311069489,0.0174233595132828));
#7873=CARTESIAN_POINT('',(0.25,-0.00354253292083741,0.0174160070419312));
#7874=CARTESIAN_POINT('',(0.25,0.,0.02));
#7875=CARTESIAN_POINT('',(0.25,0.,0.02));
#7876=CARTESIAN_POINT('',(0.25,0.,0.02));
#7877=CARTESIAN_POINT('',(0.25,-0.0144140244854534,-0.00337140284451779));
#7878=CARTESIAN_POINT('',(0.25,-0.0142494206418588,-0.00383091017804989));
#7879=CARTESIAN_POINT('',(0.25,-0.0140513559452019,-0.00427802140399259));
#7880=CARTESIAN_POINT('',(0.25,-0.00274196543301424,0.00528448631382573));
#7881=CARTESIAN_POINT('',(0.25,-0.00284850055042825,0.00491966927974097));
#7882=CARTESIAN_POINT('',(0.25,-0.00292357068581963,0.00455598076922378));
#7883=CARTESIAN_POINT('',(0.25,0.0089300936194249,0.0139403754721693));
#7884=CARTESIAN_POINT('',(0.25,0.00855241954100231,0.0136702487375318));
#7885=CARTESIAN_POINT('',(0.25,0.00820421457356266,0.0133899829424401));
#7886=CARTESIAN_POINT('',(0.25,-0.00707368469238282,0.0148173370361328));
#7887=CARTESIAN_POINT('',(0.25,-0.00698263549804688,0.0146999206542969));
#7888=CARTESIAN_POINT('',(0.25,-0.00688897705078126,0.0145842895507812));
#7889=CARTESIAN_POINT('',(0.25,-0.00353684234619141,0.0174086685180664));
#7890=CARTESIAN_POINT('',(0.25,-0.00349131774902344,0.0173499603271484));
#7891=CARTESIAN_POINT('',(0.25,-0.00344448852539063,0.0172921447753906));
#7892=CARTESIAN_POINT('',(0.25,0.,0.02));
#7893=CARTESIAN_POINT('',(0.25,0.,0.02));
#7894=CARTESIAN_POINT('',(0.25,0.,0.02));
#7895=CARTESIAN_POINT('',(0.25,-0.0138213830233141,-0.00470898814717821));
#7896=CARTESIAN_POINT('',(0.25,-0.0133614371795383,-0.00557092163354944));
#7897=CARTESIAN_POINT('',(0.25,-0.0127738584348386,-0.00636827718889234));
#7898=CARTESIAN_POINT('',(0.25,-0.00296737419453649,0.00419756205216618));
#7899=CARTESIAN_POINT('',(0.25,-0.00305498121197022,0.00348072461805097));
#7900=CARTESIAN_POINT('',(0.25,-0.00301752172270586,0.00278496635777411));
#7901=CARTESIAN_POINT('',(0.25,0.00788663463424107,0.0131041122515106));
#7902=CARTESIAN_POINT('',(0.25,0.00725147475559787,0.0125323708696514));
#7903=CARTESIAN_POINT('',(0.25,0.00673881498942688,0.0119382099044406));
#7904=CARTESIAN_POINT('',(0.25,-0.00679284667968751,0.0144705810546875));
#7905=CARTESIAN_POINT('',(0.25,-0.00660058593750001,0.0142431640625));
#7906=CARTESIAN_POINT('',(0.25,-0.0063984375,0.0140234375));
#7907=CARTESIAN_POINT('',(0.25,-0.00339642333984375,0.0172352905273437));
#7908=CARTESIAN_POINT('',(0.25,-0.00330029296875,0.01712158203125));
#7909=CARTESIAN_POINT('',(0.25,-0.00319921875,0.01701171875));
#7910=CARTESIAN_POINT('',(0.25,0.,0.02));
#7911=CARTESIAN_POINT('',(0.25,0.,0.02));
#7912=CARTESIAN_POINT('',(0.25,0.,0.02));
#7913=CARTESIAN_POINT('',(0.25,-0.0120710678118655,-0.00707106781186547));
#7914=CARTESIAN_POINT('',(0.25,-0.0120655772601235,-0.00707655836360745));
#7915=CARTESIAN_POINT('',(0.25,-0.0120655758171771,-0.0070765566056137));
#7916=CARTESIAN_POINT('',(0.25,-0.00285658256952828,0.00214341743047172));
#7917=CARTESIAN_POINT('',(0.25,-0.00285532523239408,0.00213840532947717));
#7918=CARTESIAN_POINT('',(0.25,-0.00285955649942991,0.00213888307510803));
#7919=CARTESIAN_POINT('',(0.25,0.00635790267280892,0.0113579026728089));
#7920=CARTESIAN_POINT('',(0.25,0.00635492679533534,0.0113533690225618));
#7921=CARTESIAN_POINT('',(0.25,0.00634646281831732,0.0113543227558298));
#7922=CARTESIAN_POINT('',(0.25,-0.0061875,0.0138125));
#7923=CARTESIAN_POINT('',(0.25,-0.00618585205078125,0.0138108520507812));
#7924=CARTESIAN_POINT('',(0.25,-0.0061842035651207,0.0138092046380043));
#7925=CARTESIAN_POINT('',(0.25,-0.00309375,0.01690625));
#7926=CARTESIAN_POINT('',(0.25,-0.00309292602539063,0.0169054260253906));
#7927=CARTESIAN_POINT('',(0.25,-0.00309210178256035,0.0169046023190022));
#7928=CARTESIAN_POINT('',(0.25,0.,0.02));
#7929=CARTESIAN_POINT('',(0.25,0.,0.02));
#7930=CARTESIAN_POINT('',(0.25,0.,0.02));
#7931=CARTESIAN_POINT('',(0.25,-0.0120628276572008,-0.00707929836475684));
#7932=CARTESIAN_POINT('',(0.25,-0.0120600794972245,-0.00708204012389999));
#7933=CARTESIAN_POINT('',(0.25,-0.0120573298960891,-0.00708478012430904));
#7934=CARTESIAN_POINT('',(0.25,-0.00286104057994719,0.00213661491451878));
#7935=CARTESIAN_POINT('',(0.25,-0.00286252466046447,0.00213434675392952));
#7936=CARTESIAN_POINT('',(0.25,-0.00286400683033418,0.00213207796299113));
#7937=CARTESIAN_POINT('',(0.25,0.00634074649730643,0.0113525281937944));
#7938=CARTESIAN_POINT('',(0.25,0.00633503017629554,0.011350733631759));
#7939=CARTESIAN_POINT('',(0.25,0.00632931623542079,0.0113489360502913));
#7940=CARTESIAN_POINT('',(0.25,-0.00618255454354222,0.013807557762193));
#7941=CARTESIAN_POINT('',(0.25,-0.00618090552196373,0.0138059108863818));
#7942=CARTESIAN_POINT('',(0.25,-0.00617925596446731,0.0138042645475361));
#7943=CARTESIAN_POINT('',(0.25,-0.00309127727177111,0.0169037788810965));
#7944=CARTESIAN_POINT('',(0.25,-0.00309045276098186,0.0169029554431909));
#7945=CARTESIAN_POINT('',(0.25,-0.00308962798223365,0.0169021322737681));
#7946=CARTESIAN_POINT('',(0.25,0.,0.02));
#7947=CARTESIAN_POINT('',(0.25,0.,0.02));
#7948=CARTESIAN_POINT('',(0.25,0.,0.02));
#7949=CARTESIAN_POINT('',(0.25,-0.0120545788555822,-0.00708751836524363));
#7950=CARTESIAN_POINT('',(0.25,-0.0120490767745683,-0.00709299484711282));
#7951=CARTESIAN_POINT('',(0.25,-0.0120435689360679,-0.0070984642910842));
#7952=CARTESIAN_POINT('',(0.25,-0.00286548707731166,0.00212980852778912));
#7953=CARTESIAN_POINT('',(0.25,-0.00286844757126662,0.00212526965738512));
#7954=CARTESIAN_POINT('',(0.25,-0.00287140037365267,0.00212072820992664));
#7955=CARTESIAN_POINT('',(0.25,0.00632360470095887,0.0113471354208219));
#7956=CARTESIAN_POINT('',(0.25,0.00631218163203505,0.0113435341618831));
#7957=CARTESIAN_POINT('',(0.25,0.00630076818876253,0.0113399207109375));
#7958=CARTESIAN_POINT('',(0.25,-0.00617760587157682,0.0138026187461801));
#7959=CARTESIAN_POINT('',(0.25,-0.00617430568579585,0.013799327143468));
#7960=CARTESIAN_POINT('',(0.25,-0.00617100335843862,0.013796037690714));
#7961=CARTESIAN_POINT('',(0.25,-0.00308880293578841,0.01690130937309));
#7962=CARTESIAN_POINT('',(0.25,-0.00308715284289792,0.016899663571734));
#7963=CARTESIAN_POINT('',(0.25,-0.00308550167921931,0.016898018845357));
#7964=CARTESIAN_POINT('',(0.25,0.,0.02));
#7965=CARTESIAN_POINT('',(0.25,0.,0.02));
#7966=CARTESIAN_POINT('',(0.25,0.,0.02));
#7967=CARTESIAN_POINT('',(0.25,-0.0120380553543799,-0.00710392669123499));
#7968=CARTESIAN_POINT('',(0.25,-0.0120270281910039,-0.00711485149153657));
#7969=CARTESIAN_POINT('',(0.25,-0.0120159780548775,-0.00712574811655573));
#7970=CARTESIAN_POINT('',(0.25,-0.00287434547024645,0.00211618422568818));
#7971=CARTESIAN_POINT('',(0.25,-0.002880235663434,0.00210709625721126));
#7972=CARTESIAN_POINT('',(0.25,-0.00288609503345246,0.00209799814161441));
#7973=CARTESIAN_POINT('',(0.25,0.00628936441388697,0.0113362951426114));
#7974=CARTESIAN_POINT('',(0.25,0.00626655686413586,0.0113290440059591));
#7975=CARTESIAN_POINT('',(0.25,0.00624378798797257,0.0113217443997845));
#7976=CARTESIAN_POINT('',(0.25,-0.00616769889369608,0.0137927503921092));
#7977=CARTESIAN_POINT('',(0.25,-0.00616108996421099,0.0137861757948995));
#7978=CARTESIAN_POINT('',(0.25,-0.00615447248518467,0.0137796098142862));
#7979=CARTESIAN_POINT('',(0.25,-0.00308384944684804,0.0168963751960546));
#7980=CARTESIAN_POINT('',(0.25,-0.0030805449821055,0.0168930878974497));
#7981=CARTESIAN_POINT('',(0.25,-0.00307723624259234,0.0168898049071431));
#7982=CARTESIAN_POINT('',(0.25,0.,0.02));
#7983=CARTESIAN_POINT('',(0.25,0.,0.02));
#7984=CARTESIAN_POINT('',(0.25,0.,0.02));
#7985=CARTESIAN_POINT('',(0.25,-0.0120049050603921,-0.00713661651891005));
#7986=CARTESIAN_POINT('',(0.25,-0.0119827590714213,-0.00715835332361868));
#7987=CARTESIAN_POINT('',(0.25,-0.0119605216490144,-0.0071799772376679));
#7988=CARTESIAN_POINT('',(0.25,-0.00289192341282669,0.0020888900955216));
#7989=CARTESIAN_POINT('',(0.25,-0.00290358017157515,0.002070674003336));
#7990=CARTESIAN_POINT('',(0.25,-0.00291511296774669,0.0020524181891666));
#7991=CARTESIAN_POINT('',(0.25,0.00622105823473872,0.0113143967099533));
#7992=CARTESIAN_POINT('',(0.25,0.00617559872827102,0.0112997013302907));
#7993=CARTESIAN_POINT('',(0.25,0.00613029571352103,0.0112848136160011));
#7994=CARTESIAN_POINT('',(0.25,-0.00614784649014473,0.0137730524837971));
#7995=CARTESIAN_POINT('',(0.25,-0.00613459450006486,0.0137599378228188));
#7996=CARTESIAN_POINT('',(0.25,-0.00612130844593049,0.0137468577623367));
#7997=CARTESIAN_POINT('',(0.25,-0.00307392324507237,0.0168865262418985));
#7998=CARTESIAN_POINT('',(0.25,-0.00306729725003243,0.0168799689114094));
#7999=CARTESIAN_POINT('',(0.25,-0.00306065422296524,0.0168734288811684));
#8000=CARTESIAN_POINT('',(0.25,0.,0.02));
#8001=CARTESIAN_POINT('',(0.25,0.,0.02));
#8002=CARTESIAN_POINT('',(0.25,0.,0.02));
#8003=CARTESIAN_POINT('',(0.25,-0.0119381937083021,-0.00720148788199819));
#8004=CARTESIAN_POINT('',(0.25,-0.0118935378268773,-0.00724450917065876));
#8005=CARTESIAN_POINT('',(0.25,-0.0118485198722308,-0.0072870773804436));
#8006=CARTESIAN_POINT('',(0.25,-0.002926520470676,0.00203412448169932));
#8007=CARTESIAN_POINT('',(0.25,-0.00294933547653462,0.00199753706676477));
#8008=CARTESIAN_POINT('',(0.25,-0.00297164930942431,0.00196079807863872));
#8009=CARTESIAN_POINT('',(0.25,0.00608515276695005,0.0112697368453968));
#8010=CARTESIAN_POINT('',(0.25,0.0059948668738081,0.0112395833041883));
#8011=CARTESIAN_POINT('',(0.25,0.00590522125338219,0.011208673537721));
#8012=CARTESIAN_POINT('',(0.25,-0.00610798859596253,0.0137338125705719));
#8013=CARTESIAN_POINT('',(0.25,-0.00608134889602662,0.0137077221870422));
#8014=CARTESIAN_POINT('',(0.25,-0.00605457401275635,0.0136817712783813));
#8015=CARTESIAN_POINT('',(0.25,-0.00305399429798126,0.0168669062852859));
#8016=CARTESIAN_POINT('',(0.25,-0.00304067444801331,0.0168538610935211));
#8017=CARTESIAN_POINT('',(0.25,-0.00302728700637818,0.0168408856391907));
#8018=CARTESIAN_POINT('',(0.25,0.,0.02));
#8019=CARTESIAN_POINT('',(0.25,0.,0.02));
#8020=CARTESIAN_POINT('',(0.25,0.,0.02));
#8021=CARTESIAN_POINT('',(0.25,-0.0118031471654077,-0.00732918947887647));
#8022=CARTESIAN_POINT('',(0.25,-0.0117124017517615,-0.0074134136757422));
#8023=CARTESIAN_POINT('',(0.25,-0.011620237329409,-0.00749581342720004));
#8024=CARTESIAN_POINT('',(0.25,-0.0029934522066142,0.00192392250169812));
#8025=CARTESIAN_POINT('',(0.25,-0.00303705800099397,0.00185017134781691));
#8026=CARTESIAN_POINT('',(0.25,-0.00307862005257455,0.00177587383867748));
#8027=CARTESIAN_POINT('',(0.25,0.00581624275217932,0.0111770344822727));
#8028=CARTESIAN_POINT('',(0.25,0.00563828574977357,0.011113756371376));
#8029=CARTESIAN_POINT('',(0.25,0.00546299722425993,0.011047561104555));
#8030=CARTESIAN_POINT('',(0.25,-0.00602766609191895,0.0136559619903564));
#8031=CARTESIAN_POINT('',(0.25,-0.00597385025024415,0.0136043434143066));
#8032=CARTESIAN_POINT('',(0.25,-0.00591950225830079,0.0135532913208008));
#8033=CARTESIAN_POINT('',(0.25,-0.00301383304595947,0.0168279809951782));
#8034=CARTESIAN_POINT('',(0.25,-0.00298692512512207,0.0168021717071533));
#8035=CARTESIAN_POINT('',(0.25,-0.00295975112915039,0.0167766456604004));
#8036=CARTESIAN_POINT('',(0.25,0.,0.02));
#8037=CARTESIAN_POINT('',(0.25,0.,0.02));
#8038=CARTESIAN_POINT('',(0.25,0.,0.02));
#8039=CARTESIAN_POINT('',(0.25,-0.0115267124667123,-0.00757636447344013));
#8040=CARTESIAN_POINT('',(0.25,-0.0113396627413187,-0.00773746656592032));
#8041=CARTESIAN_POINT('',(0.25,-0.011147171254548,-0.00789117383752952));
#8042=CARTESIAN_POINT('',(0.25,-0.0031180588097031,0.00170115516189898));
#8043=CARTESIAN_POINT('',(0.25,-0.0031969363239602,0.00155171780834198));
#8044=CARTESIAN_POINT('',(0.25,-0.00326732066040921,0.00140059578422871));
#8045=CARTESIAN_POINT('',(0.25,0.00529059484730606,0.0109786747972381));
#8046=CARTESIAN_POINT('',(0.25,0.00494579009339831,0.0108409021826043));
#8047=CARTESIAN_POINT('',(0.25,0.0046125299337296,0.0106923654059869));
#8048=CARTESIAN_POINT('',(0.25,-0.00586463928222657,0.0135028228759766));
#8049=CARTESIAN_POINT('',(0.25,-0.00575491333007813,0.0134018859863281));
#8050=CARTESIAN_POINT('',(0.25,-0.00564312744140625,0.0133032836914062));
#8051=CARTESIAN_POINT('',(0.25,-0.00293231964111328,0.0167514114379883));
#8052=CARTESIAN_POINT('',(0.25,-0.00287745666503906,0.0167009429931641));
#8053=CARTESIAN_POINT('',(0.25,-0.00282156372070313,0.0166516418457031));
#8054=CARTESIAN_POINT('',(0.25,0.,0.02));
#8055=CARTESIAN_POINT('',(0.25,0.,0.02));
#8056=CARTESIAN_POINT('',(0.25,0.,0.02));
#8057=CARTESIAN_POINT('',(0.25,-0.0109497065532961,-0.00803729220978878));
#8058=CARTESIAN_POINT('',(0.25,-0.0107522418520443,-0.00818341058204805));
#8059=CARTESIAN_POINT('',(0.25,-0.0105498039363112,-0.0083219400549574));
#8060=CARTESIAN_POINT('',(0.25,-0.00332873972087595,0.0012488827439043));
#8061=CARTESIAN_POINT('',(0.25,-0.0033901587813427,0.00109716970357988));
#8062=CARTESIAN_POINT('',(0.25,-0.00344261256582718,0.000944865647044327));
#8063=CARTESIAN_POINT('',(0.25,0.00429222711154423,0.0105350576975974));
#8064=CARTESIAN_POINT('',(0.25,0.00397192428935886,0.0103777499892078));
#8065=CARTESIAN_POINT('',(0.25,0.00366457880465682,0.0102116713490461));
#8066=CARTESIAN_POINT('',(0.25,-0.0055294189453125,0.0132071533203125));
#8067=CARTESIAN_POINT('',(0.25,-0.00541571044921875,0.0131110229492187));
#8068=CARTESIAN_POINT('',(0.25,-0.00530007934570313,0.0130173645019531));
#8069=CARTESIAN_POINT('',(0.25,-0.00276470947265625,0.0166035766601563));
#8070=CARTESIAN_POINT('',(0.25,-0.00270785522460938,0.0165555114746094));
#8071=CARTESIAN_POINT('',(0.25,-0.00265003967285156,0.0165086822509766));
#8072=CARTESIAN_POINT('',(0.25,0.,0.02));
#8073=CARTESIAN_POINT('',(0.25,0.,0.02));
#8074=CARTESIAN_POINT('',(0.25,0.,0.02));
#8075=CARTESIAN_POINT('',(0.25,-0.0103428613529929,-0.00845268655003791));
#8076=CARTESIAN_POINT('',(0.25,-0.0103169935300781,-0.00846902986192298));
#8077=CARTESIAN_POINT('',(0.25,-0.0102910553217323,-0.00848525156477947));
#8078=CARTESIAN_POINT('',(0.25,-0.00348571639388337,0.000793210078857227));
#8079=CARTESIAN_POINT('',(0.25,-0.0034911043723904,0.000774253132833838));
#8080=CARTESIAN_POINT('',(0.25,-0.00349634625782823,0.000755306319440896));
#8081=CARTESIAN_POINT('',(0.25,0.00337142856522612,0.0100391067077524));
#8082=CARTESIAN_POINT('',(0.25,0.00333478478529728,0.0100175361275907));
#8083=CARTESIAN_POINT('',(0.25,0.00329836280607581,0.00999586420366126));
#8084=CARTESIAN_POINT('',(0.25,-0.00518266296386719,0.0129263153076172));
#8085=CARTESIAN_POINT('',(0.25,-0.0051679859161377,0.0129149341583252));
#8086=CARTESIAN_POINT('',(0.25,-0.00515328097343445,0.0129035937786102));
#8087=CARTESIAN_POINT('',(0.25,-0.0025913314819336,0.0164631576538086));
#8088=CARTESIAN_POINT('',(0.25,-0.00258399295806885,0.0164574670791626));
#8089=CARTESIAN_POINT('',(0.25,-0.00257664048671723,0.0164517968893051));
#8090=CARTESIAN_POINT('',(0.25,0.,0.02));
#8091=CARTESIAN_POINT('',(0.25,0.,0.02));
#8092=CARTESIAN_POINT('',(0.25,0.,0.02));
#8093=CARTESIAN_POINT('',(0.25,-0.0102650476430861,-0.00850135127954785));
#8094=CARTESIAN_POINT('',(0.25,-0.010252043803763,-0.00850940113693204));
#8095=CARTESIAN_POINT('',(0.25,-0.0102390225968648,-0.00851742049729421));
#8096=CARTESIAN_POINT('',(0.25,-0.00350144129886787,0.00073637205958574));
#8097=CARTESIAN_POINT('',(0.25,-0.0035039888193877,0.000726904929658162));
#8098=CARTESIAN_POINT('',(0.25,-0.00350649962880797,0.00071744093811503));
#8099=CARTESIAN_POINT('',(0.25,0.00326216504535035,0.00997409539871933));
#8100=CARTESIAN_POINT('',(0.25,0.00324406616498762,0.00996321099624837));
#8101=CARTESIAN_POINT('',(0.25,0.0032260233392489,0.00995230237352427));
#8102=CARTESIAN_POINT('',(0.25,-0.00513854840397835,0.0128922944366932));
#8103=CARTESIAN_POINT('',(0.25,-0.0051311821192503,0.0128866447657347));
#8104=CARTESIAN_POINT('',(0.25,-0.00512380892783404,0.0128810053542256));
#8105=CARTESIAN_POINT('',(0.25,-0.00256927420198918,0.0164461472183466));
#8106=CARTESIAN_POINT('',(0.25,-0.00256559105962515,0.0164433223828673));
#8107=CARTESIAN_POINT('',(0.25,-0.00256190446391702,0.0164405026771128));
#8108=CARTESIAN_POINT('',(0.25,0.,0.02));
#8109=CARTESIAN_POINT('',(0.25,0.,0.02));
#8110=CARTESIAN_POINT('',(0.25,0.,0.02));
#8111=CARTESIAN_POINT('',(0.25,-0.0102259841367829,-0.0085254093132519));
#8112=CARTESIAN_POINT('',(0.25,-0.0102227245217624,-0.00852740651724133));
#8113=CARTESIAN_POINT('',(0.25,-0.0102194638284179,-0.00852940181220548));
#8114=CARTESIAN_POINT('',(0.25,-0.00350897363321257,0.000707980387569765));
#8115=CARTESIAN_POINT('',(0.25,-0.00350959213431372,0.000705615249933447));
#8116=CARTESIAN_POINT('',(0.25,-0.00351020833510139,0.000703250327359496));
#8117=CARTESIAN_POINT('',(0.25,0.00320803687035775,0.00994137008839143));
#8118=CARTESIAN_POINT('',(0.25,0.00320354025313497,0.00993863701710823));
#8119=CARTESIAN_POINT('',(0.25,0.00319904715821516,0.00993590246692447));
#8120=CARTESIAN_POINT('',(0.25,-0.00511642886325717,0.0128753762356937));
#8121=CARTESIAN_POINT('',(0.25,-0.00511458384711296,0.0128739689560607));
#8122=CARTESIAN_POINT('',(0.25,-0.0051127384013962,0.0128725623197388));
#8123=CARTESIAN_POINT('',(0.25,-0.00255821443162859,0.0164376881178468));
#8124=CARTESIAN_POINT('',(0.25,-0.00255729192355648,0.0164369844780304));
#8125=CARTESIAN_POINT('',(0.25,-0.0025563692006981,0.0164362811598694));
#8126=CARTESIAN_POINT('',(0.25,0.,0.02));
#8127=CARTESIAN_POINT('',(0.25,0.,0.02));
#8128=CARTESIAN_POINT('',(0.25,0.,0.02));
#8129=CARTESIAN_POINT('',(0.25,-0.0102162020585369,-0.00853139519740399));
#8130=CARTESIAN_POINT('',(0.25,-0.0102129402886558,-0.00853338858260251));
#8131=CARTESIAN_POINT('',(0.25,-0.0102096774422381,-0.00853538005803539));
#8132=CARTESIAN_POINT('',(0.25,-0.00351082223410815,0.000700885624576248));
#8133=CARTESIAN_POINT('',(0.25,-0.0035114361331149,0.000698520921792997));
#8134=CARTESIAN_POINT('',(0.25,-0.00351204773034073,0.000696156438800449));
#8135=CARTESIAN_POINT('',(0.25,0.00319455759032057,0.00993316644655649));
#8136=CARTESIAN_POINT('',(0.25,0.00319006802242598,0.0099304304261885));
#8137=CARTESIAN_POINT('',(0.25,0.0031855819815566,0.00992769293563629));
#8138=CARTESIAN_POINT('',(0.25,-0.00511089252663078,0.0128711563272518));
#8139=CARTESIAN_POINT('',(0.25,-0.00510904665186536,0.0128697503347648));
#8140=CARTESIAN_POINT('',(0.25,-0.00510720034805127,0.0128683449861128));
#8141=CARTESIAN_POINT('',(0.25,-0.00255544626331539,0.0164355781636259));
#8142=CARTESIAN_POINT('',(0.25,-0.00255452332593268,0.0164348751673824));
#8143=CARTESIAN_POINT('',(0.25,-0.00255360017402563,0.0164341724930564));
#8144=CARTESIAN_POINT('',(0.25,0.,0.02));
#8145=CARTESIAN_POINT('',(0.25,0.,0.02));
#8146=CARTESIAN_POINT('',(0.25,0.,0.02));
#8147=CARTESIAN_POINT('',(0.25,-0.0102064135210711,-0.0085373696229623));
#8148=CARTESIAN_POINT('',(0.25,-0.0101998856787372,-0.00854134875281611));
#8149=CARTESIAN_POINT('',(0.25,-0.0101933535374062,-0.008545320240646));
#8150=CARTESIAN_POINT('',(0.25,-0.00351265702431821,0.000693792180326936));
#8151=CARTESIAN_POINT('',(0.25,-0.00351387561227316,0.000689063663379912));
#8152=CARTESIAN_POINT('',(0.25,-0.00351508498723468,0.000684336044509031));
#8153=CARTESIAN_POINT('',(0.25,0.00318109947243468,0.00992495398361617));
#8154=CARTESIAN_POINT('',(0.25,0.00317213445419085,0.00991947607957594));
#8155=CARTESIAN_POINT('',(0.25,0.00316318356293686,0.00991399232966406));
#8156=CARTESIAN_POINT('',(0.25,-0.00510535361571238,0.0128669402818196));
#8157=CARTESIAN_POINT('',(0.25,-0.0051016601510346,0.0128641308732331));
#8158=CARTESIAN_POINT('',(0.25,-0.00509796497225762,0.0128613240420818));
#8159=CARTESIAN_POINT('',(0.25,-0.00255267680785619,0.0164334701409098));
#8160=CARTESIAN_POINT('',(0.25,-0.0025508300755173,0.0164320654366165));
#8161=CARTESIAN_POINT('',(0.25,-0.00254898248612881,0.0164306620210409));
#8162=CARTESIAN_POINT('',(0.25,0.,0.02));
#8163=CARTESIAN_POINT('',(0.25,0.,0.02));
#8164=CARTESIAN_POINT('',(0.25,0.,0.02));
#8165=CARTESIAN_POINT('',(0.25,-0.0101868171113772,-0.00854928408052916));
#8166=CARTESIAN_POINT('',(0.25,-0.0101345257031447,-0.00858099479959445));
#8167=CARTESIAN_POINT('',(0.25,-0.0100819600742334,-0.00861221605006921));
#8168=CARTESIAN_POINT('',(0.25,-0.00351628513746324,0.000679609361540974));
#8169=CARTESIAN_POINT('',(0.25,-0.00352588633929179,0.000641795897796497));
#8170=CARTESIAN_POINT('',(0.25,-0.00353489715821159,0.000604042331832545));
#8171=CARTESIAN_POINT('',(0.25,0.00315424683645067,0.00990850280361111));
#8172=CARTESIAN_POINT('',(0.25,0.0030827530245611,0.00986458659518745));
#8173=CARTESIAN_POINT('',(0.25,0.00301216575781017,0.0098203007137343));
#8174=CARTESIAN_POINT('',(0.25,-0.00509426808357239,0.0128585197925568));
#8175=CARTESIAN_POINT('',(0.25,-0.00506469297409058,0.0128360857963562));
#8176=CARTESIAN_POINT('',(0.25,-0.00503500843048096,0.012813817024231));
#8177=CARTESIAN_POINT('',(0.25,-0.0025471340417862,0.0164292598962784));
#8178=CARTESIAN_POINT('',(0.25,-0.00253234648704529,0.0164180428981781));
#8179=CARTESIAN_POINT('',(0.25,-0.00251750421524048,0.0164069085121155));
#8180=CARTESIAN_POINT('',(0.25,0.,0.02));
#8181=CARTESIAN_POINT('',(0.25,0.,0.02));
#8182=CARTESIAN_POINT('',(0.25,0.,0.02));
#8183=CARTESIAN_POINT('',(0.25,-0.0100291275456885,-0.0086429447994772));
#8184=CARTESIAN_POINT('',(0.25,-0.0099234624885987,-0.00870440229829318));
#8185=CARTESIAN_POINT('',(0.25,-0.00981672983297461,-0.00876388979284208));
#8186=CARTESIAN_POINT('',(0.25,-0.00354331158359069,0.000566368030907856));
#8187=CARTESIAN_POINT('',(0.25,-0.00356014043434889,0.00049101942905848));
#8188=CARTESIAN_POINT('',(0.25,-0.00357458371094427,0.00041598788736617));
#8189=CARTESIAN_POINT('',(0.25,0.00294250437850709,0.00977568086129291));
#8190=CARTESIAN_POINT('',(0.25,0.00280318161990091,0.00968644115641014));
#8191=CARTESIAN_POINT('',(0.25,0.00266756241108608,0.00959586556757442));
#8192=CARTESIAN_POINT('',(0.25,-0.00500521659851074,0.0127917156219482));
#8193=CARTESIAN_POINT('',(0.25,-0.00494563293457031,0.0127475128173828));
#8194=CARTESIAN_POINT('',(0.25,-0.0048856201171875,0.0127039794921875));
#8195=CARTESIAN_POINT('',(0.25,-0.00250260829925537,0.0163958578109741));
#8196=CARTESIAN_POINT('',(0.25,-0.00247281646728516,0.0163737564086914));
#8197=CARTESIAN_POINT('',(0.25,-0.00244281005859375,0.0163519897460938));
#8198=CARTESIAN_POINT('',(0.25,0.,0.02));
#8199=CARTESIAN_POINT('',(0.25,0.,0.02));
#8200=CARTESIAN_POINT('',(0.25,0.,0.02));
#8201=CARTESIAN_POINT('',(0.25,-0.00970898814717821,-0.00882138302331405));
#8202=CARTESIAN_POINT('',(0.25,-0.00884705466080698,-0.0092813288670898));
#8203=CARTESIAN_POINT('',(0.25,-0.00792054324340741,-0.00961364180994159));
#8204=CARTESIAN_POINT('',(0.25,-0.00358659332832107,0.000341428343900871));
#8205=CARTESIAN_POINT('',(0.25,-0.00368267026733545,-0.00025504800382151));
#8206=CARTESIAN_POINT('',(0.25,-0.00362299301636084,-0.000821316465014986));
#8207=CARTESIAN_POINT('',(0.25,0.00253580149053608,0.00950423971111579));
#8208=CARTESIAN_POINT('',(0.25,0.00148171412613608,0.00877123285944678));
#8209=CARTESIAN_POINT('',(0.25,0.00067455721068574,0.00797100887991161));
#8210=CARTESIAN_POINT('',(0.25,-0.0048251953125,0.0126611328125));
#8211=CARTESIAN_POINT('',(0.25,-0.004341796875,0.012318359375));
#8212=CARTESIAN_POINT('',(0.25,-0.00383203125,0.01201953125));
#8213=CARTESIAN_POINT('',(0.25,-0.00241259765625,0.01633056640625));
#8214=CARTESIAN_POINT('',(0.25,-0.0021708984375,0.0161591796875));
#8215=CARTESIAN_POINT('',(0.25,-0.001916015625,0.016009765625));
#8216=CARTESIAN_POINT('',(0.25,0.,0.02));
#8217=CARTESIAN_POINT('',(0.25,0.,0.02));
#8218=CARTESIAN_POINT('',(0.25,0.,0.02));
#8219=CARTESIAN_POINT('',(0.25,-0.00695944089632095,-0.0098059008292189));
#8220=CARTESIAN_POINT('',(0.25,-0.00647888972277772,-0.00990203033885756));
#8221=CARTESIAN_POINT('',(0.25,-0.00598969081681276,-0.0099631463676026));
#8222=CARTESIAN_POINT('',(0.25,-0.00342111400410155,-0.00126362405791337));
#8223=CARTESIAN_POINT('',(0.25,-0.0033201744979719,-0.00148477785436257));
#8224=CARTESIAN_POINT('',(0.25,-0.00318368455152109,-0.00167494143373799));
#8225=CARTESIAN_POINT('',(0.25,0.000117212888117856,0.00727865271339215));
#8226=CARTESIAN_POINT('',(0.25,-0.000161459273166087,0.00693247463013242));
#8227=CARTESIAN_POINT('',(0.25,-0.000377678286229416,0.00661326350012662));
#8228=CARTESIAN_POINT('',(0.25,-0.0033046875,0.0117734375));
#8229=CARTESIAN_POINT('',(0.25,-0.003041015625,0.011650390625));
#8230=CARTESIAN_POINT('',(0.25,-0.00277294921875,0.01154052734375));
#8231=CARTESIAN_POINT('',(0.25,-0.00165234375,0.01588671875));
#8232=CARTESIAN_POINT('',(0.25,-0.0015205078125,0.0158251953125));
#8233=CARTESIAN_POINT('',(0.25,-0.001386474609375,0.015770263671875));
#8234=CARTESIAN_POINT('',(0.25,0.,0.02));
#8235=CARTESIAN_POINT('',(0.25,0.,0.02));
#8236=CARTESIAN_POINT('',(0.25,0.,0.02));
#8237=CARTESIAN_POINT('',(0.25,-0.00549559255359376,-0.0099876962876227));
#8238=CARTESIAN_POINT('',(0.25,-0.00537206798778901,-0.00999383376762772));
#8239=CARTESIAN_POINT('',(0.25,-0.00524823721215589,-0.00999768586583744));
#8240=CARTESIAN_POINT('',(0.25,-0.00301851672093574,-0.00182187161731115));
#8241=CARTESIAN_POINT('',(0.25,-0.0029772247632894,-0.00185860416320444));
#8242=CARTESIAN_POINT('',(0.25,-0.00293414043788465,-0.00189263462186009));
#8243=CARTESIAN_POINT('',(0.25,-0.000541440888277714,0.00634395305300039));
#8244=CARTESIAN_POINT('',(0.25,-0.000582381538789788,0.00627662544121884));
#8245=CARTESIAN_POINT('',(0.25,-0.000620043663613422,0.00621241662211725));
#8246=CARTESIAN_POINT('',(0.25,-0.0025015869140625,0.0114449462890625));
#8247=CARTESIAN_POINT('',(0.25,-0.00243374633789063,0.0114210510253906));
#8248=CARTESIAN_POINT('',(0.25,-0.00236569976806641,0.0113980484008789));
#8249=CARTESIAN_POINT('',(0.25,-0.00125079345703125,0.0157224731445313));
#8250=CARTESIAN_POINT('',(0.25,-0.00121687316894531,0.0157105255126953));
#8251=CARTESIAN_POINT('',(0.25,-0.0011828498840332,0.0156990242004395));
#8252=CARTESIAN_POINT('',(0.25,0.,0.02));
#8253=CARTESIAN_POINT('',(0.25,0.,0.02));
#8254=CARTESIAN_POINT('',(0.25,0.,0.02));
#8255=CARTESIAN_POINT('',(0.25,-0.00512415879505638,-0.00999922832244199));
#8256=CARTESIAN_POINT('',(0.25,-0.0050931391907815,-0.00999961393659312));
#8257=CARTESIAN_POINT('',(0.25,-0.00506210410891497,-0.00999985519814393));
#8258=CARTESIAN_POINT('',(0.25,-0.00288938310614014,-0.00192378663082476));
#8259=CARTESIAN_POINT('',(0.25,-0.00287819377320401,-0.00193157463306593));
#8260=CARTESIAN_POINT('',(0.25,-0.00286689987737164,-0.00193918273220141));
#8261=CARTESIAN_POINT('',(0.25,-0.000654607417223899,0.00615165506079246));
#8262=CARTESIAN_POINT('',(0.25,-0.000663248355626519,0.00613646467046127));
#8263=CARTESIAN_POINT('',(0.25,-0.000671695645828312,0.00612148973374112));
#8264=CARTESIAN_POINT('',(0.25,-0.00229746437072754,0.011375955581665));
#8265=CARTESIAN_POINT('',(0.25,-0.00228040552139282,0.0113704323768616));
#8266=CARTESIAN_POINT('',(0.25,-0.00226333487033844,0.0113649660348892));
#8267=CARTESIAN_POINT('',(0.25,-0.00114873218536377,0.0156879777908325));
#8268=CARTESIAN_POINT('',(0.25,-0.00114020276069641,0.0156852161884308));
#8269=CARTESIAN_POINT('',(0.25,-0.00113166743516922,0.0156824830174446));
#8270=CARTESIAN_POINT('',(0.25,0.,0.02));
#8271=CARTESIAN_POINT('',(0.25,0.,0.02));
#8272=CARTESIAN_POINT('',(0.25,0.,0.02));
#8273=CARTESIAN_POINT('',(0.25,-0.00503105446458745,-0.00999995172803489));
#8274=CARTESIAN_POINT('',(0.25,-0.00502329205350557,-0.00999997586050763));
#8275=CARTESIAN_POINT('',(0.25,-0.00501552873226989,-0.00999999094725164));
#8276=CARTESIAN_POINT('',(0.25,-0.00285550361597884,-0.00194660791159283));
#8277=CARTESIAN_POINT('',(0.25,-0.00285265455063064,-0.00194846420644069));
#8278=CARTESIAN_POINT('',(0.25,-0.00284979908743492,-0.00195030906880455));
#8279=CARTESIAN_POINT('',(0.25,-0.00067995276737023,0.00610673590484923));
#8280=CARTESIAN_POINT('',(0.25,-0.000682017047755708,0.00610304744762626));
#8281=CARTESIAN_POINT('',(0.25,-0.000684069442599949,0.00609937280964254));
#8282=CARTESIAN_POINT('',(0.25,-0.00224625268578529,0.0113595568239689));
#8283=CARTESIAN_POINT('',(0.25,-0.00224198213964701,0.0113582045212388));
#8284=CARTESIAN_POINT('',(0.25,-0.00223771087266505,0.0113568557891995));
#8285=CARTESIAN_POINT('',(0.25,-0.00112312634289265,0.0156797784119844));
#8286=CARTESIAN_POINT('',(0.25,-0.0011209910698235,0.0156791022606194));
#8287=CARTESIAN_POINT('',(0.25,-0.00111885543633252,0.0156784278945997));
#8288=CARTESIAN_POINT('',(0.25,0.,0.02));
#8289=CARTESIAN_POINT('',(0.25,0.,0.02));
#8290=CARTESIAN_POINT('',(0.25,0.,0.02));
#8291=CARTESIAN_POINT('',(0.25,-0.0050077645151793,-0.00999999698234409));
#8292=CARTESIAN_POINT('',(0.25,-0.005003882406634,-0.00999999999989032));
#8293=CARTESIAN_POINT('',(0.25,-0.005,-0.01));
#8294=CARTESIAN_POINT('',(0.25,-0.0028469372555871,-0.00195214245909838));
#8295=CARTESIAN_POINT('',(0.25,-0.00284550633966319,-0.0019530591542453));
#8296=CARTESIAN_POINT('',(0.25,-0.00284407375745127,-0.00195397222685105));
#8297=CARTESIAN_POINT('',(0.25,-0.000686109995994902,0.00609571206414733));
#8298=CARTESIAN_POINT('',(0.25,-0.000687130272692377,0.00609388169139972));
#8299=CARTESIAN_POINT('',(0.25,-0.000688147514902548,0.0060920555462979));
#8300=CARTESIAN_POINT('',(0.25,-0.00223343888903037,0.0113555106320418));
#8301=CARTESIAN_POINT('',(0.25,-0.00223130289721303,0.011354838053463));
#8302=CARTESIAN_POINT('',(0.25,-0.00222916672623251,0.0113541663686046));
#8303=CARTESIAN_POINT('',(0.25,-0.00111671944451518,0.0156777553160209));
#8304=CARTESIAN_POINT('',(0.25,-0.00111565144860651,0.0156774190267315));
#8305=CARTESIAN_POINT('',(0.25,-0.00111458336311625,0.0156770831843023));
#8306=CARTESIAN_POINT('',(0.25,0.,0.02));
#8307=CARTESIAN_POINT('',(0.25,0.,0.02));
#8308=CARTESIAN_POINT('',(0.25,0.,0.02));
#8309=CARTESIAN_POINT('',(0.25,-0.0049951171875,-0.01));
#8310=CARTESIAN_POINT('',(0.25,-0.004990234375,-0.01));
#8311=CARTESIAN_POINT('',(0.25,-0.0049853515625,-0.01));
#8312=CARTESIAN_POINT('',(0.25,-0.00284163940249245,-0.00195488468856142));
#8313=CARTESIAN_POINT('',(0.25,-0.00283920504753363,-0.0019557971502718));
#8314=CARTESIAN_POINT('',(0.25,-0.0028367693256939,-0.00195670900119647));
#8315=CARTESIAN_POINT('',(0.25,-0.000688161617484904,0.00609023062287715));
#8316=CARTESIAN_POINT('',(0.25,-0.000688175720067259,0.0060884056994564));
#8317=CARTESIAN_POINT('',(0.25,-0.0006881870888878,0.00608658199760705));
#8318=CARTESIAN_POINT('',(0.25,-0.00222703037661268,0.0113534955779905));
#8319=CARTESIAN_POINT('',(0.25,-0.00222489402699284,0.0113528247873765));
#8320=CARTESIAN_POINT('',(0.25,-0.0022227574987337,0.0113521548910067));
#8321=CARTESIAN_POINT('',(0.25,-0.00111351518830634,0.0156767477889953));
#8322=CARTESIAN_POINT('',(0.25,-0.00111244701349642,0.0156764123936882));
#8323=CARTESIAN_POINT('',(0.25,-0.00111137874936685,0.0156760774455033));
#8324=CARTESIAN_POINT('',(0.25,0.,0.02));
#8325=CARTESIAN_POINT('',(0.25,0.,0.02));
#8326=CARTESIAN_POINT('',(0.25,0.,0.02));
#8327=CARTESIAN_POINT('',(0.25,-0.00498046875,-0.01));
#8328=CARTESIAN_POINT('',(0.25,-0.0049609375,-0.01));
#8329=CARTESIAN_POINT('',(0.25,-0.00494140625,-0.01));
#8330=CARTESIAN_POINT('',(0.25,-0.00283433224430873,-0.0019576202388336));
#8331=CARTESIAN_POINT('',(0.25,-0.00282458391876807,-0.00196126518938212));
#8332=CARTESIAN_POINT('',(0.25,-0.00281481384050044,-0.00196490032732985));
#8333=CARTESIAN_POINT('',(0.25,-0.000688195738617467,0.00608475952233279));
#8334=CARTESIAN_POINT('',(0.25,-0.000688230337536143,0.00607746962123577));
#8335=CARTESIAN_POINT('',(0.25,-0.000688221431000877,0.00607019934534029));
#8336=CARTESIAN_POINT('',(0.25,-0.00222062079235911,0.011351485889405));
#8337=CARTESIAN_POINT('',(0.25,-0.00221207396686077,0.0113488098829985));
#8338=CARTESIAN_POINT('',(0.25,-0.00220352429151535,0.0113461481928825));
#8339=CARTESIAN_POINT('',(0.25,-0.00111031039617956,0.0156757429447025));
#8340=CARTESIAN_POINT('',(0.25,-0.00110603698343039,0.0156744049414992));
#8341=CARTESIAN_POINT('',(0.25,-0.00110176214575768,0.0156730740964413));
#8342=CARTESIAN_POINT('',(0.25,0.,0.02));
#8343=CARTESIAN_POINT('',(0.25,0.,0.02));
#8344=CARTESIAN_POINT('',(0.25,0.,0.02));
#8345=CARTESIAN_POINT('',(0.25,-0.004921875,-0.01));
#8346=CARTESIAN_POINT('',(0.25,-0.00484375,-0.01));
#8347=CARTESIAN_POINT('',(0.25,-0.004765625,-0.01));
#8348=CARTESIAN_POINT('',(0.25,-0.00280502193169758,-0.00196852525018914));
#8349=CARTESIAN_POINT('',(0.25,-0.00276585429648617,-0.00198302494162627));
#8350=CARTESIAN_POINT('',(0.25,-0.0027263373727112,-0.00199736119164809));
#8351=CARTESIAN_POINT('',(0.25,-0.000688168863395169,0.00606294949962172));
#8352=CARTESIAN_POINT('',(0.25,-0.000687958592972333,0.00603395011674746));
#8353=CARTESIAN_POINT('',(0.25,-0.000687049745422407,0.00600527761670381));
#8354=CARTESIAN_POINT('',(0.25,-0.00219497179985046,0.0113435008525848));
#8355=CARTESIAN_POINT('',(0.25,-0.00216076183319092,0.0113329114913941));
#8356=CARTESIAN_POINT('',(0.25,-0.00212650680541992,0.0113225517272949));
#8357=CARTESIAN_POINT('',(0.25,-0.00109748589992523,0.0156717504262924));
#8358=CARTESIAN_POINT('',(0.25,-0.00108038091659546,0.015666455745697));
#8359=CARTESIAN_POINT('',(0.25,-0.00106325340270996,0.0156612758636475));
#8360=CARTESIAN_POINT('',(0.25,0.,0.02));
#8361=CARTESIAN_POINT('',(0.25,0.,0.02));
#8362=CARTESIAN_POINT('',(0.25,0.,0.02));
#8363=CARTESIAN_POINT('',(0.25,-0.0046875,-0.01));
#8364=CARTESIAN_POINT('',(0.25,-0.004375,-0.01));
#8365=CARTESIAN_POINT('',(0.25,-0.0040625,-0.01));
#8366=CARTESIAN_POINT('',(0.25,-0.00268648947990203,-0.00201151821009072));
#8367=CARTESIAN_POINT('',(0.25,-0.00252709790866531,-0.00206814628386123));
#8368=CARTESIAN_POINT('',(0.25,-0.00236241083288113,-0.00212190665236451));
#8369=CARTESIAN_POINT('',(0.25,-0.000685478959804049,0.00597696357981855));
#8370=CARTESIAN_POINT('',(0.25,-0.000679195817330615,0.00586370743227753));
#8371=CARTESIAN_POINT('',(0.25,-0.000662321665762259,0.00575618669527097));
#8372=CARTESIAN_POINT('',(0.25,-0.00209220886230469,0.0113124237060547));
#8373=CARTESIAN_POINT('',(0.25,-0.00195501708984375,0.0112719116210938));
#8374=CARTESIAN_POINT('',(0.25,-0.001817138671875,0.011235107421875));
#8375=CARTESIAN_POINT('',(0.25,-0.00104610443115234,0.0156562118530273));
#8376=CARTESIAN_POINT('',(0.25,-0.000977508544921876,0.0156359558105469));
#8377=CARTESIAN_POINT('',(0.25,-0.000908569335937501,0.0156175537109375));
#8378=CARTESIAN_POINT('',(0.25,0.,0.02));
#8379=CARTESIAN_POINT('',(0.25,0.,0.02));
#8380=CARTESIAN_POINT('',(0.25,0.,0.02));
#8381=CARTESIAN_POINT('',(0.25,-0.00375,-0.01));
#8382=CARTESIAN_POINT('',(0.25,-0.0025,-0.01));
#8383=CARTESIAN_POINT('',(0.25,-0.00125,-0.01));
#8384=CARTESIAN_POINT('',(0.25,0.,-0.01));
#8385=CARTESIAN_POINT('',(0.25,-0.00219280200488395,-0.00217143702209398));
#8386=CARTESIAN_POINT('',(0.25,-0.00151436669289525,-0.00236955850101185));
#8387=CARTESIAN_POINT('',(0.25,-0.000757183345498584,-0.0024999999995487));
#8388=CARTESIAN_POINT('',(0.25,-4.59242549680257E-19,-0.0025));
#8389=CARTESIAN_POINT('',(0.25,-0.000635604009767907,0.00565712595581204));
#8390=CARTESIAN_POINT('',(0.25,-0.000528733385790501,0.0052608829979763));
#8391=CARTESIAN_POINT('',(0.25,-0.000264366690997168,0.0050000000009026));
#8392=CARTESIAN_POINT('',(0.25,-9.18485099360515E-19,0.005));
#8393=CARTESIAN_POINT('',(0.25,-0.0016787109375,0.0112021484375));
#8394=CARTESIAN_POINT('',(0.25,-0.001125,0.0110703125));
#8395=CARTESIAN_POINT('',(0.25,-0.000562500000000001,0.011));
#8396=CARTESIAN_POINT('',(0.25,-1.04083408558608E-18,0.011));
#8397=CARTESIAN_POINT('',(0.25,-0.000839355468750001,0.01560107421875));
#8398=CARTESIAN_POINT('',(0.25,-0.0005625,0.01553515625));
#8399=CARTESIAN_POINT('',(0.25,-0.000281250000000001,0.0155));
#8400=CARTESIAN_POINT('',(0.25,-5.20417042793042E-19,0.0155));
#8401=CARTESIAN_POINT('',(0.25,0.,0.02));
#8402=CARTESIAN_POINT('',(0.25,0.,0.02));
#8403=CARTESIAN_POINT('',(0.25,0.,0.02));
#8404=CARTESIAN_POINT('',(0.25,0.,0.02));
#8405=B_SPLINE_SURFACE_WITH_KNOTS('Surf_ICOLGFOOWM, Tail, 0, 10',5,3,((#8406, #8407, #8408, #8424, #8425, #8426, #8442, #8443, #8444, #8460, #8461, #8462, #8478, #8479, #8480, #8496, #8497, #8498, #8514, #8515, #8516, #8532, #8533, #8534, #8550, #8551, #8552, #8568, #8569, #8570, #8586, #8587, #8588, #8604, #8605, #8606, #8622, #8623, #8624, #8640, #8641, #8642, #8658, #8659, #8660, #8676, #8677, #8678, #8694, #8695, #8696, #8712, #8713, #8714, #8730, #8731, #8732, #8748, #8749, #8750, #8766, #8767, #8768, #8784, #8785, #8786, #8802, #8803, #8804, #8820, #8821, #8822, #8838, #8839, #8840, #8856, #8857, #8858, #8874, #8875, #8876, #8892, #8893, #8894, #8910, #8911, #8912, #8928, #8929, #8930, #8946, #8947, #8948, #8964, #8965, #8966, #8982, #8983, #8984, #9000, #9001, #9002, #9018, #9019, #9020, #9036, #9037, #9038, #9054, #9055, #9056, #9072, #9073, #9074, #9090, #9091, #9092, #9108, #9109, #9110, #9126, #9127, #9128, #9144, #9145, #9146, #9162, #9163, #9164, #9180, #9181, #9182, #9198, #9199, #9200, #9216, #9217, #9218, #9219),(#8409, #8410, #8411, #8427, #8428, #8429, #8445, #8446, #8447, #8463, #8464, #8465, #8481, #8482, #8483, #8499, #8500, #8501, #8517, #8518, #8519, #8535, #8536, #8537, #8553, #8554, #8555, #8571, #8572, #8573, #8589, #8590, #8591, #8607, #8608, #8609, #8625, #8626, #8627, #8643, #8644, #8645, #8661, #8662, #8663, #8679, #8680, #8681, #8697, #8698, #8699, #8715, #8716, #8717, #8733, #8734, #8735, #8751, #8752, #8753, #8769, #8770, #8771, #8787, #8788, #8789, #8805, #8806, #8807, #8823, #8824, #8825, #8841, #8842, #8843, #8859, #8860, #8861, #8877, #8878, #8879, #8895, #8896, #8897, #8913, #8914, #8915, #8931, #8932, #8933, #8949, #8950, #8951, #8967, #8968, #8969, #8985, #8986, #8987, #9003, #9004, #9005, #9021, #9022, #9023, #9039, #9040, #9041, #9057, #9058, #9059, #9075, #9076, #9077, #9093, #9094, #9095, #9111, #9112, #9113, #9129, #9130, #9131, #9147, #9148, #9149, #9165, #9166, #9167, #9183, #9184, #9185, #9201, #9202, #9203, #9220, #9221, #9222, #9223),(#8412, #8413, #8414, #8430, #8431, #8432, #8448, #8449, #8450, #8466, #8467, #8468, #8484, #8485, #8486, #8502, #8503, #8504, #8520, #8521, #8522, #8538, #8539, #8540, #8556, #8557, #8558, #8574, #8575, #8576, #8592, #8593, #8594, #8610, #8611, #8612, #8628, #8629, #8630, #8646, #8647, #8648, #8664, #8665, #8666, #8682, #8683, #8684, #8700, #8701, #8702, #8718, #8719, #8720, #8736, #8737, #8738, #8754, #8755, #8756, #8772, #8773, #8774, #8790, #8791, #8792, #8808, #8809, #8810, #8826, #8827, #8828, #8844, #8845, #8846, #8862, #8863, #8864, #8880, #8881, #8882, #8898, #8899, #8900, #8916, #8917, #8918, #8934, #8935, #8936, #8952, #8953, #8954, #8970, #8971, #8972, #8988, #8989, #8990, #9006, #9007, #9008, #9024, #9025, #9026, #9042, #9043, #9044, #9060, #9061, #9062, #9078, #9079, #9080, #9096, #9097, #9098, #9114, #9115, #9116, #9132, #9133, #9134, #9150, #9151, #9152, #9168, #9169, #9170, #9186, #9187, #9188, #9204, #9205, #9206, #9224, #9225, #9226, #9227),(#8415, #8416, #8417, #8433, #8434, #8435, #8451, #8452, #8453, #8469, #8470, #8471, #8487, #8488, #8489, #8505, #8506, #8507, #8523, #8524, #8525, #8541, #8542, #8543, #8559, #8560, #8561, #8577, #8578, #8579, #8595, #8596, #8597, #8613, #8614, #8615, #8631, #8632, #8633, #8649, #8650, #8651, #8667, #8668, #8669, #8685, #8686, #8687, #8703, #8704, #8705, #8721, #8722, #8723, #8739, #8740, #8741, #8757, #8758, #8759, #8775, #8776, #8777, #8793, #8794, #8795, #8811, #8812, #8813, #8829, #8830, #8831, #8847, #8848, #8849, #8865, #8866, #8867, #8883, #8884, #8885, #8901, #8902, #8903, #8919, #8920, #8921, #8937, #8938, #8939, #8955, #8956, #8957, #8973, #8974, #8975, #8991, #8992, #8993, #9009, #9010, #9011, #9027, #9028, #9029, #9045, #9046, #9047, #9063, #9064, #9065, #9081, #9082, #9083, #9099, #9100, #9101, #9117, #9118, #9119, #9135, #9136, #9137, #9153, #9154, #9155, #9171, #9172, #9173, #9189, #9190, #9191, #9207, #9208, #9209, #9228, #9229, #9230, #9231),(#8418, #8419, #8420, #8436, #8437, #8438, #8454, #8455, #8456, #8472, #8473, #8474, #8490, #8491, #8492, #8508, #8509, #8510, #8526, #8527, #8528, #8544, #8545, #8546, #8562, #8563, #8564, #8580, #8581, #8582, #8598, #8599, #8600, #8616, #8617, #8618, #8634, #8635, #8636, #8652, #8653, #8654, #8670, #8671, #8672, #8688, #8689, #8690, #8706, #8707, #8708, #8724, #8725, #8726, #8742, #8743, #8744, #8760, #8761, #8762, #8778, #8779, #8780, #8796, #8797, #8798, #8814, #8815, #8816, #8832, #8833, #8834, #8850, #8851, #8852, #8868, #8869, #8870, #8886, #8887, #8888, #8904, #8905, #8906, #8922, #8923, #8924, #8940, #8941, #8942, #8958, #8959, #8960, #8976, #8977, #8978, #8994, #8995, #8996, #9012, #9013, #9014, #9030, #9031, #9032, #9048, #9049, #9050, #9066, #9067, #9068, #9084, #9085, #9086, #9102, #9103, #9104, #9120, #9121, #9122, #9138, #9139, #9140, #9156, #9157, #9158, #9174, #9175, #9176, #9192, #9193, #9194, #9210, #9211, #9212, #9232, #9233, #9234, #9235),(#8421, #8422, #8423, #8439, #8440, #8441, #8457, #8458, #8459, #8475, #8476, #8477, #8493, #8494, #8495, #8511, #8512, #8513, #8529, #8530, #8531, #8547, #8548, #8549, #8565, #8566, #8567, #8583, #8584, #8585, #8601, #8602, #8603, #8619, #8620, #8621, #8637, #8638, #8639, #8655, #8656, #8657, #8673, #8674, #8675, #8691, #8692, #8693, #8709, #8710, #8711, #8727, #8728, #8729, #8745, #8746, #8747, #8763, #8764, #8765, #8781, #8782, #8783, #8799, #8800, #8801, #8817, #8818, #8819, #8835, #8836, #8837, #8853, #8854, #8855, #8871, #8872, #8873, #8889, #8890, #8891, #8907, #8908, #8909, #8925, #8926, #8927, #8943, #8944, #8945, #8961, #8962, #8963, #8979, #8980, #8981, #8997, #8998, #8999, #9015, #9016, #9017, #9033, #9034, #9035, #9051, #9052, #9053, #9069, #9070, #9071, #9087, #9088, #9089, #9105, #9106, #9107, #9123, #9124, #9125, #9141, #9142, #9143, #9159, #9160, #9161, #9177, #9178, #9179, #9195, #9196, #9197, #9213, #9214, #9215, #9236, #9237, #9238, #9239)),.UNSPECIFIED.,.F.,.F.,.F.,(6,6),(4,3,3,3,3,3,3,3,3,3,3,3,3,3,3,3,3,3,3,3,3,3,3,3,3,3,3,3,3,3,3,3,3,3,3,3,3,3,3,3,3,3,3,3,3,3,4),(0.,1.),(0.,1.,2.,3.,4.,5.,6.,7.,8.,9.,10.,11.,12.,13.,14.,15.,16.,17.,18.,19.,20.,21.,22.,23.,24.,25.,26.,27.,28.,29.,30.,31.,32.,33.,34.,35.,36.,37.,38.,39.,40.,41.,42.,43.,44.,45.,46.),.PIECEWISE_BEZIER_KNOTS.);
#8406=CARTESIAN_POINT('',(0.25,0.,0.05));
#8407=CARTESIAN_POINT('',(0.25,-0.00125,0.05));
#8408=CARTESIAN_POINT('',(0.25,-0.0025,0.05));
#8409=CARTESIAN_POINT('',(0.25,8.26636589424463E-19,0.0455));
#8410=CARTESIAN_POINT('',(0.25,-0.000953385931485366,0.0455000000004225));
#8411=CARTESIAN_POINT('',(0.25,-0.00190677186081982,0.0453263286274705));
#8412=CARTESIAN_POINT('',(0.25,1.65327317884893E-18,0.041));
#8413=CARTESIAN_POINT('',(0.25,-0.000656771862970731,0.041000000000845));
#8414=CARTESIAN_POINT('',(0.25,-0.00131354372163963,0.040652657254941));
#8415=CARTESIAN_POINT('',(0.25,-2.29850860566927E-18,0.029));
#8416=CARTESIAN_POINT('',(0.25,-0.000562500000000002,0.029));
#8417=CARTESIAN_POINT('',(0.25,-0.001125,0.0289296875));
#8418=CARTESIAN_POINT('',(0.25,-1.14925430283463E-18,0.0245));
#8419=CARTESIAN_POINT('',(0.25,-0.000281250000000001,0.0245));
#8420=CARTESIAN_POINT('',(0.25,-0.000562500000000001,0.02446484375));
#8421=CARTESIAN_POINT('',(0.25,0.,0.02));
#8422=CARTESIAN_POINT('',(0.25,0.,0.02));
#8423=CARTESIAN_POINT('',(0.25,0.,0.02));
#8424=CARTESIAN_POINT('',(0.25,-0.00375,0.05));
#8425=CARTESIAN_POINT('',(0.25,-0.0040625,0.05));
#8426=CARTESIAN_POINT('',(0.25,-0.004375,0.05));
#8427=CARTESIAN_POINT('',(0.25,-0.00276492723634337,0.0450477047926515));
#8428=CARTESIAN_POINT('',(0.25,-0.00297946608022425,0.0449780488339467));
#8429=CARTESIAN_POINT('',(0.25,-0.00318805301449196,0.0449018333463753));
#8430=CARTESIAN_POINT('',(0.25,-0.00177985447268673,0.0400954095853029));
#8431=CARTESIAN_POINT('',(0.25,-0.00189643216044851,0.0399560976678934));
#8432=CARTESIAN_POINT('',(0.25,-0.00200110602898392,0.0398036666927505));
#8433=CARTESIAN_POINT('',(0.25,-0.0016787109375,0.0287978515625));
#8434=CARTESIAN_POINT('',(0.25,-0.001817138671875,0.028764892578125));
#8435=CARTESIAN_POINT('',(0.25,-0.00195501708984375,0.0287280883789062));
#8436=CARTESIAN_POINT('',(0.25,-0.000839355468750002,0.02439892578125));
#8437=CARTESIAN_POINT('',(0.25,-0.000908569335937502,0.0243824462890625));
#8438=CARTESIAN_POINT('',(0.25,-0.000977508544921876,0.0243640441894531));
#8439=CARTESIAN_POINT('',(0.25,0.,0.02));
#8440=CARTESIAN_POINT('',(0.25,0.,0.02));
#8441=CARTESIAN_POINT('',(0.25,0.,0.02));
#8442=CARTESIAN_POINT('',(0.25,-0.0046875,0.05));
#8443=CARTESIAN_POINT('',(0.25,-0.004765625,0.05));
#8444=CARTESIAN_POINT('',(0.25,-0.00484375,0.05));
#8445=CARTESIAN_POINT('',(0.25,-0.00339012576351075,0.0448205917166371));
#8446=CARTESIAN_POINT('',(0.25,-0.00344064395076544,0.0448002813092025));
#8447=CARTESIAN_POINT('',(0.25,-0.00349075500144208,0.0447796567678825));
#8448=CARTESIAN_POINT('',(0.25,-0.00209275152702149,0.0396411834332741));
#8449=CARTESIAN_POINT('',(0.25,-0.00211566290153089,0.039600562618405));
#8450=CARTESIAN_POINT('',(0.25,-0.00213776000288417,0.0395593135357651));
#8451=CARTESIAN_POINT('',(0.25,-0.00209220886230469,0.0286875762939453));
#8452=CARTESIAN_POINT('',(0.25,-0.00212650680541992,0.0286774482727051));
#8453=CARTESIAN_POINT('',(0.25,-0.00216076183319092,0.028667088508606));
#8454=CARTESIAN_POINT('',(0.25,-0.00104610443115235,0.0243437881469727));
#8455=CARTESIAN_POINT('',(0.25,-0.00106325340270996,0.0243387241363525));
#8456=CARTESIAN_POINT('',(0.25,-0.00108038091659546,0.024333544254303));
#8457=CARTESIAN_POINT('',(0.25,0.,0.02));
#8458=CARTESIAN_POINT('',(0.25,0.,0.02));
#8459=CARTESIAN_POINT('',(0.25,0.,0.02));
#8460=CARTESIAN_POINT('',(0.25,-0.004921875,0.05));
#8461=CARTESIAN_POINT('',(0.25,-0.00494140625,0.05));
#8462=CARTESIAN_POINT('',(0.25,-0.0049609375,0.05));
#8463=CARTESIAN_POINT('',(0.25,-0.00354043672005487,0.0447587355825792));
#8464=CARTESIAN_POINT('',(0.25,-0.00355285714970807,0.0447535052862534));
#8465=CARTESIAN_POINT('',(0.25,-0.00356525074610728,0.0447482564496786));
#8466=CARTESIAN_POINT('',(0.25,-0.00215899844010974,0.0395174711651585));
#8467=CARTESIAN_POINT('',(0.25,-0.00216430804941614,0.0395070105725069));
#8468=CARTESIAN_POINT('',(0.25,-0.00216956399221455,0.0394965128993573));
#8469=CARTESIAN_POINT('',(0.25,-0.00219497179985047,0.0286564991474152));
#8470=CARTESIAN_POINT('',(0.25,-0.00220352429151535,0.0286538518071175));
#8471=CARTESIAN_POINT('',(0.25,-0.00221207396686077,0.0286511901170015));
#8472=CARTESIAN_POINT('',(0.25,-0.00109748589992523,0.0243282495737076));
#8473=CARTESIAN_POINT('',(0.25,-0.00110176214575768,0.0243269259035587));
#8474=CARTESIAN_POINT('',(0.25,-0.00110603698343039,0.0243255950585008));
#8475=CARTESIAN_POINT('',(0.25,0.,0.02));
#8476=CARTESIAN_POINT('',(0.25,0.,0.02));
#8477=CARTESIAN_POINT('',(0.25,0.,0.02));
#8478=CARTESIAN_POINT('',(0.25,-0.00498046875,0.05));
#8479=CARTESIAN_POINT('',(0.25,-0.0049853515625,0.05));
#8480=CARTESIAN_POINT('',(0.25,-0.004990234375,0.05));
#8481=CARTESIAN_POINT('',(0.25,-0.00357761755270863,0.0447429895316048));
#8482=CARTESIAN_POINT('',(0.25,-0.00358070925435897,0.0447416728020863));
#8483=CARTESIAN_POINT('',(0.25,-0.00358379928164694,0.0447403549424741));
#8484=CARTESIAN_POINT('',(0.25,-0.00217476635541725,0.0394859790632095));
#8485=CARTESIAN_POINT('',(0.25,-0.00217606694621793,0.0394833456041726));
#8486=CARTESIAN_POINT('',(0.25,-0.00217736418829387,0.0394807098849483));
#8487=CARTESIAN_POINT('',(0.25,-0.00222062079235912,0.028648514110595));
#8488=CARTESIAN_POINT('',(0.25,-0.0022227574987337,0.0286478451089934));
#8489=CARTESIAN_POINT('',(0.25,-0.00222489402699285,0.0286471752126236));
#8490=CARTESIAN_POINT('',(0.25,-0.00111031039617956,0.0243242570552975));
#8491=CARTESIAN_POINT('',(0.25,-0.00111137874936685,0.0243239225544967));
#8492=CARTESIAN_POINT('',(0.25,-0.00111244701349642,0.0243235876063118));
#8493=CARTESIAN_POINT('',(0.25,0.,0.02));
#8494=CARTESIAN_POINT('',(0.25,0.,0.02));
#8495=CARTESIAN_POINT('',(0.25,0.,0.02));
#8496=CARTESIAN_POINT('',(0.25,-0.0049951171875,0.05));
#8497=CARTESIAN_POINT('',(0.25,-0.005,0.05));
#8498=CARTESIAN_POINT('',(0.25,-0.005003882406634,0.0499999999998903));
#8499=CARTESIAN_POINT('',(0.25,-0.0035868876270905,0.0447390359550743));
#8500=CARTESIAN_POINT('',(0.25,-0.00358997597253407,0.0447377169676746));
#8501=CARTESIAN_POINT('',(0.25,-0.00359206223026723,0.0447363968523775));
#8502=CARTESIAN_POINT('',(0.25,-0.002178658066681,0.0394780719101487));
#8503=CARTESIAN_POINT('',(0.25,-0.00217995194506814,0.0394754339353491));
#8504=CARTESIAN_POINT('',(0.25,-0.00218024205390045,0.0394727937048647));
#8505=CARTESIAN_POINT('',(0.25,-0.00222703037661268,0.0286465044220095));
#8506=CARTESIAN_POINT('',(0.25,-0.00222916672623251,0.0286458336313954));
#8507=CARTESIAN_POINT('',(0.25,-0.00223130289721303,0.028645161946537));
#8508=CARTESIAN_POINT('',(0.25,-0.00111351518830634,0.0243232522110047));
#8509=CARTESIAN_POINT('',(0.25,-0.00111458336311625,0.0243229168156977));
#8510=CARTESIAN_POINT('',(0.25,-0.00111565144860651,0.0243225809732685));
#8511=CARTESIAN_POINT('',(0.25,0.,0.02));
#8512=CARTESIAN_POINT('',(0.25,0.,0.02));
#8513=CARTESIAN_POINT('',(0.25,0.,0.02));
#8514=CARTESIAN_POINT('',(0.25,-0.0050077645151793,0.0499999969823441));
#8515=CARTESIAN_POINT('',(0.25,-0.00501552873226988,0.0499999909472516));
#8516=CARTESIAN_POINT('',(0.25,-0.00502329205350557,0.0499999758605076));
#8517=CARTESIAN_POINT('',(0.25,-0.00359414650153392,0.0447350725999089));
#8518=CARTESIAN_POINT('',(0.25,-0.00359831504406731,0.0447324240949718));
#8519=CARTESIAN_POINT('',(0.25,-0.00360247593723477,0.0447297620594433));
#8520=CARTESIAN_POINT('',(0.25,-0.00218052848788855,0.0394701482174738));
#8521=CARTESIAN_POINT('',(0.25,-0.00218110135586474,0.0394648572426919));
#8522=CARTESIAN_POINT('',(0.25,-0.00218165982096397,0.0394595482583789));
#8523=CARTESIAN_POINT('',(0.25,-0.00223343888903037,0.0286444893679582));
#8524=CARTESIAN_POINT('',(0.25,-0.00223771087266505,0.0286431442108005));
#8525=CARTESIAN_POINT('',(0.25,-0.00224198213964701,0.0286417954787612));
#8526=CARTESIAN_POINT('',(0.25,-0.00111671944451519,0.0243222446839791));
#8527=CARTESIAN_POINT('',(0.25,-0.00111885543633253,0.0243215721054003));
#8528=CARTESIAN_POINT('',(0.25,-0.0011209910698235,0.0243208977393806));
#8529=CARTESIAN_POINT('',(0.25,0.,0.02));
#8530=CARTESIAN_POINT('',(0.25,0.,0.02));
#8531=CARTESIAN_POINT('',(0.25,0.,0.02));
#8532=CARTESIAN_POINT('',(0.25,-0.00503105446458745,0.0499999517280349));
#8533=CARTESIAN_POINT('',(0.25,-0.00506210410891497,0.0499998551981439));
#8534=CARTESIAN_POINT('',(0.25,-0.0050931391907815,0.0499996139365931));
#8535=CARTESIAN_POINT('',(0.25,-0.00360662920147555,0.0447270865169079));
#8536=CARTESIAN_POINT('',(0.25,-0.00362324225843864,0.0447163843467664));
#8537=CARTESIAN_POINT('',(0.25,-0.00363973325257473,0.0447054660645146));
#8538=CARTESIAN_POINT('',(0.25,-0.00218220393836364,0.0394542213057809));
#8539=CARTESIAN_POINT('',(0.25,-0.00218438040796232,0.0394329134953888));
#8540=CARTESIAN_POINT('',(0.25,-0.00218632731436795,0.0394113181924361));
#8541=CARTESIAN_POINT('',(0.25,-0.0022462526857853,0.0286404431760311));
#8542=CARTESIAN_POINT('',(0.25,-0.00226333487033844,0.0286350339651108));
#8543=CARTESIAN_POINT('',(0.25,-0.00228040552139282,0.0286295676231384));
#8544=CARTESIAN_POINT('',(0.25,-0.00112312634289265,0.0243202215880156));
#8545=CARTESIAN_POINT('',(0.25,-0.00113166743516922,0.0243175169825554));
#8546=CARTESIAN_POINT('',(0.25,-0.00114020276069641,0.0243147838115692));
#8547=CARTESIAN_POINT('',(0.25,0.,0.02));
#8548=CARTESIAN_POINT('',(0.25,0.,0.02));
#8549=CARTESIAN_POINT('',(0.25,0.,0.02));
#8550=CARTESIAN_POINT('',(0.25,-0.00512415879505638,0.049999228322442));
#8551=CARTESIAN_POINT('',(0.25,-0.00524823721215589,0.0499976858658374));
#8552=CARTESIAN_POINT('',(0.25,-0.00537206798778901,0.0499938337676277));
#8553=CARTESIAN_POINT('',(0.25,-0.00365609732860684,0.044694335831074));
#8554=CARTESIAN_POINT('',(0.25,-0.00372155363273531,0.0446498148973118));
#8555=CARTESIAN_POINT('',(0.25,-0.00378497924720041,0.0446019027445291));
#8556=CARTESIAN_POINT('',(0.25,-0.00218803586215731,0.0393894433397061));
#8557=CARTESIAN_POINT('',(0.25,-0.00219487005331474,0.0393019439287861));
#8558=CARTESIAN_POINT('',(0.25,-0.00219789050661181,0.0392099717214304));
#8559=CARTESIAN_POINT('',(0.25,-0.00229746437072754,0.028624044418335));
#8560=CARTESIAN_POINT('',(0.25,-0.00236569976806641,0.0286019515991211));
#8561=CARTESIAN_POINT('',(0.25,-0.00243374633789063,0.0285789489746094));
#8562=CARTESIAN_POINT('',(0.25,-0.00114873218536377,0.0243120222091675));
#8563=CARTESIAN_POINT('',(0.25,-0.0011828498840332,0.0243009757995605));
#8564=CARTESIAN_POINT('',(0.25,-0.00121687316894531,0.0242894744873047));
#8565=CARTESIAN_POINT('',(0.25,0.,0.02));
#8566=CARTESIAN_POINT('',(0.25,0.,0.02));
#8567=CARTESIAN_POINT('',(0.25,0.,0.02));
#8568=CARTESIAN_POINT('',(0.25,-0.00549559255359376,0.0499876962876227));
#8569=CARTESIAN_POINT('',(0.25,-0.00598969081681276,0.0499631463676026));
#8570=CARTESIAN_POINT('',(0.25,-0.00647888972277772,0.0499020303388576));
#8571=CARTESIAN_POINT('',(0.25,-0.00384631705606043,0.0445507636074284));
#8572=CARTESIAN_POINT('',(0.25,-0.00409166829150049,0.0443462070590256));
#8573=CARTESIAN_POINT('',(0.25,-0.00430361463725921,0.0440900187615355));
#8574=CARTESIAN_POINT('',(0.25,-0.00219704155852709,0.039113830927234));
#8575=CARTESIAN_POINT('',(0.25,-0.00219364576618821,0.0387292677504486));
#8576=CARTESIAN_POINT('',(0.25,-0.00212833955174069,0.0382780071842134));
#8577=CARTESIAN_POINT('',(0.25,-0.0025015869140625,0.0285550537109375));
#8578=CARTESIAN_POINT('',(0.25,-0.00277294921875,0.02845947265625));
#8579=CARTESIAN_POINT('',(0.25,-0.003041015625,0.028349609375));
#8580=CARTESIAN_POINT('',(0.25,-0.00125079345703125,0.0242775268554687));
#8581=CARTESIAN_POINT('',(0.25,-0.001386474609375,0.024229736328125));
#8582=CARTESIAN_POINT('',(0.25,-0.0015205078125,0.0241748046875));
#8583=CARTESIAN_POINT('',(0.25,0.,0.02));
#8584=CARTESIAN_POINT('',(0.25,0.,0.02));
#8585=CARTESIAN_POINT('',(0.25,0.,0.02));
#8586=CARTESIAN_POINT('',(0.25,-0.00695944089632095,0.0498059008292189));
#8587=CARTESIAN_POINT('',(0.25,-0.00792054324340741,0.0496136418099416));
#8588=CARTESIAN_POINT('',(0.25,-0.00884705466080698,0.0492813288670898));
#8589=CARTESIAN_POINT('',(0.25,-0.00447050372879018,0.0437970749634717));
#8590=CARTESIAN_POINT('',(0.25,-0.00480428191185214,0.0432111873673441));
#8591=CARTESIAN_POINT('',(0.25,-0.00495783107800313,0.0424782777689219));
#8592=CARTESIAN_POINT('',(0.25,-0.00198156656125942,0.0377882490977244));
#8593=CARTESIAN_POINT('',(0.25,-0.00168802058029687,0.0368087329247466));
#8594=CARTESIAN_POINT('',(0.25,-0.00106860749519928,0.035675226670754));
#8595=CARTESIAN_POINT('',(0.25,-0.0033046875,0.0282265625));
#8596=CARTESIAN_POINT('',(0.25,-0.00383203125,0.02798046875));
#8597=CARTESIAN_POINT('',(0.25,-0.004341796875,0.027681640625));
#8598=CARTESIAN_POINT('',(0.25,-0.00165234375,0.02411328125));
#8599=CARTESIAN_POINT('',(0.25,-0.001916015625,0.023990234375));
#8600=CARTESIAN_POINT('',(0.25,-0.0021708984375,0.0238408203125));
#8601=CARTESIAN_POINT('',(0.25,0.,0.02));
#8602=CARTESIAN_POINT('',(0.25,0.,0.02));
#8603=CARTESIAN_POINT('',(0.25,0.,0.02));
#8604=CARTESIAN_POINT('',(0.25,-0.00970898814717821,0.0488213830233141));
#8605=CARTESIAN_POINT('',(0.25,-0.00981672983297462,0.0487638897928421));
#8606=CARTESIAN_POINT('',(0.25,-0.00992346248859871,0.0487044022982932));
#8607=CARTESIAN_POINT('',(0.25,-0.00493172193743006,0.0416980342865244));
#8608=CARTESIAN_POINT('',(0.25,-0.00492845829485842,0.0416005038512248));
#8609=CARTESIAN_POINT('',(0.25,-0.00492238749124423,0.041502233823988));
#8610=CARTESIAN_POINT('',(0.25,-0.0001544557276819,0.0345746855497348));
#8611=CARTESIAN_POINT('',(0.25,-4.0186756742229E-05,0.0344371179096074));
#8612=CARTESIAN_POINT('',(0.25,7.86875061102532E-05,0.0343000653496828));
#8613=CARTESIAN_POINT('',(0.25,-0.0048251953125,0.0273388671875));
#8614=CARTESIAN_POINT('',(0.25,-0.0048856201171875,0.0272960205078125));
#8615=CARTESIAN_POINT('',(0.25,-0.00494563293457032,0.0272524871826172));
#8616=CARTESIAN_POINT('',(0.25,-0.00241259765625,0.02366943359375));
#8617=CARTESIAN_POINT('',(0.25,-0.00244281005859375,0.0236480102539062));
#8618=CARTESIAN_POINT('',(0.25,-0.00247281646728516,0.0236262435913086));
#8619=CARTESIAN_POINT('',(0.25,0.,0.02));
#8620=CARTESIAN_POINT('',(0.25,0.,0.02));
#8621=CARTESIAN_POINT('',(0.25,0.,0.02));
#8622=CARTESIAN_POINT('',(0.25,-0.0100291275456885,0.0486429447994772));
#8623=CARTESIAN_POINT('',(0.25,-0.0100819600742334,0.0486122160500692));
#8624=CARTESIAN_POINT('',(0.25,-0.0101345257031447,0.0485809947995945));
#8625=CARTESIAN_POINT('',(0.25,-0.0049135106412558,0.0414034189081702));
#8626=CARTESIAN_POINT('',(0.25,-0.00490907221626159,0.0413540114502612));
#8627=CARTESIAN_POINT('',(0.25,-0.00490393227967381,0.0413044677702071));
#8628=CARTESIAN_POINT('',(0.25,0.000202106263176882,0.0341638930168631));
#8629=CARTESIAN_POINT('',(0.25,0.000263815641710195,0.0340958068504533));
#8630=CARTESIAN_POINT('',(0.25,0.000326661143797047,0.0340279407408197));
#8631=CARTESIAN_POINT('',(0.25,-0.00500521659851075,0.0272082843780518));
#8632=CARTESIAN_POINT('',(0.25,-0.00503500843048096,0.027186182975769));
#8633=CARTESIAN_POINT('',(0.25,-0.00506469297409058,0.0271639142036438));
#8634=CARTESIAN_POINT('',(0.25,-0.00250260829925537,0.0236041421890259));
#8635=CARTESIAN_POINT('',(0.25,-0.00251750421524048,0.0235930914878845));
#8636=CARTESIAN_POINT('',(0.25,-0.00253234648704529,0.0235819571018219));
#8637=CARTESIAN_POINT('',(0.25,0.,0.02));
#8638=CARTESIAN_POINT('',(0.25,0.,0.02));
#8639=CARTESIAN_POINT('',(0.25,0.,0.02));
#8640=CARTESIAN_POINT('',(0.25,-0.0101868171113772,0.0485492840805292));
#8641=CARTESIAN_POINT('',(0.25,-0.0101933535374062,0.048545320240646));
#8642=CARTESIAN_POINT('',(0.25,-0.0101998856787372,0.0485413487528161));
#8643=CARTESIAN_POINT('',(0.25,-0.00489809097082603,0.0412548122059272));
#8644=CARTESIAN_POINT('',(0.25,-0.00489736080722005,0.0412486052603922));
#8645=CARTESIAN_POINT('',(0.25,-0.00489661968467252,0.0412423965666662));
#8646=CARTESIAN_POINT('',(0.25,0.000390635169725102,0.0339603403313252));
#8647=CARTESIAN_POINT('',(0.25,0.00039863192296611,0.0339518902801383));
#8648=CARTESIAN_POINT('',(0.25,0.000406646309392135,0.0339434443805162));
#8649=CARTESIAN_POINT('',(0.25,-0.00509426808357239,0.0271414802074432));
#8650=CARTESIAN_POINT('',(0.25,-0.00509796497225762,0.0271386759579182));
#8651=CARTESIAN_POINT('',(0.25,-0.0051016601510346,0.0271358691267669));
#8652=CARTESIAN_POINT('',(0.25,-0.0025471340417862,0.0235707401037216));
#8653=CARTESIAN_POINT('',(0.25,-0.00254898248612881,0.0235693379789591));
#8654=CARTESIAN_POINT('',(0.25,-0.0025508300755173,0.0235679345633835));
#8655=CARTESIAN_POINT('',(0.25,0.,0.02));
#8656=CARTESIAN_POINT('',(0.25,0.,0.02));
#8657=CARTESIAN_POINT('',(0.25,0.,0.02));
#8658=CARTESIAN_POINT('',(0.25,-0.0102064135210711,0.0485373696229623));
#8659=CARTESIAN_POINT('',(0.25,-0.0102096774422381,0.0485353800580354));
#8660=CARTESIAN_POINT('',(0.25,-0.0102129402886558,0.0485333885826025));
#8661=CARTESIAN_POINT('',(0.25,-0.00489586760345555,0.0412361861722841));
#8662=CARTESIAN_POINT('',(0.25,-0.00489549156284707,0.0412330809750931));
#8663=CARTESIAN_POINT('',(0.25,-0.00489511278257123,0.0412299753527381));
#8664=CARTESIAN_POINT('',(0.25,0.000414678314159993,0.0339350027216059));
#8665=CARTESIAN_POINT('',(0.25,0.00041869431654392,0.0339307818921508));
#8666=CARTESIAN_POINT('',(0.25,0.000422714723513308,0.0339265621228736));
#8667=CARTESIAN_POINT('',(0.25,-0.00510535361571238,0.0271330597181804));
#8668=CARTESIAN_POINT('',(0.25,-0.00510720034805127,0.0271316550138872));
#8669=CARTESIAN_POINT('',(0.25,-0.00510904665186536,0.0271302496652352));
#8670=CARTESIAN_POINT('',(0.25,-0.00255267680785619,0.0235665298590902));
#8671=CARTESIAN_POINT('',(0.25,-0.00255360017402564,0.0235658275069436));
#8672=CARTESIAN_POINT('',(0.25,-0.00255452332593268,0.0235651248326176));
#8673=CARTESIAN_POINT('',(0.25,0.,0.02));
#8674=CARTESIAN_POINT('',(0.25,0.,0.02));
#8675=CARTESIAN_POINT('',(0.25,0.,0.02));
#8676=CARTESIAN_POINT('',(0.25,-0.0102162020585369,0.048531395197404));
#8677=CARTESIAN_POINT('',(0.25,-0.010219463828418,0.0485294018122055));
#8678=CARTESIAN_POINT('',(0.25,-0.0102227245217624,0.0485274065172413));
#8679=CARTESIAN_POINT('',(0.25,-0.00489473126266205,0.0412268693111609));
#8680=CARTESIAN_POINT('',(0.25,-0.00489434974275288,0.0412237632695837));
#8681=CARTESIAN_POINT('',(0.25,-0.00489396548321036,0.0412206568087844));
#8682=CARTESIAN_POINT('',(0.25,0.000426739533212754,0.0339223434249178));
#8683=CARTESIAN_POINT('',(0.25,0.000430764342912199,0.033918124726962));
#8684=CARTESIAN_POINT('',(0.25,0.000434793555341703,0.0339139071003275));
#8685=CARTESIAN_POINT('',(0.25,-0.00511089252663078,0.0271288436727482));
#8686=CARTESIAN_POINT('',(0.25,-0.0051127384013962,0.0271274376802612));
#8687=CARTESIAN_POINT('',(0.25,-0.00511458384711296,0.0271260310439393));
#8688=CARTESIAN_POINT('',(0.25,-0.00255544626331539,0.0235644218363741));
#8689=CARTESIAN_POINT('',(0.25,-0.0025563692006981,0.0235637188401306));
#8690=CARTESIAN_POINT('',(0.25,-0.00255729192355648,0.0235630155219696));
#8691=CARTESIAN_POINT('',(0.25,0.,0.02));
#8692=CARTESIAN_POINT('',(0.25,0.,0.02));
#8693=CARTESIAN_POINT('',(0.25,0.,0.02));
#8694=CARTESIAN_POINT('',(0.25,-0.0102259841367829,0.0485254093132519));
#8695=CARTESIAN_POINT('',(0.25,-0.0102390225968648,0.0485174204972942));
#8696=CARTESIAN_POINT('',(0.25,-0.010252043803763,0.048509401136932));
#8697=CARTESIAN_POINT('',(0.25,-0.00489357848406852,0.0412175499347049));
#8698=CARTESIAN_POINT('',(0.25,-0.00489203048750116,0.0412051224383867));
#8699=CARTESIAN_POINT('',(0.25,-0.00489043865734463,0.0411926883295844));
#8700=CARTESIAN_POINT('',(0.25,0.000438827168645867,0.0339096905561579));
#8701=CARTESIAN_POINT('',(0.25,0.000454961621862526,0.0338928243794792));
#8702=CARTESIAN_POINT('',(0.25,0.000471166489073759,0.0338759755222367));
#8703=CARTESIAN_POINT('',(0.25,-0.00511642886325718,0.0271246237643063));
#8704=CARTESIAN_POINT('',(0.25,-0.00512380892783404,0.0271189946457744));
#8705=CARTESIAN_POINT('',(0.25,-0.0051311821192503,0.0271133552342653));
#8706=CARTESIAN_POINT('',(0.25,-0.00255821443162859,0.0235623118821532));
#8707=CARTESIAN_POINT('',(0.25,-0.00256190446391702,0.0235594973228872));
#8708=CARTESIAN_POINT('',(0.25,-0.00256559105962515,0.0235566776171327));
#8709=CARTESIAN_POINT('',(0.25,0.,0.02));
#8710=CARTESIAN_POINT('',(0.25,0.,0.02));
#8711=CARTESIAN_POINT('',(0.25,0.,0.02));
#8712=CARTESIAN_POINT('',(0.25,-0.0102650476430861,0.0485013512795478));
#8713=CARTESIAN_POINT('',(0.25,-0.0102910553217323,0.0484852515647795));
#8714=CARTESIAN_POINT('',(0.25,-0.0103169935300781,0.048469029861923));
#8715=CARTESIAN_POINT('',(0.25,-0.00488880299577602,0.0411802479885779));
#8716=CARTESIAN_POINT('',(0.25,-0.00488553167263881,0.041155367306565));
#8717=CARTESIAN_POINT('',(0.25,-0.00488208502385329,0.0411304616957357));
#8718=CARTESIAN_POINT('',(0.25,0.000487441651534053,0.033859144697608));
#8719=CARTESIAN_POINT('',(0.25,0.000519991976454642,0.0338254830483506));
#8720=CARTESIAN_POINT('',(0.25,0.000552823482371491,0.0337918935295483));
#8721=CARTESIAN_POINT('',(0.25,-0.00513854840397835,0.0271077055633068));
#8722=CARTESIAN_POINT('',(0.25,-0.00515328097343445,0.0270964062213898));
#8723=CARTESIAN_POINT('',(0.25,-0.0051679859161377,0.0270850658416748));
#8724=CARTESIAN_POINT('',(0.25,-0.00256927420198918,0.0235538527816534));
#8725=CARTESIAN_POINT('',(0.25,-0.00257664048671723,0.0235482031106949));
#8726=CARTESIAN_POINT('',(0.25,-0.00258399295806885,0.0235425329208374));
#8727=CARTESIAN_POINT('',(0.25,0.,0.02));
#8728=CARTESIAN_POINT('',(0.25,0.,0.02));
#8729=CARTESIAN_POINT('',(0.25,0.,0.02));
#8730=CARTESIAN_POINT('',(0.25,-0.0103428613529929,0.0484526865500379));
#8731=CARTESIAN_POINT('',(0.25,-0.0105498039363112,0.0483219400549574));
#8732=CARTESIAN_POINT('',(0.25,-0.0107522418520442,0.048183410582048));
#8733=CARTESIAN_POINT('',(0.25,-0.00487846306683615,0.0411055341983297));
#8734=CARTESIAN_POINT('',(0.25,-0.00484948741069905,0.0409061142190822));
#8735=CARTESIAN_POINT('',(0.25,-0.00480929202773836,0.0407052934989349));
#8736=CARTESIAN_POINT('',(0.25,0.000585935219320555,0.0337583818466215));
#8737=CARTESIAN_POINT('',(0.25,0.000850829114913075,0.033490288383207));
#8738=CARTESIAN_POINT('',(0.25,0.00113365779656753,0.0332271764158218));
#8739=CARTESIAN_POINT('',(0.25,-0.00518266296386719,0.0270736846923828));
#8740=CARTESIAN_POINT('',(0.25,-0.00530007934570313,0.0269826354980469));
#8741=CARTESIAN_POINT('',(0.25,-0.00541571044921875,0.0268889770507812));
#8742=CARTESIAN_POINT('',(0.25,-0.0025913314819336,0.0235368423461914));
#8743=CARTESIAN_POINT('',(0.25,-0.00265003967285156,0.0234913177490234));
#8744=CARTESIAN_POINT('',(0.25,-0.00270785522460938,0.0234444885253906));
#8745=CARTESIAN_POINT('',(0.25,0.,0.02));
#8746=CARTESIAN_POINT('',(0.25,0.,0.02));
#8747=CARTESIAN_POINT('',(0.25,0.,0.02));
#8748=CARTESIAN_POINT('',(0.25,-0.0109497065532961,0.0480372922097888));
#8749=CARTESIAN_POINT('',(0.25,-0.0113446359557999,0.0477450554652702));
#8750=CARTESIAN_POINT('',(0.25,-0.0117196725003789,0.047422463123352));
#8751=CARTESIAN_POINT('',(0.25,-0.00475788583530075,0.0405046296647367));
#8752=CARTESIAN_POINT('',(0.25,-0.00465507345042554,0.0401033019963402));
#8753=CARTESIAN_POINT('',(0.25,-0.00450741782764268,0.0397026018717399));
#8754=CARTESIAN_POINT('',(0.25,0.00143393488269463,0.0329719671196846));
#8755=CARTESIAN_POINT('',(0.25,0.00203448905494881,0.0324615485274102));
#8756=CARTESIAN_POINT('',(0.25,0.00270483684509355,0.0319827406201277));
#8757=CARTESIAN_POINT('',(0.25,-0.0055294189453125,0.0267928466796875));
#8758=CARTESIAN_POINT('',(0.25,-0.0057568359375,0.0266005859375));
#8759=CARTESIAN_POINT('',(0.25,-0.0059765625,0.0263984375));
#8760=CARTESIAN_POINT('',(0.25,-0.00276470947265625,0.0233964233398437));
#8761=CARTESIAN_POINT('',(0.25,-0.00287841796875,0.02330029296875));
#8762=CARTESIAN_POINT('',(0.25,-0.00298828125,0.02319921875));
#8763=CARTESIAN_POINT('',(0.25,0.,0.02));
#8764=CARTESIAN_POINT('',(0.25,0.,0.02));
#8765=CARTESIAN_POINT('',(0.25,0.,0.02));
#8766=CARTESIAN_POINT('',(0.25,-0.0120710678118655,0.0470710678118655));
#8767=CARTESIAN_POINT('',(0.25,-0.0120738130877365,0.0470683225359945));
#8768=CARTESIAN_POINT('',(0.25,-0.0120820418833744,0.0470600809365961));
#8769=CARTESIAN_POINT('',(0.25,-0.00431499030572553,0.0393149903057255));
#8770=CARTESIAN_POINT('',(0.25,-0.00431348696571055,0.039311962090366));
#8771=CARTESIAN_POINT('',(0.25,-0.00431746585574905,0.0393034401083351));
#8772=CARTESIAN_POINT('',(0.25,0.00344108720041442,0.0315589127995856));
#8773=CARTESIAN_POINT('',(0.25,0.00344683915631536,0.0315556016447376));
#8774=CARTESIAN_POINT('',(0.25,0.00344711017187633,0.0315467992800741));
#8775=CARTESIAN_POINT('',(0.25,-0.0061875,0.0261875));
#8776=CARTESIAN_POINT('',(0.25,-0.00618914794921875,0.0261858520507812));
#8777=CARTESIAN_POINT('',(0.25,-0.0061907953619957,0.0261842035651207));
#8778=CARTESIAN_POINT('',(0.25,-0.00309375,0.02309375));
#8779=CARTESIAN_POINT('',(0.25,-0.00309457397460938,0.0230929260253906));
#8780=CARTESIAN_POINT('',(0.25,-0.00309539768099785,0.0230921017825603));
#8781=CARTESIAN_POINT('',(0.25,0.,0.02));
#8782=CARTESIAN_POINT('',(0.25,0.,0.02));
#8783=CARTESIAN_POINT('',(0.25,0.,0.02));
#8784=CARTESIAN_POINT('',(0.25,-0.0120875183652436,0.0470545788555822));
#8785=CARTESIAN_POINT('',(0.25,-0.0120929948471128,0.0470490767745683));
#8786=CARTESIAN_POINT('',(0.25,-0.0120984642910842,0.0470435689360679));
#8787=CARTESIAN_POINT('',(0.25,-0.00431869146102605,0.0392976600515167));
#8788=CARTESIAN_POINT('',(0.25,-0.00431991706630305,0.0392918799946984));
#8789=CARTESIAN_POINT('',(0.25,-0.00432113466268953,0.0392860965872216));
#8790=CARTESIAN_POINT('',(0.25,0.00345013544319152,0.0315407412474513));
#8791=CARTESIAN_POINT('',(0.25,0.00345316071450671,0.0315346832148285));
#8792=CARTESIAN_POINT('',(0.25,0.00345619496570514,0.0315286242383753));
#8793=CARTESIAN_POINT('',(0.25,-0.00619244223780698,0.0261825545435422));
#8794=CARTESIAN_POINT('',(0.25,-0.00619408911361825,0.0261809055219637));
#8795=CARTESIAN_POINT('',(0.25,-0.00619573545246385,0.0261792559644673));
#8796=CARTESIAN_POINT('',(0.25,-0.00309622111890349,0.0230912772717711));
#8797=CARTESIAN_POINT('',(0.25,-0.00309704455680913,0.0230904527609819));
#8798=CARTESIAN_POINT('',(0.25,-0.00309786772623193,0.0230896279822337));
#8799=CARTESIAN_POINT('',(0.25,0.,0.02));
#8800=CARTESIAN_POINT('',(0.25,0.,0.02));
#8801=CARTESIAN_POINT('',(0.25,0.,0.02));
#8802=CARTESIAN_POINT('',(0.25,-0.012103926691235,0.0470380553543799));
#8803=CARTESIAN_POINT('',(0.25,-0.0121148514915366,0.0470270281910039));
#8804=CARTESIAN_POINT('',(0.25,-0.0121257481165557,0.0470159780548775));
#8805=CARTESIAN_POINT('',(0.25,-0.00432234417204634,0.0392803098844801));
#8806=CARTESIAN_POINT('',(0.25,-0.00432476319075994,0.0392687364789972));
#8807=CARTESIAN_POINT('',(0.25,-0.00432714986135483,0.0392571498924556));
#8808=CARTESIAN_POINT('',(0.25,0.00345923834714232,0.0315225644145803));
#8809=CARTESIAN_POINT('',(0.25,0.00346532511001668,0.0315104447669905));
#8810=CARTESIAN_POINT('',(0.25,0.00347144839384607,0.0314983217300338));
#8811=CARTESIAN_POINT('',(0.25,-0.00619738125381992,0.0261776058715768));
#8812=CARTESIAN_POINT('',(0.25,-0.00620067285653204,0.0261743056857958));
#8813=CARTESIAN_POINT('',(0.25,-0.006203962309286,0.0261710033584386));
#8814=CARTESIAN_POINT('',(0.25,-0.00309869062690996,0.0230888029357884));
#8815=CARTESIAN_POINT('',(0.25,-0.00310033642826602,0.0230871528428979));
#8816=CARTESIAN_POINT('',(0.25,-0.003101981154643,0.0230855016792193));
#8817=CARTESIAN_POINT('',(0.25,0.,0.02));
#8818=CARTESIAN_POINT('',(0.25,0.,0.02));
#8819=CARTESIAN_POINT('',(0.25,0.,0.02));
#8820=CARTESIAN_POINT('',(0.25,-0.01213661651891,0.0470049050603921));
#8821=CARTESIAN_POINT('',(0.25,-0.0121583533236187,0.0469827590714213));
#8822=CARTESIAN_POINT('',(0.25,-0.0121799772376679,0.0469605216490144));
#8823=CARTESIAN_POINT('',(0.25,-0.00432950422682629,0.0392455502411139));
#8824=CARTESIAN_POINT('',(0.25,-0.0043342129577692,0.0392223509384304));
#8825=CARTESIAN_POINT('',(0.25,-0.00433879246821837,0.0391990993765462));
#8826=CARTESIAN_POINT('',(0.25,0.00347760806525747,0.0314861954218357));
#8827=CARTESIAN_POINT('',(0.25,0.00348992740808028,0.0314619428054396));
#8828=CARTESIAN_POINT('',(0.25,0.00350239230123117,0.031437677104078));
#8829=CARTESIAN_POINT('',(0.25,-0.00620724960789085,0.0261676988936961));
#8830=CARTESIAN_POINT('',(0.25,-0.00621382420510054,0.026161089964211));
#8831=CARTESIAN_POINT('',(0.25,-0.00622039018571377,0.0261544724851847));
#8832=CARTESIAN_POINT('',(0.25,-0.00310362480394542,0.023083849446848));
#8833=CARTESIAN_POINT('',(0.25,-0.00310691210255027,0.0230805449821055));
#8834=CARTESIAN_POINT('',(0.25,-0.00311019509285689,0.0230772362425923));
#8835=CARTESIAN_POINT('',(0.25,0.,0.02));
#8836=CARTESIAN_POINT('',(0.25,0.,0.02));
#8837=CARTESIAN_POINT('',(0.25,0.,0.02));
#8838=CARTESIAN_POINT('',(0.25,-0.0122014878819982,0.0469381937083021));
#8839=CARTESIAN_POINT('',(0.25,-0.0122445091706588,0.0468935378268774));
#8840=CARTESIAN_POINT('',(0.25,-0.0122870773804436,0.0468485198722308));
#8841=CARTESIAN_POINT('',(0.25,-0.00434324262910223,0.0391757967186684));
#8842=CARTESIAN_POINT('',(0.25,-0.00435214295086996,0.0391291914029129));
#8843=CARTESIAN_POINT('',(0.25,-0.00436052587437646,0.0390823817031831));
#8844=CARTESIAN_POINT('',(0.25,0.00351500262379373,0.0314133997290348));
#8845=CARTESIAN_POINT('',(0.25,0.00354022326891884,0.0313648449789484));
#8846=CARTESIAN_POINT('',(0.25,0.00356602563169067,0.0313162435341353));
#8847=CARTESIAN_POINT('',(0.25,-0.00622694751620293,0.0261478464901447));
#8848=CARTESIAN_POINT('',(0.25,-0.00624006217718125,0.0261345945000648));
#8849=CARTESIAN_POINT('',(0.25,-0.00625314223766327,0.0261213084459305));
#8850=CARTESIAN_POINT('',(0.25,-0.00311347375810147,0.0230739232450724));
#8851=CARTESIAN_POINT('',(0.25,-0.00312003108859062,0.0230672972500324));
#8852=CARTESIAN_POINT('',(0.25,-0.00312657111883164,0.0230606542229652));
#8853=CARTESIAN_POINT('',(0.25,0.,0.02));
#8854=CARTESIAN_POINT('',(0.25,0.,0.02));
#8855=CARTESIAN_POINT('',(0.25,0.,0.02));
#8856=CARTESIAN_POINT('',(0.25,-0.0123291894788765,0.0468031471654077));
#8857=CARTESIAN_POINT('',(0.25,-0.0124134136757422,0.0467124017517615));
#8858=CARTESIAN_POINT('',(0.25,-0.0124958134272,0.046620237329409));
#8859=CARTESIAN_POINT('',(0.25,-0.00436839073882311,0.0390353766992223));
#8860=CARTESIAN_POINT('',(0.25,-0.00438412046771639,0.0389413666913009));
#8861=CARTESIAN_POINT('',(0.25,-0.00439777796037023,0.0388465754664557));
#8862=CARTESIAN_POINT('',(0.25,0.00359240800123025,0.0312676062330369));
#8863=CARTESIAN_POINT('',(0.25,0.00364517274030941,0.0311703316308402));
#8864=CARTESIAN_POINT('',(0.25,0.00370025750645959,0.0310729136035024));
#8865=CARTESIAN_POINT('',(0.25,-0.0062661874294281,0.0261079885959625));
#8866=CARTESIAN_POINT('',(0.25,-0.00629227781295777,0.0260813488960266));
#8867=CARTESIAN_POINT('',(0.25,-0.00631822872161866,0.0260545740127563));
#8868=CARTESIAN_POINT('',(0.25,-0.00313309371471405,0.0230539942979813));
#8869=CARTESIAN_POINT('',(0.25,-0.00314613890647888,0.0230406744480133));
#8870=CARTESIAN_POINT('',(0.25,-0.00315911436080933,0.0230272870063782));
#8871=CARTESIAN_POINT('',(0.25,0.,0.02));
#8872=CARTESIAN_POINT('',(0.25,0.,0.02));
#8873=CARTESIAN_POINT('',(0.25,0.,0.02));
#8874=CARTESIAN_POINT('',(0.25,-0.0125763644734401,0.0465267124667123));
#8875=CARTESIAN_POINT('',(0.25,-0.0127374665659203,0.0463396627413187));
#8876=CARTESIAN_POINT('',(0.25,-0.0128911738375295,0.046147171254548));
#8877=CARTESIAN_POINT('',(0.25,-0.00440935789008955,0.038751075807735));
#8878=CARTESIAN_POINT('',(0.25,-0.00443251774952819,0.0385600764902935));
#8879=CARTESIAN_POINT('',(0.25,-0.00444736735722878,0.0383662434373498));
#8880=CARTESIAN_POINT('',(0.25,0.00375764869326104,0.0309754391487577));
#8881=CARTESIAN_POINT('',(0.25,0.00387243106686395,0.0307804902392684));
#8882=CARTESIAN_POINT('',(0.25,0.00399643912307196,0.0305853156201516));
#8883=CARTESIAN_POINT('',(0.25,-0.00634403800964356,0.0260276660919189));
#8884=CARTESIAN_POINT('',(0.25,-0.00639565658569336,0.0259738502502441));
#8885=CARTESIAN_POINT('',(0.25,-0.00644670867919922,0.0259195022583008));
#8886=CARTESIAN_POINT('',(0.25,-0.00317201900482178,0.0230138330459595));
#8887=CARTESIAN_POINT('',(0.25,-0.00319782829284668,0.0229869251251221));
#8888=CARTESIAN_POINT('',(0.25,-0.00322335433959961,0.0229597511291504));
#8889=CARTESIAN_POINT('',(0.25,0.,0.02));
#8890=CARTESIAN_POINT('',(0.25,0.,0.02));
#8891=CARTESIAN_POINT('',(0.25,0.,0.02));
#8892=CARTESIAN_POINT('',(0.25,-0.0130372922097888,0.0459497065532961));
#8893=CARTESIAN_POINT('',(0.25,-0.0133295289543073,0.0455547771507924));
#8894=CARTESIAN_POINT('',(0.25,-0.0135914101014262,0.0451399548903638));
#8895=CARTESIAN_POINT('',(0.25,-0.00445387156565736,0.0381701475519871));
#8896=CARTESIAN_POINT('',(0.25,-0.00446687998251454,0.0377779557812618));
#8897=CARTESIAN_POINT('',(0.25,-0.0044465068022837,0.0373767126808609));
#8898=CARTESIAN_POINT('',(0.25,0.00412954907847405,0.0303905885506781));
#8899=CARTESIAN_POINT('',(0.25,0.00439576898927825,0.0300011344117313));
#8900=CARTESIAN_POINT('',(0.25,0.00469839649685877,0.029613470471358));
#8901=CARTESIAN_POINT('',(0.25,-0.00649717712402344,0.0258646392822266));
#8902=CARTESIAN_POINT('',(0.25,-0.00659811401367188,0.0257549133300781));
#8903=CARTESIAN_POINT('',(0.25,-0.00669671630859375,0.0256431274414063));
#8904=CARTESIAN_POINT('',(0.25,-0.00324858856201172,0.0229323196411133));
#8905=CARTESIAN_POINT('',(0.25,-0.00329905700683594,0.0228774566650391));
#8906=CARTESIAN_POINT('',(0.25,-0.00334835815429688,0.0228215637207031));
#8907=CARTESIAN_POINT('',(0.25,0.,0.02));
#8908=CARTESIAN_POINT('',(0.25,0.,0.02));
#8909=CARTESIAN_POINT('',(0.25,0.,0.02));
#8910=CARTESIAN_POINT('',(0.25,-0.0138213830233141,0.0447089881471782));
#8911=CARTESIAN_POINT('',(0.25,-0.0140513559452019,0.0442780214039926));
#8912=CARTESIAN_POINT('',(0.25,-0.0142494206418588,0.0438309101780499));
#8913=CARTESIAN_POINT('',(0.25,-0.00439253328867805,0.036970931148052));
#8914=CARTESIAN_POINT('',(0.25,-0.00433855977507239,0.0365651496152431));
#8915=CARTESIAN_POINT('',(0.25,-0.00425098592809192,0.0361548296500262));
#8916=CARTESIAN_POINT('',(0.25,0.00503631644595796,0.0292328741489258));
#8917=CARTESIAN_POINT('',(0.25,0.00537423639505714,0.0288522778264936));
#8918=CARTESIAN_POINT('',(0.25,0.00574744878567498,0.0284787491220024));
#8919=CARTESIAN_POINT('',(0.25,-0.0067928466796875,0.0255294189453125));
#8920=CARTESIAN_POINT('',(0.25,-0.00688897705078125,0.0254157104492187));
#8921=CARTESIAN_POINT('',(0.25,-0.00698263549804688,0.0253000793457031));
#8922=CARTESIAN_POINT('',(0.25,-0.00339642333984375,0.0227647094726562));
#8923=CARTESIAN_POINT('',(0.25,-0.00344448852539062,0.0227078552246094));
#8924=CARTESIAN_POINT('',(0.25,-0.00349131774902344,0.0226500396728516));
#8925=CARTESIAN_POINT('',(0.25,0.,0.02));
#8926=CARTESIAN_POINT('',(0.25,0.,0.02));
#8927=CARTESIAN_POINT('',(0.25,0.,0.02));
#8928=CARTESIAN_POINT('',(0.25,-0.0144140244854534,0.0433714028445178));
#8929=CARTESIAN_POINT('',(0.25,-0.0144345999659027,0.0433139644278263));
#8930=CARTESIAN_POINT('',(0.25,-0.0144546526205229,0.0432563323219537));
#8931=CARTESIAN_POINT('',(0.25,-0.00412976337249488,0.0357441732293409));
#8932=CARTESIAN_POINT('',(0.25,-0.00411461055304526,0.0356928411767552));
#8933=CARTESIAN_POINT('',(0.25,-0.00409893197252349,0.0356415038670528));
#8934=CARTESIAN_POINT('',(0.25,0.00615449774046363,0.0281169436141639));
#8935=CARTESIAN_POINT('',(0.25,0.00620537885981221,0.0280717179256841));
#8936=CARTESIAN_POINT('',(0.25,0.00625678867547596,0.028026675412152));
#8937=CARTESIAN_POINT('',(0.25,-0.00707368469238281,0.0251826629638672));
#8938=CARTESIAN_POINT('',(0.25,-0.00708506584167481,0.0251679859161377));
#8939=CARTESIAN_POINT('',(0.25,-0.00709640622138977,0.0251532809734344));
#8940=CARTESIAN_POINT('',(0.25,-0.00353684234619141,0.0225913314819336));
#8941=CARTESIAN_POINT('',(0.25,-0.0035425329208374,0.0225839929580688));
#8942=CARTESIAN_POINT('',(0.25,-0.00354820311069488,0.0225766404867172));
#8943=CARTESIAN_POINT('',(0.25,0.,0.02));
#8944=CARTESIAN_POINT('',(0.25,0.,0.02));
#8945=CARTESIAN_POINT('',(0.25,0.,0.02));
#8946=CARTESIAN_POINT('',(0.25,-0.0144741794168378,0.0431985138479452));
#8947=CARTESIAN_POINT('',(0.25,-0.0144839428149953,0.043169604610941));
#8948=CARTESIAN_POINT('',(0.25,-0.0144935747485764,0.0431406487819029));
#8949=CARTESIAN_POINT('',(0.25,-0.0040827275364467,0.03559016950722));
#8950=CARTESIAN_POINT('',(0.25,-0.0040746253184083,0.0355645023273036));
#8951=CARTESIAN_POINT('',(0.25,-0.00406639163648115,0.0355388358848545));
#8952=CARTESIAN_POINT('',(0.25,0.00630872434394444,0.0279818251664948));
#8953=CARTESIAN_POINT('',(0.25,0.00633469217817867,0.0279594000436661));
#8954=CARTESIAN_POINT('',(0.25,0.00636079147561409,0.0279370229878062));
#8955=CARTESIAN_POINT('',(0.25,-0.00710770556330681,0.0251385484039783));
#8956=CARTESIAN_POINT('',(0.25,-0.00711335523426533,0.0251311821192503));
#8957=CARTESIAN_POINT('',(0.25,-0.00711899464577436,0.025123808927834));
#8958=CARTESIAN_POINT('',(0.25,-0.0035538527816534,0.0225692742019892));
#8959=CARTESIAN_POINT('',(0.25,-0.00355667761713266,0.0225655910596251));
#8960=CARTESIAN_POINT('',(0.25,-0.00355949732288718,0.022561904463917));
#8961=CARTESIAN_POINT('',(0.25,0.,0.02));
#8962=CARTESIAN_POINT('',(0.25,0.,0.02));
#8963=CARTESIAN_POINT('',(0.25,0.,0.02));
#8964=CARTESIAN_POINT('',(0.25,-0.0145030748385216,0.0431116472759614));
#8965=CARTESIAN_POINT('',(0.25,-0.014505449861008,0.043104396899476));
#8966=CARTESIAN_POINT('',(0.25,-0.014507816643267,0.0430971436681842));
#8967=CARTESIAN_POINT('',(0.25,-0.00405802647885488,0.0355131712057462));
#8968=CARTESIAN_POINT('',(0.25,-0.00405593518944831,0.0355067550359691));
#8969=CARTESIAN_POINT('',(0.25,-0.00405383568281055,0.0355003389764008));
#8970=CARTESIAN_POINT('',(0.25,0.00638702188081188,0.0279146951355309));
#8971=CARTESIAN_POINT('',(0.25,0.00639357948211133,0.0279091131724621));
#8972=CARTESIAN_POINT('',(0.25,0.00640014527764593,0.0279035342846173));
#8973=CARTESIAN_POINT('',(0.25,-0.0071246237643063,0.0251164288632572));
#8974=CARTESIAN_POINT('',(0.25,-0.00712603104393929,0.0251145838471129));
#8975=CARTESIAN_POINT('',(0.25,-0.00712743768026121,0.0251127384013962));
#8976=CARTESIAN_POINT('',(0.25,-0.00356231188215315,0.0225582144316286));
#8977=CARTESIAN_POINT('',(0.25,-0.00356301552196965,0.0225572919235565));
#8978=CARTESIAN_POINT('',(0.25,-0.0035637188401306,0.0225563692006981));
#8979=CARTESIAN_POINT('',(0.25,0.,0.02));
#8980=CARTESIAN_POINT('',(0.25,0.,0.02));
#8981=CARTESIAN_POINT('',(0.25,0.,0.02));
#8982=CARTESIAN_POINT('',(0.25,-0.0145101751793761,0.0430898875963848));
#8983=CARTESIAN_POINT('',(0.25,-0.0145125337154851,0.0430826315245855));
#8984=CARTESIAN_POINT('',(0.25,-0.0145148840054441,0.0430753726122785));
#8985=CARTESIAN_POINT('',(0.25,-0.00405172795875706,0.0354939230430705));
#8986=CARTESIAN_POINT('',(0.25,-0.00404962023470356,0.0354875071097403));
#8987=CARTESIAN_POINT('',(0.25,-0.00404750429323434,0.0354810913026481));
#8988=CARTESIAN_POINT('',(0.25,0.00640671926186194,0.0278979584897562));
#8989=CARTESIAN_POINT('',(0.25,0.00641329324607796,0.0278923826948951));
#8990=CARTESIAN_POINT('',(0.25,0.00641987541897538,0.0278868099930176));
#8991=CARTESIAN_POINT('',(0.25,-0.00712884367274819,0.0251108925266308));
#8992=CARTESIAN_POINT('',(0.25,-0.00713024966523517,0.0251090466518654));
#8993=CARTESIAN_POINT('',(0.25,-0.00713165501388721,0.0251072003480513));
#8994=CARTESIAN_POINT('',(0.25,-0.00356442183637409,0.0225554462633154));
#8995=CARTESIAN_POINT('',(0.25,-0.00356512483261758,0.0225545233259327));
#8996=CARTESIAN_POINT('',(0.25,-0.00356582750694361,0.0225536001740256));
#8997=CARTESIAN_POINT('',(0.25,0.,0.02));
#8998=CARTESIAN_POINT('',(0.25,0.,0.02));
#8999=CARTESIAN_POINT('',(0.25,0.,0.02));
#9000=CARTESIAN_POINT('',(0.25,-0.0145172260433302,0.043068110873763));
#9001=CARTESIAN_POINT('',(0.25,-0.0145219101191024,0.043053587396732));
#9002=CARTESIAN_POINT('',(0.25,-0.0145265611865833,0.0430390526148664));
#9003=CARTESIAN_POINT('',(0.25,-0.00404538013416484,0.0354746756378232));
#9004=CARTESIAN_POINT('',(0.25,-0.00404113181602585,0.0354618443081735));
#9005=CARTESIAN_POINT('',(0.25,-0.00403685062748578,0.0354490135475932));
#9006=CARTESIAN_POINT('',(0.25,0.0064264657750005,0.0278812404018835));
#9007=CARTESIAN_POINT('',(0.25,0.00643964648705074,0.0278701012196151));
#9008=CARTESIAN_POINT('',(0.25,0.00645285993161171,0.0278589744803199));
#9009=CARTESIAN_POINT('',(0.25,-0.00713305971818045,0.0251053536157124));
#9010=CARTESIAN_POINT('',(0.25,-0.00713586912676692,0.0251016601510346));
#9011=CARTESIAN_POINT('',(0.25,-0.00713867595791817,0.0250979649722576));
#9012=CARTESIAN_POINT('',(0.25,-0.00356652985909022,0.0225526768078562));
#9013=CARTESIAN_POINT('',(0.25,-0.00356793456338346,0.0225508300755173));
#9014=CARTESIAN_POINT('',(0.25,-0.00356933797895908,0.0225489824861288));
#9015=CARTESIAN_POINT('',(0.25,0.,0.02));
#9016=CARTESIAN_POINT('',(0.25,0.,0.02));
#9017=CARTESIAN_POINT('',(0.25,0.,0.02));
#9018=CARTESIAN_POINT('',(0.25,-0.0145311791983903,0.0430245066425577));
#9019=CARTESIAN_POINT('',(0.25,-0.0145681232928463,0.042908138864088));
#9020=CARTESIAN_POINT('',(0.25,-0.014602951824176,0.0427910548972559));
#9021=CARTESIAN_POINT('',(0.25,-0.00403253656706835,0.0354361834843163));
#9022=CARTESIAN_POINT('',(0.25,-0.00399802408372887,0.0353335429781011));
#9023=CARTESIAN_POINT('',(0.25,-0.0039614078002377,0.0352309470993088));
#9024=CARTESIAN_POINT('',(0.25,0.00646610606425359,0.0278478603260748));
#9025=CARTESIAN_POINT('',(0.25,0.00657207512538854,0.0277589470921141));
#9026=CARTESIAN_POINT('',(0.25,0.0066801362237006,0.0276708393013617));
#9027=CARTESIAN_POINT('',(0.25,-0.00714148020744324,0.0250942680835724));
#9028=CARTESIAN_POINT('',(0.25,-0.0071639142036438,0.0250646929740906));
#9029=CARTESIAN_POINT('',(0.25,-0.00718618297576904,0.025035008430481));
#9030=CARTESIAN_POINT('',(0.25,-0.00357074010372162,0.0225471340417862));
#9031=CARTESIAN_POINT('',(0.25,-0.0035819571018219,0.0225323464870453));
#9032=CARTESIAN_POINT('',(0.25,-0.00359309148788452,0.0225175042152405));
#9033=CARTESIAN_POINT('',(0.25,0.,0.02));
#9034=CARTESIAN_POINT('',(0.25,0.,0.02));
#9035=CARTESIAN_POINT('',(0.25,0.,0.02));
#9036=CARTESIAN_POINT('',(0.25,-0.0146356405325696,0.0426733133104235));
#9037=CARTESIAN_POINT('',(0.25,-0.0147010179493568,0.0424378301367587));
#9038=CARTESIAN_POINT('',(0.25,-0.0147578360743996,0.0421997164830926));
#9039=CARTESIAN_POINT('',(0.25,-0.0039226869607317,0.0351284615038291));
#9040=CARTESIAN_POINT('',(0.25,-0.00384524528171969,0.0349234903128697));
#9041=CARTESIAN_POINT('',(0.25,-0.00375938537864832,0.0347189602551607));
#9042=CARTESIAN_POINT('',(0.25,0.00679026661110623,0.0275836096972347));
#9043=CARTESIAN_POINT('',(0.25,0.00701052738591747,0.0274091504889807));
#9044=CARTESIAN_POINT('',(0.25,0.00723906531710293,0.0272382040272289));
#9045=CARTESIAN_POINT('',(0.25,-0.00720828437805176,0.0250052165985107));
#9046=CARTESIAN_POINT('',(0.25,-0.00725248718261719,0.0249456329345703));
#9047=CARTESIAN_POINT('',(0.25,-0.0072960205078125,0.0248856201171875));
#9048=CARTESIAN_POINT('',(0.25,-0.00360414218902588,0.0225026082992554));
#9049=CARTESIAN_POINT('',(0.25,-0.00362624359130859,0.0224728164672852));
#9050=CARTESIAN_POINT('',(0.25,-0.00364801025390625,0.0224428100585937));
#9051=CARTESIAN_POINT('',(0.25,0.,0.02));
#9052=CARTESIAN_POINT('',(0.25,0.,0.02));
#9053=CARTESIAN_POINT('',(0.25,0.,0.02));
#9054=CARTESIAN_POINT('',(0.25,-0.0148059008292189,0.0419594408963209));
#9055=CARTESIAN_POINT('',(0.25,-0.0149020303388576,0.0414788897227777));
#9056=CARTESIAN_POINT('',(0.25,-0.0149631463676026,0.0409896908168128));
#9057=CARTESIAN_POINT('',(0.25,-0.00366510120461239,0.0345153965778195));
#9058=CARTESIAN_POINT('',(0.25,-0.00347653285654051,0.0341082692231372));
#9059=CARTESIAN_POINT('',(0.25,-0.00325426742461036,0.0337050073899261));
#9060=CARTESIAN_POINT('',(0.25,0.00747569841999413,0.0270713522593181));
#9061=CARTESIAN_POINT('',(0.25,0.00794896462577653,0.0267376487234966));
#9062=CARTESIAN_POINT('',(0.25,0.00845461151838188,0.0264203239630394));
#9063=CARTESIAN_POINT('',(0.25,-0.0073388671875,0.0248251953125));
#9064=CARTESIAN_POINT('',(0.25,-0.007424560546875,0.024704345703125));
#9065=CARTESIAN_POINT('',(0.25,-0.00750750732421875,0.0245818481445312));
#9066=CARTESIAN_POINT('',(0.25,-0.00366943359375,0.02241259765625));
#9067=CARTESIAN_POINT('',(0.25,-0.0037122802734375,0.0223521728515625));
#9068=CARTESIAN_POINT('',(0.25,-0.00375375366210937,0.0222909240722656));
#9069=CARTESIAN_POINT('',(0.25,0.,0.02));
#9070=CARTESIAN_POINT('',(0.25,0.,0.02));
#9071=CARTESIAN_POINT('',(0.25,0.,0.02));
#9072=CARTESIAN_POINT('',(0.25,-0.0149876962876227,0.0404955925535938));
#9073=CARTESIAN_POINT('',(0.25,-0.0149938337676277,0.040372067987789));
#9074=CARTESIAN_POINT('',(0.25,-0.0149976858658374,0.0402482372121559));
#9075=CARTESIAN_POINT('',(0.25,-0.00299838813117198,0.0333094777938127));
#9076=CARTESIAN_POINT('',(0.25,-0.00293441830781238,0.0332105953947843));
#9077=CARTESIAN_POINT('',(0.25,-0.00286834761810853,0.0331121962605746));
#9078=CARTESIAN_POINT('',(0.25,0.00899092002527875,0.0261233630340316));
#9079=CARTESIAN_POINT('',(0.25,0.00912499715200296,0.0260491228017796));
#9080=CARTESIAN_POINT('',(0.25,0.00926099062962039,0.0259761553089932));
#9081=CARTESIAN_POINT('',(0.25,-0.00758757019042969,0.0244578399658203));
#9082=CARTESIAN_POINT('',(0.25,-0.00760758590698242,0.0244268379211426));
#9083=CARTESIAN_POINT('',(0.25,-0.00762742137908936,0.0243957414627075));
#9084=CARTESIAN_POINT('',(0.25,-0.00379378509521484,0.0222289199829102));
#9085=CARTESIAN_POINT('',(0.25,-0.00380379295349121,0.0222134189605713));
#9086=CARTESIAN_POINT('',(0.25,-0.00381371068954468,0.0221978707313538));
#9087=CARTESIAN_POINT('',(0.25,0.,0.02));
#9088=CARTESIAN_POINT('',(0.25,0.,0.02));
#9089=CARTESIAN_POINT('',(0.25,0.,0.02));
#9090=CARTESIAN_POINT('',(0.25,-0.014999228322442,0.0401241587950564));
#9091=CARTESIAN_POINT('',(0.25,-0.0149996139365931,0.0400931391907815));
#9092=CARTESIAN_POINT('',(0.25,-0.0149998551981439,0.040062104108915));
#9093=CARTESIAN_POINT('',(0.25,-0.00280017712660488,0.0330143399175121));
#9094=CARTESIAN_POINT('',(0.25,-0.00278313450372897,0.0329898758317465));
#9095=CARTESIAN_POINT('',(0.25,-0.00276596064324057,0.0329654456704276));
#9096=CARTESIAN_POINT('',(0.25,0.00939887406923223,0.0259045210399678));
#9097=CARTESIAN_POINT('',(0.25,0.00943334492913519,0.0258866124727115));
#9098=CARTESIAN_POINT('',(0.25,0.0094679339116628,0.0258687872319402));
#9099=CARTESIAN_POINT('',(0.25,-0.00764707446098328,0.0243645527362823));
#9100=CARTESIAN_POINT('',(0.25,-0.00765198773145676,0.0243567555546761));
#9101=CARTESIAN_POINT('',(0.25,-0.00765688960254192,0.0243489526063204));
#9102=CARTESIAN_POINT('',(0.25,-0.00382353723049164,0.0221822763681412));
#9103=CARTESIAN_POINT('',(0.25,-0.00382599386572838,0.022178377777338));
#9104=CARTESIAN_POINT('',(0.25,-0.00382844480127096,0.0221744763031602));
#9105=CARTESIAN_POINT('',(0.25,0.,0.02));
#9106=CARTESIAN_POINT('',(0.25,0.,0.02));
#9107=CARTESIAN_POINT('',(0.25,0.,0.02));
#9108=CARTESIAN_POINT('',(0.25,-0.0149999517280349,0.0400310544645875));
#9109=CARTESIAN_POINT('',(0.25,-0.0149999758605076,0.0400232920535056));
#9110=CARTESIAN_POINT('',(0.25,-0.0149999909472516,0.0400155287322699));
#9111=CARTESIAN_POINT('',(0.25,-0.00274865557904686,0.0329410503464924));
#9112=CARTESIAN_POINT('',(0.25,-0.00274432931299843,0.0329349515155086));
#9113=CARTESIAN_POINT('',(0.25,-0.00273999484671842,0.0329288548618613));
#9114=CARTESIAN_POINT('',(0.25,0.00950264056994119,0.0258510462283974));
#9115=CARTESIAN_POINT('',(0.25,0.00951131723451078,0.0258466109775117));
#9116=CARTESIAN_POINT('',(0.25,0.0095200012538148,0.0258421809914527));
#9117=CARTESIAN_POINT('',(0.25,-0.00766178004071116,0.0243411439247429));
#9118=CARTESIAN_POINT('',(0.25,-0.00766300265025347,0.0243391917543486));
#9119=CARTESIAN_POINT('',(0.25,-0.00766422454523854,0.0243372392256279));
#9120=CARTESIAN_POINT('',(0.25,-0.00383089002035558,0.0221705719623715));
#9121=CARTESIAN_POINT('',(0.25,-0.00383150132512674,0.0221695958771743));
#9122=CARTESIAN_POINT('',(0.25,-0.00383211227261927,0.0221686196128139));
#9123=CARTESIAN_POINT('',(0.25,0.,0.02));
#9124=CARTESIAN_POINT('',(0.25,0.,0.02));
#9125=CARTESIAN_POINT('',(0.25,0.,0.02));
#9126=CARTESIAN_POINT('',(0.25,-0.0149999969823441,0.0400077645151793));
#9127=CARTESIAN_POINT('',(0.25,-0.0150000030174365,0.0400000002980887));
#9128=CARTESIAN_POINT('',(0.25,-0.015,0.039990234375));
#9129=CARTESIAN_POINT('',(0.25,-0.00273565217972569,0.0329227603981531));
#9130=CARTESIAN_POINT('',(0.25,-0.00273130951273297,0.0329166659344448));
#9131=CARTESIAN_POINT('',(0.25,-0.00272695864415007,0.0329085728505325));
#9132=CARTESIAN_POINT('',(0.25,0.00952869262289271,0.0258377562811269));
#9133=CARTESIAN_POINT('',(0.25,0.00953738399197061,0.025833331570801));
#9134=CARTESIAN_POINT('',(0.25,0.00954608271169985,0.025826911326065));
#9135=CARTESIAN_POINT('',(0.25,-0.00766544572514249,0.0243352863391047));
#9136=CARTESIAN_POINT('',(0.25,-0.00766666690504644,0.0243333334525814));
#9137=CARTESIAN_POINT('',(0.25,-0.00766788736986927,0.0243313802082557));
#9138=CARTESIAN_POINT('',(0.25,-0.00383272286257124,0.0221676431695523));
#9139=CARTESIAN_POINT('',(0.25,-0.00383333345252322,0.0221666667262907));
#9140=CARTESIAN_POINT('',(0.25,-0.00383394368493464,0.0221656901041279));
#9141=CARTESIAN_POINT('',(0.25,0.,0.02));
#9142=CARTESIAN_POINT('',(0.25,0.,0.02));
#9143=CARTESIAN_POINT('',(0.25,0.,0.02));
#9144=CARTESIAN_POINT('',(0.25,-0.015,0.03998046875));
#9145=CARTESIAN_POINT('',(0.25,-0.015,0.0399609375));
#9146=CARTESIAN_POINT('',(0.25,-0.015,0.03994140625));
#9147=CARTESIAN_POINT('',(0.25,-0.00272261165311466,0.0329004831591));
#9148=CARTESIAN_POINT('',(0.25,-0.00271391767104384,0.032884303776235));
#9149=CARTESIAN_POINT('',(0.25,-0.00270522712941678,0.0328681367709348));
#9150=CARTESIAN_POINT('',(0.25,0.00955477669377067,0.0258204975682));
#9151=CARTESIAN_POINT('',(0.25,0.00957216465791231,0.02580767005247));
#9152=CARTESIAN_POINT('',(0.25,0.00958954574116644,0.0257948672918696));
#9153=CARTESIAN_POINT('',(0.25,-0.00766910711908713,0.0243294266066514));
#9154=CARTESIAN_POINT('',(0.25,-0.00767154661752283,0.0243255194034427));
#9155=CARTESIAN_POINT('',(0.25,-0.00767398325353861,0.0243216107711196));
#9156=CARTESIAN_POINT('',(0.25,-0.00383455355954356,0.0221647133033257));
#9157=CARTESIAN_POINT('',(0.25,-0.00383577330876142,0.0221627597017214));
#9158=CARTESIAN_POINT('',(0.25,-0.0038369916267693,0.0221608053855598));
#9159=CARTESIAN_POINT('',(0.25,0.,0.02));
#9160=CARTESIAN_POINT('',(0.25,0.,0.02));
#9161=CARTESIAN_POINT('',(0.25,0.,0.02));
#9162=CARTESIAN_POINT('',(0.25,-0.015,0.039921875));
#9163=CARTESIAN_POINT('',(0.25,-0.015,0.03984375));
#9164=CARTESIAN_POINT('',(0.25,-0.015,0.039765625));
#9165=CARTESIAN_POINT('',(0.25,-0.00269654004378309,0.0328519820371015));
#9166=CARTESIAN_POINT('',(0.25,-0.00266179170124834,0.0327873631017682));
#9167=CARTESIAN_POINT('',(0.25,-0.0026270986546076,0.0327229405099056));
#9168=CARTESIAN_POINT('',(0.25,0.00960691991243382,0.025782089074203));
#9169=CARTESIAN_POINT('',(0.25,0.00967641659750333,0.0257309762035365));
#9170=CARTESIAN_POINT('',(0.25,0.00974580269078479,0.0256802560198113));
#9171=CARTESIAN_POINT('',(0.25,-0.0076764170229435,0.0243177007138729));
#9172=CARTESIAN_POINT('',(0.25,-0.00768615210056305,0.0243020604848862));
#9173=CARTESIAN_POINT('',(0.25,-0.00769584131240845,0.0242863974571228));
#9174=CARTESIAN_POINT('',(0.25,-0.00383820851147175,0.0221588503569365));
#9175=CARTESIAN_POINT('',(0.25,-0.00384307605028152,0.0221510302424431));
#9176=CARTESIAN_POINT('',(0.25,-0.00384792065620422,0.0221431987285614));
#9177=CARTESIAN_POINT('',(0.25,0.,0.02));
#9178=CARTESIAN_POINT('',(0.25,0.,0.02));
#9179=CARTESIAN_POINT('',(0.25,0.,0.02));
#9180=CARTESIAN_POINT('',(0.25,-0.015,0.0396875));
#9181=CARTESIAN_POINT('',(0.25,-0.015,0.039375));
#9182=CARTESIAN_POINT('',(0.25,-0.015,0.0390625));
#9183=CARTESIAN_POINT('',(0.25,-0.00259246554254614,0.0326587185487167));
#9184=CARTESIAN_POINT('',(0.25,-0.00245393309430028,0.0324018307039611));
#9185=CARTESIAN_POINT('',(0.25,-0.00231635959932271,0.0321481529499848));
#9186=CARTESIAN_POINT('',(0.25,0.00981506891490772,0.0256299370974335));
#9187=CARTESIAN_POINT('',(0.25,0.0100921338113994,0.0254286614079222));
#9188=CARTESIAN_POINT('',(0.25,0.0103672808013546,0.0252338058999695));
#9189=CARTESIAN_POINT('',(0.25,-0.00770548439025879,0.0242707118988037));
#9190=CARTESIAN_POINT('',(0.25,-0.00774405670166016,0.0242079696655273));
#9191=CARTESIAN_POINT('',(0.25,-0.00778189086914063,0.0241448669433594));
#9192=CARTESIAN_POINT('',(0.25,-0.00385274219512939,0.0221353559494019));
#9193=CARTESIAN_POINT('',(0.25,-0.00387202835083008,0.0221039848327637));
#9194=CARTESIAN_POINT('',(0.25,-0.00389094543457031,0.0220724334716797));
#9195=CARTESIAN_POINT('',(0.25,0.,0.02));
#9196=CARTESIAN_POINT('',(0.25,0.,0.02));
#9197=CARTESIAN_POINT('',(0.25,0.,0.02));
#9198=CARTESIAN_POINT('',(0.25,-0.015,0.03875));
#9199=CARTESIAN_POINT('',(0.25,-0.015,0.0375));
#9200=CARTESIAN_POINT('',(0.25,-0.015,0.03625));
#9201=CARTESIAN_POINT('',(0.25,-0.0021798985738492,0.0318975130237037));
#9202=CARTESIAN_POINT('',(0.25,-0.00163405447195516,0.0308949533185795));
#9203=CARTESIAN_POINT('',(0.25,-0.00110600988212609,0.0299409988565801));
#9204=CARTESIAN_POINT('',(0.25,0.0106402028523016,0.0250450260474074));
#9205=CARTESIAN_POINT('',(0.25,0.0117318910560897,0.0242899066371591));
#9206=CARTESIAN_POINT('',(0.25,0.0127879802357478,0.0236319977131602));
#9207=CARTESIAN_POINT('',(0.25,-0.0078189697265625,0.0240814208984375));
#9208=CARTESIAN_POINT('',(0.25,-0.00796728515625,0.02382763671875));
#9209=CARTESIAN_POINT('',(0.25,-0.008103515625,0.023568359375));
#9210=CARTESIAN_POINT('',(0.25,-0.00390948486328125,0.0220407104492188));
#9211=CARTESIAN_POINT('',(0.25,-0.003983642578125,0.021913818359375));
#9212=CARTESIAN_POINT('',(0.25,-0.0040517578125,0.0217841796875));
#9213=CARTESIAN_POINT('',(0.25,0.,0.02));
#9214=CARTESIAN_POINT('',(0.25,0.,0.02));
#9215=CARTESIAN_POINT('',(0.25,0.,0.02));
#9216=CARTESIAN_POINT('',(0.25,-0.015,0.035));
#9217=CARTESIAN_POINT('',(0.25,-0.015,0.03));
#9218=CARTESIAN_POINT('',(0.25,-0.015,0.025));
#9219=CARTESIAN_POINT('',(0.25,-0.015,0.02));
#9220=CARTESIAN_POINT('',(0.25,-0.000611298062021528,0.0290400045123453));
#9221=CARTESIAN_POINT('',(0.25,0.00136754921839672,0.0254360271354061));
#9222=CARTESIAN_POINT('',(0.25,0.00281307218322281,0.0226794116427011));
#9223=CARTESIAN_POINT('',(0.25,0.003,0.02));
#9224=CARTESIAN_POINT('',(0.25,0.0137774038759569,0.0230800090246906));
#9225=CARTESIAN_POINT('',(0.25,0.0177350984367934,0.0208720542708121));
#9226=CARTESIAN_POINT('',(0.25,0.0206261443664456,0.0203588232854021));
#9227=CARTESIAN_POINT('',(0.25,0.021,0.02));
#9228=CARTESIAN_POINT('',(0.25,-0.0082265625,0.0233046875));
#9229=CARTESIAN_POINT('',(0.25,-0.00871875,0.02225));
#9230=CARTESIAN_POINT('',(0.25,-0.009,0.021125));
#9231=CARTESIAN_POINT('',(0.25,-0.009,0.02));
#9232=CARTESIAN_POINT('',(0.25,-0.00411328125,0.02165234375));
#9233=CARTESIAN_POINT('',(0.25,-0.004359375,0.021125));
#9234=CARTESIAN_POINT('',(0.25,-0.0045,0.0205625));
#9235=CARTESIAN_POINT('',(0.25,-0.0045,0.02));
#9236=CARTESIAN_POINT('',(0.25,0.,0.02));
#9237=CARTESIAN_POINT('',(0.25,0.,0.02));
#9238=CARTESIAN_POINT('',(0.25,0.,0.02));
#9239=CARTESIAN_POINT('',(0.25,0.,0.02));
#9240=B_SPLINE_SURFACE_WITH_KNOTS('Surf_ICOLGFOOWM, Tail, 0, 11',5,3,((#9241, #9242, #9243, #9259, #9260, #9261, #9277, #9278, #9279, #9295, #9296, #9297, #9313, #9314, #9315, #9331, #9332, #9333, #9349, #9350, #9351, #9367, #9368, #9369, #9385, #9386, #9387, #9403, #9404, #9405, #9421, #9422, #9423, #9439, #9440, #9441, #9457, #9458, #9459, #9475, #9476, #9477, #9493, #9494, #9495, #9511, #9512, #9513, #9529, #9530, #9531, #9547, #9548, #9549, #9565, #9566, #9567, #9583, #9584, #9585, #9601, #9602, #9603, #9619, #9620, #9621, #9637, #9638, #9639, #9655, #9656, #9657, #9673, #9674, #9675, #9691, #9692, #9693, #9709, #9710, #9711, #9727, #9728, #9729, #9745, #9746, #9747, #9763, #9764, #9765, #9781, #9782, #9783, #9799, #9800, #9801, #9817, #9818, #9819, #9835, #9836, #9837, #9853, #9854, #9855, #9871, #9872, #9873, #9889, #9890, #9891, #9907, #9908, #9909, #9925, #9926, #9927, #9943, #9944, #9945, #9961, #9962, #9963, #9979, #9980, #9981, #9997, #9998, #9999, #10015, #10016, #10017, #10033, #10034, #10035, #10051, #10052, #10053, #10054),(#9244, #9245, #9246, #9262, #9263, #9264, #9280, #9281, #9282, #9298, #9299, #9300, #9316, #9317, #9318, #9334, #9335, #9336, #9352, #9353, #9354, #9370, #9371, #9372, #9388, #9389, #9390, #9406, #9407, #9408, #9424, #9425, #9426, #9442, #9443, #9444, #9460, #9461, #9462, #9478, #9479, #9480, #9496, #9497, #9498, #9514, #9515, #9516, #9532, #9533, #9534, #9550, #9551, #9552, #9568, #9569, #9570, #9586, #9587, #9588, #9604, #9605, #9606, #9622, #9623, #9624, #9640, #9641, #9642, #9658, #9659, #9660, #9676, #9677, #9678, #9694, #9695, #9696, #9712, #9713, #9714, #9730, #9731, #9732, #9748, #9749, #9750, #9766, #9767, #9768, #9784, #9785, #9786, #9802, #9803, #9804, #9820, #9821, #9822, #9838, #9839, #9840, #9856, #9857, #9858, #9874, #9875, #9876, #9892, #9893, #9894, #9910, #9911, #9912, #9928, #9929, #9930, #9946, #9947, #9948, #9964, #9965, #9966, #9982, #9983, #9984, #10000, #10001, #10002, #10018, #10019, #10020, #10036, #10037, #10038, #10055, #10056, #10057, #10058),(#9247, #9248, #9249, #9265, #9266, #9267, #9283, #9284, #9285, #9301, #9302, #9303, #9319, #9320, #9321, #9337, #9338, #9339, #9355, #9356, #9357, #9373, #9374, #9375, #9391, #9392, #9393, #9409, #9410, #9411, #9427, #9428, #9429, #9445, #9446, #9447, #9463, #9464, #9465, #9481, #9482, #9483, #9499, #9500, #9501, #9517, #9518, #9519, #9535, #9536, #9537, #9553, #9554, #9555, #9571, #9572, #9573, #9589, #9590, #9591, #9607, #9608, #9609, #9625, #9626, #9627, #9643, #9644, #9645, #9661, #9662, #9663, #9679, #9680, #9681, #9697, #9698, #9699, #9715, #9716, #9717, #9733, #9734, #9735, #9751, #9752, #9753, #9769, #9770, #9771, #9787, #9788, #9789, #9805, #9806, #9807, #9823, #9824, #9825, #9841, #9842, #9843, #9859, #9860, #9861, #9877, #9878, #9879, #9895, #9896, #9897, #9913, #9914, #9915, #9931, #9932, #9933, #9949, #9950, #9951, #9967, #9968, #9969, #9985, #9986, #9987, #10003, #10004, #10005, #10021, #10022, #10023, #10039, #10040, #10041, #10059, #10060, #10061, #10062),(#9250, #9251, #9252, #9268, #9269, #9270, #9286, #9287, #9288, #9304, #9305, #9306, #9322, #9323, #9324, #9340, #9341, #9342, #9358, #9359, #9360, #9376, #9377, #9378, #9394, #9395, #9396, #9412, #9413, #9414, #9430, #9431, #9432, #9448, #9449, #9450, #9466, #9467, #9468, #9484, #9485, #9486, #9502, #9503, #9504, #9520, #9521, #9522, #9538, #9539, #9540, #9556, #9557, #9558, #9574, #9575, #9576, #9592, #9593, #9594, #9610, #9611, #9612, #9628, #9629, #9630, #9646, #9647, #9648, #9664, #9665, #9666, #9682, #9683, #9684, #9700, #9701, #9702, #9718, #9719, #9720, #9736, #9737, #9738, #9754, #9755, #9756, #9772, #9773, #9774, #9790, #9791, #9792, #9808, #9809, #9810, #9826, #9827, #9828, #9844, #9845, #9846, #9862, #9863, #9864, #9880, #9881, #9882, #9898, #9899, #9900, #9916, #9917, #9918, #9934, #9935, #9936, #9952, #9953, #9954, #9970, #9971, #9972, #9988, #9989, #9990, #10006, #10007, #10008, #10024, #10025, #10026, #10042, #10043, #10044, #10063, #10064, #10065, #10066),(#9253, #9254, #9255, #9271, #9272, #9273, #9289, #9290, #9291, #9307, #9308, #9309, #9325, #9326, #9327, #9343, #9344, #9345, #9361, #9362, #9363, #9379, #9380, #9381, #9397, #9398, #9399, #9415, #9416, #9417, #9433, #9434, #9435, #9451, #9452, #9453, #9469, #9470, #9471, #9487, #9488, #9489, #9505, #9506, #9507, #9523, #9524, #9525, #9541, #9542, #9543, #9559, #9560, #9561, #9577, #9578, #9579, #9595, #9596, #9597, #9613, #9614, #9615, #9631, #9632, #9633, #9649, #9650, #9651, #9667, #9668, #9669, #9685, #9686, #9687, #9703, #9704, #9705, #9721, #9722, #9723, #9739, #9740, #9741, #9757, #9758, #9759, #9775, #9776, #9777, #9793, #9794, #9795, #9811, #9812, #9813, #9829, #9830, #9831, #9847, #9848, #9849, #9865, #9866, #9867, #9883, #9884, #9885, #9901, #9902, #9903, #9919, #9920, #9921, #9937, #9938, #9939, #9955, #9956, #9957, #9973, #9974, #9975, #9991, #9992, #9993, #10009, #10010, #10011, #10027, #10028, #10029, #10045, #10046, #10047, #10067, #10068, #10069, #10070),(#9256, #9257, #9258, #9274, #9275, #9276, #9292, #9293, #9294, #9310, #9311, #9312, #9328, #9329, #9330, #9346, #9347, #9348, #9364, #9365, #9366, #9382, #9383, #9384, #9400, #9401, #9402, #9418, #9419, #9420, #9436, #9437, #9438, #9454, #9455, #9456, #9472, #9473, #9474, #9490, #9491, #9492, #9508, #9509, #9510, #9526, #9527, #9528, #9544, #9545, #9546, #9562, #9563, #9564, #9580, #9581, #9582, #9598, #9599, #9600, #9616, #9617, #9618, #9634, #9635, #9636, #9652, #9653, #9654, #9670, #9671, #9672, #9688, #9689, #9690, #9706, #9707, #9708, #9724, #9725, #9726, #9742, #9743, #9744, #9760, #9761, #9762, #9778, #9779, #9780, #9796, #9797, #9798, #9814, #9815, #9816, #9832, #9833, #9834, #9850, #9851, #9852, #9868, #9869, #9870, #9886, #9887, #9888, #9904, #9905, #9906, #9922, #9923, #9924, #9940, #9941, #9942, #9958, #9959, #9960, #9976, #9977, #9978, #9994, #9995, #9996, #10012, #10013, #10014, #10030, #10031, #10032, #10048, #10049, #10050, #10071, #10072, #10073, #10074)),.UNSPECIFIED.,.F.,.F.,.F.,(6,6),(4,3,3,3,3,3,3,3,3,3,3,3,3,3,3,3,3,3,3,3,3,3,3,3,3,3,3,3,3,3,3,3,3,3,3,3,3,3,3,3,3,3,3,3,3,3,4),(0.,1.),(0.,1.,2.,3.,4.,5.,6.,7.,8.,9.,10.,11.,12.,13.,14.,15.,16.,17.,18.,19.,20.,21.,22.,23.,24.,25.,26.,27.,28.,29.,30.,31.,32.,33.,34.,35.,36.,37.,38.,39.,40.,41.,42.,43.,44.,45.,46.),.PIECEWISE_BEZIER_KNOTS.);
#9241=CARTESIAN_POINT('',(0.25,0.015,0.02));
#9242=CARTESIAN_POINT('',(0.25,0.015,0.025));
#9243=CARTESIAN_POINT('',(0.25,0.015,0.03));
#9244=CARTESIAN_POINT('',(0.25,-0.003,0.02));
#9245=CARTESIAN_POINT('',(0.25,-0.00281307218378399,0.0226794116427227));
#9246=CARTESIAN_POINT('',(0.25,-0.00136754921963585,0.025436027137413));
#9247=CARTESIAN_POINT('',(0.25,-0.021,0.02));
#9248=CARTESIAN_POINT('',(0.25,-0.020626144367568,0.0203588232854455));
#9249=CARTESIAN_POINT('',(0.25,-0.0177350984392717,0.020872054274826));
#9250=CARTESIAN_POINT('',(0.25,0.009,0.02));
#9251=CARTESIAN_POINT('',(0.25,0.009,0.021125));
#9252=CARTESIAN_POINT('',(0.25,0.00871875,0.02225));
#9253=CARTESIAN_POINT('',(0.25,0.0045,0.02));
#9254=CARTESIAN_POINT('',(0.25,0.0045,0.0205625));
#9255=CARTESIAN_POINT('',(0.25,0.004359375,0.021125));
#9256=CARTESIAN_POINT('',(0.25,0.,0.02));
#9257=CARTESIAN_POINT('',(0.25,0.,0.02));
#9258=CARTESIAN_POINT('',(0.25,0.,0.02));
#9259=CARTESIAN_POINT('',(0.25,0.015,0.035));
#9260=CARTESIAN_POINT('',(0.25,0.015,0.03625));
#9261=CARTESIAN_POINT('',(0.25,0.015,0.0375));
#9262=CARTESIAN_POINT('',(0.25,0.000611298062021483,0.0290400045123453));
#9263=CARTESIAN_POINT('',(0.25,0.00110600988243582,0.0299409988560783));
#9264=CARTESIAN_POINT('',(0.25,0.00163405447269447,0.0308949533173265));
#9265=CARTESIAN_POINT('',(0.25,-0.013777403875957,0.0230800090246905));
#9266=CARTESIAN_POINT('',(0.25,-0.0127879802351284,0.0236319977121566));
#9267=CARTESIAN_POINT('',(0.25,-0.0117318910546111,0.024289906634653));
#9268=CARTESIAN_POINT('',(0.25,0.0082265625,0.0233046875));
#9269=CARTESIAN_POINT('',(0.25,0.00810351562500001,0.023568359375));
#9270=CARTESIAN_POINT('',(0.25,0.00796728515625001,0.02382763671875));
#9271=CARTESIAN_POINT('',(0.25,0.00411328125,0.02165234375));
#9272=CARTESIAN_POINT('',(0.25,0.0040517578125,0.0217841796875));
#9273=CARTESIAN_POINT('',(0.25,0.003983642578125,0.021913818359375));
#9274=CARTESIAN_POINT('',(0.25,0.,0.02));
#9275=CARTESIAN_POINT('',(0.25,0.,0.02));
#9276=CARTESIAN_POINT('',(0.25,0.,0.02));
#9277=CARTESIAN_POINT('',(0.25,0.015,0.03875));
#9278=CARTESIAN_POINT('',(0.25,0.015,0.0390625));
#9279=CARTESIAN_POINT('',(0.25,0.015,0.039375));
#9280=CARTESIAN_POINT('',(0.25,0.0021798985738492,0.0318975130237038));
#9281=CARTESIAN_POINT('',(0.25,0.00231635959913789,0.0321481529502981));
#9282=CARTESIAN_POINT('',(0.25,0.00245393309385758,0.032401830704713));
#9283=CARTESIAN_POINT('',(0.25,-0.0106402028523016,0.0250450260474075));
#9284=CARTESIAN_POINT('',(0.25,-0.0103672808017242,0.0252338059005962));
#9285=CARTESIAN_POINT('',(0.25,-0.0100921338122848,0.0254286614094259));
#9286=CARTESIAN_POINT('',(0.25,0.0078189697265625,0.0240814208984375));
#9287=CARTESIAN_POINT('',(0.25,0.00778189086914063,0.0241448669433594));
#9288=CARTESIAN_POINT('',(0.25,0.00774405670166016,0.0242079696655273));
#9289=CARTESIAN_POINT('',(0.25,0.00390948486328125,0.0220407104492187));
#9290=CARTESIAN_POINT('',(0.25,0.00389094543457032,0.0220724334716797));
#9291=CARTESIAN_POINT('',(0.25,0.00387202835083008,0.0221039848327637));
#9292=CARTESIAN_POINT('',(0.25,0.,0.02));
#9293=CARTESIAN_POINT('',(0.25,0.,0.02));
#9294=CARTESIAN_POINT('',(0.25,0.,0.02));
#9295=CARTESIAN_POINT('',(0.25,0.015,0.0396875));
#9296=CARTESIAN_POINT('',(0.25,0.015,0.039765625));
#9297=CARTESIAN_POINT('',(0.25,0.015,0.03984375));
#9298=CARTESIAN_POINT('',(0.25,0.00259246554254601,0.0326587185487167));
#9299=CARTESIAN_POINT('',(0.25,0.00262709865471811,0.0327229405097176));
#9300=CARTESIAN_POINT('',(0.25,0.00266179170151327,0.0327873631013178));
#9301=CARTESIAN_POINT('',(0.25,-0.00981506891490799,0.0256299370974333));
#9302=CARTESIAN_POINT('',(0.25,-0.00974580269056377,0.0256802560194352));
#9303=CARTESIAN_POINT('',(0.25,-0.00967641659697346,0.0257309762026356));
#9304=CARTESIAN_POINT('',(0.25,0.0077054843902588,0.0242707118988037));
#9305=CARTESIAN_POINT('',(0.25,0.00769584131240846,0.0242863974571228));
#9306=CARTESIAN_POINT('',(0.25,0.00768615210056306,0.0243020604848862));
#9307=CARTESIAN_POINT('',(0.25,0.0038527421951294,0.0221353559494019));
#9308=CARTESIAN_POINT('',(0.25,0.00384792065620423,0.0221431987285614));
#9309=CARTESIAN_POINT('',(0.25,0.00384307605028153,0.0221510302424431));
#9310=CARTESIAN_POINT('',(0.25,0.,0.02));
#9311=CARTESIAN_POINT('',(0.25,0.,0.02));
#9312=CARTESIAN_POINT('',(0.25,0.,0.02));
#9313=CARTESIAN_POINT('',(0.25,0.015,0.039921875));
#9314=CARTESIAN_POINT('',(0.25,0.015,0.03994140625));
#9315=CARTESIAN_POINT('',(0.25,0.015,0.0399609375));
#9316=CARTESIAN_POINT('',(0.25,0.00269654004378311,0.0328519820371015));
#9317=CARTESIAN_POINT('',(0.25,0.00270522712935057,0.0328681367710474));
#9318=CARTESIAN_POINT('',(0.25,0.00271391767088519,0.0328843037765048));
#9319=CARTESIAN_POINT('',(0.25,-0.00960691991243378,0.0257820890742029));
#9320=CARTESIAN_POINT('',(0.25,-0.00958954574129886,0.0257948672920948));
#9321=CARTESIAN_POINT('',(0.25,-0.00957216465822961,0.0258076700530095));
#9322=CARTESIAN_POINT('',(0.25,0.0076764170229435,0.0243177007138729));
#9323=CARTESIAN_POINT('',(0.25,0.00767398325353861,0.0243216107711196));
#9324=CARTESIAN_POINT('',(0.25,0.00767154661752284,0.0243255194034427));
#9325=CARTESIAN_POINT('',(0.25,0.00383820851147175,0.0221588503569364));
#9326=CARTESIAN_POINT('',(0.25,0.00383699162676931,0.0221608053855598));
#9327=CARTESIAN_POINT('',(0.25,0.00383577330876142,0.0221627597017214));
#9328=CARTESIAN_POINT('',(0.25,0.,0.02));
#9329=CARTESIAN_POINT('',(0.25,0.,0.02));
#9330=CARTESIAN_POINT('',(0.25,0.,0.02));
#9331=CARTESIAN_POINT('',(0.25,0.015,0.03998046875));
#9332=CARTESIAN_POINT('',(0.25,0.015,0.039990234375));
#9333=CARTESIAN_POINT('',(0.25,0.0150000030174365,0.0400000002980887));
#9334=CARTESIAN_POINT('',(0.25,0.00272261165311467,0.0329004831591));
#9335=CARTESIAN_POINT('',(0.25,0.00272695864422941,0.0329085728503976));
#9336=CARTESIAN_POINT('',(0.25,0.0027313095129544,0.0329166659340684));
#9337=CARTESIAN_POINT('',(0.25,-0.00955477669377066,0.0258204975682));
#9338=CARTESIAN_POINT('',(0.25,-0.00954608271154118,0.0258269113257952));
#9339=CARTESIAN_POINT('',(0.25,-0.00953738399152773,0.0258333315700481));
#9340=CARTESIAN_POINT('',(0.25,0.00766910711908714,0.0243294266066514));
#9341=CARTESIAN_POINT('',(0.25,0.00766788736986928,0.0243313802082557));
#9342=CARTESIAN_POINT('',(0.25,0.00766666690504645,0.0243333334525814));
#9343=CARTESIAN_POINT('',(0.25,0.00383455355954357,0.0221647133033257));
#9344=CARTESIAN_POINT('',(0.25,0.00383394368493464,0.0221656901041279));
#9345=CARTESIAN_POINT('',(0.25,0.00383333345252322,0.0221666667262907));
#9346=CARTESIAN_POINT('',(0.25,0.,0.02));
#9347=CARTESIAN_POINT('',(0.25,0.,0.02));
#9348=CARTESIAN_POINT('',(0.25,0.,0.02));
#9349=CARTESIAN_POINT('',(0.25,0.0149999969823441,0.0400077645151793));
#9350=CARTESIAN_POINT('',(0.25,0.0149999909472516,0.0400155287322699));
#9351=CARTESIAN_POINT('',(0.25,0.0149999758605076,0.0400232920535056));
#9352=CARTESIAN_POINT('',(0.25,0.00273565217972569,0.0329227603981531));
#9353=CARTESIAN_POINT('',(0.25,0.00273999484649697,0.0329288548622378));
#9354=CARTESIAN_POINT('',(0.25,0.00274432931219199,0.0329349515168796));
#9355=CARTESIAN_POINT('',(0.25,-0.00952869262289272,0.0258377562811269));
#9356=CARTESIAN_POINT('',(0.25,-0.0095200012542577,0.0258421809922057));
#9357=CARTESIAN_POINT('',(0.25,-0.00951131723612366,0.0258466109802537));
#9358=CARTESIAN_POINT('',(0.25,0.0076654457251425,0.0243352863391046));
#9359=CARTESIAN_POINT('',(0.25,0.00766422454523855,0.0243372392256278));
#9360=CARTESIAN_POINT('',(0.25,0.00766300265025348,0.0243391917543486));
#9361=CARTESIAN_POINT('',(0.25,0.00383272286257125,0.0221676431695523));
#9362=CARTESIAN_POINT('',(0.25,0.00383211227261927,0.0221686196128139));
#9363=CARTESIAN_POINT('',(0.25,0.00383150132512674,0.0221695958771743));
#9364=CARTESIAN_POINT('',(0.25,0.,0.02));
#9365=CARTESIAN_POINT('',(0.25,0.,0.02));
#9366=CARTESIAN_POINT('',(0.25,0.,0.02));
#9367=CARTESIAN_POINT('',(0.25,0.0149999517280349,0.0400310544645875));
#9368=CARTESIAN_POINT('',(0.25,0.0149998551981439,0.040062104108915));
#9369=CARTESIAN_POINT('',(0.25,0.0149996139365931,0.0400931391907815));
#9370=CARTESIAN_POINT('',(0.25,0.00274865557904685,0.0329410503464924));
#9371=CARTESIAN_POINT('',(0.25,0.00276596064646631,0.0329654456649435));
#9372=CARTESIAN_POINT('',(0.25,0.0027831345324433,0.0329898757829295));
#9373=CARTESIAN_POINT('',(0.25,-0.00950264056994119,0.0258510462283974));
#9374=CARTESIAN_POINT('',(0.25,-0.00946793390521131,0.0258687872209721));
#9375=CARTESIAN_POINT('',(0.25,-0.00943334487170653,0.0258866123750775));
#9376=CARTESIAN_POINT('',(0.25,0.00766178004071117,0.0243411439247429));
#9377=CARTESIAN_POINT('',(0.25,0.00765688960254193,0.0243489526063204));
#9378=CARTESIAN_POINT('',(0.25,0.00765198773145676,0.0243567555546761));
#9379=CARTESIAN_POINT('',(0.25,0.00383089002035559,0.0221705719623715));
#9380=CARTESIAN_POINT('',(0.25,0.00382844480127097,0.0221744763031602));
#9381=CARTESIAN_POINT('',(0.25,0.00382599386572838,0.022178377777338));
#9382=CARTESIAN_POINT('',(0.25,0.,0.02));
#9383=CARTESIAN_POINT('',(0.25,0.,0.02));
#9384=CARTESIAN_POINT('',(0.25,0.,0.02));
#9385=CARTESIAN_POINT('',(0.25,0.014999228322442,0.0401241587950564));
#9386=CARTESIAN_POINT('',(0.25,0.0149976858658374,0.0402482372121559));
#9387=CARTESIAN_POINT('',(0.25,0.0149938337676277,0.040372067987789));
#9388=CARTESIAN_POINT('',(0.25,0.00280017712660484,0.0330143399175121));
#9389=CARTESIAN_POINT('',(0.25,0.00286834750325098,0.0331121964558425));
#9390=CARTESIAN_POINT('',(0.25,0.00293441721084995,0.0332105972597191));
#9391=CARTESIAN_POINT('',(0.25,-0.00939887406923232,0.0259045210399678));
#9392=CARTESIAN_POINT('',(0.25,-0.00926099085933548,0.025976155699529));
#9393=CARTESIAN_POINT('',(0.25,-0.00912499934592783,0.0260491265316491));
#9394=CARTESIAN_POINT('',(0.25,0.00764707446098329,0.0243645527362823));
#9395=CARTESIAN_POINT('',(0.25,0.00762742137908936,0.0243957414627075));
#9396=CARTESIAN_POINT('',(0.25,0.00760758590698243,0.0244268379211426));
#9397=CARTESIAN_POINT('',(0.25,0.00382353723049164,0.0221822763681412));
#9398=CARTESIAN_POINT('',(0.25,0.00381371068954468,0.0221978707313538));
#9399=CARTESIAN_POINT('',(0.25,0.00380379295349122,0.0222134189605713));
#9400=CARTESIAN_POINT('',(0.25,0.,0.02));
#9401=CARTESIAN_POINT('',(0.25,0.,0.02));
#9402=CARTESIAN_POINT('',(0.25,0.,0.02));
#9403=CARTESIAN_POINT('',(0.25,0.0149876962876227,0.0404955925535938));
#9404=CARTESIAN_POINT('',(0.25,0.0149631463676026,0.0409896908168128));
#9405=CARTESIAN_POINT('',(0.25,0.0149020303388576,0.0414788897227777));
#9406=CARTESIAN_POINT('',(0.25,0.00299838813117198,0.0333094777938126));
#9407=CARTESIAN_POINT('',(0.25,0.00325427181246012,0.0337049999301869));
#9408=CARTESIAN_POINT('',(0.25,0.0034765748973174,0.0341081977500325));
#9409=CARTESIAN_POINT('',(0.25,-0.00899092002527874,0.0261233630340315));
#9410=CARTESIAN_POINT('',(0.25,-0.00845460274268236,0.026420309043561));
#9411=CARTESIAN_POINT('',(0.25,-0.00794888054422277,0.0267375057772872));
#9412=CARTESIAN_POINT('',(0.25,0.0075875701904297,0.0244578399658203));
#9413=CARTESIAN_POINT('',(0.25,0.00750750732421876,0.0245818481445312));
#9414=CARTESIAN_POINT('',(0.25,0.00742456054687501,0.024704345703125));
#9415=CARTESIAN_POINT('',(0.25,0.00379378509521485,0.0222289199829101));
#9416=CARTESIAN_POINT('',(0.25,0.00375375366210938,0.0222909240722656));
#9417=CARTESIAN_POINT('',(0.25,0.0037122802734375,0.0223521728515625));
#9418=CARTESIAN_POINT('',(0.25,0.,0.02));
#9419=CARTESIAN_POINT('',(0.25,0.,0.02));
#9420=CARTESIAN_POINT('',(0.25,0.,0.02));
#9421=CARTESIAN_POINT('',(0.25,0.0148059008292189,0.041959440896321));
#9422=CARTESIAN_POINT('',(0.25,0.0147578360743996,0.0421997164830926));
#9423=CARTESIAN_POINT('',(0.25,0.0147010179493568,0.0424378301367588));
#9424=CARTESIAN_POINT('',(0.25,0.00366510120461239,0.0345153965778195));
#9425=CARTESIAN_POINT('',(0.25,0.00375936435825989,0.0347189959917131));
#9426=CARTESIAN_POINT('',(0.25,0.00384518331751682,0.034923595657592));
#9427=CARTESIAN_POINT('',(0.25,-0.00747569841999412,0.0270713522593181));
#9428=CARTESIAN_POINT('',(0.25,-0.0072391073578798,0.0272382755003336));
#9429=CARTESIAN_POINT('',(0.25,-0.0070106513143232,0.0274093611784252));
#9430=CARTESIAN_POINT('',(0.25,0.00733886718750001,0.0248251953125));
#9431=CARTESIAN_POINT('',(0.25,0.00729602050781251,0.0248856201171875));
#9432=CARTESIAN_POINT('',(0.25,0.00725248718261719,0.0249456329345703));
#9433=CARTESIAN_POINT('',(0.25,0.00366943359375,0.02241259765625));
#9434=CARTESIAN_POINT('',(0.25,0.00364801025390625,0.0224428100585937));
#9435=CARTESIAN_POINT('',(0.25,0.0036262435913086,0.0224728164672852));
#9436=CARTESIAN_POINT('',(0.25,0.,0.02));
#9437=CARTESIAN_POINT('',(0.25,0.,0.02));
#9438=CARTESIAN_POINT('',(0.25,0.,0.02));
#9439=CARTESIAN_POINT('',(0.25,0.0146356405325696,0.0426733133104236));
#9440=CARTESIAN_POINT('',(0.25,0.014602951824176,0.0427910548972559));
#9441=CARTESIAN_POINT('',(0.25,0.0145681232928463,0.042908138864088));
#9442=CARTESIAN_POINT('',(0.25,0.00392257538460303,0.0351286509649353));
#9443=CARTESIAN_POINT('',(0.25,0.00396127141814613,0.0352311786186069));
#9444=CARTESIAN_POINT('',(0.25,0.00399786072864655,0.0353338201826447));
#9445=CARTESIAN_POINT('',(0.25,-0.00679048976336357,0.027583988619447));
#9446=CARTESIAN_POINT('',(0.25,-0.00668040898788375,0.0276713023399579));
#9447=CARTESIAN_POINT('',(0.25,-0.00657240183555317,0.0277595015012014));
#9448=CARTESIAN_POINT('',(0.25,0.00720828437805176,0.0250052165985107));
#9449=CARTESIAN_POINT('',(0.25,0.00718618297576905,0.025035008430481));
#9450=CARTESIAN_POINT('',(0.25,0.00716391420364381,0.0250646929740906));
#9451=CARTESIAN_POINT('',(0.25,0.00360414218902588,0.0225026082992554));
#9452=CARTESIAN_POINT('',(0.25,0.00359309148788452,0.0225175042152405));
#9453=CARTESIAN_POINT('',(0.25,0.0035819571018219,0.0225323464870453));
#9454=CARTESIAN_POINT('',(0.25,0.,0.02));
#9455=CARTESIAN_POINT('',(0.25,0.,0.02));
#9456=CARTESIAN_POINT('',(0.25,0.,0.02));
#9457=CARTESIAN_POINT('',(0.25,0.0145311791983903,0.0430245066425577));
#9458=CARTESIAN_POINT('',(0.25,0.0145265611865833,0.0430390526148664));
#9459=CARTESIAN_POINT('',(0.25,0.0145219101191024,0.043053587396732));
#9460=CARTESIAN_POINT('',(0.25,0.00403234547888178,0.0354365075807334));
#9461=CARTESIAN_POINT('',(0.25,0.00403665607266118,0.0354493435054945));
#9462=CARTESIAN_POINT('',(0.25,0.00404093378268644,0.0354621801464126));
#9463=CARTESIAN_POINT('',(0.25,-0.00646648824062672,0.0278485085189091));
#9464=CARTESIAN_POINT('',(0.25,-0.00645324904126092,0.0278596343961226));
#9465=CARTESIAN_POINT('',(0.25,-0.00644004255372955,0.0278707728960933));
#9466=CARTESIAN_POINT('',(0.25,0.00714148020744324,0.0250942680835724));
#9467=CARTESIAN_POINT('',(0.25,0.00713867595791817,0.0250979649722576));
#9468=CARTESIAN_POINT('',(0.25,0.00713586912676692,0.0251016601510346));
#9469=CARTESIAN_POINT('',(0.25,0.00357074010372162,0.0225471340417862));
#9470=CARTESIAN_POINT('',(0.25,0.00356933797895909,0.0225489824861288));
#9471=CARTESIAN_POINT('',(0.25,0.00356793456338346,0.0225508300755173));
#9472=CARTESIAN_POINT('',(0.25,0.,0.02));
#9473=CARTESIAN_POINT('',(0.25,0.,0.02));
#9474=CARTESIAN_POINT('',(0.25,0.,0.02));
#9475=CARTESIAN_POINT('',(0.25,0.0145172260433302,0.043068110873763));
#9476=CARTESIAN_POINT('',(0.25,0.0145148840054441,0.0430753726122785));
#9477=CARTESIAN_POINT('',(0.25,0.0145125337154851,0.0430826315245855));
#9478=CARTESIAN_POINT('',(0.25,0.00404517861318173,0.0354750173705263));
#9479=CARTESIAN_POINT('',(0.25,0.00404730102842937,0.0354814359825831));
#9480=CARTESIAN_POINT('',(0.25,0.00404941522379453,0.0354878547404388));
#9481=CARTESIAN_POINT('',(0.25,-0.00642686881696672,0.0278819238672895));
#9482=CARTESIAN_POINT('',(0.25,-0.0064202819485853,0.0278874993528876));
#9483=CARTESIAN_POINT('',(0.25,-0.00641370326789602,0.0278930779562921));
#9484=CARTESIAN_POINT('',(0.25,0.00713305971818045,0.0251053536157124));
#9485=CARTESIAN_POINT('',(0.25,0.00713165501388722,0.0251072003480513));
#9486=CARTESIAN_POINT('',(0.25,0.00713024966523517,0.0251090466518654));
#9487=CARTESIAN_POINT('',(0.25,0.00356652985909023,0.0225526768078562));
#9488=CARTESIAN_POINT('',(0.25,0.00356582750694361,0.0225536001740256));
#9489=CARTESIAN_POINT('',(0.25,0.00356512483261759,0.0225545233259327));
#9490=CARTESIAN_POINT('',(0.25,0.,0.02));
#9491=CARTESIAN_POINT('',(0.25,0.,0.02));
#9492=CARTESIAN_POINT('',(0.25,0.,0.02));
#9493=CARTESIAN_POINT('',(0.25,0.0145101751793761,0.0430898875963848));
#9494=CARTESIAN_POINT('',(0.25,0.014507816643267,0.0430971436681842));
#9495=CARTESIAN_POINT('',(0.25,0.014505449861008,0.043104396899476));
#9496=CARTESIAN_POINT('',(0.25,0.00405152119980521,0.0354942736274732));
#9497=CARTESIAN_POINT('',(0.25,0.00405362717581589,0.0355006925145075));
#9498=CARTESIAN_POINT('',(0.25,0.0040557249324721,0.0355071115307206));
#9499=CARTESIAN_POINT('',(0.25,-0.00640713277976563,0.0278986596585615));
#9500=CARTESIAN_POINT('',(0.25,-0.00640056229163524,0.0279042413608309));
#9501=CARTESIAN_POINT('',(0.25,-0.00639399999606374,0.0279098261619651));
#9502=CARTESIAN_POINT('',(0.25,0.00712884367274819,0.0251108925266308));
#9503=CARTESIAN_POINT('',(0.25,0.00712743768026121,0.0251127384013962));
#9504=CARTESIAN_POINT('',(0.25,0.0071260310439393,0.025114583847113));
#9505=CARTESIAN_POINT('',(0.25,0.0035644218363741,0.0225554462633154));
#9506=CARTESIAN_POINT('',(0.25,0.00356371884013061,0.0225563692006981));
#9507=CARTESIAN_POINT('',(0.25,0.00356301552196965,0.0225572919235565));
#9508=CARTESIAN_POINT('',(0.25,0.,0.02));
#9509=CARTESIAN_POINT('',(0.25,0.,0.02));
#9510=CARTESIAN_POINT('',(0.25,0.,0.02));
#9511=CARTESIAN_POINT('',(0.25,0.0145030748385216,0.0431116472759614));
#9512=CARTESIAN_POINT('',(0.25,0.0144935747485764,0.0431406487819029));
#9513=CARTESIAN_POINT('',(0.25,0.0144839428149953,0.043169604610941));
#9514=CARTESIAN_POINT('',(0.25,0.00405781447030187,0.0355135306594921));
#9515=CARTESIAN_POINT('',(0.25,0.00406617262162092,0.0355392071745783));
#9516=CARTESIAN_POINT('',(0.25,0.0040743992717168,0.0355648854906001));
#9517=CARTESIAN_POINT('',(0.25,-0.0063874458979179,0.0279154140430228));
#9518=CARTESIAN_POINT('',(0.25,-0.00636122950533455,0.0279377655672536));
#9519=CARTESIAN_POINT('',(0.25,-0.00633514427156168,0.0279601663702592));
#9520=CARTESIAN_POINT('',(0.25,0.00712462376430631,0.0251164288632572));
#9521=CARTESIAN_POINT('',(0.25,0.00711899464577437,0.025123808927834));
#9522=CARTESIAN_POINT('',(0.25,0.00711335523426533,0.0251311821192503));
#9523=CARTESIAN_POINT('',(0.25,0.00356231188215316,0.0225582144316286));
#9524=CARTESIAN_POINT('',(0.25,0.00355949732288718,0.022561904463917));
#9525=CARTESIAN_POINT('',(0.25,0.00355667761713267,0.0225655910596252));
#9526=CARTESIAN_POINT('',(0.25,0.,0.02));
#9527=CARTESIAN_POINT('',(0.25,0.,0.02));
#9528=CARTESIAN_POINT('',(0.25,0.,0.02));
#9529=CARTESIAN_POINT('',(0.25,0.0144741794168378,0.0431985138479452));
#9530=CARTESIAN_POINT('',(0.25,0.0144546526205229,0.0432563323219537));
#9531=CARTESIAN_POINT('',(0.25,0.0144345999659027,0.0433139644278263));
#9532=CARTESIAN_POINT('',(0.25,0.0040824944543829,0.0355905645438654));
#9533=CARTESIAN_POINT('',(0.25,0.00409868481971509,0.0356419226503958));
#9534=CARTESIAN_POINT('',(0.25,0.00411434931532818,0.0356932837058997));
#9535=CARTESIAN_POINT('',(0.25,-0.00630919050807204,0.0279826152397855));
#9536=CARTESIAN_POINT('',(0.25,-0.00625728298109275,0.028027512978838));
#9537=CARTESIAN_POINT('',(0.25,-0.00620590133524636,0.0280726029839731));
#9538=CARTESIAN_POINT('',(0.25,0.00710770556330681,0.0251385484039784));
#9539=CARTESIAN_POINT('',(0.25,0.00709640622138977,0.0251532809734345));
#9540=CARTESIAN_POINT('',(0.25,0.00708506584167481,0.0251679859161377));
#9541=CARTESIAN_POINT('',(0.25,0.00355385278165341,0.0225692742019892));
#9542=CARTESIAN_POINT('',(0.25,0.00354820311069489,0.0225766404867172));
#9543=CARTESIAN_POINT('',(0.25,0.0035425329208374,0.0225839929580689));
#9544=CARTESIAN_POINT('',(0.25,0.,0.02));
#9545=CARTESIAN_POINT('',(0.25,0.,0.02));
#9546=CARTESIAN_POINT('',(0.25,0.,0.02));
#9547=CARTESIAN_POINT('',(0.25,0.0144140244854534,0.0433714028445178));
#9548=CARTESIAN_POINT('',(0.25,0.0142494206418588,0.0438309101780499));
#9549=CARTESIAN_POINT('',(0.25,0.0140513559452019,0.0442780214039926));
#9550=CARTESIAN_POINT('',(0.25,0.00412948821156933,0.0357446392008375));
#9551=CARTESIAN_POINT('',(0.25,0.00425059938149856,0.0361554831603398));
#9552=CARTESIAN_POINT('',(0.25,0.0043380721916243,0.036565971243616));
#9553=CARTESIAN_POINT('',(0.25,-0.00615504806231473,0.0281178755571571));
#9554=CARTESIAN_POINT('',(0.25,-0.00574822187886169,0.0284800561426297));
#9555=CARTESIAN_POINT('',(0.25,-0.00537521156195333,0.0288539210832394));
#9556=CARTESIAN_POINT('',(0.25,0.00707368469238282,0.0251826629638672));
#9557=CARTESIAN_POINT('',(0.25,0.00698263549804688,0.0253000793457031));
#9558=CARTESIAN_POINT('',(0.25,0.00688897705078125,0.0254157104492188));
#9559=CARTESIAN_POINT('',(0.25,0.00353684234619141,0.0225913314819336));
#9560=CARTESIAN_POINT('',(0.25,0.00349131774902344,0.0226500396728516));
#9561=CARTESIAN_POINT('',(0.25,0.00344448852539063,0.0227078552246094));
#9562=CARTESIAN_POINT('',(0.25,0.,0.02));
#9563=CARTESIAN_POINT('',(0.25,0.,0.02));
#9564=CARTESIAN_POINT('',(0.25,0.,0.02));
#9565=CARTESIAN_POINT('',(0.25,0.0138213830233141,0.0447089881471782));
#9566=CARTESIAN_POINT('',(0.25,0.0133614371795383,0.0455709216335495));
#9567=CARTESIAN_POINT('',(0.25,0.0127738584348386,0.0463682771888923));
#9568=CARTESIAN_POINT('',(0.25,0.00439204505970534,0.0369717465664983));
#9569=CARTESIAN_POINT('',(0.25,0.00449999079586743,0.0377832972122631));
#9570=CARTESIAN_POINT('',(0.25,0.00447393676385072,0.0385759968164525));
#9571=CARTESIAN_POINT('',(0.25,-0.00503729290390337,0.0292345049858185));
#9572=CARTESIAN_POINT('',(0.25,-0.00436145558780345,0.0299956727909767));
#9573=CARTESIAN_POINT('',(0.25,-0.00382598490713717,0.0307837164440126));
#9574=CARTESIAN_POINT('',(0.25,0.0067928466796875,0.0255294189453125));
#9575=CARTESIAN_POINT('',(0.25,0.0066005859375,0.0257568359375));
#9576=CARTESIAN_POINT('',(0.25,0.0063984375,0.0259765625));
#9577=CARTESIAN_POINT('',(0.25,0.00339642333984375,0.0227647094726563));
#9578=CARTESIAN_POINT('',(0.25,0.00330029296875,0.02287841796875));
#9579=CARTESIAN_POINT('',(0.25,0.00319921875,0.02298828125));
#9580=CARTESIAN_POINT('',(0.25,0.,0.02));
#9581=CARTESIAN_POINT('',(0.25,0.,0.02));
#9582=CARTESIAN_POINT('',(0.25,0.,0.02));
#9583=CARTESIAN_POINT('',(0.25,0.0120710678118655,0.0470710678118655));
#9584=CARTESIAN_POINT('',(0.25,0.0120655772601235,0.0470765583636075));
#9585=CARTESIAN_POINT('',(0.25,0.0120655758171771,0.0470765566056137));
#9586=CARTESIAN_POINT('',(0.25,0.00431499030572553,0.0393149903057255));
#9587=CARTESIAN_POINT('',(0.25,0.00431374853652143,0.0393207636923605));
#9588=CARTESIAN_POINT('',(0.25,0.00431799479697795,0.039321047263084));
#9589=CARTESIAN_POINT('',(0.25,-0.00344108720041441,0.0315589127995856));
#9590=CARTESIAN_POINT('',(0.25,-0.00343808018708064,0.0315649690211135));
#9591=CARTESIAN_POINT('',(0.25,-0.00342958622322124,0.0315655379205543));
#9592=CARTESIAN_POINT('',(0.25,0.0061875,0.0261875));
#9593=CARTESIAN_POINT('',(0.25,0.00618585205078125,0.0261891479492188));
#9594=CARTESIAN_POINT('',(0.25,0.0061842035651207,0.0261907953619957));
#9595=CARTESIAN_POINT('',(0.25,0.00309375,0.02309375));
#9596=CARTESIAN_POINT('',(0.25,0.00309292602539063,0.0230945739746094));
#9597=CARTESIAN_POINT('',(0.25,0.00309210178256035,0.0230953976809979));
#9598=CARTESIAN_POINT('',(0.25,0.,0.02));
#9599=CARTESIAN_POINT('',(0.25,0.,0.02));
#9600=CARTESIAN_POINT('',(0.25,0.,0.02));
#9601=CARTESIAN_POINT('',(0.25,0.0120628276572008,0.0470792983647568));
#9602=CARTESIAN_POINT('',(0.25,0.0120600794972245,0.0470820401239));
#9603=CARTESIAN_POINT('',(0.25,0.0120573298960891,0.047084780124309));
#9604=CARTESIAN_POINT('',(0.25,0.00431949330537358,0.0393240767670654));
#9605=CARTESIAN_POINT('',(0.25,0.0043209918137692,0.0393271062710468));
#9606=CARTESIAN_POINT('',(0.25,0.00432248784597492,0.039330136432415));
#9607=CARTESIAN_POINT('',(0.25,-0.00342384104645366,0.0315688551693739));
#9608=CARTESIAN_POINT('',(0.25,-0.00341809586968607,0.0315721724181936));
#9609=CARTESIAN_POINT('',(0.25,-0.0034123542041393,0.031575492740521));
#9610=CARTESIAN_POINT('',(0.25,0.00618255454354221,0.026192442237807));
#9611=CARTESIAN_POINT('',(0.25,0.00618090552196373,0.0261940891136183));
#9612=CARTESIAN_POINT('',(0.25,0.00617925596446731,0.0261957354524639));
#9613=CARTESIAN_POINT('',(0.25,0.00309127727177111,0.0230962211189035));
#9614=CARTESIAN_POINT('',(0.25,0.00309045276098186,0.0230970445568091));
#9615=CARTESIAN_POINT('',(0.25,0.00308962798223365,0.0230978677262319));
#9616=CARTESIAN_POINT('',(0.25,0.,0.02));
#9617=CARTESIAN_POINT('',(0.25,0.,0.02));
#9618=CARTESIAN_POINT('',(0.25,0.,0.02));
#9619=CARTESIAN_POINT('',(0.25,0.0120545788555822,0.0470875183652436));
#9620=CARTESIAN_POINT('',(0.25,0.0120490767745683,0.0470929948471128));
#9621=CARTESIAN_POINT('',(0.25,0.0120435689360679,0.0470984642910842));
#9622=CARTESIAN_POINT('',(0.25,0.0043239813874798,0.0393331672649043));
#9623=CARTESIAN_POINT('',(0.25,0.00432696847048956,0.0393392289298829));
#9624=CARTESIAN_POINT('',(0.25,0.00432994559069596,0.0393452932793454));
#9625=CARTESIAN_POINT('',(0.25,-0.00340661608062258,0.031578816164565));
#9626=CARTESIAN_POINT('',(0.25,-0.00339513983358916,0.0315854630126529));
#9627=CARTESIAN_POINT('',(0.25,-0.00338367775467595,0.0315921222676067));
#9628=CARTESIAN_POINT('',(0.25,0.00617760587157682,0.0261973812538199));
#9629=CARTESIAN_POINT('',(0.25,0.00617430568579585,0.026200672856532));
#9630=CARTESIAN_POINT('',(0.25,0.00617100335843861,0.026203962309286));
#9631=CARTESIAN_POINT('',(0.25,0.00308880293578841,0.02309869062691));
#9632=CARTESIAN_POINT('',(0.25,0.00308715284289792,0.023100336428266));
#9633=CARTESIAN_POINT('',(0.25,0.00308550167921931,0.023101981154643));
#9634=CARTESIAN_POINT('',(0.25,0.,0.02));
#9635=CARTESIAN_POINT('',(0.25,0.,0.02));
#9636=CARTESIAN_POINT('',(0.25,0.,0.02));
#9637=CARTESIAN_POINT('',(0.25,0.0120380553543799,0.047103926691235));
#9638=CARTESIAN_POINT('',(0.25,0.0120270281910039,0.0471148514915366));
#9639=CARTESIAN_POINT('',(0.25,0.0120159780548775,0.0471257481165557));
#9640=CARTESIAN_POINT('',(0.25,0.0043329127349139,0.0393513602655786));
#9641=CARTESIAN_POINT('',(0.25,0.00433884702334979,0.0393634942380449));
#9642=CARTESIAN_POINT('',(0.25,0.00434474140783186,0.0393756387575934));
#9643=CARTESIAN_POINT('',(0.25,-0.00337222988455206,0.0315987938399222));
#9644=CARTESIAN_POINT('',(0.25,-0.00334933414430428,0.0316121369845533));
#9645=CARTESIAN_POINT('',(0.25,-0.00332649523921377,0.0316255293986312));
#9646=CARTESIAN_POINT('',(0.25,0.00616769889369607,0.0262072496078908));
#9647=CARTESIAN_POINT('',(0.25,0.00616108996421099,0.0262138242051005));
#9648=CARTESIAN_POINT('',(0.25,0.00615447248518467,0.0262203901857138));
#9649=CARTESIAN_POINT('',(0.25,0.00308384944684804,0.0231036248039454));
#9650=CARTESIAN_POINT('',(0.25,0.0030805449821055,0.0231069121025503));
#9651=CARTESIAN_POINT('',(0.25,0.00307723624259234,0.0231101950928569));
#9652=CARTESIAN_POINT('',(0.25,0.,0.02));
#9653=CARTESIAN_POINT('',(0.25,0.,0.02));
#9654=CARTESIAN_POINT('',(0.25,0.,0.02));
#9655=CARTESIAN_POINT('',(0.25,0.0120049050603921,0.04713661651891));
#9656=CARTESIAN_POINT('',(0.25,0.0119827590714213,0.0471583533236187));
#9657=CARTESIAN_POINT('',(0.25,0.0119605216490144,0.0471799772376679));
#9658=CARTESIAN_POINT('',(0.25,0.00435059571632592,0.0393877935525593));
#9659=CARTESIAN_POINT('',(0.25,0.00436230433331404,0.0394121031424909));
#9660=CARTESIAN_POINT('',(0.25,0.00437385264635013,0.0394364538340917));
#9661=CARTESIAN_POINT('',(0.25,-0.00330371362774026,0.0316389705862085));
#9662=CARTESIAN_POINT('',(0.25,-0.00325815040479322,0.0316658529613631));
#9663=CARTESIAN_POINT('',(0.25,-0.00321281635631415,0.0316929304305154));
#9664=CARTESIAN_POINT('',(0.25,0.00614784649014473,0.0262269475162029));
#9665=CARTESIAN_POINT('',(0.25,0.00613459450006485,0.0262400621771812));
#9666=CARTESIAN_POINT('',(0.25,0.00612130844593048,0.0262531422376633));
#9667=CARTESIAN_POINT('',(0.25,0.00307392324507237,0.0231134737581015));
#9668=CARTESIAN_POINT('',(0.25,0.00306729725003243,0.0231200310885906));
#9669=CARTESIAN_POINT('',(0.25,0.00306065422296524,0.0231265711188316));
#9670=CARTESIAN_POINT('',(0.25,0.,0.02));
#9671=CARTESIAN_POINT('',(0.25,0.,0.02));
#9672=CARTESIAN_POINT('',(0.25,0.,0.02));
#9673=CARTESIAN_POINT('',(0.25,0.0119381937083021,0.0472014878819982));
#9674=CARTESIAN_POINT('',(0.25,0.0118935378268774,0.0472445091706588));
#9675=CARTESIAN_POINT('',(0.25,0.0118485198722308,0.0472870773804436));
#9676=CARTESIAN_POINT('',(0.25,0.00438523929569522,0.0394608433517166));
#9677=CARTESIAN_POINT('',(0.25,0.0044080125943854,0.0395096223869664));
#9678=CARTESIAN_POINT('',(0.25,0.00443013923831158,0.0395585567263129));
#9679=CARTESIAN_POINT('',(0.25,-0.00316771511691161,0.031720198821435));
#9680=CARTESIAN_POINT('',(0.25,-0.00307751263810655,0.0317747356032741));
#9681=CARTESIAN_POINT('',(0.25,-0.00298824139560766,0.0318300360721821));
#9682=CARTESIAN_POINT('',(0.25,0.00610798859596253,0.0262661874294281));
#9683=CARTESIAN_POINT('',(0.25,0.00608134889602661,0.0262922778129578));
#9684=CARTESIAN_POINT('',(0.25,0.00605457401275635,0.0263182287216187));
#9685=CARTESIAN_POINT('',(0.25,0.00305399429798126,0.0231330937147141));
#9686=CARTESIAN_POINT('',(0.25,0.00304067444801331,0.0231461389064789));
#9687=CARTESIAN_POINT('',(0.25,0.00302728700637817,0.0231591143608093));
#9688=CARTESIAN_POINT('',(0.25,0.,0.02));
#9689=CARTESIAN_POINT('',(0.25,0.,0.02));
#9690=CARTESIAN_POINT('',(0.25,0.,0.02));
#9691=CARTESIAN_POINT('',(0.25,0.0118031471654077,0.0473291894788765));
#9692=CARTESIAN_POINT('',(0.25,0.0117124017517615,0.0474134136757422));
#9693=CARTESIAN_POINT('',(0.25,0.011620237329409,0.0474958134272001));
#9694=CARTESIAN_POINT('',(0.25,0.00445160934828159,0.0396076278391744));
#9695=CARTESIAN_POINT('',(0.25,0.00449454956822161,0.0397057700648975));
#9696=CARTESIAN_POINT('',(0.25,0.00453486365233695,0.039804459384681));
#9697=CARTESIAN_POINT('',(0.25,-0.00289992846884454,0.0318860661994724));
#9698=CARTESIAN_POINT('',(0.25,-0.0027233026153183,0.0319981264540529));
#9699=CARTESIAN_POINT('',(0.25,-0.00255051002473513,0.0321131053421619));
#9700=CARTESIAN_POINT('',(0.25,0.00602766609191895,0.0263440380096436));
#9701=CARTESIAN_POINT('',(0.25,0.00597385025024414,0.0263956565856934));
#9702=CARTESIAN_POINT('',(0.25,0.00591950225830078,0.0264467086791992));
#9703=CARTESIAN_POINT('',(0.25,0.00301383304595947,0.0231720190048218));
#9704=CARTESIAN_POINT('',(0.25,0.00298692512512207,0.0231978282928467));
#9705=CARTESIAN_POINT('',(0.25,0.00295975112915039,0.0232233543395996));
#9706=CARTESIAN_POINT('',(0.25,0.,0.02));
#9707=CARTESIAN_POINT('',(0.25,0.,0.02));
#9708=CARTESIAN_POINT('',(0.25,0.,0.02));
#9709=CARTESIAN_POINT('',(0.25,0.0115267124667123,0.0475763644734401));
#9710=CARTESIAN_POINT('',(0.25,0.0113396627413187,0.0477374665659203));
#9711=CARTESIAN_POINT('',(0.25,0.011147171254548,0.0478911738375295));
#9712=CARTESIAN_POINT('',(0.25,0.00457247130265812,0.0399035417386596));
#9713=CARTESIAN_POINT('',(0.25,0.00464768660330045,0.0401017064466168));
#9714=CARTESIAN_POINT('',(0.25,0.00471207616876609,0.0403014432913547));
#9715=CARTESIAN_POINT('',(0.25,-0.00238176986139602,0.032230719003879));
#9716=CARTESIAN_POINT('',(0.25,-0.00204428953471781,0.0324659463273133));
#9717=CARTESIAN_POINT('',(0.25,-0.00172301891701582,0.0327117127451799));
#9718=CARTESIAN_POINT('',(0.25,0.00586463928222656,0.0264971771240234));
#9719=CARTESIAN_POINT('',(0.25,0.00575491333007813,0.0265981140136719));
#9720=CARTESIAN_POINT('',(0.25,0.00564312744140625,0.0266967163085938));
#9721=CARTESIAN_POINT('',(0.25,0.00293231964111328,0.0232485885620117));
#9722=CARTESIAN_POINT('',(0.25,0.00287745666503906,0.0232990570068359));
#9723=CARTESIAN_POINT('',(0.25,0.00282156372070313,0.0233483581542969));
#9724=CARTESIAN_POINT('',(0.25,0.,0.02));
#9725=CARTESIAN_POINT('',(0.25,0.,0.02));
#9726=CARTESIAN_POINT('',(0.25,0.,0.02));
#9727=CARTESIAN_POINT('',(0.25,0.0109497065532961,0.0480372922097888));
#9728=CARTESIAN_POINT('',(0.25,0.0107522418520442,0.0481834105820481));
#9729=CARTESIAN_POINT('',(0.25,0.0105498039363112,0.0483219400549574));
#9730=CARTESIAN_POINT('',(0.25,0.00476518515885827,0.040501431086592));
#9731=CARTESIAN_POINT('',(0.25,0.00481829414895045,0.0407014188818292));
#9732=CARTESIAN_POINT('',(0.25,0.00486012256366915,0.0409016576275658));
#9733=CARTESIAN_POINT('',(0.25,-0.00141933623557958,0.0329655699633952));
#9734=CARTESIAN_POINT('',(0.25,-0.00111565355414334,0.0332194271816104));
#9735=CARTESIAN_POINT('',(0.25,-0.000829558808972856,0.0334813752001742));
#9736=CARTESIAN_POINT('',(0.25,0.0055294189453125,0.0267928466796875));
#9737=CARTESIAN_POINT('',(0.25,0.00541571044921875,0.0268889770507813));
#9738=CARTESIAN_POINT('',(0.25,0.00530007934570313,0.0269826354980469));
#9739=CARTESIAN_POINT('',(0.25,0.00276470947265625,0.0233964233398438));
#9740=CARTESIAN_POINT('',(0.25,0.00270785522460938,0.0234444885253906));
#9741=CARTESIAN_POINT('',(0.25,0.00265003967285156,0.0234913177490234));
#9742=CARTESIAN_POINT('',(0.25,0.,0.02));
#9743=CARTESIAN_POINT('',(0.25,0.,0.02));
#9744=CARTESIAN_POINT('',(0.25,0.,0.02));
#9745=CARTESIAN_POINT('',(0.25,0.0103428613529929,0.0484526865500379));
#9746=CARTESIAN_POINT('',(0.25,0.0103169935300781,0.048469029861923));
#9747=CARTESIAN_POINT('',(0.25,0.0102910553217323,0.0484852515647795));
#9748=CARTESIAN_POINT('',(0.25,0.00489032121774912,0.0411006745001103));
#9749=CARTESIAN_POINT('',(0.25,0.00489409604950912,0.0411255516091784));
#9750=CARTESIAN_POINT('',(0.25,0.00489768916625913,0.0411504096264778));
#9751=CARTESIAN_POINT('',(0.25,-0.00056221891749462,0.0337486624501827));
#9752=CARTESIAN_POINT('',(0.25,-0.00052880143105984,0.0337820733564337));
#9753=CARTESIAN_POINT('',(0.25,-0.000495676989214003,0.0338155676881761));
#9754=CARTESIAN_POINT('',(0.25,0.00518266296386719,0.0270736846923828));
#9755=CARTESIAN_POINT('',(0.25,0.0051679859161377,0.0270850658416748));
#9756=CARTESIAN_POINT('',(0.25,0.00515328097343445,0.0270964062213898));
#9757=CARTESIAN_POINT('',(0.25,0.00259133148193359,0.0235368423461914));
#9758=CARTESIAN_POINT('',(0.25,0.00258399295806885,0.0235425329208374));
#9759=CARTESIAN_POINT('',(0.25,0.00257664048671722,0.0235482031106949));
#9760=CARTESIAN_POINT('',(0.25,0.,0.02));
#9761=CARTESIAN_POINT('',(0.25,0.,0.02));
#9762=CARTESIAN_POINT('',(0.25,0.,0.02));
#9763=CARTESIAN_POINT('',(0.25,0.0102650476430861,0.0485013512795479));
#9764=CARTESIAN_POINT('',(0.25,0.010252043803763,0.048509401136932));
#9765=CARTESIAN_POINT('',(0.25,0.0102390225968648,0.0485174204972942));
#9766=CARTESIAN_POINT('',(0.25,0.0049010998859967,0.0411752456753998));
#9767=CARTESIAN_POINT('',(0.25,0.00490280524586548,0.0411876636998608));
#9768=CARTESIAN_POINT('',(0.25,0.00490446500648115,0.0412000762322275));
#9769=CARTESIAN_POINT('',(0.25,-0.000462847871092703,0.0338491400712518));
#9770=CARTESIAN_POINT('',(0.25,-0.000446433312032055,0.0338659262627896));
#9771=CARTESIAN_POINT('',(0.25,-0.000430092583902539,0.0338827319671608));
#9772=CARTESIAN_POINT('',(0.25,0.00513854840397835,0.0271077055633068));
#9773=CARTESIAN_POINT('',(0.25,0.0051311821192503,0.0271133552342653));
#9774=CARTESIAN_POINT('',(0.25,0.00512380892783403,0.0271189946457744));
#9775=CARTESIAN_POINT('',(0.25,0.00256927420198917,0.0235538527816534));
#9776=CARTESIAN_POINT('',(0.25,0.00256559105962515,0.0235566776171327));
#9777=CARTESIAN_POINT('',(0.25,0.00256190446391702,0.0235594973228872));
#9778=CARTESIAN_POINT('',(0.25,0.,0.02));
#9779=CARTESIAN_POINT('',(0.25,0.,0.02));
#9780=CARTESIAN_POINT('',(0.25,0.,0.02));
#9781=CARTESIAN_POINT('',(0.25,0.0102259841367829,0.0485254093132519));
#9782=CARTESIAN_POINT('',(0.25,0.0102227245217624,0.0485274065172413));
#9783=CARTESIAN_POINT('',(0.25,0.0102194638284179,0.0485294018122055));
#9784=CARTESIAN_POINT('',(0.25,0.00490607908259339,0.0412124829129237));
#9785=CARTESIAN_POINT('',(0.25,0.00490648260162146,0.0412155845830978));
#9786=CARTESIAN_POINT('',(0.25,0.00490688326536805,0.0412186858875424));
#9787=CARTESIAN_POINT('',(0.25,-0.00041382597159611,0.0338995565125955));
#9788=CARTESIAN_POINT('',(0.25,-0.000409759318519504,0.0339037626489542));
#9789=CARTESIAN_POINT('',(0.25,-0.000405697297681841,0.0339079699628794));
#9790=CARTESIAN_POINT('',(0.25,0.00511642886325717,0.0271246237643063));
#9791=CARTESIAN_POINT('',(0.25,0.00511458384711295,0.0271260310439393));
#9792=CARTESIAN_POINT('',(0.25,0.0051127384013962,0.0271274376802612));
#9793=CARTESIAN_POINT('',(0.25,0.00255821443162858,0.0235623118821532));
#9794=CARTESIAN_POINT('',(0.25,0.00255729192355648,0.0235630155219696));
#9795=CARTESIAN_POINT('',(0.25,0.0025563692006981,0.0235637188401306));
#9796=CARTESIAN_POINT('',(0.25,0.,0.02));
#9797=CARTESIAN_POINT('',(0.25,0.,0.02));
#9798=CARTESIAN_POINT('',(0.25,0.,0.02));
#9799=CARTESIAN_POINT('',(0.25,0.0102162020585369,0.048531395197404));
#9800=CARTESIAN_POINT('',(0.25,0.0102129402886558,0.0485333885826025));
#9801=CARTESIAN_POINT('',(0.25,0.0102096774422381,0.0485353800580354));
#9802=CARTESIAN_POINT('',(0.25,0.00490728107250115,0.0412217868206393));
#9803=CARTESIAN_POINT('',(0.25,0.00490767887963425,0.0412248877537362));
#9804=CARTESIAN_POINT('',(0.25,0.00490807383015385,0.0412279883154853));
#9805=CARTESIAN_POINT('',(0.25,-0.000401639913534554,0.0339121784438746));
#9806=CARTESIAN_POINT('',(0.25,-0.000397582529387273,0.0339163869248698));
#9807=CARTESIAN_POINT('',(0.25,-0.000393529781930366,0.0339205965729351));
#9808=CARTESIAN_POINT('',(0.25,0.00511089252663078,0.0271288436727482));
#9809=CARTESIAN_POINT('',(0.25,0.00510904665186536,0.0271302496652352));
#9810=CARTESIAN_POINT('',(0.25,0.00510720034805127,0.0271316550138872));
#9811=CARTESIAN_POINT('',(0.25,0.00255544626331539,0.0235644218363741));
#9812=CARTESIAN_POINT('',(0.25,0.00255452332593268,0.0235651248326176));
#9813=CARTESIAN_POINT('',(0.25,0.00255360017402563,0.0235658275069436));
#9814=CARTESIAN_POINT('',(0.25,0.,0.02));
#9815=CARTESIAN_POINT('',(0.25,0.,0.02));
#9816=CARTESIAN_POINT('',(0.25,0.,0.02));
#9817=CARTESIAN_POINT('',(0.25,0.0102064135210711,0.0485373696229623));
#9818=CARTESIAN_POINT('',(0.25,0.0101998856787372,0.0485413487528161));
#9819=CARTESIAN_POINT('',(0.25,0.0101933535374062,0.048545320240646));
#9820=CARTESIAN_POINT('',(0.25,0.00490846592272791,0.0412310885002682));
#9821=CARTESIAN_POINT('',(0.25,0.00490925010787603,0.0412372888698341));
#9822=CARTESIAN_POINT('',(0.25,0.00491002286124201,0.0412434877315353));
#9823=CARTESIAN_POINT('',(0.25,-0.000389481675615276,0.0339248073775741));
#9824=CARTESIAN_POINT('',(0.25,-0.000381385462985095,0.033933228986852));
#9825=CARTESIAN_POINT('',(0.25,-0.000373307814922183,0.0339416552224247));
#9826=CARTESIAN_POINT('',(0.25,0.00510535361571238,0.0271330597181804));
#9827=CARTESIAN_POINT('',(0.25,0.00510166015103459,0.0271358691267669));
#9828=CARTESIAN_POINT('',(0.25,0.00509796497225761,0.0271386759579182));
#9829=CARTESIAN_POINT('',(0.25,0.00255267680785619,0.0235665298590902));
#9830=CARTESIAN_POINT('',(0.25,0.0025508300755173,0.0235679345633835));
#9831=CARTESIAN_POINT('',(0.25,0.00254898248612881,0.0235693379789591));
#9832=CARTESIAN_POINT('',(0.25,0.,0.02));
#9833=CARTESIAN_POINT('',(0.25,0.,0.02));
#9834=CARTESIAN_POINT('',(0.25,0.,0.02));
#9835=CARTESIAN_POINT('',(0.25,0.0101868171113771,0.0485492840805292));
#9836=CARTESIAN_POINT('',(0.25,0.0101345257031447,0.0485809947995944));
#9837=CARTESIAN_POINT('',(0.25,0.0100819600742334,0.0486122160500692));
#9838=CARTESIAN_POINT('',(0.25,0.00491078417216956,0.0412496850404249));
#9839=CARTESIAN_POINT('',(0.25,0.00491687465958994,0.0412992635115419));
#9840=CARTESIAN_POINT('',(0.25,0.00492223283095063,0.0413487426027141));
#9841=CARTESIAN_POINT('',(0.25,-0.000365248767038026,0.0339500860003207));
#9842=CARTESIAN_POINT('',(0.25,-0.00030077638396479,0.0340175322234893));
#9843=CARTESIAN_POINT('',(0.25,-0.000237494412332107,0.034085269155359));
#9844=CARTESIAN_POINT('',(0.25,0.00509426808357239,0.0271414802074432));
#9845=CARTESIAN_POINT('',(0.25,0.00506469297409058,0.0271639142036438));
#9846=CARTESIAN_POINT('',(0.25,0.00503500843048096,0.027186182975769));
#9847=CARTESIAN_POINT('',(0.25,0.00254713404178619,0.0235707401037216));
#9848=CARTESIAN_POINT('',(0.25,0.00253234648704529,0.0235819571018219));
#9849=CARTESIAN_POINT('',(0.25,0.00251750421524048,0.0235930914878845));
#9850=CARTESIAN_POINT('',(0.25,0.,0.02));
#9851=CARTESIAN_POINT('',(0.25,0.,0.02));
#9852=CARTESIAN_POINT('',(0.25,0.,0.02));
#9853=CARTESIAN_POINT('',(0.25,0.0100291275456885,0.0486429447994772));
#9854=CARTESIAN_POINT('',(0.25,0.0099234624885987,0.0487044022982932));
#9855=CARTESIAN_POINT('',(0.25,0.00981672983297461,0.0487638897928421));
#9856=CARTESIAN_POINT('',(0.25,0.00492685323023185,0.0413980993010715));
#9857=CARTESIAN_POINT('',(0.25,0.0049360940287943,0.0414968126977863));
#9858=CARTESIAN_POINT('',(0.25,0.00494238373903891,0.0415950365232415));
#9859=CARTESIAN_POINT('',(0.25,-0.00017542108522477,0.0341532538026658));
#9860=CARTESIAN_POINT('',(0.25,-5.12744310100927E-05,0.0342892230972793));
#9861=CARTESIAN_POINT('',(0.25,6.80376451032055E-05,0.034426183253641));
#9862=CARTESIAN_POINT('',(0.25,0.00500521659851074,0.0272082843780518));
#9863=CARTESIAN_POINT('',(0.25,0.00494563293457031,0.0272524871826172));
#9864=CARTESIAN_POINT('',(0.25,0.0048856201171875,0.0272960205078125));
#9865=CARTESIAN_POINT('',(0.25,0.00250260829925537,0.0236041421890259));
#9866=CARTESIAN_POINT('',(0.25,0.00247281646728516,0.0236262435913086));
#9867=CARTESIAN_POINT('',(0.25,0.00244281005859375,0.0236480102539063));
#9868=CARTESIAN_POINT('',(0.25,0.,0.02));
#9869=CARTESIAN_POINT('',(0.25,0.,0.02));
#9870=CARTESIAN_POINT('',(0.25,0.,0.02));
#9871=CARTESIAN_POINT('',(0.25,0.00970898814717821,0.0488213830233141));
#9872=CARTESIAN_POINT('',(0.25,0.00884705466080698,0.0492813288670898));
#9873=CARTESIAN_POINT('',(0.25,0.00792054324340741,0.0496136418099416));
#9874=CARTESIAN_POINT('',(0.25,0.00494567871280751,0.041692586674476));
#9875=CARTESIAN_POINT('',(0.25,0.00497203850295633,0.0424729878843513));
#9876=CARTESIAN_POINT('',(0.25,0.0048067351586409,0.04321027394409));
#9877=CARTESIAN_POINT('',(0.25,0.000182369278436818,0.0345637903256379));
#9878=CARTESIAN_POINT('',(0.25,0.00109702234510569,0.0356646469016128));
#9879=CARTESIAN_POINT('',(0.25,0.00169292707387438,0.0368069060782385));
#9880=CARTESIAN_POINT('',(0.25,0.0048251953125,0.0273388671875));
#9881=CARTESIAN_POINT('',(0.25,0.004341796875,0.027681640625));
#9882=CARTESIAN_POINT('',(0.25,0.00383203125,0.02798046875));
#9883=CARTESIAN_POINT('',(0.25,0.00241259765625,0.02366943359375));
#9884=CARTESIAN_POINT('',(0.25,0.0021708984375,0.0238408203125));
#9885=CARTESIAN_POINT('',(0.25,0.001916015625,0.023990234375));
#9886=CARTESIAN_POINT('',(0.25,0.,0.02));
#9887=CARTESIAN_POINT('',(0.25,0.,0.02));
#9888=CARTESIAN_POINT('',(0.25,0.,0.02));
#9889=CARTESIAN_POINT('',(0.25,0.00695944089632094,0.0498059008292189));
#9890=CARTESIAN_POINT('',(0.25,0.00647888972277771,0.0499020303388576));
#9891=CARTESIAN_POINT('',(0.25,0.00598969081681276,0.0499631463676026));
#9892=CARTESIAN_POINT('',(0.25,0.00447050372879018,0.0437970749634717));
#9893=CARTESIAN_POINT('',(0.25,0.00430238801386483,0.0440904754731625));
#9894=CARTESIAN_POINT('',(0.25,0.00409154027755565,0.044346254722764));
#9895=CARTESIAN_POINT('',(0.25,0.00198156656125942,0.0377882490977244));
#9896=CARTESIAN_POINT('',(0.25,0.00212588630495194,0.0382789206074674));
#9897=CARTESIAN_POINT('',(0.25,0.00219338973829855,0.0387293630779255));
#9898=CARTESIAN_POINT('',(0.25,0.0033046875,0.0282265625));
#9899=CARTESIAN_POINT('',(0.25,0.003041015625,0.028349609375));
#9900=CARTESIAN_POINT('',(0.25,0.00277294921875,0.02845947265625));
#9901=CARTESIAN_POINT('',(0.25,0.00165234375,0.02411328125));
#9902=CARTESIAN_POINT('',(0.25,0.0015205078125,0.0241748046875));
#9903=CARTESIAN_POINT('',(0.25,0.001386474609375,0.024229736328125));
#9904=CARTESIAN_POINT('',(0.25,0.,0.02));
#9905=CARTESIAN_POINT('',(0.25,0.,0.02));
#9906=CARTESIAN_POINT('',(0.25,0.,0.02));
#9907=CARTESIAN_POINT('',(0.25,0.00549559255359376,0.0499876962876227));
#9908=CARTESIAN_POINT('',(0.25,0.00537206798778901,0.0499938337676277));
#9909=CARTESIAN_POINT('',(0.25,0.00524823721215589,0.0499976858658374));
#9910=CARTESIAN_POINT('',(0.25,0.00384631705606043,0.0445507636074284));
#9911=CARTESIAN_POINT('',(0.25,0.00378501125068662,0.0446018908285944));
#9912=CARTESIAN_POINT('',(0.25,0.00372155697748869,0.0446498136519519));
#9913=CARTESIAN_POINT('',(0.25,0.0021970415585271,0.039113830927234));
#9914=CARTESIAN_POINT('',(0.25,0.00219795451358424,0.0392099478895611));
#9915=CARTESIAN_POINT('',(0.25,0.0021948767428215,0.0393019414380664));
#9916=CARTESIAN_POINT('',(0.25,0.0025015869140625,0.0285550537109375));
#9917=CARTESIAN_POINT('',(0.25,0.00243374633789062,0.0285789489746094));
#9918=CARTESIAN_POINT('',(0.25,0.0023656997680664,0.0286019515991211));
#9919=CARTESIAN_POINT('',(0.25,0.00125079345703125,0.0242775268554688));
#9920=CARTESIAN_POINT('',(0.25,0.00121687316894531,0.0242894744873047));
#9921=CARTESIAN_POINT('',(0.25,0.0011828498840332,0.0243009757995605));
#9922=CARTESIAN_POINT('',(0.25,0.,0.02));
#9923=CARTESIAN_POINT('',(0.25,0.,0.02));
#9924=CARTESIAN_POINT('',(0.25,0.,0.02));
#9925=CARTESIAN_POINT('',(0.25,0.00512415879505638,0.049999228322442));
#9926=CARTESIAN_POINT('',(0.25,0.0050931391907815,0.0499996139365931));
#9927=CARTESIAN_POINT('',(0.25,0.00506210410891498,0.0499998551981439));
#9928=CARTESIAN_POINT('',(0.25,0.00365609732860685,0.0446943358310741));
#9929=CARTESIAN_POINT('',(0.25,0.00363973241638639,0.0447054663758546));
#9930=CARTESIAN_POINT('',(0.25,0.00362324216818568,0.0447163843803705));
#9931=CARTESIAN_POINT('',(0.25,0.00218803586215732,0.0393894433397062));
#9932=CARTESIAN_POINT('',(0.25,0.00218632564199127,0.0394113188151161));
#9933=CARTESIAN_POINT('',(0.25,0.00218438022745639,0.039432913562597));
#9934=CARTESIAN_POINT('',(0.25,0.00229746437072754,0.028624044418335));
#9935=CARTESIAN_POINT('',(0.25,0.00228040552139282,0.0286295676231384));
#9936=CARTESIAN_POINT('',(0.25,0.00226333487033844,0.0286350339651108));
#9937=CARTESIAN_POINT('',(0.25,0.00114873218536377,0.0243120222091675));
#9938=CARTESIAN_POINT('',(0.25,0.00114020276069641,0.0243147838115692));
#9939=CARTESIAN_POINT('',(0.25,0.00113166743516922,0.0243175169825554));
#9940=CARTESIAN_POINT('',(0.25,0.,0.02));
#9941=CARTESIAN_POINT('',(0.25,0.,0.02));
#9942=CARTESIAN_POINT('',(0.25,0.,0.02));
#9943=CARTESIAN_POINT('',(0.25,0.00503105446458746,0.0499999517280349));
#9944=CARTESIAN_POINT('',(0.25,0.00502329205350558,0.0499999758605076));
#9945=CARTESIAN_POINT('',(0.25,0.00501552873226988,0.0499999909472516));
#9946=CARTESIAN_POINT('',(0.25,0.00360662920147555,0.0447270865169079));
#9947=CARTESIAN_POINT('',(0.25,0.00360247595979801,0.0447297620510422));
#9948=CARTESIAN_POINT('',(0.25,0.00359831504821363,0.044732424093428));
#9949=CARTESIAN_POINT('',(0.25,0.00218220393836363,0.0394542213057809));
#9950=CARTESIAN_POINT('',(0.25,0.00218165986609044,0.0394595482415769));
#9951=CARTESIAN_POINT('',(0.25,0.00218110136415738,0.0394648572396043));
#9952=CARTESIAN_POINT('',(0.25,0.00224625268578529,0.0286404431760311));
#9953=CARTESIAN_POINT('',(0.25,0.002241982139647,0.0286417954787612));
#9954=CARTESIAN_POINT('',(0.25,0.00223771087266505,0.0286431442108005));
#9955=CARTESIAN_POINT('',(0.25,0.00112312634289265,0.0243202215880156));
#9956=CARTESIAN_POINT('',(0.25,0.0011209910698235,0.0243208977393806));
#9957=CARTESIAN_POINT('',(0.25,0.00111885543633252,0.0243215721054003));
#9958=CARTESIAN_POINT('',(0.25,0.,0.02));
#9959=CARTESIAN_POINT('',(0.25,0.,0.02));
#9960=CARTESIAN_POINT('',(0.25,0.,0.02));
#9961=CARTESIAN_POINT('',(0.25,0.00500776451517929,0.0499999969823441));
#9962=CARTESIAN_POINT('',(0.25,0.005003882406634,0.0499999999998903));
#9963=CARTESIAN_POINT('',(0.25,0.005,0.05));
#9964=CARTESIAN_POINT('',(0.25,0.00359414650153392,0.0447350725999089));
#9965=CARTESIAN_POINT('',(0.25,0.00359206222819406,0.0447363968531494));
#9966=CARTESIAN_POINT('',(0.25,0.00358997597195539,0.04473771696789));
#9967=CARTESIAN_POINT('',(0.25,0.00218052848788854,0.0394701482174738));
#9968=CARTESIAN_POINT('',(0.25,0.00218024204975412,0.0394727937064085));
#9969=CARTESIAN_POINT('',(0.25,0.00217995194391078,0.0394754339357801));
#9970=CARTESIAN_POINT('',(0.25,0.00223343888903036,0.0286444893679582));
#9971=CARTESIAN_POINT('',(0.25,0.00223130289721302,0.028645161946537));
#9972=CARTESIAN_POINT('',(0.25,0.0022291667262325,0.0286458336313954));
#9973=CARTESIAN_POINT('',(0.25,0.00111671944451518,0.0243222446839791));
#9974=CARTESIAN_POINT('',(0.25,0.00111565144860651,0.0243225809732685));
#9975=CARTESIAN_POINT('',(0.25,0.00111458336311625,0.0243229168156977));
#9976=CARTESIAN_POINT('',(0.25,0.,0.02));
#9977=CARTESIAN_POINT('',(0.25,0.,0.02));
#9978=CARTESIAN_POINT('',(0.25,0.,0.02));
#9979=CARTESIAN_POINT('',(0.25,0.0049951171875,0.05));
#9980=CARTESIAN_POINT('',(0.25,0.004990234375,0.05));
#9981=CARTESIAN_POINT('',(0.25,0.0049853515625,0.05));
#9982=CARTESIAN_POINT('',(0.25,0.00358688762709051,0.0447390359550744));
#9983=CARTESIAN_POINT('',(0.25,0.00358379928222562,0.0447403549422587));
#9984=CARTESIAN_POINT('',(0.25,0.00358070925460053,0.0447416728019964));
#9985=CARTESIAN_POINT('',(0.25,0.00217865806668101,0.0394780719101487));
#9986=CARTESIAN_POINT('',(0.25,0.00217736418945124,0.0394807098845173));
#9987=CARTESIAN_POINT('',(0.25,0.00217606694670105,0.0394833456039927));
#9988=CARTESIAN_POINT('',(0.25,0.00222703037661267,0.0286465044220095));
#9989=CARTESIAN_POINT('',(0.25,0.00222489402699284,0.0286471752126236));
#9990=CARTESIAN_POINT('',(0.25,0.0022227574987337,0.0286478451089933));
#9991=CARTESIAN_POINT('',(0.25,0.00111351518830634,0.0243232522110047));
#9992=CARTESIAN_POINT('',(0.25,0.00111244701349642,0.0243235876063118));
#9993=CARTESIAN_POINT('',(0.25,0.00111137874936685,0.0243239225544967));
#9994=CARTESIAN_POINT('',(0.25,0.,0.02));
#9995=CARTESIAN_POINT('',(0.25,0.,0.02));
#9996=CARTESIAN_POINT('',(0.25,0.,0.02));
#9997=CARTESIAN_POINT('',(0.25,0.00498046875,0.05));
#9998=CARTESIAN_POINT('',(0.25,0.00496093750000001,0.05));
#9999=CARTESIAN_POINT('',(0.25,0.00494140625,0.05));
#10000=CARTESIAN_POINT('',(0.25,0.00357761755270863,0.0447429895316048));
#10001=CARTESIAN_POINT('',(0.25,0.00356525074514106,0.0447482564500384));
#10002=CARTESIAN_POINT('',(0.25,0.00355285714930479,0.0447535052864036));
#10003=CARTESIAN_POINT('',(0.25,0.00217476635541726,0.0394859790632095));
#10004=CARTESIAN_POINT('',(0.25,0.00216956399028212,0.0394965129000768));
#10005=CARTESIAN_POINT('',(0.25,0.00216430804860957,0.0395070105728072));
#10006=CARTESIAN_POINT('',(0.25,0.00222062079235911,0.028648514110595));
#10007=CARTESIAN_POINT('',(0.25,0.00221207396686077,0.0286511901170015));
#10008=CARTESIAN_POINT('',(0.25,0.00220352429151535,0.0286538518071175));
#10009=CARTESIAN_POINT('',(0.25,0.00111031039617956,0.0243242570552975));
#10010=CARTESIAN_POINT('',(0.25,0.00110603698343038,0.0243255950585008));
#10011=CARTESIAN_POINT('',(0.25,0.00110176214575767,0.0243269259035587));
#10012=CARTESIAN_POINT('',(0.25,0.,0.02));
#10013=CARTESIAN_POINT('',(0.25,0.,0.02));
#10014=CARTESIAN_POINT('',(0.25,0.,0.02));
#10015=CARTESIAN_POINT('',(0.25,0.004921875,0.05));
#10016=CARTESIAN_POINT('',(0.25,0.00484375,0.05));
#10017=CARTESIAN_POINT('',(0.25,0.004765625,0.05));
#10018=CARTESIAN_POINT('',(0.25,0.00354043672005488,0.0447587355825792));
#10019=CARTESIAN_POINT('',(0.25,0.00349075500305528,0.0447796567672819));
#10020=CARTESIAN_POINT('',(0.25,0.0034406439514376,0.0448002813089517));
#10021=CARTESIAN_POINT('',(0.25,0.00215899844010977,0.0395174711651585));
#10022=CARTESIAN_POINT('',(0.25,0.00213776000611055,0.0395593135345637));
#10023=CARTESIAN_POINT('',(0.25,0.00211566290287521,0.0396005626179033));
#10024=CARTESIAN_POINT('',(0.25,0.00219497179985046,0.0286564991474152));
#10025=CARTESIAN_POINT('',(0.25,0.00216076183319092,0.028667088508606));
#10026=CARTESIAN_POINT('',(0.25,0.00212650680541992,0.0286774482727051));
#10027=CARTESIAN_POINT('',(0.25,0.00109748589992523,0.0243282495737076));
#10028=CARTESIAN_POINT('',(0.25,0.00108038091659546,0.024333544254303));
#10029=CARTESIAN_POINT('',(0.25,0.00106325340270996,0.0243387241363525));
#10030=CARTESIAN_POINT('',(0.25,0.,0.02));
#10031=CARTESIAN_POINT('',(0.25,0.,0.02));
#10032=CARTESIAN_POINT('',(0.25,0.,0.02));
#10033=CARTESIAN_POINT('',(0.25,0.0046875,0.05));
#10034=CARTESIAN_POINT('',(0.25,0.004375,0.05));
#10035=CARTESIAN_POINT('',(0.25,0.0040625,0.05));
#10036=CARTESIAN_POINT('',(0.25,0.00339012576351074,0.0448205917166371));
#10037=CARTESIAN_POINT('',(0.25,0.00318805301180331,0.0449018333473786));
#10038=CARTESIAN_POINT('',(0.25,0.00297946607914879,0.0449780488343692));
#10039=CARTESIAN_POINT('',(0.25,0.00209275152702149,0.0396411834332741));
#10040=CARTESIAN_POINT('',(0.25,0.00200110602360661,0.0398036666947573));
#10041=CARTESIAN_POINT('',(0.25,0.00189643215829758,0.0399560976687384));
#10042=CARTESIAN_POINT('',(0.25,0.00209220886230469,0.0286875762939453));
#10043=CARTESIAN_POINT('',(0.25,0.00195501708984375,0.0287280883789062));
#10044=CARTESIAN_POINT('',(0.25,0.001817138671875,0.028764892578125));
#10045=CARTESIAN_POINT('',(0.25,0.00104610443115234,0.0243437881469727));
#10046=CARTESIAN_POINT('',(0.25,0.000977508544921874,0.0243640441894531));
#10047=CARTESIAN_POINT('',(0.25,0.000908569335937499,0.0243824462890625));
#10048=CARTESIAN_POINT('',(0.25,0.,0.02));
#10049=CARTESIAN_POINT('',(0.25,0.,0.02));
#10050=CARTESIAN_POINT('',(0.25,0.,0.02));
#10051=CARTESIAN_POINT('',(0.25,0.00375,0.05));
#10052=CARTESIAN_POINT('',(0.25,0.0025,0.05));
#10053=CARTESIAN_POINT('',(0.25,0.00125,0.05));
#10054=CARTESIAN_POINT('',(0.25,0.,0.05));
#10055=CARTESIAN_POINT('',(0.25,0.00276492723634336,0.0450477047926515));
#10056=CARTESIAN_POINT('',(0.25,0.00190677186512165,0.0453263286257806));
#10057=CARTESIAN_POINT('',(0.25,0.000953385931485368,0.0454999999995775));
#10058=CARTESIAN_POINT('',(0.25,8.26636589424463E-19,0.0455));
#10059=CARTESIAN_POINT('',(0.25,0.00177985447268672,0.0400954095853029));
#10060=CARTESIAN_POINT('',(0.25,0.00131354373024329,0.0406526572515613));
#10061=CARTESIAN_POINT('',(0.25,0.000656771862970734,0.0409999999991551));
#10062=CARTESIAN_POINT('',(0.25,1.65327317884893E-18,0.041));
#10063=CARTESIAN_POINT('',(0.25,0.0016787109375,0.0287978515625));
#10064=CARTESIAN_POINT('',(0.25,0.001125,0.0289296875));
#10065=CARTESIAN_POINT('',(0.25,0.000562499999999998,0.029));
#10066=CARTESIAN_POINT('',(0.25,-2.29850860566927E-18,0.029));
#10067=CARTESIAN_POINT('',(0.25,0.000839355468749999,0.02439892578125));
#10068=CARTESIAN_POINT('',(0.25,0.000562499999999999,0.02446484375));
#10069=CARTESIAN_POINT('',(0.25,0.000281249999999999,0.0245));
#10070=CARTESIAN_POINT('',(0.25,-1.14925430283463E-18,0.0245));
#10071=CARTESIAN_POINT('',(0.25,0.,0.02));
#10072=CARTESIAN_POINT('',(0.25,0.,0.02));
#10073=CARTESIAN_POINT('',(0.25,0.,0.02));
#10074=CARTESIAN_POINT('',(0.25,0.,0.02));
#10075=GEOMETRIC_SET('ICOLGFOOWM, Tail, 0',(#55,#890,#1725,#2560,#3395,#4230,#5065,#5900,#6735,#7570,#8405,#9240));
#10076=GEOMETRICALLY_BOUNDED_SURFACE_SHAPE_REPRESENTATION('',(#10075),#15);
#10077=SHAPE_REPRESENTATION_RELATIONSHIP('','',#29,#10076);
ENDSEC;
END-ISO-10303-21;
