v                0                0                0
v                0             0.03                0
v   1.57279143e-35    0.02998395156 -0.0009896265411
v  2.672266316e-35    0.02993613673  -0.001971281592
v  3.416753796e-35    0.02985705124  -0.002944469424
v  3.924583003e-35    0.02974719081  -0.003908694312
v  4.314083075e-35    0.02960705117  -0.004863460529
v  4.703583147e-35    0.02943712805  -0.005808272346
v  5.211412355e-35    0.02923791717  -0.006742634037
v  5.955899834e-35    0.02900991426  -0.007666049874
v  7.055374721e-35    0.02875361505  -0.008578024132
v  8.628166151e-35    0.02846951527  -0.009478061082
v  1.079260326e-34    0.02815811064     -0.010365665
v  1.366701518e-34    0.02781989689   -0.01124034015
v  1.199758829e-34    0.02745536975   -0.01210159082
v  6.763496186e-35    0.02706502494   -0.01294892127
v  3.328006944e-35    0.02664935819   -0.01378183577
v  1.312467331e-35    0.02620886523   -0.01459983861
v  3.382241131e-36    0.02574404178   -0.01540243405
v  2.662405555e-37    0.02525538358   -0.01618912637
v                0    0.02474338635   -0.01695941983
v                0    0.02420854581   -0.01771281872
v   1.00224778e-34     0.0236513577    -0.0184488273
v  1.419949629e-36    0.02307231774   -0.01916694985
v  7.667727999e-35    0.02247192165   -0.01986669064
v   1.36788481e-34    0.02185066517   -0.02054755394
v                0    0.02120904403   -0.02120904403
v   1.36788481e-34    0.02054755394   -0.02185066517
v  7.667727999e-35    0.01986669064   -0.02247192165
v  1.419949629e-36    0.01916694985   -0.02307231774
v  1.543406361e-34     0.0184488273    -0.0236513577
v  1.898196553e-34    0.01771281872   -0.02420854581
v   1.36788481e-34    0.01695941983   -0.02474338635
v                0    0.01618912637   -0.02525538358
v                0    0.01540243405   -0.02574404178
v                0    0.01459983861   -0.02620886523
v                0    0.01378183577   -0.02664935819
v                0    0.01294892127   -0.02706502494
v                0    0.01210159082   -0.02745536975
v                0    0.01124034015   -0.02781989689
v                0      0.010365665   -0.02815811064
v                0   0.009478061082   -0.02846951527
v                0   0.008578024132   -0.02875361505
v                0   0.007666049874   -0.02900991426
v                0   0.006742634037   -0.02923791717
v                0   0.005808272346   -0.02943712805
v                0   0.004863460529   -0.02960705117
v                0   0.003908694312   -0.02974719081
v                0   0.002944469424   -0.02985705124
v                0   0.001971281592   -0.02993613673
v                0  0.0009896265411   -0.02998395156
v                0                0            -0.03
v                0 -0.0009896265411   -0.02998395156
v                0  -0.001971281592   -0.02993613673
v                0  -0.002944469424   -0.02985705124
v                0  -0.003908694312   -0.02974719081
v                0  -0.004863460529   -0.02960705117
v                0  -0.005808272346   -0.02943712805
v                0  -0.006742634037   -0.02923791717
v                0  -0.007666049874   -0.02900991426
v                0  -0.008578024132   -0.02875361505
v                0  -0.009478061082   -0.02846951527
v                0     -0.010365665   -0.02815811064
v                0   -0.01124034015   -0.02781989689
v                0   -0.01210159082   -0.02745536975
v                0   -0.01294892127   -0.02706502494
v                0   -0.01378183577   -0.02664935819
v                0   -0.01459983861   -0.02620886523
v                0   -0.01540243405   -0.02574404178
v                0   -0.01618912637   -0.02525538358
v  1.468859006e-34   -0.01695941983   -0.02474338635
v  1.183291358e-34   -0.01771281872   -0.02420854581
v   2.54032933e-34    -0.0184488273    -0.0236513577
v  3.067288415e-34   -0.01916694985   -0.02307231774
v  2.314715111e-34   -0.01986669064   -0.02247192165
v  1.713603101e-34   -0.02054755394   -0.02185066517
v  3.081487911e-34   -0.02120904403   -0.02120904403
v  9.689184068e-35   -0.02185066517   -0.02054755394
v     1.437699e-35   -0.02247192165   -0.01986669064
v  1.972152263e-38   -0.02307231774   -0.01916694985
v  1.275588084e-34    -0.0236513577    -0.0184488273
v                0   -0.02420854581   -0.01771281872
v                0   -0.02474338635   -0.01695941983
v  5.857292221e-36   -0.02525538358   -0.01618912637
v  2.609157444e-35   -0.02574404178   -0.01540243405
v    5.0112389e-35   -0.02620886523   -0.01459983861
v  6.656013888e-35   -0.02664935819   -0.01378183577
v  6.407522703e-35   -0.02706502494   -0.01294892127
v  3.129805641e-35   -0.02745536975   -0.01210159082
v                0   -0.02781989689   -0.01124034015
v                0   -0.02815811064     -0.010365665
v                0   -0.02846951527  -0.009478061082
v                0   -0.02875361505  -0.008578024132
v                0   -0.02900991426  -0.007666049874
v                0   -0.02923791717  -0.006742634037
v                0   -0.02943712805  -0.005808272346
v                0   -0.02960705117  -0.004863460529
v                0   -0.02974719081  -0.003908694312
v                0   -0.02985705124  -0.002944469424
v                0   -0.02993613673  -0.001971281592
v                0   -0.02998395156 -0.0009896265411
v                0            -0.03                0
v  7.824514104e-36   -0.02998395156  0.0009896265411
v  1.304578722e-35   -0.02993613673   0.001971281592
v  1.601880676e-35   -0.02985705124   0.002944469424
v  1.709856012e-35   -0.02974719081   0.003908694312
v  1.664003472e-35   -0.02960705117   0.004863460529
v  1.499821796e-35   -0.02943712805   0.005808272346
v  1.252809725e-35   -0.02923791717   0.006742634037
v  9.584659998e-36   -0.02900991426   0.007666049874
v   6.52289361e-36   -0.02875361505   0.008578024132
v  3.697785493e-36   -0.02846951527   0.009478061082
v  1.464323055e-36   -0.02815811064      0.010365665
v  1.774937037e-37   -0.02781989689    0.01124034015
v                0   -0.02745536975    0.01210159082
v                0   -0.02706502494    0.01294892127
v                0   -0.02664935819    0.01378183577
v                0   -0.02620886523    0.01459983861
v                0   -0.02574404178    0.01540243405
v                0   -0.02525538358    0.01618912637
v                0   -0.02474338635    0.01695941983
v                0   -0.02420854581    0.01771281872
v                0    -0.0236513577     0.0184488273
v  3.549874073e-37   -0.02307231774    0.01916694985
v     1.916932e-35   -0.02247192165    0.01986669064
v  3.419712024e-35   -0.02185066517    0.02054755394
v                0   -0.02120904403    0.02120904403
v  1.609276247e-35   -0.02054755394    0.02185066517
v  3.407879111e-35   -0.01986669064    0.02247192165
v  8.519697776e-36   -0.01916694985    0.02307231774
v  4.541866662e-35    -0.0184488273     0.0236513577
v  3.019858153e-35   -0.01771281872    0.02420854581
v  2.524354897e-36   -0.01695941983    0.02474338635
v  2.147673814e-35   -0.01618912637    0.02525538358
v  3.354630999e-35   -0.01540243405    0.02574404178
v  3.188970209e-35   -0.01459983861    0.02620886523
v  2.218671296e-35   -0.01378183577    0.02664935819
v  1.011714111e-35   -0.01294892127    0.02706502494
v  1.360785062e-36   -0.01210159082    0.02745536975
v  8.524628157e-36   -0.01124034015    0.02781989689
v  2.160985842e-35     -0.010365665    0.02815811064
v  3.019858153e-35  -0.009478061082    0.02846951527
v  3.523743056e-35  -0.008578024132    0.02875361505
v   3.76730386e-35  -0.007666049874    0.02900991426
v  3.845203875e-35  -0.006742634037    0.02923791717
v  3.852106408e-35  -0.005808272346    0.02943712805
v  3.882674768e-35  -0.004863460529    0.02960705117
v  4.031572264e-35  -0.003908694312    0.02974719081
v  4.393462204e-35  -0.002944469424    0.02985705124
v  5.063007897e-35  -0.001971281592    0.02993613673
v  6.134872652e-35 -0.0009896265411    0.02998395156
v  7.703719778e-35 -6.162975822e-34             0.03
v  7.563696967e-35  0.0009896265411    0.02998395156
v  7.175182971e-35   0.001971281592    0.02993613673
v  6.585509444e-35   0.002944469424    0.02985705124
v  5.842008041e-35   0.003908694312    0.02974719081
v  4.992010416e-35   0.004863460529    0.02960705117
v  4.082848223e-35   0.005808272346    0.02943712805
v  3.161853116e-35   0.006742634037    0.02923791717
v   2.27635675e-35   0.007666049874    0.02900991426
v  1.473690779e-35   0.008578024132    0.02875361505
v  8.011868569e-36   0.009478061082    0.02846951527
v  3.061766388e-36      0.010365665    0.02815811064
v   3.59917788e-37    0.01124034015    0.02781989689
v                0    0.01210159082    0.02745536975
v                0    0.01294892127    0.02706502494
v                0    0.01378183577    0.02664935819
v                0    0.01459983861    0.02620886523
v                0    0.01540243405    0.02574404178
v                0    0.01618912637    0.02525538358
v                0    0.01695941983    0.02474338635
v  2.958228395e-35    0.01771281872    0.02420854581
v                0     0.0184488273     0.0236513577
v  8.519697776e-36    0.01916694985    0.02307231774
v  3.407879111e-35    0.01986669064    0.02247192165
v  1.609276247e-35    0.02054755394    0.02185066517
v                0    0.02120904403    0.02120904403
v  5.028988271e-35    0.02185066517    0.02054755394
v   5.32481111e-35    0.02247192165    0.01986669064
v  8.874685184e-36    0.02307231774    0.01916694985
v                0     0.0236513577     0.0184488273
v                0    0.02420854581    0.01771281872
v                0    0.02474338635    0.01695941983
v                0    0.02525538358    0.01618912637
v                0    0.02574404178    0.01540243405
v                0    0.02620886523    0.01459983861
v                0    0.02664935819    0.01378183577
v                0    0.02706502494    0.01294892127
v                0    0.02745536975    0.01210159082
v  4.264779269e-36    0.02781989689    0.01124034015
v  1.087148935e-35    0.02815811064      0.010365665
v  1.540743956e-35    0.02846951527   0.009478061082
v  1.846427556e-35    0.02875361505   0.008578024132
v  2.063364305e-35    0.02900991426   0.007666049874
v   2.25071877e-35    0.02923791717   0.006742634037
v  2.467655519e-35    0.02943712805   0.005808272346
v   2.77333912e-35    0.02960705117   0.004863460529
v   3.22693414e-35    0.02974719081   0.003908694312
v  3.887605149e-35    0.02985705124   0.002944469424
v  4.814516712e-35    0.02993613673   0.001971281592
v  6.066833399e-35    0.02998395156  0.0009896265411
v  2.071154914e-06    0.03076509365                0
v  2.071154914e-06     0.0307486516   -0.00101363586
v  2.071154914e-06    0.03069966211  -0.002019278458
v  2.071154914e-06    0.03061863014   -0.00301640968
v  2.071154914e-06    0.03050606069   -0.00400451141
v  2.071154914e-06    0.03036245871  -0.004983065535
v  2.071154914e-06     0.0301883292  -0.005951553939
v  2.071154914e-06    0.02998417712  -0.006909458507
v  2.071154914e-06    0.02975050745  -0.007856261126
v  2.071154914e-06    0.02948782517  -0.008791443681
v  2.071154914e-06    0.02919663525  -0.009714488056
v  2.071154914e-06    0.02887744268   -0.01062487614
v  2.071154914e-06    0.02853075243   -0.01152208981
v  2.071154914e-06    0.02815706946   -0.01240561096
v  2.071154914e-06    0.02775689877   -0.01327492148
v  2.071154914e-06    0.02733074533   -0.01412950324
v  2.071154914e-06    0.02687911411   -0.01496883813
v  2.071154914e-06    0.02640251009   -0.01579240804
v  2.071154914e-06    0.02590143824   -0.01659969486
v  2.071154914e-06    0.02537640355   -0.01739018047
v  2.071154914e-06    0.02482791098    -0.0181633467
v  2.071154914e-06    0.02425645524   -0.01891864041
v  2.071154914e-06    0.02366253166   -0.01965557422
v  2.071154914e-06    0.02304664612   -0.02037362781
v  2.071154914e-06    0.02240930456   -0.02107228081
v  2.071154914e-06    0.02175101286   -0.02175101286
v  2.071154914e-06    0.02107228081   -0.02240930456
v  2.071154914e-06    0.02037362781   -0.02304664612
v  2.071154914e-06    0.01965557422   -0.02366253166
v  2.071154914e-06    0.01891864041   -0.02425645524
v  2.071154914e-06     0.0181633467   -0.02482791098
v  2.071154914e-06    0.01739018047   -0.02537640355
v  2.071154914e-06    0.01659969486   -0.02590143824
v  2.071154914e-06    0.01579240804   -0.02640251009
v  2.071154914e-06    0.01496883813   -0.02687911411
v  2.071154914e-06    0.01412950324   -0.02733074533
v  2.071154914e-06    0.01327492148   -0.02775689877
v  2.071154914e-06    0.01240561096   -0.02815706946
v  2.071154914e-06    0.01152208981   -0.02853075243
v  2.071154914e-06    0.01062487614   -0.02887744268
v  2.071154914e-06   0.009714488056   -0.02919663525
v  2.071154914e-06   0.008791443681   -0.02948782517
v  2.071154914e-06   0.007856261126   -0.02975050745
v  2.071154914e-06   0.006909458507   -0.02998417712
v  2.071154914e-06   0.005951553939    -0.0301883292
v  2.071154914e-06   0.004983065535   -0.03036245871
v  2.071154914e-06    0.00400451141   -0.03050606069
v  2.071154914e-06    0.00301640968   -0.03061863014
v  2.071154914e-06   0.002019278458   -0.03069966211
v  2.071154914e-06    0.00101363586    -0.0307486516
v  2.071154914e-06  3.531643939e-20   -0.03076509365
v  2.071154914e-06   -0.00101363586    -0.0307486516
v  2.071154914e-06  -0.002019278458   -0.03069966211
v  2.071154914e-06   -0.00301640968   -0.03061863014
v  2.071154914e-06   -0.00400451141   -0.03050606069
v  2.071154914e-06  -0.004983065535   -0.03036245871
v  2.071154914e-06  -0.005951553939    -0.0301883292
v  2.071154914e-06  -0.006909458507   -0.02998417712
v  2.071154914e-06  -0.007856261126   -0.02975050745
v  2.071154914e-06  -0.008791443681   -0.02948782517
v  2.071154914e-06  -0.009714488056   -0.02919663525
v  2.071154914e-06   -0.01062487614   -0.02887744268
v  2.071154914e-06   -0.01152208981   -0.02853075243
v  2.071154914e-06   -0.01240561096   -0.02815706946
v  2.071154914e-06   -0.01327492148   -0.02775689877
v  2.071154914e-06   -0.01412950324   -0.02733074533
v  2.071154914e-06   -0.01496883813   -0.02687911411
v  2.071154914e-06   -0.01579240804   -0.02640251009
v  2.071154914e-06   -0.01659969486   -0.02590143824
v  2.071154914e-06   -0.01739018047   -0.02537640355
v  2.071154914e-06    -0.0181633467   -0.02482791098
v  2.071154914e-06   -0.01891864041   -0.02425645524
v  2.071154914e-06   -0.01965557422   -0.02366253166
v  2.071154914e-06   -0.02037362781   -0.02304664612
v  2.071154914e-06   -0.02107228081   -0.02240930456
v  2.071154914e-06   -0.02175101286   -0.02175101286
v  2.071154914e-06   -0.02240930456   -0.02107228081
v  2.071154914e-06   -0.02304664612   -0.02037362781
v  2.071154914e-06   -0.02366253166   -0.01965557422
v  2.071154914e-06   -0.02425645524   -0.01891864041
v  2.071154914e-06   -0.02482791098    -0.0181633467
v  2.071154914e-06   -0.02537640355   -0.01739018047
v  2.071154914e-06   -0.02590143824   -0.01659969486
v  2.071154914e-06   -0.02640251009   -0.01579240804
v  2.071154914e-06   -0.02687911411   -0.01496883813
v  2.071154914e-06   -0.02733074533   -0.01412950324
v  2.071154914e-06   -0.02775689877   -0.01327492148
v  2.071154914e-06   -0.02815706946   -0.01240561096
v  2.071154914e-06   -0.02853075243   -0.01152208981
v  2.071154914e-06   -0.02887744268   -0.01062487614
v  2.071154914e-06   -0.02919663525  -0.009714488056
v  2.071154914e-06   -0.02948782517  -0.008791443681
v  2.071154914e-06   -0.02975050745  -0.007856261126
v  2.071154914e-06   -0.02998417712  -0.006909458507
v  2.071154914e-06    -0.0301883292  -0.005951553939
v  2.071154914e-06   -0.03036245871  -0.004983065535
v  2.071154914e-06   -0.03050606069   -0.00400451141
v  2.071154914e-06   -0.03061863014   -0.00301640968
v  2.071154914e-06   -0.03069966211  -0.002019278458
v  2.071154914e-06    -0.0307486516   -0.00101363586
v  2.071154914e-06   -0.03076509365 -1.506834747e-19
v  2.071154914e-06    -0.0307486516    0.00101363586
v  2.071154914e-06   -0.03069966211   0.002019278458
v  2.071154914e-06   -0.03061863014    0.00301640968
v  2.071154914e-06   -0.03050606069    0.00400451141
v  2.071154914e-06   -0.03036245871   0.004983065535
v  2.071154914e-06    -0.0301883292   0.005951553939
v  2.071154914e-06   -0.02998417712   0.006909458507
v  2.071154914e-06   -0.02975050745   0.007856261126
v  2.071154914e-06   -0.02948782517   0.008791443681
v  2.071154914e-06   -0.02919663525   0.009714488056
v  2.071154914e-06   -0.02887744268    0.01062487614
v  2.071154914e-06   -0.02853075243    0.01152208981
v  2.071154914e-06   -0.02815706946    0.01240561096
v  2.071154914e-06   -0.02775689877    0.01327492148
v  2.071154914e-06   -0.02733074533    0.01412950324
v  2.071154914e-06   -0.02687911411    0.01496883813
v  2.071154914e-06   -0.02640251009    0.01579240804
v  2.071154914e-06   -0.02590143824    0.01659969486
v  2.071154914e-06   -0.02537640355    0.01739018047
v  2.071154914e-06   -0.02482791098     0.0181633467
v  2.071154914e-06   -0.02425645524    0.01891864041
v  2.071154914e-06   -0.02366253166    0.01965557422
v  2.071154914e-06   -0.02304664612    0.02037362781
v  2.071154914e-06   -0.02240930456    0.02107228081
v  2.071154914e-06   -0.02175101286    0.02175101286
v  2.071154914e-06   -0.02107228081    0.02240930456
v  2.071154914e-06   -0.02037362781    0.02304664612
v  2.071154914e-06   -0.01965557422    0.02366253166
v  2.071154914e-06   -0.01891864041    0.02425645524
v  2.071154914e-06    -0.0181633467    0.02482791098
v  2.071154914e-06   -0.01739018047    0.02537640355
v  2.071154914e-06   -0.01659969486    0.02590143824
v  2.071154914e-06   -0.01579240804    0.02640251009
v  2.071154914e-06   -0.01496883813    0.02687911411
v  2.071154914e-06   -0.01412950324    0.02733074533
v  2.071154914e-06   -0.01327492148    0.02775689877
v  2.071154914e-06   -0.01240561096    0.02815706946
v  2.071154914e-06   -0.01152208981    0.02853075243
v  2.071154914e-06   -0.01062487614    0.02887744268
v  2.071154914e-06  -0.009714488056    0.02919663525
v  2.071154914e-06  -0.008791443681    0.02948782517
v  2.071154914e-06  -0.007856261126    0.02975050745
v  2.071154914e-06  -0.006909458507    0.02998417712
v  2.071154914e-06  -0.005951553939     0.0301883292
v  2.071154914e-06  -0.004983065535    0.03036245871
v  2.071154914e-06   -0.00400451141    0.03050606069
v  2.071154914e-06   -0.00301640968    0.03061863014
v  2.071154914e-06  -0.002019278458    0.03069966211
v  2.071154914e-06   -0.00101363586     0.0307486516
v  2.071154914e-06 -3.028088966e-19    0.03076509365
v  2.071154914e-06    0.00101363586     0.0307486516
v  2.071154914e-06   0.002019278458    0.03069966211
v  2.071154914e-06    0.00301640968    0.03061863014
v  2.071154914e-06    0.00400451141    0.03050606069
v  2.071154914e-06   0.004983065535    0.03036245871
v  2.071154914e-06   0.005951553939     0.0301883292
v  2.071154914e-06   0.006909458507    0.02998417712
v  2.071154914e-06   0.007856261126    0.02975050745
v  2.071154914e-06   0.008791443681    0.02948782517
v  2.071154914e-06   0.009714488056    0.02919663525
v  2.071154914e-06    0.01062487614    0.02887744268
v  2.071154914e-06    0.01152208981    0.02853075243
v  2.071154914e-06    0.01240561096    0.02815706946
v  2.071154914e-06    0.01327492148    0.02775689877
v  2.071154914e-06    0.01412950324    0.02733074533
v  2.071154914e-06    0.01496883813    0.02687911411
v  2.071154914e-06    0.01579240804    0.02640251009
v  2.071154914e-06    0.01659969486    0.02590143824
v  2.071154914e-06    0.01739018047    0.02537640355
v  2.071154914e-06     0.0181633467    0.02482791098
v  2.071154914e-06    0.01891864041    0.02425645524
v  2.071154914e-06    0.01965557422    0.02366253166
v  2.071154914e-06    0.02037362781    0.02304664612
v  2.071154914e-06    0.02107228081    0.02240930456
v  2.071154914e-06    0.02175101286    0.02175101286
v  2.071154914e-06    0.02240930456    0.02107228081
v  2.071154914e-06    0.02304664612    0.02037362781
v  2.071154914e-06    0.02366253166    0.01965557422
v  2.071154914e-06    0.02425645524    0.01891864041
v  2.071154914e-06    0.02482791098     0.0181633467
v  2.071154914e-06    0.02537640355    0.01739018047
v  2.071154914e-06    0.02590143824    0.01659969486
v  2.071154914e-06    0.02640251009    0.01579240804
v  2.071154914e-06    0.02687911411    0.01496883813
v  2.071154914e-06    0.02733074533    0.01412950324
v  2.071154914e-06    0.02775689877    0.01327492148
v  2.071154914e-06    0.02815706946    0.01240561096
v  2.071154914e-06    0.02853075243    0.01152208981
v  2.071154914e-06    0.02887744268    0.01062487614
v  2.071154914e-06    0.02919663525   0.009714488056
v  2.071154914e-06    0.02948782517   0.008791443681
v  2.071154914e-06    0.02975050745   0.007856261126
v  2.071154914e-06    0.02998417712   0.006909458507
v  2.071154914e-06     0.0301883292   0.005951553939
v  2.071154914e-06    0.03036245871   0.004983065535
v  2.071154914e-06    0.03050606069    0.00400451141
v  2.071154914e-06    0.03061863014    0.00301640968
v  2.071154914e-06    0.03069966211   0.002019278458
v  2.071154914e-06     0.0307486516    0.00101363586
v  1.614513136e-05    0.03152891312                0
v  1.614513136e-05    0.03151209064  -0.001037787142
v  1.614513136e-05    0.03146196576  -0.002067563347
v  1.614513136e-05    0.03137905235  -0.003088788663
v  1.614513136e-05    0.03126386426   -0.00410092314
v  1.614513136e-05    0.03111691536  -0.005103426827
v  1.614513136e-05     0.0309387195  -0.006095759772
v  1.614513136e-05    0.03072979054  -0.007077382025
v  1.614513136e-05    0.03049064235  -0.008047753634
v  1.614513136e-05    0.03022178879  -0.009006334649
v  1.614513136e-05     0.0299237437  -0.009952585118
v  1.614513136e-05    0.02959702096   -0.01088596509
v  1.614513136e-05    0.02924213442   -0.01180593462
v  1.614513136e-05    0.02885959795   -0.01271195374
v  1.614513136e-05    0.02844992539   -0.01360348252
v  1.614513136e-05    0.02801363062     -0.014479981
v  1.614513136e-05    0.02755122748   -0.01534090922
v  1.614513136e-05    0.02706322985   -0.01618572724
v  1.614513136e-05    0.02655015158   -0.01701389511
v  1.614513136e-05    0.02601250653   -0.01782487287
v  1.614513136e-05    0.02545080856   -0.01861812025
v  1.614513136e-05    0.02486549184   -0.01939282556
v  1.614513136e-05    0.02425699538   -0.02014868721
v  1.614513136e-05    0.02362584024   -0.02088514815
v  1.614513136e-05    0.02297254752   -0.02160165097
v  1.614513136e-05     0.0222976383    -0.0222976383
v  1.614513136e-05    0.02160165097   -0.02297254752
v  1.614513136e-05    0.02088514815   -0.02362584024
v  1.614513136e-05    0.02014868721   -0.02425699538
v  1.614513136e-05    0.01939282556   -0.02486549184
v  1.614513136e-05    0.01861812025   -0.02545080856
v  1.614513136e-05    0.01782487287   -0.02601250653
v  1.614513136e-05    0.01701389511   -0.02655015158
v  1.614513136e-05    0.01618572724   -0.02706322985
v  1.614513136e-05    0.01534090922   -0.02755122748
v  1.614513136e-05      0.014479981   -0.02801363062
v  1.614513136e-05    0.01360348252   -0.02844992539
v  1.614513136e-05    0.01271195374   -0.02885959795
v  1.614513136e-05    0.01180593462   -0.02924213442
v  1.614513136e-05    0.01088596509   -0.02959702096
v  1.614513136e-05   0.009952585118    -0.0299237437
v  1.614513136e-05   0.009006334649   -0.03022178879
v  1.614513136e-05   0.008047753634   -0.03049064235
v  1.614513136e-05   0.007077382025   -0.03072979054
v  1.614513136e-05   0.006095759772    -0.0309387195
v  1.614513136e-05   0.005103426827   -0.03111691536
v  1.614513136e-05    0.00410092314   -0.03126386426
v  1.614513136e-05   0.003088788663   -0.03137905235
v  1.614513136e-05   0.002067563347   -0.03146196576
v  1.614513136e-05   0.001037787142   -0.03151209064
v  1.614513136e-05  7.013521209e-20   -0.03152891312
v  1.614513136e-05  -0.001037787142   -0.03151209064
v  1.614513136e-05  -0.002067563347   -0.03146196576
v  1.614513136e-05  -0.003088788663   -0.03137905235
v  1.614513136e-05   -0.00410092314   -0.03126386426
v  1.614513136e-05  -0.005103426827   -0.03111691536
v  1.614513136e-05  -0.006095759772    -0.0309387195
v  1.614513136e-05  -0.007077382025   -0.03072979054
v  1.614513136e-05  -0.008047753634   -0.03049064235
v  1.614513136e-05  -0.009006334649   -0.03022178879
v  1.614513136e-05  -0.009952585118    -0.0299237437
v  1.614513136e-05   -0.01088596509   -0.02959702096
v  1.614513136e-05   -0.01180593462   -0.02924213442
v  1.614513136e-05   -0.01271195374   -0.02885959795
v  1.614513136e-05   -0.01360348252   -0.02844992539
v  1.614513136e-05     -0.014479981   -0.02801363062
v  1.614513136e-05   -0.01534090922   -0.02755122748
v  1.614513136e-05   -0.01618572724   -0.02706322985
v  1.614513136e-05   -0.01701389511   -0.02655015158
v  1.614513136e-05   -0.01782487287   -0.02601250653
v  1.614513136e-05   -0.01861812025   -0.02545080856
v  1.614513136e-05   -0.01939282556   -0.02486549184
v  1.614513136e-05   -0.02014868721   -0.02425699538
v  1.614513136e-05   -0.02088514815   -0.02362584024
v  1.614513136e-05   -0.02160165097   -0.02297254752
v  1.614513136e-05    -0.0222976383    -0.0222976383
v  1.614513136e-05   -0.02297254752   -0.02160165097
v  1.614513136e-05   -0.02362584024   -0.02088514815
v  1.614513136e-05   -0.02425699538   -0.02014868721
v  1.614513136e-05   -0.02486549184   -0.01939282556
v  1.614513136e-05   -0.02545080856   -0.01861812025
v  1.614513136e-05   -0.02601250653   -0.01782487287
v  1.614513136e-05   -0.02655015158   -0.01701389511
v  1.614513136e-05   -0.02706322985   -0.01618572724
v  1.614513136e-05   -0.02755122748   -0.01534090922
v  1.614513136e-05   -0.02801363062     -0.014479981
v  1.614513136e-05   -0.02844992539   -0.01360348252
v  1.614513136e-05   -0.02885959795   -0.01271195374
v  1.614513136e-05   -0.02924213442   -0.01180593462
v  1.614513136e-05   -0.02959702096   -0.01088596509
v  1.614513136e-05    -0.0299237437  -0.009952585118
v  1.614513136e-05   -0.03022178879  -0.009006334649
v  1.614513136e-05   -0.03049064235  -0.008047753634
v  1.614513136e-05   -0.03072979054  -0.007077382025
v  1.614513136e-05    -0.0309387195  -0.006095759772
v  1.614513136e-05   -0.03111691536  -0.005103426827
v  1.614513136e-05   -0.03126386426   -0.00410092314
v  1.614513136e-05   -0.03137905235  -0.003088788663
v  1.614513136e-05   -0.03146196576  -0.002067563347
v  1.614513136e-05   -0.03151209064  -0.001037787142
v  1.614513136e-05   -0.03152891312 -2.992435716e-19
v  1.614513136e-05   -0.03151209064   0.001037787142
v  1.614513136e-05   -0.03146196576   0.002067563347
v  1.614513136e-05   -0.03137905235   0.003088788663
v  1.614513136e-05   -0.03126386426    0.00410092314
v  1.614513136e-05   -0.03111691536   0.005103426827
v  1.614513136e-05    -0.0309387195   0.006095759772
v  1.614513136e-05   -0.03072979054   0.007077382025
v  1.614513136e-05   -0.03049064235   0.008047753634
v  1.614513136e-05   -0.03022178879   0.009006334649
v  1.614513136e-05    -0.0299237437   0.009952585118
v  1.614513136e-05   -0.02959702096    0.01088596509
v  1.614513136e-05   -0.02924213442    0.01180593462
v  1.614513136e-05   -0.02885959795    0.01271195374
v  1.614513136e-05   -0.02844992539    0.01360348252
v  1.614513136e-05   -0.02801363062      0.014479981
v  1.614513136e-05   -0.02755122748    0.01534090922
v  1.614513136e-05   -0.02706322985    0.01618572724
v  1.614513136e-05   -0.02655015158    0.01701389511
v  1.614513136e-05   -0.02601250653    0.01782487287
v  1.614513136e-05   -0.02545080856    0.01861812025
v  1.614513136e-05   -0.02486549184    0.01939282556
v  1.614513136e-05   -0.02425699538    0.02014868721
v  1.614513136e-05   -0.02362584024    0.02088514815
v  1.614513136e-05   -0.02297254752    0.02160165097
v  1.614513136e-05    -0.0222976383     0.0222976383
v  1.614513136e-05   -0.02160165097    0.02297254752
v  1.614513136e-05   -0.02088514815    0.02362584024
v  1.614513136e-05   -0.02014868721    0.02425699538
v  1.614513136e-05   -0.01939282556    0.02486549184
v  1.614513136e-05   -0.01861812025    0.02545080856
v  1.614513136e-05   -0.01782487287    0.02601250653
v  1.614513136e-05   -0.01701389511    0.02655015158
v  1.614513136e-05   -0.01618572724    0.02706322985
v  1.614513136e-05   -0.01534090922    0.02755122748
v  1.614513136e-05     -0.014479981    0.02801363062
v  1.614513136e-05   -0.01360348252    0.02844992539
v  1.614513136e-05   -0.01271195374    0.02885959795
v  1.614513136e-05   -0.01180593462    0.02924213442
v  1.614513136e-05   -0.01088596509    0.02959702096
v  1.614513136e-05  -0.009952585118     0.0299237437
v  1.614513136e-05  -0.009006334649    0.03022178879
v  1.614513136e-05  -0.008047753634    0.03049064235
v  1.614513136e-05  -0.007077382025    0.03072979054
v  1.614513136e-05  -0.006095759772     0.0309387195
v  1.614513136e-05  -0.005103426827    0.03111691536
v  1.614513136e-05   -0.00410092314    0.03126386426
v  1.614513136e-05  -0.003088788663    0.03137905235
v  1.614513136e-05  -0.002067563347    0.03146196576
v  1.614513136e-05  -0.001037787142    0.03151209064
v  1.614513136e-05  -6.01350718e-19    0.03152891312
v  1.614513136e-05   0.001037787142    0.03151209064
v  1.614513136e-05   0.002067563347    0.03146196576
v  1.614513136e-05   0.003088788663    0.03137905235
v  1.614513136e-05    0.00410092314    0.03126386426
v  1.614513136e-05   0.005103426827    0.03111691536
v  1.614513136e-05   0.006095759772     0.0309387195
v  1.614513136e-05   0.007077382025    0.03072979054
v  1.614513136e-05   0.008047753634    0.03049064235
v  1.614513136e-05   0.009006334649    0.03022178879
v  1.614513136e-05   0.009952585118     0.0299237437
v  1.614513136e-05    0.01088596509    0.02959702096
v  1.614513136e-05    0.01180593462    0.02924213442
v  1.614513136e-05    0.01271195374    0.02885959795
v  1.614513136e-05    0.01360348252    0.02844992539
v  1.614513136e-05      0.014479981    0.02801363062
v  1.614513136e-05    0.01534090922    0.02755122748
v  1.614513136e-05    0.01618572724    0.02706322985
v  1.614513136e-05    0.01701389511    0.02655015158
v  1.614513136e-05    0.01782487287    0.02601250653
v  1.614513136e-05    0.01861812025    0.02545080856
v  1.614513136e-05    0.01939282556    0.02486549184
v  1.614513136e-05    0.02014868721    0.02425699538
v  1.614513136e-05    0.02088514815    0.02362584024
v  1.614513136e-05    0.02160165097    0.02297254752
v  1.614513136e-05     0.0222976383     0.0222976383
v  1.614513136e-05    0.02297254752    0.02160165097
v  1.614513136e-05    0.02362584024    0.02088514815
v  1.614513136e-05    0.02425699538    0.02014868721
v  1.614513136e-05    0.02486549184    0.01939282556
v  1.614513136e-05    0.02545080856    0.01861812025
v  1.614513136e-05    0.02601250653    0.01782487287
v  1.614513136e-05    0.02655015158    0.01701389511
v  1.614513136e-05    0.02706322985    0.01618572724
v  1.614513136e-05    0.02755122748    0.01534090922
v  1.614513136e-05    0.02801363062      0.014479981
v  1.614513136e-05    0.02844992539    0.01360348252
v  1.614513136e-05    0.02885959795    0.01271195374
v  1.614513136e-05    0.02924213442    0.01180593462
v  1.614513136e-05    0.02959702096    0.01088596509
v  1.614513136e-05     0.0299237437   0.009952585118
v  1.614513136e-05    0.03022178879   0.009006334649
v  1.614513136e-05    0.03049064235   0.008047753634
v  1.614513136e-05    0.03072979054   0.007077382025
v  1.614513136e-05     0.0309387195   0.006095759772
v  1.614513136e-05    0.03111691536   0.005103426827
v  1.614513136e-05    0.03126386426    0.00410092314
v  1.614513136e-05    0.03137905235   0.003088788663
v  1.614513136e-05    0.03146196576   0.002067563347
v  1.614513136e-05    0.03151209064   0.001037787142
v  5.307996029e-05    0.03229018741                0
v  5.307996029e-05     0.0322730094  -0.001062201469
v  5.307996029e-05    0.03222182339  -0.002116382049
v  5.307996029e-05    0.03213715145  -0.003161980996
v  5.307996029e-05    0.03201951561  -0.004198437566
v  5.307996029e-05    0.03186943794  -0.005225191013
v  5.307996029e-05    0.03168744048  -0.006241680594
v  5.307996029e-05    0.03147404528  -0.007247345564
v  5.307996029e-05    0.03122977441  -0.008241625178
v  5.307996029e-05    0.03095514989  -0.009223958693
v  5.307996029e-05     0.0306506938   -0.01019378536
v  5.307996029e-05    0.03031692818   -0.01115054444
v  5.307996029e-05    0.02995437508   -0.01209367519
v  5.307996029e-05    0.02956355656   -0.01302261686
v  5.307996029e-05    0.02914499466    -0.0139368087
v  5.307996029e-05    0.02869921144   -0.01483568998
v  5.307996029e-05    0.02822672895   -0.01571869995
v  5.307996029e-05    0.02772806923   -0.01658527786
v  5.307996029e-05    0.02720375435   -0.01743486297
v  5.307996029e-05    0.02665430635   -0.01826689453
v  5.307996029e-05    0.02608024728   -0.01908081073
v  5.307996029e-05    0.02548183867   -0.01987516236
v  5.307996029e-05    0.02485935778   -0.02065016804
v  5.307996029e-05    0.02421335028   -0.02140521109
v  5.307996029e-05    0.02354436185   -0.02213967372
v  5.307996029e-05    0.02285293816   -0.02285293816
v  5.307996029e-05    0.02213967372   -0.02354436185
v  5.307996029e-05    0.02140521109   -0.02421335028
v  5.307996029e-05    0.02065016804   -0.02485935778
v  5.307996029e-05    0.01987516236   -0.02548183867
v  5.307996029e-05    0.01908081073   -0.02608024728
v  5.307996029e-05    0.01826689453   -0.02665430635
v  5.307996029e-05    0.01743486297   -0.02720375435
v  5.307996029e-05    0.01658527786   -0.02772806923
v  5.307996029e-05    0.01571869995   -0.02822672895
v  5.307996029e-05    0.01483568998   -0.02869921144
v  5.307996029e-05     0.0139368087   -0.02914499466
v  5.307996029e-05    0.01302261686   -0.02956355656
v  5.307996029e-05    0.01209367519   -0.02995437508
v  5.307996029e-05    0.01115054444   -0.03031692818
v  5.307996029e-05    0.01019378536    -0.0306506938
v  5.307996029e-05   0.009223958693   -0.03095514989
v  5.307996029e-05   0.008241625178   -0.03122977441
v  5.307996029e-05   0.007247345564   -0.03147404528
v  5.307996029e-05   0.006241680594   -0.03168744048
v  5.307996029e-05   0.005225191013   -0.03186943794
v  5.307996029e-05   0.004198437566   -0.03201951561
v  5.307996029e-05   0.003161980996   -0.03213715145
v  5.307996029e-05   0.002116382049   -0.03222182339
v  5.307996029e-05   0.001062201469    -0.0322730094
v  5.307996029e-05  1.040094019e-19   -0.03229018741
v  5.307996029e-05  -0.001062201469    -0.0322730094
v  5.307996029e-05  -0.002116382049   -0.03222182339
v  5.307996029e-05  -0.003161980996   -0.03213715145
v  5.307996029e-05  -0.004198437566   -0.03201951561
v  5.307996029e-05  -0.005225191013   -0.03186943794
v  5.307996029e-05  -0.006241680594   -0.03168744048
v  5.307996029e-05  -0.007247345564   -0.03147404528
v  5.307996029e-05  -0.008241625178   -0.03122977441
v  5.307996029e-05  -0.009223958693   -0.03095514989
v  5.307996029e-05   -0.01019378536    -0.0306506938
v  5.307996029e-05   -0.01115054444   -0.03031692818
v  5.307996029e-05   -0.01209367519   -0.02995437508
v  5.307996029e-05   -0.01302261686   -0.02956355656
v  5.307996029e-05    -0.0139368087   -0.02914499466
v  5.307996029e-05   -0.01483568998   -0.02869921144
v  5.307996029e-05   -0.01571869995   -0.02822672895
v  5.307996029e-05   -0.01658527786   -0.02772806923
v  5.307996029e-05   -0.01743486297   -0.02720375435
v  5.307996029e-05   -0.01826689453   -0.02665430635
v  5.307996029e-05   -0.01908081073   -0.02608024728
v  5.307996029e-05   -0.01987516236   -0.02548183867
v  5.307996029e-05   -0.02065016804   -0.02485935778
v  5.307996029e-05   -0.02140521109   -0.02421335028
v  5.307996029e-05   -0.02213967372   -0.02354436185
v  5.307996029e-05   -0.02285293816   -0.02285293816
v  5.307996029e-05   -0.02354436185   -0.02213967372
v  5.307996029e-05   -0.02421335028   -0.02140521109
v  5.307996029e-05   -0.02485935778   -0.02065016804
v  5.307996029e-05   -0.02548183867   -0.01987516236
v  5.307996029e-05   -0.02608024728   -0.01908081073
v  5.307996029e-05   -0.02665430635   -0.01826689453
v  5.307996029e-05   -0.02720375435   -0.01743486297
v  5.307996029e-05   -0.02772806923   -0.01658527786
v  5.307996029e-05   -0.02822672895   -0.01571869995
v  5.307996029e-05   -0.02869921144   -0.01483568998
v  5.307996029e-05   -0.02914499466    -0.0139368087
v  5.307996029e-05   -0.02956355656   -0.01302261686
v  5.307996029e-05   -0.02995437508   -0.01209367519
v  5.307996029e-05   -0.03031692818   -0.01115054444
v  5.307996029e-05    -0.0306506938   -0.01019378536
v  5.307996029e-05   -0.03095514989  -0.009223958693
v  5.307996029e-05   -0.03122977441  -0.008241625178
v  5.307996029e-05   -0.03147404528  -0.007247345564
v  5.307996029e-05   -0.03168744048  -0.006241680594
v  5.307996029e-05   -0.03186943794  -0.005225191013
v  5.307996029e-05   -0.03201951561  -0.004198437566
v  5.307996029e-05   -0.03213715145  -0.003161980996
v  5.307996029e-05   -0.03222182339  -0.002116382049
v  5.307996029e-05    -0.0322730094  -0.001062201469
v  5.307996029e-05   -0.03229018741 -4.437734481e-19
v  5.307996029e-05    -0.0322730094   0.001062201469
v  5.307996029e-05   -0.03222182339   0.002116382049
v  5.307996029e-05   -0.03213715145   0.003161980996
v  5.307996029e-05   -0.03201951561   0.004198437566
v  5.307996029e-05   -0.03186943794   0.005225191013
v  5.307996029e-05   -0.03168744048   0.006241680594
v  5.307996029e-05   -0.03147404528   0.007247345564
v  5.307996029e-05   -0.03122977441   0.008241625178
v  5.307996029e-05   -0.03095514989   0.009223958693
v  5.307996029e-05    -0.0306506938    0.01019378536
v  5.307996029e-05   -0.03031692818    0.01115054444
v  5.307996029e-05   -0.02995437508    0.01209367519
v  5.307996029e-05   -0.02956355656    0.01302261686
v  5.307996029e-05   -0.02914499466     0.0139368087
v  5.307996029e-05   -0.02869921144    0.01483568998
v  5.307996029e-05   -0.02822672895    0.01571869995
v  5.307996029e-05   -0.02772806923    0.01658527786
v  5.307996029e-05   -0.02720375435    0.01743486297
v  5.307996029e-05   -0.02665430635    0.01826689453
v  5.307996029e-05   -0.02608024728    0.01908081073
v  5.307996029e-05   -0.02548183867    0.01987516236
v  5.307996029e-05   -0.02485935778    0.02065016804
v  5.307996029e-05   -0.02421335028    0.02140521109
v  5.307996029e-05   -0.02354436185    0.02213967372
v  5.307996029e-05   -0.02285293816    0.02285293816
v  5.307996029e-05   -0.02213967372    0.02354436185
v  5.307996029e-05   -0.02140521109    0.02421335028
v  5.307996029e-05   -0.02065016804    0.02485935778
v  5.307996029e-05   -0.01987516236    0.02548183867
v  5.307996029e-05   -0.01908081073    0.02608024728
v  5.307996029e-05   -0.01826689453    0.02665430635
v  5.307996029e-05   -0.01743486297    0.02720375435
v  5.307996029e-05   -0.01658527786    0.02772806923
v  5.307996029e-05   -0.01571869995    0.02822672895
v  5.307996029e-05   -0.01483568998    0.02869921144
v  5.307996029e-05    -0.0139368087    0.02914499466
v  5.307996029e-05   -0.01302261686    0.02956355656
v  5.307996029e-05   -0.01209367519    0.02995437508
v  5.307996029e-05   -0.01115054444    0.03031692818
v  5.307996029e-05   -0.01019378536     0.0306506938
v  5.307996029e-05  -0.009223958693    0.03095514989
v  5.307996029e-05  -0.008241625178    0.03122977441
v  5.307996029e-05  -0.007247345564    0.03147404528
v  5.307996029e-05  -0.006241680594    0.03168744048
v  5.307996029e-05  -0.005225191013    0.03186943794
v  5.307996029e-05  -0.004198437566    0.03201951561
v  5.307996029e-05  -0.003161980996    0.03213715145
v  5.307996029e-05  -0.002116382049    0.03222182339
v  5.307996029e-05  -0.001062201469     0.0322730094
v  5.307996029e-05 -8.917935321e-19    0.03229018741
v  5.307996029e-05   0.001062201469     0.0322730094
v  5.307996029e-05   0.002116382049    0.03222182339
v  5.307996029e-05   0.003161980996    0.03213715145
v  5.307996029e-05   0.004198437566    0.03201951561
v  5.307996029e-05   0.005225191013    0.03186943794
v  5.307996029e-05   0.006241680594    0.03168744048
v  5.307996029e-05   0.007247345564    0.03147404528
v  5.307996029e-05   0.008241625178    0.03122977441
v  5.307996029e-05   0.009223958693    0.03095514989
v  5.307996029e-05    0.01019378536     0.0306506938
v  5.307996029e-05    0.01115054444    0.03031692818
v  5.307996029e-05    0.01209367519    0.02995437508
v  5.307996029e-05    0.01302261686    0.02956355656
v  5.307996029e-05     0.0139368087    0.02914499466
v  5.307996029e-05    0.01483568998    0.02869921144
v  5.307996029e-05    0.01571869995    0.02822672895
v  5.307996029e-05    0.01658527786    0.02772806923
v  5.307996029e-05    0.01743486297    0.02720375435
v  5.307996029e-05    0.01826689453    0.02665430635
v  5.307996029e-05    0.01908081073    0.02608024728
v  5.307996029e-05    0.01987516236    0.02548183867
v  5.307996029e-05    0.02065016804    0.02485935778
v  5.307996029e-05    0.02140521109    0.02421335028
v  5.307996029e-05    0.02213967372    0.02354436185
v  5.307996029e-05    0.02285293816    0.02285293816
v  5.307996029e-05    0.02354436185    0.02213967372
v  5.307996029e-05    0.02421335028    0.02140521109
v  5.307996029e-05    0.02485935778    0.02065016804
v  5.307996029e-05    0.02548183867    0.01987516236
v  5.307996029e-05    0.02608024728    0.01908081073
v  5.307996029e-05    0.02665430635    0.01826689453
v  5.307996029e-05    0.02720375435    0.01743486297
v  5.307996029e-05    0.02772806923    0.01658527786
v  5.307996029e-05    0.02822672895    0.01571869995
v  5.307996029e-05    0.02869921144    0.01483568998
v  5.307996029e-05    0.02914499466     0.0139368087
v  5.307996029e-05    0.02956355656    0.01302261686
v  5.307996029e-05    0.02995437508    0.01209367519
v  5.307996029e-05    0.03031692818    0.01115054444
v  5.307996029e-05     0.0306506938    0.01019378536
v  5.307996029e-05    0.03095514989   0.009223958693
v  5.307996029e-05    0.03122977441   0.008241625178
v  5.307996029e-05    0.03147404528   0.007247345564
v  5.307996029e-05    0.03168744048   0.006241680594
v  5.307996029e-05    0.03186943794   0.005225191013
v  5.307996029e-05    0.03201951561   0.004198437566
v  5.307996029e-05    0.03213715145   0.003161980996
v  5.307996029e-05    0.03222182339   0.002116382049
v  5.307996029e-05     0.0322730094   0.001062201469
v  0.0001225282573     0.0330476519                0
v  0.0001225282573    0.03303015348  -0.001086978124
v  0.0001225282573    0.03297801105  -0.002165936269
v  0.0001225282573    0.03289175389   -0.00323629437
v  0.0001225282573    0.03277191126  -0.004297472361
v  0.0001225282573    0.03261901244  -0.005348890176
v  0.0001225282573    0.03243358669   -0.00638996775
v  0.0001225282573    0.03221616328  -0.007420125017
v  0.0001225282573    0.03196727148  -0.008438781911
v  0.0001225282573    0.03168744056  -0.009445358367
v  0.0001225282573    0.03137719979   -0.01043927432
v  0.0001225282573    0.03103707843    -0.0114199497
v  0.0001225282573    0.03066760575   -0.01238680445
v  0.0001225282573    0.03026931103    -0.0133392585
v  0.0001225282573    0.02984272353   -0.01427673178
v  0.0001225282573    0.02938837252   -0.01519864422
v  0.0001225282573    0.02890678727   -0.01610441577
v  0.0001225282573    0.02839849704   -0.01699346636
v  0.0001225282573    0.02786403112   -0.01786521592
v  0.0001225282573    0.02730391875   -0.01871908438
v  0.0001225282573    0.02671868922   -0.01955448923
v  0.0001225282573    0.02610827382   -0.02036881114
v  0.0001225282573    0.02547263997   -0.02116325893
v  0.0001225282573    0.02481237117   -0.02193712409
v  0.0001225282573    0.02412805091   -0.02268969565
v  0.0001225282573    0.02342026265   -0.02342026265
v  0.0001225282573    0.02268969565   -0.02412805091
v  0.0001225282573    0.02193712409   -0.02481237117
v  0.0001225282573    0.02116325893   -0.02547263997
v  0.0001225282573    0.02036881114   -0.02610827382
v  0.0001225282573    0.01955448923   -0.02671868922
v  0.0001225282573    0.01871908438   -0.02730391875
v  0.0001225282573    0.01786521592   -0.02786403112
v  0.0001225282573    0.01699346636   -0.02839849704
v  0.0001225282573    0.01610441577   -0.02890678727
v  0.0001225282573    0.01519864422   -0.02938837252
v  0.0001225282573    0.01427673178   -0.02984272353
v  0.0001225282573     0.0133392585   -0.03026931103
v  0.0001225282573    0.01238680445   -0.03066760575
v  0.0001225282573     0.0114199497   -0.03103707843
v  0.0001225282573    0.01043927432   -0.03137719979
v  0.0001225282573   0.009445358367   -0.03168744056
v  0.0001225282573   0.008438781911   -0.03196727148
v  0.0001225282573   0.007420125017   -0.03221616328
v  0.0001225282573    0.00638996775   -0.03243358669
v  0.0001225282573   0.005348890176   -0.03261901244
v  0.0001225282573   0.004297472361   -0.03277191126
v  0.0001225282573    0.00323629437   -0.03289175389
v  0.0001225282573   0.002165936269   -0.03297801105
v  0.0001225282573   0.001086978124   -0.03303015348
v  0.0001225282573  1.365454469e-19    -0.0330476519
v  0.0001225282573  -0.001086978124   -0.03303015348
v  0.0001225282573  -0.002165936269   -0.03297801105
v  0.0001225282573   -0.00323629437   -0.03289175389
v  0.0001225282573  -0.004297472361   -0.03277191126
v  0.0001225282573  -0.005348890176   -0.03261901244
v  0.0001225282573   -0.00638996775   -0.03243358669
v  0.0001225282573  -0.007420125017   -0.03221616328
v  0.0001225282573  -0.008438781911   -0.03196727148
v  0.0001225282573  -0.009445358367   -0.03168744056
v  0.0001225282573   -0.01043927432   -0.03137719979
v  0.0001225282573    -0.0114199497   -0.03103707843
v  0.0001225282573   -0.01238680445   -0.03066760575
v  0.0001225282573    -0.0133392585   -0.03026931103
v  0.0001225282573   -0.01427673178   -0.02984272353
v  0.0001225282573   -0.01519864422   -0.02938837252
v  0.0001225282573   -0.01610441577   -0.02890678727
v  0.0001225282573   -0.01699346636   -0.02839849704
v  0.0001225282573   -0.01786521592   -0.02786403112
v  0.0001225282573   -0.01871908438   -0.02730391875
v  0.0001225282573   -0.01955448923   -0.02671868922
v  0.0001225282573   -0.02036881114   -0.02610827382
v  0.0001225282573   -0.02116325893   -0.02547263997
v  0.0001225282573   -0.02193712409   -0.02481237117
v  0.0001225282573   -0.02268969565   -0.02412805091
v  0.0001225282573   -0.02342026265   -0.02342026265
v  0.0001225282573   -0.02412805091   -0.02268969565
v  0.0001225282573   -0.02481237117   -0.02193712409
v  0.0001225282573   -0.02547263997   -0.02116325893
v  0.0001225282573   -0.02610827382   -0.02036881114
v  0.0001225282573   -0.02671868922   -0.01955448923
v  0.0001225282573   -0.02730391875   -0.01871908438
v  0.0001225282573   -0.02786403112   -0.01786521592
v  0.0001225282573   -0.02839849704   -0.01699346636
v  0.0001225282573   -0.02890678727   -0.01610441577
v  0.0001225282573   -0.02938837252   -0.01519864422
v  0.0001225282573   -0.02984272353   -0.01427673178
v  0.0001225282573   -0.03026931103    -0.0133392585
v  0.0001225282573   -0.03066760575   -0.01238680445
v  0.0001225282573   -0.03103707843    -0.0114199497
v  0.0001225282573   -0.03137719979   -0.01043927432
v  0.0001225282573   -0.03168744056  -0.009445358367
v  0.0001225282573   -0.03196727148  -0.008438781911
v  0.0001225282573   -0.03221616328  -0.007420125017
v  0.0001225282573   -0.03243358669   -0.00638996775
v  0.0001225282573   -0.03261901244  -0.005348890176
v  0.0001225282573   -0.03277191126  -0.004297472361
v  0.0001225282573   -0.03289175389   -0.00323629437
v  0.0001225282573   -0.03297801105  -0.002165936269
v  0.0001225282573   -0.03303015348  -0.001086978124
v  0.0001225282573    -0.0330476519  -5.82593907e-19
v  0.0001225282573   -0.03303015348   0.001086978124
v  0.0001225282573   -0.03297801105   0.002165936269
v  0.0001225282573   -0.03289175389    0.00323629437
v  0.0001225282573   -0.03277191126   0.004297472361
v  0.0001225282573   -0.03261901244   0.005348890176
v  0.0001225282573   -0.03243358669    0.00638996775
v  0.0001225282573   -0.03221616328   0.007420125017
v  0.0001225282573   -0.03196727148   0.008438781911
v  0.0001225282573   -0.03168744056   0.009445358367
v  0.0001225282573   -0.03137719979    0.01043927432
v  0.0001225282573   -0.03103707843     0.0114199497
v  0.0001225282573   -0.03066760575    0.01238680445
v  0.0001225282573   -0.03026931103     0.0133392585
v  0.0001225282573   -0.02984272353    0.01427673178
v  0.0001225282573   -0.02938837252    0.01519864422
v  0.0001225282573   -0.02890678727    0.01610441577
v  0.0001225282573   -0.02839849704    0.01699346636
v  0.0001225282573   -0.02786403112    0.01786521592
v  0.0001225282573   -0.02730391875    0.01871908438
v  0.0001225282573   -0.02671868922    0.01955448923
v  0.0001225282573   -0.02610827382    0.02036881114
v  0.0001225282573   -0.02547263997    0.02116325893
v  0.0001225282573   -0.02481237117    0.02193712409
v  0.0001225282573   -0.02412805091    0.02268969565
v  0.0001225282573   -0.02342026265    0.02342026265
v  0.0001225282573   -0.02268969565    0.02412805091
v  0.0001225282573   -0.02193712409    0.02481237117
v  0.0001225282573   -0.02116325893    0.02547263997
v  0.0001225282573   -0.02036881114    0.02610827382
v  0.0001225282573   -0.01955448923    0.02671868922
v  0.0001225282573   -0.01871908438    0.02730391875
v  0.0001225282573   -0.01786521592    0.02786403112
v  0.0001225282573   -0.01699346636    0.02839849704
v  0.0001225282573   -0.01610441577    0.02890678727
v  0.0001225282573   -0.01519864422    0.02938837252
v  0.0001225282573   -0.01427673178    0.02984272353
v  0.0001225282573    -0.0133392585    0.03026931103
v  0.0001225282573   -0.01238680445    0.03066760575
v  0.0001225282573    -0.0114199497    0.03103707843
v  0.0001225282573   -0.01043927432    0.03137719979
v  0.0001225282573  -0.009445358367    0.03168744056
v  0.0001225282573  -0.008438781911    0.03196727148
v  0.0001225282573  -0.007420125017    0.03221616328
v  0.0001225282573   -0.00638996775    0.03243358669
v  0.0001225282573  -0.005348890176    0.03261901244
v  0.0001225282573  -0.004297472361    0.03277191126
v  0.0001225282573   -0.00323629437    0.03289175389
v  0.0001225282573  -0.002165936269    0.03297801105
v  0.0001225282573  -0.001086978124    0.03303015348
v  0.0001225282573 -1.170762875e-18     0.0330476519
v  0.0001225282573   0.001086978124    0.03303015348
v  0.0001225282573   0.002165936269    0.03297801105
v  0.0001225282573    0.00323629437    0.03289175389
v  0.0001225282573   0.004297472361    0.03277191126
v  0.0001225282573   0.005348890176    0.03261901244
v  0.0001225282573    0.00638996775    0.03243358669
v  0.0001225282573   0.007420125017    0.03221616328
v  0.0001225282573   0.008438781911    0.03196727148
v  0.0001225282573   0.009445358367    0.03168744056
v  0.0001225282573    0.01043927432    0.03137719979
v  0.0001225282573     0.0114199497    0.03103707843
v  0.0001225282573    0.01238680445    0.03066760575
v  0.0001225282573     0.0133392585    0.03026931103
v  0.0001225282573    0.01427673178    0.02984272353
v  0.0001225282573    0.01519864422    0.02938837252
v  0.0001225282573    0.01610441577    0.02890678727
v  0.0001225282573    0.01699346636    0.02839849704
v  0.0001225282573    0.01786521592    0.02786403112
v  0.0001225282573    0.01871908438    0.02730391875
v  0.0001225282573    0.01955448923    0.02671868922
v  0.0001225282573    0.02036881114    0.02610827382
v  0.0001225282573    0.02116325893    0.02547263997
v  0.0001225282573    0.02193712409    0.02481237117
v  0.0001225282573    0.02268969565    0.02412805091
v  0.0001225282573    0.02342026265    0.02342026265
v  0.0001225282573    0.02412805091    0.02268969565
v  0.0001225282573    0.02481237117    0.02193712409
v  0.0001225282573    0.02547263997    0.02116325893
v  0.0001225282573    0.02610827382    0.02036881114
v  0.0001225282573    0.02671868922    0.01955448923
v  0.0001225282573    0.02730391875    0.01871908438
v  0.0001225282573    0.02786403112    0.01786521592
v  0.0001225282573    0.02839849704    0.01699346636
v  0.0001225282573    0.02890678727    0.01610441577
v  0.0001225282573    0.02938837252    0.01519864422
v  0.0001225282573    0.02984272353    0.01427673178
v  0.0001225282573    0.03026931103     0.0133392585
v  0.0001225282573    0.03066760575    0.01238680445
v  0.0001225282573    0.03103707843     0.0114199497
v  0.0001225282573    0.03137719979    0.01043927432
v  0.0001225282573    0.03168744056   0.009445358367
v  0.0001225282573    0.03196727148   0.008438781911
v  0.0001225282573    0.03221616328   0.007420125017
v  0.0001225282573    0.03243358669    0.00638996775
v  0.0001225282573    0.03261901244   0.005348890176
v  0.0001225282573    0.03277191126   0.004297472361
v  0.0001225282573    0.03289175389    0.00323629437
v  0.0001225282573    0.03297801105   0.002165936269
v  0.0001225282573    0.03303015348   0.001086978124
v  0.0002329850146    0.03380005152                0
v  0.0002329850146    0.03378227657  -0.001112195671
v  0.0002329850146    0.03372930855  -0.002216385801
v  0.0002329850146    0.03364168274  -0.003311972845
v  0.0002329850146     0.0335199344   -0.00439835926
v  0.0002329850146     0.0333645988  -0.005474947501
v  0.0002329850146    0.03317621122  -0.006541140023
v  0.0002329850146    0.03295530692  -0.007596339282
v  0.0002329850146    0.03270242117  -0.008639947732
v  0.0002329850146    0.03241808924   -0.00967136783
v  0.0002329850146    0.03210284639   -0.01069000203
v  0.0002329850146     0.0317572279   -0.01169525279
v  0.0002329850146    0.03138176904   -0.01268652256
v  0.0002329850146    0.03097700507   -0.01366321381
v  0.0002329850146    0.03054347127   -0.01462472897
v  0.0002329850146     0.0300817029   -0.01557047052
v  0.0002329850146    0.02959223522    -0.0164998409
v  0.0002329850146    0.02907560352   -0.01741224258
v  0.0002329850146    0.02853234306     -0.018307078
v  0.0002329850146    0.02796298911   -0.01918374962
v  0.0002329850146    0.02736807692   -0.02004165526
v  0.0002329850146    0.02674701145   -0.02087634261
v  0.0002329850146     0.0260992659   -0.02169059559
v  0.0002329850146    0.02542547805   -0.02248357387
v  0.0002329850146    0.02472628566   -0.02325443249
v  0.0002329850146    0.02400232647   -0.02400232647
v  0.0002329850146    0.02325443249   -0.02472628566
v  0.0002329850146    0.02248357387   -0.02542547805
v  0.0002329850146    0.02169059559    -0.0260992659
v  0.0002329850146    0.02087634261   -0.02674701145
v  0.0002329850146    0.02004165526   -0.02736807692
v  0.0002329850146    0.01918374962   -0.02796298911
v  0.0002329850146      0.018307078   -0.02853234306
v  0.0002329850146    0.01741224258   -0.02907560352
v  0.0002329850146     0.0164998409   -0.02959223522
v  0.0002329850146    0.01557047052    -0.0300817029
v  0.0002329850146    0.01462472897   -0.03054347127
v  0.0002329850146    0.01366321381   -0.03097700507
v  0.0002329850146    0.01268652256   -0.03138176904
v  0.0002329850146    0.01169525279    -0.0317572279
v  0.0002329850146    0.01069000203   -0.03210284639
v  0.0002329850146    0.00967136783   -0.03241808924
v  0.0002329850146   0.008639947732   -0.03270242117
v  0.0002329850146   0.007596339282   -0.03295530692
v  0.0002329850146   0.006541140023   -0.03317621122
v  0.0002329850146   0.005474947501    -0.0333645988
v  0.0002329850146    0.00439835926    -0.0335199344
v  0.0002329850146   0.003311972845   -0.03364168274
v  0.0002329850146   0.002216385801   -0.03372930855
v  0.0002329850146   0.001112195671   -0.03378227657
v  0.0002329850146  1.674009289e-19   -0.03380005152
v  0.0002329850146  -0.001112195671   -0.03378227657
v  0.0002329850146  -0.002216385801   -0.03372930855
v  0.0002329850146  -0.003311972845   -0.03364168274
v  0.0002329850146   -0.00439835926    -0.0335199344
v  0.0002329850146  -0.005474947501    -0.0333645988
v  0.0002329850146  -0.006541140023   -0.03317621122
v  0.0002329850146  -0.007596339282   -0.03295530692
v  0.0002329850146  -0.008639947732   -0.03270242117
v  0.0002329850146   -0.00967136783   -0.03241808924
v  0.0002329850146   -0.01069000203   -0.03210284639
v  0.0002329850146   -0.01169525279    -0.0317572279
v  0.0002329850146   -0.01268652256   -0.03138176904
v  0.0002329850146   -0.01366321381   -0.03097700507
v  0.0002329850146   -0.01462472897   -0.03054347127
v  0.0002329850146   -0.01557047052    -0.0300817029
v  0.0002329850146    -0.0164998409   -0.02959223522
v  0.0002329850146   -0.01741224258   -0.02907560352
v  0.0002329850146     -0.018307078   -0.02853234306
v  0.0002329850146   -0.01918374962   -0.02796298911
v  0.0002329850146   -0.02004165526   -0.02736807692
v  0.0002329850146   -0.02087634261   -0.02674701145
v  0.0002329850146   -0.02169059559    -0.0260992659
v  0.0002329850146   -0.02248357387   -0.02542547805
v  0.0002329850146   -0.02325443249   -0.02472628566
v  0.0002329850146   -0.02400232647   -0.02400232647
v  0.0002329850146   -0.02472628566   -0.02325443249
v  0.0002329850146   -0.02542547805   -0.02248357387
v  0.0002329850146    -0.0260992659   -0.02169059559
v  0.0002329850146   -0.02674701145   -0.02087634261
v  0.0002329850146   -0.02736807692   -0.02004165526
v  0.0002329850146   -0.02796298911   -0.01918374962
v  0.0002329850146   -0.02853234306     -0.018307078
v  0.0002329850146   -0.02907560352   -0.01741224258
v  0.0002329850146   -0.02959223522    -0.0164998409
v  0.0002329850146    -0.0300817029   -0.01557047052
v  0.0002329850146   -0.03054347127   -0.01462472897
v  0.0002329850146   -0.03097700507   -0.01366321381
v  0.0002329850146   -0.03138176904   -0.01268652256
v  0.0002329850146    -0.0317572279   -0.01169525279
v  0.0002329850146   -0.03210284639   -0.01069000203
v  0.0002329850146   -0.03241808924   -0.00967136783
v  0.0002329850146   -0.03270242117  -0.008639947732
v  0.0002329850146   -0.03295530692  -0.007596339282
v  0.0002329850146   -0.03317621122  -0.006541140023
v  0.0002329850146    -0.0333645988  -0.005474947501
v  0.0002329850146    -0.0335199344   -0.00439835926
v  0.0002329850146   -0.03364168274  -0.003311972845
v  0.0002329850146   -0.03372930855  -0.002216385801
v  0.0002329850146   -0.03378227657  -0.001112195671
v  0.0002329850146   -0.03380005152 -7.142439632e-19
v  0.0002329850146   -0.03378227657   0.001112195671
v  0.0002329850146   -0.03372930855   0.002216385801
v  0.0002329850146   -0.03364168274   0.003311972845
v  0.0002329850146    -0.0335199344    0.00439835926
v  0.0002329850146    -0.0333645988   0.005474947501
v  0.0002329850146   -0.03317621122   0.006541140023
v  0.0002329850146   -0.03295530692   0.007596339282
v  0.0002329850146   -0.03270242117   0.008639947732
v  0.0002329850146   -0.03241808924    0.00967136783
v  0.0002329850146   -0.03210284639    0.01069000203
v  0.0002329850146    -0.0317572279    0.01169525279
v  0.0002329850146   -0.03138176904    0.01268652256
v  0.0002329850146   -0.03097700507    0.01366321381
v  0.0002329850146   -0.03054347127    0.01462472897
v  0.0002329850146    -0.0300817029    0.01557047052
v  0.0002329850146   -0.02959223522     0.0164998409
v  0.0002329850146   -0.02907560352    0.01741224258
v  0.0002329850146   -0.02853234306      0.018307078
v  0.0002329850146   -0.02796298911    0.01918374962
v  0.0002329850146   -0.02736807692    0.02004165526
v  0.0002329850146   -0.02674701145    0.02087634261
v  0.0002329850146    -0.0260992659    0.02169059559
v  0.0002329850146   -0.02542547805    0.02248357387
v  0.0002329850146   -0.02472628566    0.02325443249
v  0.0002329850146   -0.02400232647    0.02400232647
v  0.0002329850146   -0.02325443249    0.02472628566
v  0.0002329850146   -0.02248357387    0.02542547805
v  0.0002329850146   -0.02169059559     0.0260992659
v  0.0002329850146   -0.02087634261    0.02674701145
v  0.0002329850146   -0.02004165526    0.02736807692
v  0.0002329850146   -0.01918374962    0.02796298911
v  0.0002329850146     -0.018307078    0.02853234306
v  0.0002329850146   -0.01741224258    0.02907560352
v  0.0002329850146    -0.0164998409    0.02959223522
v  0.0002329850146   -0.01557047052     0.0300817029
v  0.0002329850146   -0.01462472897    0.03054347127
v  0.0002329850146   -0.01366321381    0.03097700507
v  0.0002329850146   -0.01268652256    0.03138176904
v  0.0002329850146   -0.01169525279     0.0317572279
v  0.0002329850146   -0.01069000203    0.03210284639
v  0.0002329850146   -0.00967136783    0.03241808924
v  0.0002329850146  -0.008639947732    0.03270242117
v  0.0002329850146  -0.007596339282    0.03295530692
v  0.0002329850146  -0.006541140023    0.03317621122
v  0.0002329850146  -0.005474947501     0.0333645988
v  0.0002329850146   -0.00439835926     0.0335199344
v  0.0002329850146  -0.003311972845    0.03364168274
v  0.0002329850146  -0.002216385801    0.03372930855
v  0.0002329850146  -0.001112195671    0.03378227657
v  0.0002329850146 -1.435322797e-18    0.03380005152
v  0.0002329850146   0.001112195671    0.03378227657
v  0.0002329850146   0.002216385801    0.03372930855
v  0.0002329850146   0.003311972845    0.03364168274
v  0.0002329850146    0.00439835926     0.0335199344
v  0.0002329850146   0.005474947501     0.0333645988
v  0.0002329850146   0.006541140023    0.03317621122
v  0.0002329850146   0.007596339282    0.03295530692
v  0.0002329850146   0.008639947732    0.03270242117
v  0.0002329850146    0.00967136783    0.03241808924
v  0.0002329850146    0.01069000203    0.03210284639
v  0.0002329850146    0.01169525279     0.0317572279
v  0.0002329850146    0.01268652256    0.03138176904
v  0.0002329850146    0.01366321381    0.03097700507
v  0.0002329850146    0.01462472897    0.03054347127
v  0.0002329850146    0.01557047052     0.0300817029
v  0.0002329850146     0.0164998409    0.02959223522
v  0.0002329850146    0.01741224258    0.02907560352
v  0.0002329850146      0.018307078    0.02853234306
v  0.0002329850146    0.01918374962    0.02796298911
v  0.0002329850146    0.02004165526    0.02736807692
v  0.0002329850146    0.02087634261    0.02674701145
v  0.0002329850146    0.02169059559     0.0260992659
v  0.0002329850146    0.02248357387    0.02542547805
v  0.0002329850146    0.02325443249    0.02472628566
v  0.0002329850146    0.02400232647    0.02400232647
v  0.0002329850146    0.02472628566    0.02325443249
v  0.0002329850146    0.02542547805    0.02248357387
v  0.0002329850146     0.0260992659    0.02169059559
v  0.0002329850146    0.02674701145    0.02087634261
v  0.0002329850146    0.02736807692    0.02004165526
v  0.0002329850146    0.02796298911    0.01918374962
v  0.0002329850146    0.02853234306      0.018307078
v  0.0002329850146    0.02907560352    0.01741224258
v  0.0002329850146    0.02959223522     0.0164998409
v  0.0002329850146     0.0300817029    0.01557047052
v  0.0002329850146    0.03054347127    0.01462472897
v  0.0002329850146    0.03097700507    0.01366321381
v  0.0002329850146    0.03138176904    0.01268652256
v  0.0002329850146     0.0317572279    0.01169525279
v  0.0002329850146    0.03210284639    0.01069000203
v  0.0002329850146    0.03241808924    0.00967136783
v  0.0002329850146    0.03270242117   0.008639947732
v  0.0002329850146    0.03295530692   0.007596339282
v  0.0002329850146    0.03317621122   0.006541140023
v  0.0002329850146     0.0333645988   0.005474947501
v  0.0002329850146     0.0335199344    0.00439835926
v  0.0002329850146    0.03364168274   0.003311972845
v  0.0002329850146    0.03372930855   0.002216385801
v  0.0002329850146    0.03378227657   0.001112195671
v  0.0003918353923    0.03454614395                0
v  0.0003918353923    0.03452814372  -0.001137913027
v  0.0003918353923    0.03447450294    -0.0022678507
v  0.0003918353923    0.03438576144   -0.00338920015
v  0.0003918353923    0.03426245908  -0.004501348509
v  0.0003918353923    0.03410513571  -0.005603682909
v  0.0003918353923    0.03391433117  -0.006695590482
v  0.0003918353923    0.03369058532  -0.007776458358
v  0.0003918353923      0.033434438  -0.008845673669
v  0.0003918353923    0.03314642906  -0.009902623547
v  0.0003918353923    0.03282709834   -0.01094669512
v  0.0003918353923    0.03247698571   -0.01197727553
v  0.0003918353923      0.032096631    -0.0129937519
v  0.0003918353923    0.03168657407   -0.01399551136
v  0.0003918353923    0.03124735476   -0.01498194105
v  0.0003918353923    0.03077951292   -0.01595242809
v  0.0003918353923    0.03028358839   -0.01690635962
v  0.0003918353923    0.02976012104   -0.01784312277
v  0.0003918353923     0.0292096507   -0.01876210468
v  0.0003918353923    0.02863271723   -0.01966269246
v  0.0003918353923    0.02802986046    -0.0205442655
v  0.0003918353923    0.02739973082   -0.02139976744
v  0.0003918353923    0.02674109288   -0.02223423775
v  0.0003918353923     0.0260546578   -0.02304665774
v  0.0003918353923    0.02534113676   -0.02383600095
v  0.0003918353923    0.02460124091   -0.02460124091
v  0.0003918353923    0.02383600095   -0.02534113676
v  0.0003918353923    0.02304665774    -0.0260546578
v  0.0003918353923    0.02223423775   -0.02674109288
v  0.0003918353923    0.02139976744   -0.02739973082
v  0.0003918353923     0.0205442655   -0.02802986046
v  0.0003918353923    0.01966269246   -0.02863271723
v  0.0003918353923    0.01876210468    -0.0292096507
v  0.0003918353923    0.01784312277   -0.02976012104
v  0.0003918353923    0.01690635962   -0.03028358839
v  0.0003918353923    0.01595242809   -0.03077951292
v  0.0003918353923    0.01498194105   -0.03124735476
v  0.0003918353923    0.01399551136   -0.03168657407
v  0.0003918353923     0.0129937519     -0.032096631
v  0.0003918353923    0.01197727553   -0.03247698571
v  0.0003918353923    0.01094669512   -0.03282709834
v  0.0003918353923   0.009902623547   -0.03314642906
v  0.0003918353923   0.008845673669     -0.033434438
v  0.0003918353923   0.007776458358   -0.03369058532
v  0.0003918353923   0.006695590482   -0.03391433117
v  0.0003918353923   0.005603682909   -0.03410513571
v  0.0003918353923   0.004501348509   -0.03426245908
v  0.0003918353923    0.00338920015   -0.03438576144
v  0.0003918353923     0.0022678507   -0.03447450294
v  0.0003918353923   0.001137913027   -0.03452814372
v  0.0003918353923   1.96282362e-19   -0.03454614395
v  0.0003918353923  -0.001137913027   -0.03452814372
v  0.0003918353923    -0.0022678507   -0.03447450294
v  0.0003918353923   -0.00338920015   -0.03438576144
v  0.0003918353923  -0.004501348509   -0.03426245908
v  0.0003918353923  -0.005603682909   -0.03410513571
v  0.0003918353923  -0.006695590482   -0.03391433117
v  0.0003918353923  -0.007776458358   -0.03369058532
v  0.0003918353923  -0.008845673669     -0.033434438
v  0.0003918353923  -0.009902623547   -0.03314642906
v  0.0003918353923   -0.01094669512   -0.03282709834
v  0.0003918353923   -0.01197727553   -0.03247698571
v  0.0003918353923    -0.0129937519     -0.032096631
v  0.0003918353923   -0.01399551136   -0.03168657407
v  0.0003918353923   -0.01498194105   -0.03124735476
v  0.0003918353923   -0.01595242809   -0.03077951292
v  0.0003918353923   -0.01690635962   -0.03028358839
v  0.0003918353923   -0.01784312277   -0.02976012104
v  0.0003918353923   -0.01876210468    -0.0292096507
v  0.0003918353923   -0.01966269246   -0.02863271723
v  0.0003918353923    -0.0205442655   -0.02802986046
v  0.0003918353923   -0.02139976744   -0.02739973082
v  0.0003918353923   -0.02223423775   -0.02674109288
v  0.0003918353923   -0.02304665774    -0.0260546578
v  0.0003918353923   -0.02383600095   -0.02534113676
v  0.0003918353923   -0.02460124091   -0.02460124091
v  0.0003918353923   -0.02534113676   -0.02383600095
v  0.0003918353923    -0.0260546578   -0.02304665774
v  0.0003918353923   -0.02674109288   -0.02223423775
v  0.0003918353923   -0.02739973082   -0.02139976744
v  0.0003918353923   -0.02802986046    -0.0205442655
v  0.0003918353923   -0.02863271723   -0.01966269246
v  0.0003918353923    -0.0292096507   -0.01876210468
v  0.0003918353923   -0.02976012104   -0.01784312277
v  0.0003918353923   -0.03028358839   -0.01690635962
v  0.0003918353923   -0.03077951292   -0.01595242809
v  0.0003918353923   -0.03124735476   -0.01498194105
v  0.0003918353923   -0.03168657407   -0.01399551136
v  0.0003918353923     -0.032096631    -0.0129937519
v  0.0003918353923   -0.03247698571   -0.01197727553
v  0.0003918353923   -0.03282709834   -0.01094669512
v  0.0003918353923   -0.03314642906  -0.009902623547
v  0.0003918353923     -0.033434438  -0.008845673669
v  0.0003918353923   -0.03369058532  -0.007776458358
v  0.0003918353923   -0.03391433117  -0.006695590482
v  0.0003918353923   -0.03410513571  -0.005603682909
v  0.0003918353923   -0.03426245908  -0.004501348509
v  0.0003918353923   -0.03438576144   -0.00338920015
v  0.0003918353923   -0.03447450294    -0.0022678507
v  0.0003918353923   -0.03452814372  -0.001137913027
v  0.0003918353923   -0.03454614395 -8.374714112e-19
v  0.0003918353923   -0.03452814372   0.001137913027
v  0.0003918353923   -0.03447450294     0.0022678507
v  0.0003918353923   -0.03438576144    0.00338920015
v  0.0003918353923   -0.03426245908   0.004501348509
v  0.0003918353923   -0.03410513571   0.005603682909
v  0.0003918353923   -0.03391433117   0.006695590482
v  0.0003918353923   -0.03369058532   0.007776458358
v  0.0003918353923     -0.033434438   0.008845673669
v  0.0003918353923   -0.03314642906   0.009902623547
v  0.0003918353923   -0.03282709834    0.01094669512
v  0.0003918353923   -0.03247698571    0.01197727553
v  0.0003918353923     -0.032096631     0.0129937519
v  0.0003918353923   -0.03168657407    0.01399551136
v  0.0003918353923   -0.03124735476    0.01498194105
v  0.0003918353923   -0.03077951292    0.01595242809
v  0.0003918353923   -0.03028358839    0.01690635962
v  0.0003918353923   -0.02976012104    0.01784312277
v  0.0003918353923    -0.0292096507    0.01876210468
v  0.0003918353923   -0.02863271723    0.01966269246
v  0.0003918353923   -0.02802986046     0.0205442655
v  0.0003918353923   -0.02739973082    0.02139976744
v  0.0003918353923   -0.02674109288    0.02223423775
v  0.0003918353923    -0.0260546578    0.02304665774
v  0.0003918353923   -0.02534113676    0.02383600095
v  0.0003918353923   -0.02460124091    0.02460124091
v  0.0003918353923   -0.02383600095    0.02534113676
v  0.0003918353923   -0.02304665774     0.0260546578
v  0.0003918353923   -0.02223423775    0.02674109288
v  0.0003918353923   -0.02139976744    0.02739973082
v  0.0003918353923    -0.0205442655    0.02802986046
v  0.0003918353923   -0.01966269246    0.02863271723
v  0.0003918353923   -0.01876210468     0.0292096507
v  0.0003918353923   -0.01784312277    0.02976012104
v  0.0003918353923   -0.01690635962    0.03028358839
v  0.0003918353923   -0.01595242809    0.03077951292
v  0.0003918353923   -0.01498194105    0.03124735476
v  0.0003918353923   -0.01399551136    0.03168657407
v  0.0003918353923    -0.0129937519      0.032096631
v  0.0003918353923   -0.01197727553    0.03247698571
v  0.0003918353923   -0.01094669512    0.03282709834
v  0.0003918353923  -0.009902623547    0.03314642906
v  0.0003918353923  -0.008845673669      0.033434438
v  0.0003918353923  -0.007776458358    0.03369058532
v  0.0003918353923  -0.006695590482    0.03391433117
v  0.0003918353923  -0.005603682909    0.03410513571
v  0.0003918353923  -0.004501348509    0.03426245908
v  0.0003918353923   -0.00338920015    0.03438576144
v  0.0003918353923    -0.0022678507    0.03447450294
v  0.0003918353923  -0.001137913027    0.03452814372
v  0.0003918353923 -1.682956903e-18    0.03454614395
v  0.0003918353923   0.001137913027    0.03452814372
v  0.0003918353923     0.0022678507    0.03447450294
v  0.0003918353923    0.00338920015    0.03438576144
v  0.0003918353923   0.004501348509    0.03426245908
v  0.0003918353923   0.005603682909    0.03410513571
v  0.0003918353923   0.006695590482    0.03391433117
v  0.0003918353923   0.007776458358    0.03369058532
v  0.0003918353923   0.008845673669      0.033434438
v  0.0003918353923   0.009902623547    0.03314642906
v  0.0003918353923    0.01094669512    0.03282709834
v  0.0003918353923    0.01197727553    0.03247698571
v  0.0003918353923     0.0129937519      0.032096631
v  0.0003918353923    0.01399551136    0.03168657407
v  0.0003918353923    0.01498194105    0.03124735476
v  0.0003918353923    0.01595242809    0.03077951292
v  0.0003918353923    0.01690635962    0.03028358839
v  0.0003918353923    0.01784312277    0.02976012104
v  0.0003918353923    0.01876210468     0.0292096507
v  0.0003918353923    0.01966269246    0.02863271723
v  0.0003918353923     0.0205442655    0.02802986046
v  0.0003918353923    0.02139976744    0.02739973082
v  0.0003918353923    0.02223423775    0.02674109288
v  0.0003918353923    0.02304665774     0.0260546578
v  0.0003918353923    0.02383600095    0.02534113676
v  0.0003918353923    0.02460124091    0.02460124091
v  0.0003918353923    0.02534113676    0.02383600095
v  0.0003918353923     0.0260546578    0.02304665774
v  0.0003918353923    0.02674109288    0.02223423775
v  0.0003918353923    0.02739973082    0.02139976744
v  0.0003918353923    0.02802986046     0.0205442655
v  0.0003918353923    0.02863271723    0.01966269246
v  0.0003918353923     0.0292096507    0.01876210468
v  0.0003918353923    0.02976012104    0.01784312277
v  0.0003918353923    0.03028358839    0.01690635962
v  0.0003918353923    0.03077951292    0.01595242809
v  0.0003918353923    0.03124735476    0.01498194105
v  0.0003918353923    0.03168657407    0.01399551136
v  0.0003918353923      0.032096631     0.0129937519
v  0.0003918353923    0.03247698571    0.01197727553
v  0.0003918353923    0.03282709834    0.01094669512
v  0.0003918353923    0.03314642906   0.009902623547
v  0.0003918353923      0.033434438   0.008845673669
v  0.0003918353923    0.03369058532   0.007776458358
v  0.0003918353923    0.03391433117   0.006695590482
v  0.0003918353923    0.03410513571   0.005603682909
v  0.0003918353923    0.03426245908   0.004501348509
v  0.0003918353923    0.03438576144    0.00338920015
v  0.0003918353923    0.03447450294     0.0022678507
v  0.0003918353923    0.03452814372   0.001137913027
v  0.0006054025109     0.0352847028                0
v  0.0006054025109    0.03526653461  -0.001164170546
v  0.0006054025109    0.03521239193  -0.002320413466
v  0.0006054025109    0.03512281761  -0.003468102983
v  0.0006054025109    0.03499835448  -0.004606613317
v  0.0006054025109    0.03483954538   -0.00573531869
v  0.0006054025109    0.03464693316  -0.006853593323
v  0.0006054025109    0.03442106065  -0.007960811437
v  0.0006054025109     0.0341624707  -0.009056347253
v  0.0006054025109    0.03387170614   -0.01013957499
v  0.0006054025109    0.03354930982   -0.01120986888
v  0.0006054025109    0.03319582458   -0.01226660313
v  0.0006054025109    0.03281179326   -0.01330915197
v  0.0006054025109     0.0323977587   -0.01433688962
v  0.0006054025109    0.03195426373    -0.0153491903
v  0.0006054025109    0.03148185121   -0.01634542823
v  0.0006054025109    0.03098106396   -0.01732497764
v  0.0006054025109    0.03045244484   -0.01828721273
v  0.0006054025109    0.02989653668   -0.01923150775
v  0.0006054025109    0.02931388232    -0.0201572369
v  0.0006054025109    0.02870502457   -0.02106376249
v  0.0006054025109    0.02806760546   -0.02194056598
v  0.0006054025109    0.02739944217    -0.0227956997
v  0.0006054025109     0.0267013406    -0.0236279148
v  0.0006054025109    0.02597410661   -0.02443595051
v  0.0006054025109    0.02521854605   -0.02521854605
v  0.0006054025109    0.02443595051   -0.02597410661
v  0.0006054025109     0.0236279148    -0.0267013406
v  0.0006054025109     0.0227956997   -0.02739944217
v  0.0006054025109    0.02194056598   -0.02806760546
v  0.0006054025109    0.02106376249   -0.02870502457
v  0.0006054025109     0.0201572369   -0.02931388232
v  0.0006054025109    0.01923150775   -0.02989653668
v  0.0006054025109    0.01828721273   -0.03045244484
v  0.0006054025109    0.01732497764   -0.03098106396
v  0.0006054025109    0.01634542823   -0.03148185121
v  0.0006054025109     0.0153491903   -0.03195426373
v  0.0006054025109    0.01433688962    -0.0323977587
v  0.0006054025109    0.01330915197   -0.03281179326
v  0.0006054025109    0.01226660313   -0.03319582458
v  0.0006054025109    0.01120986888   -0.03354930982
v  0.0006054025109    0.01013957499   -0.03387170614
v  0.0006054025109   0.009056347253    -0.0341624707
v  0.0006054025109   0.007960811437   -0.03442106065
v  0.0006054025109   0.006853593323   -0.03464693316
v  0.0006054025109    0.00573531869   -0.03483954538
v  0.0006054025109   0.004606613317   -0.03499835448
v  0.0006054025109   0.003468102983   -0.03512281761
v  0.0006054025109   0.002320413466   -0.03521239193
v  0.0006054025109   0.001164170546   -0.03526653461
v  0.0006054025109  2.229429826e-19    -0.0352847028
v  0.0006054025109  -0.001164170546   -0.03526653461
v  0.0006054025109  -0.002320413466   -0.03521239193
v  0.0006054025109  -0.003468102983   -0.03512281761
v  0.0006054025109  -0.004606613317   -0.03499835448
v  0.0006054025109   -0.00573531869   -0.03483954538
v  0.0006054025109  -0.006853593323   -0.03464693316
v  0.0006054025109  -0.007960811437   -0.03442106065
v  0.0006054025109  -0.009056347253    -0.0341624707
v  0.0006054025109   -0.01013957499   -0.03387170614
v  0.0006054025109   -0.01120986888   -0.03354930982
v  0.0006054025109   -0.01226660313   -0.03319582458
v  0.0006054025109   -0.01330915197   -0.03281179326
v  0.0006054025109   -0.01433688962    -0.0323977587
v  0.0006054025109    -0.0153491903   -0.03195426373
v  0.0006054025109   -0.01634542823   -0.03148185121
v  0.0006054025109   -0.01732497764   -0.03098106396
v  0.0006054025109   -0.01828721273   -0.03045244484
v  0.0006054025109   -0.01923150775   -0.02989653668
v  0.0006054025109    -0.0201572369   -0.02931388232
v  0.0006054025109   -0.02106376249   -0.02870502457
v  0.0006054025109   -0.02194056598   -0.02806760546
v  0.0006054025109    -0.0227956997   -0.02739944217
v  0.0006054025109    -0.0236279148    -0.0267013406
v  0.0006054025109   -0.02443595051   -0.02597410661
v  0.0006054025109   -0.02521854605   -0.02521854605
v  0.0006054025109   -0.02597410661   -0.02443595051
v  0.0006054025109    -0.0267013406    -0.0236279148
v  0.0006054025109   -0.02739944217    -0.0227956997
v  0.0006054025109   -0.02806760546   -0.02194056598
v  0.0006054025109   -0.02870502457   -0.02106376249
v  0.0006054025109   -0.02931388232    -0.0201572369
v  0.0006054025109   -0.02989653668   -0.01923150775
v  0.0006054025109   -0.03045244484   -0.01828721273
v  0.0006054025109   -0.03098106396   -0.01732497764
v  0.0006054025109   -0.03148185121   -0.01634542823
v  0.0006054025109   -0.03195426373    -0.0153491903
v  0.0006054025109    -0.0323977587   -0.01433688962
v  0.0006054025109   -0.03281179326   -0.01330915197
v  0.0006054025109   -0.03319582458   -0.01226660313
v  0.0006054025109   -0.03354930982   -0.01120986888
v  0.0006054025109   -0.03387170614   -0.01013957499
v  0.0006054025109    -0.0341624707  -0.009056347253
v  0.0006054025109   -0.03442106065  -0.007960811437
v  0.0006054025109   -0.03464693316  -0.006853593323
v  0.0006054025109   -0.03483954538   -0.00573531869
v  0.0006054025109   -0.03499835448  -0.004606613317
v  0.0006054025109   -0.03512281761  -0.003468102983
v  0.0006054025109   -0.03521239193  -0.002320413466
v  0.0006054025109   -0.03526653461  -0.001164170546
v  0.0006054025109    -0.0352847028 -9.512233923e-19
v  0.0006054025109   -0.03526653461   0.001164170546
v  0.0006054025109   -0.03521239193   0.002320413466
v  0.0006054025109   -0.03512281761   0.003468102983
v  0.0006054025109   -0.03499835448   0.004606613317
v  0.0006054025109   -0.03483954538    0.00573531869
v  0.0006054025109   -0.03464693316   0.006853593323
v  0.0006054025109   -0.03442106065   0.007960811437
v  0.0006054025109    -0.0341624707   0.009056347253
v  0.0006054025109   -0.03387170614    0.01013957499
v  0.0006054025109   -0.03354930982    0.01120986888
v  0.0006054025109   -0.03319582458    0.01226660313
v  0.0006054025109   -0.03281179326    0.01330915197
v  0.0006054025109    -0.0323977587    0.01433688962
v  0.0006054025109   -0.03195426373     0.0153491903
v  0.0006054025109   -0.03148185121    0.01634542823
v  0.0006054025109   -0.03098106396    0.01732497764
v  0.0006054025109   -0.03045244484    0.01828721273
v  0.0006054025109   -0.02989653668    0.01923150775
v  0.0006054025109   -0.02931388232     0.0201572369
v  0.0006054025109   -0.02870502457    0.02106376249
v  0.0006054025109   -0.02806760546    0.02194056598
v  0.0006054025109   -0.02739944217     0.0227956997
v  0.0006054025109    -0.0267013406     0.0236279148
v  0.0006054025109   -0.02597410661    0.02443595051
v  0.0006054025109   -0.02521854605    0.02521854605
v  0.0006054025109   -0.02443595051    0.02597410661
v  0.0006054025109    -0.0236279148     0.0267013406
v  0.0006054025109    -0.0227956997    0.02739944217
v  0.0006054025109   -0.02194056598    0.02806760546
v  0.0006054025109   -0.02106376249    0.02870502457
v  0.0006054025109    -0.0201572369    0.02931388232
v  0.0006054025109   -0.01923150775    0.02989653668
v  0.0006054025109   -0.01828721273    0.03045244484
v  0.0006054025109   -0.01732497764    0.03098106396
v  0.0006054025109   -0.01634542823    0.03148185121
v  0.0006054025109    -0.0153491903    0.03195426373
v  0.0006054025109   -0.01433688962     0.0323977587
v  0.0006054025109   -0.01330915197    0.03281179326
v  0.0006054025109   -0.01226660313    0.03319582458
v  0.0006054025109   -0.01120986888    0.03354930982
v  0.0006054025109   -0.01013957499    0.03387170614
v  0.0006054025109  -0.009056347253     0.0341624707
v  0.0006054025109  -0.007960811437    0.03442106065
v  0.0006054025109  -0.006853593323    0.03464693316
v  0.0006054025109   -0.00573531869    0.03483954538
v  0.0006054025109  -0.004606613317    0.03499835448
v  0.0006054025109  -0.003468102983    0.03512281761
v  0.0006054025109  -0.002320413466    0.03521239193
v  0.0006054025109  -0.001164170546    0.03526653461
v  0.0006054025109 -1.911549401e-18     0.0352847028
v  0.0006054025109   0.001164170546    0.03526653461
v  0.0006054025109   0.002320413466    0.03521239193
v  0.0006054025109   0.003468102983    0.03512281761
v  0.0006054025109   0.004606613317    0.03499835448
v  0.0006054025109    0.00573531869    0.03483954538
v  0.0006054025109   0.006853593323    0.03464693316
v  0.0006054025109   0.007960811437    0.03442106065
v  0.0006054025109   0.009056347253     0.0341624707
v  0.0006054025109    0.01013957499    0.03387170614
v  0.0006054025109    0.01120986888    0.03354930982
v  0.0006054025109    0.01226660313    0.03319582458
v  0.0006054025109    0.01330915197    0.03281179326
v  0.0006054025109    0.01433688962     0.0323977587
v  0.0006054025109     0.0153491903    0.03195426373
v  0.0006054025109    0.01634542823    0.03148185121
v  0.0006054025109    0.01732497764    0.03098106396
v  0.0006054025109    0.01828721273    0.03045244484
v  0.0006054025109    0.01923150775    0.02989653668
v  0.0006054025109     0.0201572369    0.02931388232
v  0.0006054025109    0.02106376249    0.02870502457
v  0.0006054025109    0.02194056598    0.02806760546
v  0.0006054025109     0.0227956997    0.02739944217
v  0.0006054025109     0.0236279148     0.0267013406
v  0.0006054025109    0.02443595051    0.02597410661
v  0.0006054025109    0.02521854605    0.02521854605
v  0.0006054025109    0.02597410661    0.02443595051
v  0.0006054025109     0.0267013406     0.0236279148
v  0.0006054025109    0.02739944217     0.0227956997
v  0.0006054025109    0.02806760546    0.02194056598
v  0.0006054025109    0.02870502457    0.02106376249
v  0.0006054025109    0.02931388232     0.0201572369
v  0.0006054025109    0.02989653668    0.01923150775
v  0.0006054025109    0.03045244484    0.01828721273
v  0.0006054025109    0.03098106396    0.01732497764
v  0.0006054025109    0.03148185121    0.01634542823
v  0.0006054025109    0.03195426373     0.0153491903
v  0.0006054025109     0.0323977587    0.01433688962
v  0.0006054025109    0.03281179326    0.01330915197
v  0.0006054025109    0.03319582458    0.01226660313
v  0.0006054025109    0.03354930982    0.01120986888
v  0.0006054025109    0.03387170614    0.01013957499
v  0.0006054025109     0.0341624707   0.009056347253
v  0.0006054025109    0.03442106065   0.007960811437
v  0.0006054025109    0.03464693316   0.006853593323
v  0.0006054025109    0.03483954538    0.00573531869
v  0.0006054025109    0.03499835448   0.004606613317
v  0.0006054025109    0.03512281761   0.003468102983
v  0.0006054025109    0.03521239193   0.002320413466
v  0.0006054025109    0.03526653461   0.001164170546
v  0.0008789952425     0.0360145208                0
v  0.0008789952425    0.03599624676  -0.001190991091
v  0.0008789952425    0.03594178738  -0.002374121218
v  0.0008789952425    0.03585168679  -0.003548754313
v  0.0008789952425    0.03572648908  -0.004714254307
v  0.0008789952425    0.03556673838  -0.005869985131
v  0.0008789952425     0.0353729788  -0.007015310717
v  0.0008789952425    0.03514575445  -0.008149594997
v  0.0008789952425    0.03488560945  -0.009272201901
v  0.0008789952425    0.03459308791   -0.01038249536
v  0.0008789952425    0.03426873394   -0.01147983931
v  0.0008789952425    0.03391309166   -0.01256359768
v  0.0008789952425    0.03352670518    -0.0136331344
v  0.0008789952425    0.03311011861    -0.0146878134
v  0.0008789952425    0.03266387608   -0.01572699862
v  0.0008789952425    0.03218852168   -0.01675005398
v  0.0008789952425    0.03168459954   -0.01775634341
v  0.0008789952425    0.03115265377   -0.01874523086
v  0.0008789952425    0.03059322848   -0.01971608025
v  0.0008789952425    0.03000686778    -0.0206682555
v  0.0008789952425    0.02939411576   -0.02160110337
v  0.0008789952425     0.0287513322   -0.02249971789
v  0.0008789952425    0.02807512959   -0.02337598079
v  0.0008789952425    0.02736643148   -0.02422835726
v  0.0008789952425    0.02662616139   -0.02505529527
v  0.0008789952425    0.02585524281   -0.02585524281
v  0.0008789952425    0.02505529527   -0.02662616139
v  0.0008789952425    0.02422835726   -0.02736643148
v  0.0008789952425    0.02337598079   -0.02807512959
v  0.0008789952425    0.02249971789    -0.0287513322
v  0.0008789952425    0.02160110337   -0.02939411576
v  0.0008789952425     0.0206682555   -0.03000686778
v  0.0008789952425    0.01971608025   -0.03059322848
v  0.0008789952425    0.01874523086   -0.03115265377
v  0.0008789952425    0.01775634341   -0.03168459954
v  0.0008789952425    0.01675005398   -0.03218852168
v  0.0008789952425    0.01572699862   -0.03266387608
v  0.0008789952425     0.0146878134   -0.03311011861
v  0.0008789952425     0.0136331344   -0.03352670518
v  0.0008789952425    0.01256359768   -0.03391309166
v  0.0008789952425    0.01147983931   -0.03426873394
v  0.0008789952425    0.01038249536   -0.03459308791
v  0.0008789952425   0.009272201901   -0.03488560945
v  0.0008789952425   0.008149594997   -0.03514575445
v  0.0008789952425   0.007015310717    -0.0353729788
v  0.0008789952425   0.005869985131   -0.03556673838
v  0.0008789952425   0.004714254307   -0.03572648908
v  0.0008789952425   0.003548754313   -0.03585168679
v  0.0008789952425   0.002374121218   -0.03594178738
v  0.0008789952425   0.001190991091   -0.03599624676
v  0.0008789952425  2.471805379e-19    -0.0360145208
v  0.0008789952425  -0.001190991091   -0.03599624676
v  0.0008789952425  -0.002374121218   -0.03594178738
v  0.0008789952425  -0.003548754313   -0.03585168679
v  0.0008789952425  -0.004714254307   -0.03572648908
v  0.0008789952425  -0.005869985131   -0.03556673838
v  0.0008789952425  -0.007015310717    -0.0353729788
v  0.0008789952425  -0.008149594997   -0.03514575445
v  0.0008789952425  -0.009272201901   -0.03488560945
v  0.0008789952425   -0.01038249536   -0.03459308791
v  0.0008789952425   -0.01147983931   -0.03426873394
v  0.0008789952425   -0.01256359768   -0.03391309166
v  0.0008789952425    -0.0136331344   -0.03352670518
v  0.0008789952425    -0.0146878134   -0.03311011861
v  0.0008789952425   -0.01572699862   -0.03266387608
v  0.0008789952425   -0.01675005398   -0.03218852168
v  0.0008789952425   -0.01775634341   -0.03168459954
v  0.0008789952425   -0.01874523086   -0.03115265377
v  0.0008789952425   -0.01971608025   -0.03059322848
v  0.0008789952425    -0.0206682555   -0.03000686778
v  0.0008789952425   -0.02160110337   -0.02939411576
v  0.0008789952425   -0.02249971789    -0.0287513322
v  0.0008789952425   -0.02337598079   -0.02807512959
v  0.0008789952425   -0.02422835726   -0.02736643148
v  0.0008789952425   -0.02505529527   -0.02662616139
v  0.0008789952425   -0.02585524281   -0.02585524281
v  0.0008789952425   -0.02662616139   -0.02505529527
v  0.0008789952425   -0.02736643148   -0.02422835726
v  0.0008789952425   -0.02807512959   -0.02337598079
v  0.0008789952425    -0.0287513322   -0.02249971789
v  0.0008789952425   -0.02939411576   -0.02160110337
v  0.0008789952425   -0.03000686778    -0.0206682555
v  0.0008789952425   -0.03059322848   -0.01971608025
v  0.0008789952425   -0.03115265377   -0.01874523086
v  0.0008789952425   -0.03168459954   -0.01775634341
v  0.0008789952425   -0.03218852168   -0.01675005398
v  0.0008789952425   -0.03266387608   -0.01572699862
v  0.0008789952425   -0.03311011861    -0.0146878134
v  0.0008789952425   -0.03352670518    -0.0136331344
v  0.0008789952425   -0.03391309166   -0.01256359768
v  0.0008789952425   -0.03426873394   -0.01147983931
v  0.0008789952425   -0.03459308791   -0.01038249536
v  0.0008789952425   -0.03488560945  -0.009272201901
v  0.0008789952425   -0.03514575445  -0.008149594997
v  0.0008789952425    -0.0353729788  -0.007015310717
v  0.0008789952425   -0.03556673838  -0.005869985131
v  0.0008789952425   -0.03572648908  -0.004714254307
v  0.0008789952425   -0.03585168679  -0.003548754313
v  0.0008789952425   -0.03594178738  -0.002374121218
v  0.0008789952425   -0.03599624676  -0.001190991091
v  0.0008789952425    -0.0360145208 -1.054636962e-18
v  0.0008789952425   -0.03599624676   0.001190991091
v  0.0008789952425   -0.03594178738   0.002374121218
v  0.0008789952425   -0.03585168679   0.003548754313
v  0.0008789952425   -0.03572648908   0.004714254307
v  0.0008789952425   -0.03556673838   0.005869985131
v  0.0008789952425    -0.0353729788   0.007015310717
v  0.0008789952425   -0.03514575445   0.008149594997
v  0.0008789952425   -0.03488560945   0.009272201901
v  0.0008789952425   -0.03459308791    0.01038249536
v  0.0008789952425   -0.03426873394    0.01147983931
v  0.0008789952425   -0.03391309166    0.01256359768
v  0.0008789952425   -0.03352670518     0.0136331344
v  0.0008789952425   -0.03311011861     0.0146878134
v  0.0008789952425   -0.03266387608    0.01572699862
v  0.0008789952425   -0.03218852168    0.01675005398
v  0.0008789952425   -0.03168459954    0.01775634341
v  0.0008789952425   -0.03115265377    0.01874523086
v  0.0008789952425   -0.03059322848    0.01971608025
v  0.0008789952425   -0.03000686778     0.0206682555
v  0.0008789952425   -0.02939411576    0.02160110337
v  0.0008789952425    -0.0287513322    0.02249971789
v  0.0008789952425   -0.02807512959    0.02337598079
v  0.0008789952425   -0.02736643148    0.02422835726
v  0.0008789952425   -0.02662616139    0.02505529527
v  0.0008789952425   -0.02585524281    0.02585524281
v  0.0008789952425   -0.02505529527    0.02662616139
v  0.0008789952425   -0.02422835726    0.02736643148
v  0.0008789952425   -0.02337598079    0.02807512959
v  0.0008789952425   -0.02249971789     0.0287513322
v  0.0008789952425   -0.02160110337    0.02939411576
v  0.0008789952425    -0.0206682555    0.03000686778
v  0.0008789952425   -0.01971608025    0.03059322848
v  0.0008789952425   -0.01874523086    0.03115265377
v  0.0008789952425   -0.01775634341    0.03168459954
v  0.0008789952425   -0.01675005398    0.03218852168
v  0.0008789952425   -0.01572699862    0.03266387608
v  0.0008789952425    -0.0146878134    0.03311011861
v  0.0008789952425    -0.0136331344    0.03352670518
v  0.0008789952425   -0.01256359768    0.03391309166
v  0.0008789952425   -0.01147983931    0.03426873394
v  0.0008789952425   -0.01038249536    0.03459308791
v  0.0008789952425  -0.009272201901    0.03488560945
v  0.0008789952425  -0.008149594997    0.03514575445
v  0.0008789952425  -0.007015310717     0.0353729788
v  0.0008789952425  -0.005869985131    0.03556673838
v  0.0008789952425  -0.004714254307    0.03572648908
v  0.0008789952425  -0.003548754313    0.03585168679
v  0.0008789952425  -0.002374121218    0.03594178738
v  0.0008789952425  -0.001190991091    0.03599624676
v  0.0008789952425 -2.119366143e-18     0.0360145208
v  0.0008789952425   0.001190991091    0.03599624676
v  0.0008789952425   0.002374121218    0.03594178738
v  0.0008789952425   0.003548754313    0.03585168679
v  0.0008789952425   0.004714254307    0.03572648908
v  0.0008789952425   0.005869985131    0.03556673838
v  0.0008789952425   0.007015310717     0.0353729788
v  0.0008789952425   0.008149594997    0.03514575445
v  0.0008789952425   0.009272201901    0.03488560945
v  0.0008789952425    0.01038249536    0.03459308791
v  0.0008789952425    0.01147983931    0.03426873394
v  0.0008789952425    0.01256359768    0.03391309166
v  0.0008789952425     0.0136331344    0.03352670518
v  0.0008789952425     0.0146878134    0.03311011861
v  0.0008789952425    0.01572699862    0.03266387608
v  0.0008789952425    0.01675005398    0.03218852168
v  0.0008789952425    0.01775634341    0.03168459954
v  0.0008789952425    0.01874523086    0.03115265377
v  0.0008789952425    0.01971608025    0.03059322848
v  0.0008789952425     0.0206682555    0.03000686778
v  0.0008789952425    0.02160110337    0.02939411576
v  0.0008789952425    0.02249971789     0.0287513322
v  0.0008789952425    0.02337598079    0.02807512959
v  0.0008789952425    0.02422835726    0.02736643148
v  0.0008789952425    0.02505529527    0.02662616139
v  0.0008789952425    0.02585524281    0.02585524281
v  0.0008789952425    0.02662616139    0.02505529527
v  0.0008789952425    0.02736643148    0.02422835726
v  0.0008789952425    0.02807512959    0.02337598079
v  0.0008789952425     0.0287513322    0.02249971789
v  0.0008789952425    0.02939411576    0.02160110337
v  0.0008789952425    0.03000686778     0.0206682555
v  0.0008789952425    0.03059322848    0.01971608025
v  0.0008789952425    0.03115265377    0.01874523086
v  0.0008789952425    0.03168459954    0.01775634341
v  0.0008789952425    0.03218852168    0.01675005398
v  0.0008789952425    0.03266387608    0.01572699862
v  0.0008789952425    0.03311011861     0.0146878134
v  0.0008789952425    0.03352670518     0.0136331344
v  0.0008789952425    0.03391309166    0.01256359768
v  0.0008789952425    0.03426873394    0.01147983931
v  0.0008789952425    0.03459308791    0.01038249536
v  0.0008789952425    0.03488560945   0.009272201901
v  0.0008789952425    0.03514575445   0.008149594997
v  0.0008789952425     0.0353729788   0.007015310717
v  0.0008789952425    0.03556673838   0.005869985131
v  0.0008789952425    0.03572648908   0.004714254307
v  0.0008789952425    0.03585168679   0.003548754313
v  0.0008789952425    0.03594178738   0.002374121218
v  0.0008789952425    0.03599624676   0.001190991091
v   0.001216956003    0.03673441297                0
v   0.001216956003    0.03671609881  -0.001218381116
v   0.001216956003     0.0366615187   -0.00242898787
v   0.001216956003    0.03657121622   -0.00363117668
v   0.001216956003    0.03644573494  -0.004824303967
v   0.001216956003    0.03628561842  -0.006007726152
v   0.001216956003    0.03609141023  -0.007180799654
v   0.001216956003    0.03586365395  -0.008342880893
v   0.001216956003    0.03560289313  -0.009493326289
v   0.001216956003    0.03530967136   -0.01063149226
v   0.001216956003     0.0349845322   -0.01175673523
v   0.001216956003    0.03462801922   -0.01286841162
v   0.001216956003    0.03424067599   -0.01396587785
v   0.001216956003    0.03382304608   -0.01504849033
v   0.001216956003    0.03337567305    -0.0161156055
v   0.001216956003    0.03289910048   -0.01716657976
v   0.001216956003    0.03239387194   -0.01820076953
v   0.001216956003    0.03186053099   -0.01921753125
v   0.001216956003    0.03129962121   -0.02021622132
v   0.001216956003    0.03071168616   -0.02119619617
v   0.001216956003    0.03009726936   -0.02215678858
v   0.001216956003    0.02945116032   -0.02307773177
v   0.001216956003    0.02876849605   -0.02397559597
v   0.001216956003    0.02805034189   -0.02484850169
v   0.001216956003    0.02729776315   -0.02569454579
v   0.001216956003    0.02651182513   -0.02651182513
v   0.001216956003    0.02569454579   -0.02729776315
v   0.001216956003    0.02484850169   -0.02805034189
v   0.001216956003    0.02397559597   -0.02876849605
v   0.001216956003    0.02307773177   -0.02945116032
v   0.001216956003    0.02215678858   -0.03009726936
v   0.001216956003    0.02119619617   -0.03071168616
v   0.001216956003    0.02021622132   -0.03129962121
v   0.001216956003    0.01921753125   -0.03186053099
v   0.001216956003    0.01820076953   -0.03239387194
v   0.001216956003    0.01716657976   -0.03289910048
v   0.001216956003     0.0161156055   -0.03337567305
v   0.001216956003    0.01504849033   -0.03382304608
v   0.001216956003    0.01396587785   -0.03424067599
v   0.001216956003    0.01286841162   -0.03462801922
v   0.001216956003    0.01175673523    -0.0349845322
v   0.001216956003    0.01063149226   -0.03530967136
v   0.001216956003   0.009493326289   -0.03560289313
v   0.001216956003   0.008342880893   -0.03586365395
v   0.001216956003   0.007180799654   -0.03609141023
v   0.001216956003   0.006007726152   -0.03628561842
v   0.001216956003   0.004824303967   -0.03644573494
v   0.001216956003    0.00363117668   -0.03657121622
v   0.001216956003    0.00242898787    -0.0366615187
v   0.001216956003   0.001218381116   -0.03671609881
v   0.001216956003  2.688350755e-19   -0.03673441297
v   0.001216956003  -0.001218381116   -0.03671609881
v   0.001216956003   -0.00242898787    -0.0366615187
v   0.001216956003   -0.00363117668   -0.03657121622
v   0.001216956003  -0.004824303967   -0.03644573494
v   0.001216956003  -0.006007726152   -0.03628561842
v   0.001216956003  -0.007180799654   -0.03609141023
v   0.001216956003  -0.008342880893   -0.03586365395
v   0.001216956003  -0.009493326289   -0.03560289313
v   0.001216956003   -0.01063149226   -0.03530967136
v   0.001216956003   -0.01175673523    -0.0349845322
v   0.001216956003   -0.01286841162   -0.03462801922
v   0.001216956003   -0.01396587785   -0.03424067599
v   0.001216956003   -0.01504849033   -0.03382304608
v   0.001216956003    -0.0161156055   -0.03337567305
v   0.001216956003   -0.01716657976   -0.03289910048
v   0.001216956003   -0.01820076953   -0.03239387194
v   0.001216956003   -0.01921753125   -0.03186053099
v   0.001216956003   -0.02021622132   -0.03129962121
v   0.001216956003   -0.02119619617   -0.03071168616
v   0.001216956003   -0.02215678858   -0.03009726936
v   0.001216956003   -0.02307773177   -0.02945116032
v   0.001216956003   -0.02397559597   -0.02876849605
v   0.001216956003   -0.02484850169   -0.02805034189
v   0.001216956003   -0.02569454579   -0.02729776315
v   0.001216956003   -0.02651182513   -0.02651182513
v   0.001216956003   -0.02729776315   -0.02569454579
v   0.001216956003   -0.02805034189   -0.02484850169
v   0.001216956003   -0.02876849605   -0.02397559597
v   0.001216956003   -0.02945116032   -0.02307773177
v   0.001216956003   -0.03009726936   -0.02215678858
v   0.001216956003   -0.03071168616   -0.02119619617
v   0.001216956003   -0.03129962121   -0.02021622132
v   0.001216956003   -0.03186053099   -0.01921753125
v   0.001216956003   -0.03239387194   -0.01820076953
v   0.001216956003   -0.03289910048   -0.01716657976
v   0.001216956003   -0.03337567305    -0.0161156055
v   0.001216956003   -0.03382304608   -0.01504849033
v   0.001216956003   -0.03424067599   -0.01396587785
v   0.001216956003   -0.03462801922   -0.01286841162
v   0.001216956003    -0.0349845322   -0.01175673523
v   0.001216956003   -0.03530967136   -0.01063149226
v   0.001216956003   -0.03560289313  -0.009493326289
v   0.001216956003   -0.03586365395  -0.008342880893
v   0.001216956003   -0.03609141023  -0.007180799654
v   0.001216956003   -0.03628561842  -0.006007726152
v   0.001216956003   -0.03644573494  -0.004824303967
v   0.001216956003   -0.03657121622   -0.00363117668
v   0.001216956003    -0.0366615187   -0.00242898787
v   0.001216956003   -0.03671609881  -0.001218381116
v   0.001216956003   -0.03673441297 -1.147029655e-18
v   0.001216956003   -0.03671609881   0.001218381116
v   0.001216956003    -0.0366615187    0.00242898787
v   0.001216956003   -0.03657121622    0.00363117668
v   0.001216956003   -0.03644573494   0.004824303967
v   0.001216956003   -0.03628561842   0.006007726152
v   0.001216956003   -0.03609141023   0.007180799654
v   0.001216956003   -0.03586365395   0.008342880893
v   0.001216956003   -0.03560289313   0.009493326289
v   0.001216956003   -0.03530967136    0.01063149226
v   0.001216956003    -0.0349845322    0.01175673523
v   0.001216956003   -0.03462801922    0.01286841162
v   0.001216956003   -0.03424067599    0.01396587785
v   0.001216956003   -0.03382304608    0.01504849033
v   0.001216956003   -0.03337567305     0.0161156055
v   0.001216956003   -0.03289910048    0.01716657976
v   0.001216956003   -0.03239387194    0.01820076953
v   0.001216956003   -0.03186053099    0.01921753125
v   0.001216956003   -0.03129962121    0.02021622132
v   0.001216956003   -0.03071168616    0.02119619617
v   0.001216956003   -0.03009726936    0.02215678858
v   0.001216956003   -0.02945116032    0.02307773177
v   0.001216956003   -0.02876849605    0.02397559597
v   0.001216956003   -0.02805034189    0.02484850169
v   0.001216956003   -0.02729776315    0.02569454579
v   0.001216956003   -0.02651182513    0.02651182513
v   0.001216956003   -0.02569454579    0.02729776315
v   0.001216956003   -0.02484850169    0.02805034189
v   0.001216956003   -0.02397559597    0.02876849605
v   0.001216956003   -0.02307773177    0.02945116032
v   0.001216956003   -0.02215678858    0.03009726936
v   0.001216956003   -0.02119619617    0.03071168616
v   0.001216956003   -0.02021622132    0.03129962121
v   0.001216956003   -0.01921753125    0.03186053099
v   0.001216956003   -0.01820076953    0.03239387194
v   0.001216956003   -0.01716657976    0.03289910048
v   0.001216956003    -0.0161156055    0.03337567305
v   0.001216956003   -0.01504849033    0.03382304608
v   0.001216956003   -0.01396587785    0.03424067599
v   0.001216956003   -0.01286841162    0.03462801922
v   0.001216956003   -0.01175673523     0.0349845322
v   0.001216956003   -0.01063149226    0.03530967136
v   0.001216956003  -0.009493326289    0.03560289313
v   0.001216956003  -0.008342880893    0.03586365395
v   0.001216956003  -0.007180799654    0.03609141023
v   0.001216956003  -0.006007726152    0.03628561842
v   0.001216956003  -0.004824303967    0.03644573494
v   0.001216956003   -0.00363117668    0.03657121622
v   0.001216956003   -0.00242898787     0.0366615187
v   0.001216956003  -0.001218381116    0.03671609881
v   0.001216956003 -2.305035671e-18    0.03673441297
v   0.001216956003   0.001218381116    0.03671609881
v   0.001216956003    0.00242898787     0.0366615187
v   0.001216956003    0.00363117668    0.03657121622
v   0.001216956003   0.004824303967    0.03644573494
v   0.001216956003   0.006007726152    0.03628561842
v   0.001216956003   0.007180799654    0.03609141023
v   0.001216956003   0.008342880893    0.03586365395
v   0.001216956003   0.009493326289    0.03560289313
v   0.001216956003    0.01063149226    0.03530967136
v   0.001216956003    0.01175673523     0.0349845322
v   0.001216956003    0.01286841162    0.03462801922
v   0.001216956003    0.01396587785    0.03424067599
v   0.001216956003    0.01504849033    0.03382304608
v   0.001216956003     0.0161156055    0.03337567305
v   0.001216956003    0.01716657976    0.03289910048
v   0.001216956003    0.01820076953    0.03239387194
v   0.001216956003    0.01921753125    0.03186053099
v   0.001216956003    0.02021622132    0.03129962121
v   0.001216956003    0.02119619617    0.03071168616
v   0.001216956003    0.02215678858    0.03009726936
v   0.001216956003    0.02307773177    0.02945116032
v   0.001216956003    0.02397559597    0.02876849605
v   0.001216956003    0.02484850169    0.02805034189
v   0.001216956003    0.02569454579    0.02729776315
v   0.001216956003    0.02651182513    0.02651182513
v   0.001216956003    0.02729776315    0.02569454579
v   0.001216956003    0.02805034189    0.02484850169
v   0.001216956003    0.02876849605    0.02397559597
v   0.001216956003    0.02945116032    0.02307773177
v   0.001216956003    0.03009726936    0.02215678858
v   0.001216956003    0.03071168616    0.02119619617
v   0.001216956003    0.03129962121    0.02021622132
v   0.001216956003    0.03186053099    0.01921753125
v   0.001216956003    0.03239387194    0.01820076953
v   0.001216956003    0.03289910048    0.01716657976
v   0.001216956003    0.03337567305     0.0161156055
v   0.001216956003    0.03382304608    0.01504849033
v   0.001216956003    0.03424067599    0.01396587785
v   0.001216956003    0.03462801922    0.01286841162
v   0.001216956003     0.0349845322    0.01175673523
v   0.001216956003    0.03530967136    0.01063149226
v   0.001216956003    0.03560289313   0.009493326289
v   0.001216956003    0.03586365395   0.008342880893
v   0.001216956003    0.03609141023   0.007180799654
v   0.001216956003    0.03628561842   0.006007726152
v   0.001216956003    0.03644573494   0.004824303967
v   0.001216956003    0.03657121622    0.00363117668
v   0.001216956003     0.0366615187    0.00242898787
v   0.001216956003    0.03671609881   0.001218381116
v   0.001622708544    0.03744321983                0
v   0.001622708544    0.03742493376  -0.001246331741
v   0.001622708544    0.03737043632  -0.002484996306
v   0.001622708544    0.03728026863  -0.003715345494
v   0.001622708544    0.03715497185  -0.004936731104
v   0.001622708544    0.03699508711  -0.006148504935
v   0.001622708544    0.03680115556  -0.007350018784
v   0.001622708544    0.03657371833  -0.008540624451
v   0.001622708544    0.03631331657  -0.009719673734
v   0.001622708544    0.03602049141   -0.01088651843
v   0.001622708544    0.03569578399   -0.01204051034
v   0.001622708544    0.03533973547   -0.01318100127
v   0.001622708544    0.03495288696     -0.014307343
v   0.001622708544    0.03453577963   -0.01541888734
v   0.001622708544     0.0340889546    -0.0165149861
v   0.001622708544    0.03361295302   -0.01759499105
v   0.001622708544    0.03310831603   -0.01865825402
v   0.001622708544    0.03257558476   -0.01970412678
v   0.001622708544    0.03201530036   -0.02073196115
v   0.001622708544    0.03142800398   -0.02174110892
v   0.001622708544    0.03081423667   -0.02273089059
v   0.001622708544    0.03016692061   -0.02367467483
v   0.001622708544    0.02947943812    -0.0245946063
v   0.001622708544    0.02875302122   -0.02548840032
v   0.001622708544    0.02798890187    -0.0263537409
v   0.001622708544    0.02718831204   -0.02718831204
v   0.001622708544     0.0263537409   -0.02798890187
v   0.001622708544    0.02548840032   -0.02875302122
v   0.001622708544     0.0245946063   -0.02947943812
v   0.001622708544    0.02367467483   -0.03016692061
v   0.001622708544    0.02273089059   -0.03081423667
v   0.001622708544    0.02174110892   -0.03142800398
v   0.001622708544    0.02073196115   -0.03201530036
v   0.001622708544    0.01970412678   -0.03257558476
v   0.001622708544    0.01865825402   -0.03310831603
v   0.001622708544    0.01759499105   -0.03361295302
v   0.001622708544     0.0165149861    -0.0340889546
v   0.001622708544    0.01541888734   -0.03453577963
v   0.001622708544      0.014307343   -0.03495288696
v   0.001622708544    0.01318100127   -0.03533973547
v   0.001622708544    0.01204051034   -0.03569578399
v   0.001622708544    0.01088651843   -0.03602049141
v   0.001622708544   0.009719673734   -0.03631331657
v   0.001622708544   0.008540624451   -0.03657371833
v   0.001622708544   0.007350018784   -0.03680115556
v   0.001622708544   0.006148504935   -0.03699508711
v   0.001622708544   0.004936731104   -0.03715497185
v   0.001622708544   0.003715345494   -0.03728026863
v   0.001622708544   0.002484996306   -0.03737043632
v   0.001622708544   0.001246331741   -0.03742493376
v   0.001622708544  2.877867323e-19   -0.03744321983
v   0.001622708544  -0.001246331741   -0.03742493376
v   0.001622708544  -0.002484996306   -0.03737043632
v   0.001622708544  -0.003715345494   -0.03728026863
v   0.001622708544  -0.004936731104   -0.03715497185
v   0.001622708544  -0.006148504935   -0.03699508711
v   0.001622708544  -0.007350018784   -0.03680115556
v   0.001622708544  -0.008540624451   -0.03657371833
v   0.001622708544  -0.009719673734   -0.03631331657
v   0.001622708544   -0.01088651843   -0.03602049141
v   0.001622708544   -0.01204051034   -0.03569578399
v   0.001622708544   -0.01318100127   -0.03533973547
v   0.001622708544     -0.014307343   -0.03495288696
v   0.001622708544   -0.01541888734   -0.03453577963
v   0.001622708544    -0.0165149861    -0.0340889546
v   0.001622708544   -0.01759499105   -0.03361295302
v   0.001622708544   -0.01865825402   -0.03310831603
v   0.001622708544   -0.01970412678   -0.03257558476
v   0.001622708544   -0.02073196115   -0.03201530036
v   0.001622708544   -0.02174110892   -0.03142800398
v   0.001622708544   -0.02273089059   -0.03081423667
v   0.001622708544   -0.02367467483   -0.03016692061
v   0.001622708544    -0.0245946063   -0.02947943812
v   0.001622708544   -0.02548840032   -0.02875302122
v   0.001622708544    -0.0263537409   -0.02798890187
v   0.001622708544   -0.02718831204   -0.02718831204
v   0.001622708544   -0.02798890187    -0.0263537409
v   0.001622708544   -0.02875302122   -0.02548840032
v   0.001622708544   -0.02947943812    -0.0245946063
v   0.001622708544   -0.03016692061   -0.02367467483
v   0.001622708544   -0.03081423667   -0.02273089059
v   0.001622708544   -0.03142800398   -0.02174110892
v   0.001622708544   -0.03201530036   -0.02073196115
v   0.001622708544   -0.03257558476   -0.01970412678
v   0.001622708544   -0.03310831603   -0.01865825402
v   0.001622708544   -0.03361295302   -0.01759499105
v   0.001622708544    -0.0340889546    -0.0165149861
v   0.001622708544   -0.03453577963   -0.01541888734
v   0.001622708544   -0.03495288696     -0.014307343
v   0.001622708544   -0.03533973547   -0.01318100127
v   0.001622708544   -0.03569578399   -0.01204051034
v   0.001622708544   -0.03602049141   -0.01088651843
v   0.001622708544   -0.03631331657  -0.009719673734
v   0.001622708544   -0.03657371833  -0.008540624451
v   0.001622708544   -0.03680115556  -0.007350018784
v   0.001622708544   -0.03699508711  -0.006148504935
v   0.001622708544   -0.03715497185  -0.004936731104
v   0.001622708544   -0.03728026863  -0.003715345494
v   0.001622708544   -0.03737043632  -0.002484996306
v   0.001622708544   -0.03742493376  -0.001246331741
v   0.001622708544   -0.03744321983 -1.227890058e-18
v   0.001622708544   -0.03742493376   0.001246331741
v   0.001622708544   -0.03737043632   0.002484996306
v   0.001622708544   -0.03728026863   0.003715345494
v   0.001622708544   -0.03715497185   0.004936731104
v   0.001622708544   -0.03699508711   0.006148504935
v   0.001622708544   -0.03680115556   0.007350018784
v   0.001622708544   -0.03657371833   0.008540624451
v   0.001622708544   -0.03631331657   0.009719673734
v   0.001622708544   -0.03602049141    0.01088651843
v   0.001622708544   -0.03569578399    0.01204051034
v   0.001622708544   -0.03533973547    0.01318100127
v   0.001622708544   -0.03495288696      0.014307343
v   0.001622708544   -0.03453577963    0.01541888734
v   0.001622708544    -0.0340889546     0.0165149861
v   0.001622708544   -0.03361295302    0.01759499105
v   0.001622708544   -0.03310831603    0.01865825402
v   0.001622708544   -0.03257558476    0.01970412678
v   0.001622708544   -0.03201530036    0.02073196115
v   0.001622708544   -0.03142800398    0.02174110892
v   0.001622708544   -0.03081423667    0.02273089059
v   0.001622708544   -0.03016692061    0.02367467483
v   0.001622708544   -0.02947943812     0.0245946063
v   0.001622708544   -0.02875302122    0.02548840032
v   0.001622708544   -0.02798890187     0.0263537409
v   0.001622708544   -0.02718831204    0.02718831204
v   0.001622708544    -0.0263537409    0.02798890187
v   0.001622708544   -0.02548840032    0.02875302122
v   0.001622708544    -0.0245946063    0.02947943812
v   0.001622708544   -0.02367467483    0.03016692061
v   0.001622708544   -0.02273089059    0.03081423667
v   0.001622708544   -0.02174110892    0.03142800398
v   0.001622708544   -0.02073196115    0.03201530036
v   0.001622708544   -0.01970412678    0.03257558476
v   0.001622708544   -0.01865825402    0.03310831603
v   0.001622708544   -0.01759499105    0.03361295302
v   0.001622708544    -0.0165149861     0.0340889546
v   0.001622708544   -0.01541888734    0.03453577963
v   0.001622708544     -0.014307343    0.03495288696
v   0.001622708544   -0.01318100127    0.03533973547
v   0.001622708544   -0.01204051034    0.03569578399
v   0.001622708544   -0.01088651843    0.03602049141
v   0.001622708544  -0.009719673734    0.03631331657
v   0.001622708544  -0.008540624451    0.03657371833
v   0.001622708544  -0.007350018784    0.03680115556
v   0.001622708544  -0.006148504935    0.03699508711
v   0.001622708544  -0.004936731104    0.03715497185
v   0.001622708544  -0.003715345494    0.03728026863
v   0.001622708544  -0.002484996306    0.03737043632
v   0.001622708544  -0.001246331741    0.03742493376
v   0.001622708544  -2.46753026e-18    0.03744321983
v   0.001622708544   0.001246331741    0.03742493376
v   0.001622708544   0.002484996306    0.03737043632
v   0.001622708544   0.003715345494    0.03728026863
v   0.001622708544   0.004936731104    0.03715497185
v   0.001622708544   0.006148504935    0.03699508711
v   0.001622708544   0.007350018784    0.03680115556
v   0.001622708544   0.008540624451    0.03657371833
v   0.001622708544   0.009719673734    0.03631331657
v   0.001622708544    0.01088651843    0.03602049141
v   0.001622708544    0.01204051034    0.03569578399
v   0.001622708544    0.01318100127    0.03533973547
v   0.001622708544      0.014307343    0.03495288696
v   0.001622708544    0.01541888734    0.03453577963
v   0.001622708544     0.0165149861     0.0340889546
v   0.001622708544    0.01759499105    0.03361295302
v   0.001622708544    0.01865825402    0.03310831603
v   0.001622708544    0.01970412678    0.03257558476
v   0.001622708544    0.02073196115    0.03201530036
v   0.001622708544    0.02174110892    0.03142800398
v   0.001622708544    0.02273089059    0.03081423667
v   0.001622708544    0.02367467483    0.03016692061
v   0.001622708544     0.0245946063    0.02947943812
v   0.001622708544    0.02548840032    0.02875302122
v   0.001622708544     0.0263537409    0.02798890187
v   0.001622708544    0.02718831204    0.02718831204
v   0.001622708544    0.02798890187     0.0263537409
v   0.001622708544    0.02875302122    0.02548840032
v   0.001622708544    0.02947943812     0.0245946063
v   0.001622708544    0.03016692061    0.02367467483
v   0.001622708544    0.03081423667    0.02273089059
v   0.001622708544    0.03142800398    0.02174110892
v   0.001622708544    0.03201530036    0.02073196115
v   0.001622708544    0.03257558476    0.01970412678
v   0.001622708544    0.03310831603    0.01865825402
v   0.001622708544    0.03361295302    0.01759499105
v   0.001622708544     0.0340889546     0.0165149861
v   0.001622708544    0.03453577963    0.01541888734
v   0.001622708544    0.03495288696      0.014307343
v   0.001622708544    0.03533973547    0.01318100127
v   0.001622708544    0.03569578399    0.01204051034
v   0.001622708544    0.03602049141    0.01088651843
v   0.001622708544    0.03631331657   0.009719673734
v   0.001622708544    0.03657371833   0.008540624451
v   0.001622708544    0.03680115556   0.007350018784
v   0.001622708544    0.03699508711   0.006148504935
v   0.001622708544    0.03715497185   0.004936731104
v   0.001622708544    0.03728026863   0.003715345494
v   0.001622708544    0.03737043632   0.002484996306
v   0.001622708544    0.03742493376   0.001246331741
v   0.002098805744    0.03813981058                0
v   0.002098805744    0.03812162225  -0.001274819829
v   0.002098805744    0.03806741512  -0.002542100563
v   0.002098805744    0.03797772598  -0.003801192339
v   0.002098805744    0.03785309162  -0.005051445291
v   0.002098805744    0.03769404883  -0.006292209555
v   0.002098805744    0.03750113439  -0.007522835266
v   0.002098805744    0.03727488511  -0.008742672558
v   0.002098805744    0.03701583776  -0.009951071568
v   0.002098805744    0.03672452914   -0.01114738243
v   0.002098805744    0.03640149604   -0.01233095528
v   0.002098805744    0.03604727524   -0.01350114025
v   0.002098805744    0.03566240354   -0.01465728748
v   0.002098805744    0.03524741772    -0.0157987471
v   0.002098805744    0.03480285458   -0.01692486925
v   0.002098805744    0.03432925091   -0.01803500406
v   0.002098805744    0.03382714348   -0.01912850167
v   0.002098805744     0.0332970691   -0.02020471222
v   0.002098805744    0.03273956456   -0.02126298583
v   0.002098805744    0.03215516664   -0.02230267265
v   0.002098805744    0.03154441204   -0.02332308261
v   0.002098805744    0.03089805452   -0.02429020256
v   0.002098805744    0.03020743865    -0.0252326495
v   0.002098805744    0.02947398837   -0.02614767228
v   0.002098805744    0.02869912749   -0.02703247951
v   0.002098805744    0.02788427984   -0.02788427984
v   0.002098805744    0.02703247951   -0.02869912749
v   0.002098805744    0.02614767228   -0.02947398837
v   0.002098805744     0.0252326495   -0.03020743865
v   0.002098805744    0.02429020256   -0.03089805452
v   0.002098805744    0.02332308261   -0.03154441204
v   0.002098805744    0.02230267265   -0.03215516664
v   0.002098805744    0.02126298583   -0.03273956456
v   0.002098805744    0.02020471222    -0.0332970691
v   0.002098805744    0.01912850167   -0.03382714348
v   0.002098805744    0.01803500406   -0.03432925091
v   0.002098805744    0.01692486925   -0.03480285458
v   0.002098805744     0.0157987471   -0.03524741772
v   0.002098805744    0.01465728748   -0.03566240354
v   0.002098805744    0.01350114025   -0.03604727524
v   0.002098805744    0.01233095528   -0.03640149604
v   0.002098805744    0.01114738243   -0.03672452914
v   0.002098805744   0.009951071568   -0.03701583776
v   0.002098805744   0.008742672558   -0.03727488511
v   0.002098805744   0.007522835266   -0.03750113439
v   0.002098805744   0.006292209555   -0.03769404883
v   0.002098805744   0.005051445291   -0.03785309162
v   0.002098805744   0.003801192339   -0.03797772598
v   0.002098805744   0.002542100563   -0.03806741512
v   0.002098805744   0.001274819829   -0.03812162225
v   0.002098805744  3.039535241e-19   -0.03813981058
v   0.002098805744  -0.001274819829   -0.03812162225
v   0.002098805744  -0.002542100563   -0.03806741512
v   0.002098805744  -0.003801192339   -0.03797772598
v   0.002098805744  -0.005051445291   -0.03785309162
v   0.002098805744  -0.006292209555   -0.03769404883
v   0.002098805744  -0.007522835266   -0.03750113439
v   0.002098805744  -0.008742672558   -0.03727488511
v   0.002098805744  -0.009951071568   -0.03701583776
v   0.002098805744   -0.01114738243   -0.03672452914
v   0.002098805744   -0.01233095528   -0.03640149604
v   0.002098805744   -0.01350114025   -0.03604727524
v   0.002098805744   -0.01465728748   -0.03566240354
v   0.002098805744    -0.0157987471   -0.03524741772
v   0.002098805744   -0.01692486925   -0.03480285458
v   0.002098805744   -0.01803500406   -0.03432925091
v   0.002098805744   -0.01912850167   -0.03382714348
v   0.002098805744   -0.02020471222    -0.0332970691
v   0.002098805744   -0.02126298583   -0.03273956456
v   0.002098805744   -0.02230267265   -0.03215516664
v   0.002098805744   -0.02332308261   -0.03154441204
v   0.002098805744   -0.02429020256   -0.03089805452
v   0.002098805744    -0.0252326495   -0.03020743865
v   0.002098805744   -0.02614767228   -0.02947398837
v   0.002098805744   -0.02703247951   -0.02869912749
v   0.002098805744   -0.02788427984   -0.02788427984
v   0.002098805744   -0.02869912749   -0.02703247951
v   0.002098805744   -0.02947398837   -0.02614767228
v   0.002098805744   -0.03020743865    -0.0252326495
v   0.002098805744   -0.03089805452   -0.02429020256
v   0.002098805744   -0.03154441204   -0.02332308261
v   0.002098805744   -0.03215516664   -0.02230267265
v   0.002098805744   -0.03273956456   -0.02126298583
v   0.002098805744    -0.0332970691   -0.02020471222
v   0.002098805744   -0.03382714348   -0.01912850167
v   0.002098805744   -0.03432925091   -0.01803500406
v   0.002098805744   -0.03480285458   -0.01692486925
v   0.002098805744   -0.03524741772    -0.0157987471
v   0.002098805744   -0.03566240354   -0.01465728748
v   0.002098805744   -0.03604727524   -0.01350114025
v   0.002098805744   -0.03640149604   -0.01233095528
v   0.002098805744   -0.03672452914   -0.01114738243
v   0.002098805744   -0.03701583776  -0.009951071568
v   0.002098805744   -0.03727488511  -0.008742672558
v   0.002098805744   -0.03750113439  -0.007522835266
v   0.002098805744   -0.03769404883  -0.006292209555
v   0.002098805744   -0.03785309162  -0.005051445291
v   0.002098805744   -0.03797772598  -0.003801192339
v   0.002098805744   -0.03806741512  -0.002542100563
v   0.002098805744   -0.03812162225  -0.001274819829
v   0.002098805744   -0.03813981058  -1.29686837e-18
v   0.002098805744   -0.03812162225   0.001274819829
v   0.002098805744   -0.03806741512   0.002542100563
v   0.002098805744   -0.03797772598   0.003801192339
v   0.002098805744   -0.03785309162   0.005051445291
v   0.002098805744   -0.03769404883   0.006292209555
v   0.002098805744   -0.03750113439   0.007522835266
v   0.002098805744   -0.03727488511   0.008742672558
v   0.002098805744   -0.03701583776   0.009951071568
v   0.002098805744   -0.03672452914    0.01114738243
v   0.002098805744   -0.03640149604    0.01233095528
v   0.002098805744   -0.03604727524    0.01350114025
v   0.002098805744   -0.03566240354    0.01465728748
v   0.002098805744   -0.03524741772     0.0157987471
v   0.002098805744   -0.03480285458    0.01692486925
v   0.002098805744   -0.03432925091    0.01803500406
v   0.002098805744   -0.03382714348    0.01912850167
v   0.002098805744    -0.0332970691    0.02020471222
v   0.002098805744   -0.03273956456    0.02126298583
v   0.002098805744   -0.03215516664    0.02230267265
v   0.002098805744   -0.03154441204    0.02332308261
v   0.002098805744   -0.03089805452    0.02429020256
v   0.002098805744   -0.03020743865     0.0252326495
v   0.002098805744   -0.02947398837    0.02614767228
v   0.002098805744   -0.02869912749    0.02703247951
v   0.002098805744   -0.02788427984    0.02788427984
v   0.002098805744   -0.02703247951    0.02869912749
v   0.002098805744   -0.02614767228    0.02947398837
v   0.002098805744    -0.0252326495    0.03020743865
v   0.002098805744   -0.02429020256    0.03089805452
v   0.002098805744   -0.02332308261    0.03154441204
v   0.002098805744   -0.02230267265    0.03215516664
v   0.002098805744   -0.02126298583    0.03273956456
v   0.002098805744   -0.02020471222     0.0332970691
v   0.002098805744   -0.01912850167    0.03382714348
v   0.002098805744   -0.01803500406    0.03432925091
v   0.002098805744   -0.01692486925    0.03480285458
v   0.002098805744    -0.0157987471    0.03524741772
v   0.002098805744   -0.01465728748    0.03566240354
v   0.002098805744   -0.01350114025    0.03604727524
v   0.002098805744   -0.01233095528    0.03640149604
v   0.002098805744   -0.01114738243    0.03672452914
v   0.002098805744  -0.009951071568    0.03701583776
v   0.002098805744  -0.008742672558    0.03727488511
v   0.002098805744  -0.007522835266    0.03750113439
v   0.002098805744  -0.006292209555    0.03769404883
v   0.002098805744  -0.005051445291    0.03785309162
v   0.002098805744  -0.003801192339    0.03797772598
v   0.002098805744  -0.002542100563    0.03806741512
v   0.002098805744  -0.001274819829    0.03812162225
v   0.002098805744 -2.606146963e-18    0.03813981058
v   0.002098805744   0.001274819829    0.03812162225
v   0.002098805744   0.002542100563    0.03806741512
v   0.002098805744   0.003801192339    0.03797772598
v   0.002098805744   0.005051445291    0.03785309162
v   0.002098805744   0.006292209555    0.03769404883
v   0.002098805744   0.007522835266    0.03750113439
v   0.002098805744   0.008742672558    0.03727488511
v   0.002098805744   0.009951071568    0.03701583776
v   0.002098805744    0.01114738243    0.03672452914
v   0.002098805744    0.01233095528    0.03640149604
v   0.002098805744    0.01350114025    0.03604727524
v   0.002098805744    0.01465728748    0.03566240354
v   0.002098805744     0.0157987471    0.03524741772
v   0.002098805744    0.01692486925    0.03480285458
v   0.002098805744    0.01803500406    0.03432925091
v   0.002098805744    0.01912850167    0.03382714348
v   0.002098805744    0.02020471222     0.0332970691
v   0.002098805744    0.02126298583    0.03273956456
v   0.002098805744    0.02230267265    0.03215516664
v   0.002098805744    0.02332308261    0.03154441204
v   0.002098805744    0.02429020256    0.03089805452
v   0.002098805744     0.0252326495    0.03020743865
v   0.002098805744    0.02614767228    0.02947398837
v   0.002098805744    0.02703247951    0.02869912749
v   0.002098805744    0.02788427984    0.02788427984
v   0.002098805744    0.02869912749    0.02703247951
v   0.002098805744    0.02947398837    0.02614767228
v   0.002098805744    0.03020743865     0.0252326495
v   0.002098805744    0.03089805452    0.02429020256
v   0.002098805744    0.03154441204    0.02332308261
v   0.002098805744    0.03215516664    0.02230267265
v   0.002098805744    0.03273956456    0.02126298583
v   0.002098805744     0.0332970691    0.02020471222
v   0.002098805744    0.03382714348    0.01912850167
v   0.002098805744    0.03432925091    0.01803500406
v   0.002098805744    0.03480285458    0.01692486925
v   0.002098805744    0.03524741772     0.0157987471
v   0.002098805744    0.03566240354    0.01465728748
v   0.002098805744    0.03604727524    0.01350114025
v   0.002098805744    0.03640149604    0.01233095528
v   0.002098805744    0.03672452914    0.01114738243
v   0.002098805744    0.03701583776   0.009951071568
v   0.002098805744    0.03727488511   0.008742672558
v   0.002098805744    0.03750113439   0.007522835266
v   0.002098805744    0.03769404883   0.006292209555
v   0.002098805744    0.03785309162   0.005051445291
v   0.002098805744    0.03797772598   0.003801192339
v   0.002098805744    0.03806741512   0.002542100563
v   0.002098805744    0.03812162225   0.001274819829
v   0.002646977399    0.03882308627                0
v   0.002646977399    0.03880506576  -0.001303809065
v   0.002646977399    0.03875135792  -0.002600228003
v   0.002646977399    0.03866249325  -0.003888608269
v   0.002646977399    0.03853900225  -0.005168301322
v   0.002646977399    0.03838141544  -0.006438658617
v   0.002646977399    0.03819026332   -0.00769903161
v   0.002646977399    0.03796607639  -0.008948771759
v   0.002646977399    0.03770938518   -0.01018723052
v   0.002646977399    0.03742072017   -0.01141375935
v   0.002646977399    0.03710061188   -0.01262770971
v   0.002646977399    0.03674959082   -0.01382843304
v   0.002646977399    0.03636818749   -0.01501528082
v   0.002646977399     0.0359569324   -0.01618760449
v   0.002646977399    0.03551635606   -0.01734475552
v   0.002646977399    0.03504698897   -0.01848608535
v   0.002646977399    0.03454936164   -0.01961094545
v   0.002646977399    0.03402400458   -0.02071868727
v   0.002646977399     0.0334714483   -0.02180866227
v   0.002646977399     0.0328922233    -0.0228802219
v   0.002646977399    0.03228685997   -0.02393266731
v   0.002646977399    0.03164364317   -0.02492358832
v   0.002646977399     0.0309515973   -0.02588897044
v   0.002646977399    0.03021236329   -0.02682553487
v   0.002646977399    0.02942758198    -0.0277299525
v   0.002646977399    0.02859889422   -0.02859889422
v   0.002646977399     0.0277299525   -0.02942758198
v   0.002646977399    0.02682553487   -0.03021236329
v   0.002646977399    0.02588897044    -0.0309515973
v   0.002646977399    0.02492358832   -0.03164364317
v   0.002646977399    0.02393266731   -0.03228685997
v   0.002646977399     0.0228802219    -0.0328922233
v   0.002646977399    0.02180866227    -0.0334714483
v   0.002646977399    0.02071868727   -0.03402400458
v   0.002646977399    0.01961094545   -0.03454936164
v   0.002646977399    0.01848608535   -0.03504698897
v   0.002646977399    0.01734475552   -0.03551635606
v   0.002646977399    0.01618760449    -0.0359569324
v   0.002646977399    0.01501528082   -0.03636818749
v   0.002646977399    0.01382843304   -0.03674959082
v   0.002646977399    0.01262770971   -0.03710061188
v   0.002646977399    0.01141375935   -0.03742072017
v   0.002646977399    0.01018723052   -0.03770938518
v   0.002646977399   0.008948771759   -0.03796607639
v   0.002646977399    0.00769903161   -0.03819026332
v   0.002646977399   0.006438658617   -0.03838141544
v   0.002646977399   0.005168301322   -0.03853900225
v   0.002646977399   0.003888608269   -0.03866249325
v   0.002646977399   0.002600228003   -0.03875135792
v   0.002646977399   0.001303809065   -0.03880506576
v   0.002646977399  3.172891342e-19   -0.03882308627
v   0.002646977399  -0.001303809065   -0.03880506576
v   0.002646977399  -0.002600228003   -0.03875135792
v   0.002646977399  -0.003888608269   -0.03866249325
v   0.002646977399  -0.005168301322   -0.03853900225
v   0.002646977399  -0.006438658617   -0.03838141544
v   0.002646977399   -0.00769903161   -0.03819026332
v   0.002646977399  -0.008948771759   -0.03796607639
v   0.002646977399   -0.01018723052   -0.03770938518
v   0.002646977399   -0.01141375935   -0.03742072017
v   0.002646977399   -0.01262770971   -0.03710061188
v   0.002646977399   -0.01382843304   -0.03674959082
v   0.002646977399   -0.01501528082   -0.03636818749
v   0.002646977399   -0.01618760449    -0.0359569324
v   0.002646977399   -0.01734475552   -0.03551635606
v   0.002646977399   -0.01848608535   -0.03504698897
v   0.002646977399   -0.01961094545   -0.03454936164
v   0.002646977399   -0.02071868727   -0.03402400458
v   0.002646977399   -0.02180866227    -0.0334714483
v   0.002646977399    -0.0228802219    -0.0328922233
v   0.002646977399   -0.02393266731   -0.03228685997
v   0.002646977399   -0.02492358832   -0.03164364317
v   0.002646977399   -0.02588897044    -0.0309515973
v   0.002646977399   -0.02682553487   -0.03021236329
v   0.002646977399    -0.0277299525   -0.02942758198
v   0.002646977399   -0.02859889422   -0.02859889422
v   0.002646977399   -0.02942758198    -0.0277299525
v   0.002646977399   -0.03021236329   -0.02682553487
v   0.002646977399    -0.0309515973   -0.02588897044
v   0.002646977399   -0.03164364317   -0.02492358832
v   0.002646977399   -0.03228685997   -0.02393266731
v   0.002646977399    -0.0328922233    -0.0228802219
v   0.002646977399    -0.0334714483   -0.02180866227
v   0.002646977399   -0.03402400458   -0.02071868727
v   0.002646977399   -0.03454936164   -0.01961094545
v   0.002646977399   -0.03504698897   -0.01848608535
v   0.002646977399   -0.03551635606   -0.01734475552
v   0.002646977399    -0.0359569324   -0.01618760449
v   0.002646977399   -0.03636818749   -0.01501528082
v   0.002646977399   -0.03674959082   -0.01382843304
v   0.002646977399   -0.03710061188   -0.01262770971
v   0.002646977399   -0.03742072017   -0.01141375935
v   0.002646977399   -0.03770938518   -0.01018723052
v   0.002646977399   -0.03796607639  -0.008948771759
v   0.002646977399   -0.03819026332   -0.00769903161
v   0.002646977399   -0.03838141544  -0.006438658617
v   0.002646977399   -0.03853900225  -0.005168301322
v   0.002646977399   -0.03866249325  -0.003888608269
v   0.002646977399   -0.03875135792  -0.002600228003
v   0.002646977399   -0.03880506576  -0.001303809065
v   0.002646977399   -0.03882308627 -1.353766973e-18
v   0.002646977399   -0.03880506576   0.001303809065
v   0.002646977399   -0.03875135792   0.002600228003
v   0.002646977399   -0.03866249325   0.003888608269
v   0.002646977399   -0.03853900225   0.005168301322
v   0.002646977399   -0.03838141544   0.006438658617
v   0.002646977399   -0.03819026332    0.00769903161
v   0.002646977399   -0.03796607639   0.008948771759
v   0.002646977399   -0.03770938518    0.01018723052
v   0.002646977399   -0.03742072017    0.01141375935
v   0.002646977399   -0.03710061188    0.01262770971
v   0.002646977399   -0.03674959082    0.01382843304
v   0.002646977399   -0.03636818749    0.01501528082
v   0.002646977399    -0.0359569324    0.01618760449
v   0.002646977399   -0.03551635606    0.01734475552
v   0.002646977399   -0.03504698897    0.01848608535
v   0.002646977399   -0.03454936164    0.01961094545
v   0.002646977399   -0.03402400458    0.02071868727
v   0.002646977399    -0.0334714483    0.02180866227
v   0.002646977399    -0.0328922233     0.0228802219
v   0.002646977399   -0.03228685997    0.02393266731
v   0.002646977399   -0.03164364317    0.02492358832
v   0.002646977399    -0.0309515973    0.02588897044
v   0.002646977399   -0.03021236329    0.02682553487
v   0.002646977399   -0.02942758198     0.0277299525
v   0.002646977399   -0.02859889422    0.02859889422
v   0.002646977399    -0.0277299525    0.02942758198
v   0.002646977399   -0.02682553487    0.03021236329
v   0.002646977399   -0.02588897044     0.0309515973
v   0.002646977399   -0.02492358832    0.03164364317
v   0.002646977399   -0.02393266731    0.03228685997
v   0.002646977399    -0.0228802219     0.0328922233
v   0.002646977399   -0.02180866227     0.0334714483
v   0.002646977399   -0.02071868727    0.03402400458
v   0.002646977399   -0.01961094545    0.03454936164
v   0.002646977399   -0.01848608535    0.03504698897
v   0.002646977399   -0.01734475552    0.03551635606
v   0.002646977399   -0.01618760449     0.0359569324
v   0.002646977399   -0.01501528082    0.03636818749
v   0.002646977399   -0.01382843304    0.03674959082
v   0.002646977399   -0.01262770971    0.03710061188
v   0.002646977399   -0.01141375935    0.03742072017
v   0.002646977399   -0.01018723052    0.03770938518
v   0.002646977399  -0.008948771759    0.03796607639
v   0.002646977399   -0.00769903161    0.03819026332
v   0.002646977399  -0.006438658617    0.03838141544
v   0.002646977399  -0.005168301322    0.03853900225
v   0.002646977399  -0.003888608269    0.03866249325
v   0.002646977399  -0.002600228003    0.03875135792
v   0.002646977399  -0.001303809065    0.03880506576
v   0.002646977399 -2.720488653e-18    0.03882308627
v   0.002646977399   0.001303809065    0.03880506576
v   0.002646977399   0.002600228003    0.03875135792
v   0.002646977399   0.003888608269    0.03866249325
v   0.002646977399   0.005168301322    0.03853900225
v   0.002646977399   0.006438658617    0.03838141544
v   0.002646977399    0.00769903161    0.03819026332
v   0.002646977399   0.008948771759    0.03796607639
v   0.002646977399    0.01018723052    0.03770938518
v   0.002646977399    0.01141375935    0.03742072017
v   0.002646977399    0.01262770971    0.03710061188
v   0.002646977399    0.01382843304    0.03674959082
v   0.002646977399    0.01501528082    0.03636818749
v   0.002646977399    0.01618760449     0.0359569324
v   0.002646977399    0.01734475552    0.03551635606
v   0.002646977399    0.01848608535    0.03504698897
v   0.002646977399    0.01961094545    0.03454936164
v   0.002646977399    0.02071868727    0.03402400458
v   0.002646977399    0.02180866227     0.0334714483
v   0.002646977399     0.0228802219     0.0328922233
v   0.002646977399    0.02393266731    0.03228685997
v   0.002646977399    0.02492358832    0.03164364317
v   0.002646977399    0.02588897044     0.0309515973
v   0.002646977399    0.02682553487    0.03021236329
v   0.002646977399     0.0277299525    0.02942758198
v   0.002646977399    0.02859889422    0.02859889422
v   0.002646977399    0.02942758198     0.0277299525
v   0.002646977399    0.03021236329    0.02682553487
v   0.002646977399     0.0309515973    0.02588897044
v   0.002646977399    0.03164364317    0.02492358832
v   0.002646977399    0.03228685997    0.02393266731
v   0.002646977399     0.0328922233     0.0228802219
v   0.002646977399     0.0334714483    0.02180866227
v   0.002646977399    0.03402400458    0.02071868727
v   0.002646977399    0.03454936164    0.01961094545
v   0.002646977399    0.03504698897    0.01848608535
v   0.002646977399    0.03551635606    0.01734475552
v   0.002646977399     0.0359569324    0.01618760449
v   0.002646977399    0.03636818749    0.01501528082
v   0.002646977399    0.03674959082    0.01382843304
v   0.002646977399    0.03710061188    0.01262770971
v   0.002646977399    0.03742072017    0.01141375935
v   0.002646977399    0.03770938518    0.01018723052
v   0.002646977399    0.03796607639   0.008948771759
v   0.002646977399    0.03819026332    0.00769903161
v   0.002646977399    0.03838141544   0.006438658617
v   0.002646977399    0.03853900225   0.005168301322
v   0.002646977399    0.03866249325   0.003888608269
v   0.002646977399    0.03875135792   0.002600228003
v   0.002646977399    0.03880506576   0.001303809065
v    0.00326817802    0.03949198299                0
v    0.00326817802    0.03947419992  -0.001333251035
v    0.00326817802    0.03942119888  -0.002659281489
v    0.00326817802     0.0393335022  -0.003977447113
v    0.00326817802    0.03921163219  -0.005287103659
v    0.00326817802    0.03905611115  -0.006587606879
v    0.00326817802    0.03886746139  -0.007878312524
v    0.00326817802    0.03864620522  -0.009158576345
v    0.00326817802    0.03839286495    -0.0104277541
v    0.00326817802     0.0381079629   -0.01168520153
v    0.00326817802    0.03779202135   -0.01293027439
v    0.00326817802    0.03744556264   -0.01416232844
v    0.00326817802    0.03706910906   -0.01538071942
v    0.00326817802    0.03666318293   -0.01658480309
v    0.00326817802    0.03622830654    -0.0177739352
v    0.00326817802    0.03576500222   -0.01894747151
v    0.00326817802    0.03527379228   -0.02010476775
v    0.00326817802    0.03475519901   -0.02124517969
v    0.00326817802    0.03420974473   -0.02236806307
v    0.00326817802    0.03363795175   -0.02347277366
v    0.00326817802    0.03304034223   -0.02455860555
v    0.00326817802    0.03240243656   -0.02557375307
v    0.00326817802     0.0317106611   -0.02656245168
v    0.00326817802    0.03096689854   -0.02752083488
v    0.00326817802    0.03017303143   -0.02844497448
v    0.00326817802    0.02933094233   -0.02933094233
v    0.00326817802    0.02844497448   -0.03017303143
v    0.00326817802    0.02752083488   -0.03096689854
v    0.00326817802    0.02656245168    -0.0317106611
v    0.00326817802    0.02557375307   -0.03240243656
v    0.00326817802    0.02455860555   -0.03304034223
v    0.00326817802    0.02347277366   -0.03363795175
v    0.00326817802    0.02236806307   -0.03420974473
v    0.00326817802    0.02124517969   -0.03475519901
v    0.00326817802    0.02010476775   -0.03527379228
v    0.00326817802    0.01894747151   -0.03576500222
v    0.00326817802     0.0177739352   -0.03622830654
v    0.00326817802    0.01658480309   -0.03666318293
v    0.00326817802    0.01538071942   -0.03706910906
v    0.00326817802    0.01416232844   -0.03744556264
v    0.00326817802    0.01293027439   -0.03779202135
v    0.00326817802    0.01168520153    -0.0381079629
v    0.00326817802     0.0104277541   -0.03839286495
v    0.00326817802   0.009158576345   -0.03864620522
v    0.00326817802   0.007878312524   -0.03886746139
v    0.00326817802   0.006587606879   -0.03905611115
v    0.00326817802   0.005287103659   -0.03921163219
v    0.00326817802   0.003977447113    -0.0393335022
v    0.00326817802   0.002659281489   -0.03942119888
v    0.00326817802   0.001333251035   -0.03947419992
v    0.00326817802  3.277807031e-19   -0.03949198299
v    0.00326817802  -0.001333251035   -0.03947419992
v    0.00326817802  -0.002659281489   -0.03942119888
v    0.00326817802  -0.003977447113    -0.0393335022
v    0.00326817802  -0.005287103659   -0.03921163219
v    0.00326817802  -0.006587606879   -0.03905611115
v    0.00326817802  -0.007878312524   -0.03886746139
v    0.00326817802  -0.009158576345   -0.03864620522
v    0.00326817802    -0.0104277541   -0.03839286495
v    0.00326817802   -0.01168520153    -0.0381079629
v    0.00326817802   -0.01293027439   -0.03779202135
v    0.00326817802   -0.01416232844   -0.03744556264
v    0.00326817802   -0.01538071942   -0.03706910906
v    0.00326817802   -0.01658480309   -0.03666318293
v    0.00326817802    -0.0177739352   -0.03622830654
v    0.00326817802   -0.01894747151   -0.03576500222
v    0.00326817802   -0.02010476775   -0.03527379228
v    0.00326817802   -0.02124517969   -0.03475519901
v    0.00326817802   -0.02236806307   -0.03420974473
v    0.00326817802   -0.02347277366   -0.03363795175
v    0.00326817802   -0.02455860555   -0.03304034223
v    0.00326817802   -0.02557375307   -0.03240243656
v    0.00326817802   -0.02656245168    -0.0317106611
v    0.00326817802   -0.02752083488   -0.03096689854
v    0.00326817802   -0.02844497448   -0.03017303143
v    0.00326817802   -0.02933094233   -0.02933094233
v    0.00326817802   -0.03017303143   -0.02844497448
v    0.00326817802   -0.03096689854   -0.02752083488
v    0.00326817802    -0.0317106611   -0.02656245168
v    0.00326817802   -0.03240243656   -0.02557375307
v    0.00326817802   -0.03304034223   -0.02455860555
v    0.00326817802   -0.03363795175   -0.02347277366
v    0.00326817802   -0.03420974473   -0.02236806307
v    0.00326817802   -0.03475519901   -0.02124517969
v    0.00326817802   -0.03527379228   -0.02010476775
v    0.00326817802   -0.03576500222   -0.01894747151
v    0.00326817802   -0.03622830654    -0.0177739352
v    0.00326817802   -0.03666318293   -0.01658480309
v    0.00326817802   -0.03706910906   -0.01538071942
v    0.00326817802   -0.03744556264   -0.01416232844
v    0.00326817802   -0.03779202135   -0.01293027439
v    0.00326817802    -0.0381079629   -0.01168520153
v    0.00326817802   -0.03839286495    -0.0104277541
v    0.00326817802   -0.03864620522  -0.009158576345
v    0.00326817802   -0.03886746139  -0.007878312524
v    0.00326817802   -0.03905611115  -0.006587606879
v    0.00326817802   -0.03921163219  -0.005287103659
v    0.00326817802    -0.0393335022  -0.003977447113
v    0.00326817802   -0.03942119888  -0.002659281489
v    0.00326817802   -0.03947419992  -0.001333251035
v    0.00326817802   -0.03949198299    -1.398531e-18
v    0.00326817802   -0.03947419992   0.001333251035
v    0.00326817802   -0.03942119888   0.002659281489
v    0.00326817802    -0.0393335022   0.003977447113
v    0.00326817802   -0.03921163219   0.005287103659
v    0.00326817802   -0.03905611115   0.006587606879
v    0.00326817802   -0.03886746139   0.007878312524
v    0.00326817802   -0.03864620522   0.009158576345
v    0.00326817802   -0.03839286495     0.0104277541
v    0.00326817802    -0.0381079629    0.01168520153
v    0.00326817802   -0.03779202135    0.01293027439
v    0.00326817802   -0.03744556264    0.01416232844
v    0.00326817802   -0.03706910906    0.01538071942
v    0.00326817802   -0.03666318293    0.01658480309
v    0.00326817802   -0.03622830654     0.0177739352
v    0.00326817802   -0.03576500222    0.01894747151
v    0.00326817802   -0.03527379228    0.02010476775
v    0.00326817802   -0.03475519901    0.02124517969
v    0.00326817802   -0.03420974473    0.02236806307
v    0.00326817802   -0.03363795175    0.02347277366
v    0.00326817802   -0.03304034223    0.02455860555
v    0.00326817802   -0.03240243656    0.02557375307
v    0.00326817802    -0.0317106611    0.02656245168
v    0.00326817802   -0.03096689854    0.02752083488
v    0.00326817802   -0.03017303143    0.02844497448
v    0.00326817802   -0.02933094233    0.02933094233
v    0.00326817802   -0.02844497448    0.03017303143
v    0.00326817802   -0.02752083488    0.03096689854
v    0.00326817802   -0.02656245168     0.0317106611
v    0.00326817802   -0.02557375307    0.03240243656
v    0.00326817802   -0.02455860555    0.03304034223
v    0.00326817802   -0.02347277366    0.03363795175
v    0.00326817802   -0.02236806307    0.03420974473
v    0.00326817802   -0.02124517969    0.03475519901
v    0.00326817802   -0.02010476775    0.03527379228
v    0.00326817802   -0.01894747151    0.03576500222
v    0.00326817802    -0.0177739352    0.03622830654
v    0.00326817802   -0.01658480309    0.03666318293
v    0.00326817802   -0.01538071942    0.03706910906
v    0.00326817802   -0.01416232844    0.03744556264
v    0.00326817802   -0.01293027439    0.03779202135
v    0.00326817802   -0.01168520153     0.0381079629
v    0.00326817802    -0.0104277541    0.03839286495
v    0.00326817802  -0.009158576345    0.03864620522
v    0.00326817802  -0.007878312524    0.03886746139
v    0.00326817802  -0.006587606879    0.03905611115
v    0.00326817802  -0.005287103659    0.03921163219
v    0.00326817802  -0.003977447113     0.0393335022
v    0.00326817802  -0.002659281489    0.03942119888
v    0.00326817802  -0.001333251035    0.03947419992
v    0.00326817802 -2.810445071e-18    0.03949198299
v    0.00326817802   0.001333251035    0.03947419992
v    0.00326817802   0.002659281489    0.03942119888
v    0.00326817802   0.003977447113     0.0393335022
v    0.00326817802   0.005287103659    0.03921163219
v    0.00326817802   0.006587606879    0.03905611115
v    0.00326817802   0.007878312524    0.03886746139
v    0.00326817802   0.009158576345    0.03864620522
v    0.00326817802     0.0104277541    0.03839286495
v    0.00326817802    0.01168520153     0.0381079629
v    0.00326817802    0.01293027439    0.03779202135
v    0.00326817802    0.01416232844    0.03744556264
v    0.00326817802    0.01538071942    0.03706910906
v    0.00326817802    0.01658480309    0.03666318293
v    0.00326817802     0.0177739352    0.03622830654
v    0.00326817802    0.01894747151    0.03576500222
v    0.00326817802    0.02010476775    0.03527379228
v    0.00326817802    0.02124517969    0.03475519901
v    0.00326817802    0.02236806307    0.03420974473
v    0.00326817802    0.02347277366    0.03363795175
v    0.00326817802    0.02455860555    0.03304034223
v    0.00326817802    0.02557375307    0.03240243656
v    0.00326817802    0.02656245168     0.0317106611
v    0.00326817802    0.02752083488    0.03096689854
v    0.00326817802    0.02844497448    0.03017303143
v    0.00326817802    0.02933094233    0.02933094233
v    0.00326817802    0.03017303143    0.02844497448
v    0.00326817802    0.03096689854    0.02752083488
v    0.00326817802     0.0317106611    0.02656245168
v    0.00326817802    0.03240243656    0.02557375307
v    0.00326817802    0.03304034223    0.02455860555
v    0.00326817802    0.03363795175    0.02347277366
v    0.00326817802    0.03420974473    0.02236806307
v    0.00326817802    0.03475519901    0.02124517969
v    0.00326817802    0.03527379228    0.02010476775
v    0.00326817802    0.03576500222    0.01894747151
v    0.00326817802    0.03622830654     0.0177739352
v    0.00326817802    0.03666318293    0.01658480309
v    0.00326817802    0.03706910906    0.01538071942
v    0.00326817802    0.03744556264    0.01416232844
v    0.00326817802    0.03779202135    0.01293027439
v    0.00326817802     0.0381079629    0.01168520153
v    0.00326817802    0.03839286495     0.0104277541
v    0.00326817802    0.03864620522   0.009158576345
v    0.00326817802    0.03886746139   0.007878312524
v    0.00326817802    0.03905611115   0.006587606879
v    0.00326817802    0.03921163219   0.005287103659
v    0.00326817802     0.0393335022   0.003977447113
v    0.00326817802    0.03942119888   0.002659281489
v    0.00326817802    0.03947419992   0.001333251035
v   0.003962634617     0.0401454751                0
v   0.003962634617     0.0401279977  -0.001363086301
v   0.003962634617    0.04007590698  -0.002719141567
v   0.003962634617    0.03998971518  -0.004067528772
v   0.003962634617    0.03986993453  -0.005407610889
v   0.003962634617    0.03971707727  -0.006738750891
v   0.003962634617    0.03953165564  -0.008060311753
v   0.003962634617    0.03931418186  -0.009371656448
v   0.003962634617    0.03906516819   -0.01067214795
v   0.003962634617    0.03878512684   -0.01196114923
v   0.003962634617    0.03847457006   -0.01323802326
v   0.003962634617    0.03813401007   -0.01450213302
v   0.003962634617    0.03776395913   -0.01575284149
v   0.003962634617    0.03736492946   -0.01698951162
v   0.003962634617    0.03693743329    -0.0182115064
v   0.003962634617    0.03648198286   -0.01941818881
v   0.003962634617    0.03599909042   -0.02060892181
v   0.003962634617    0.03548926818   -0.02178306837
v   0.003962634617     0.0349530284   -0.02293999148
v   0.003962634617    0.03439088329   -0.02407905411
v   0.003962634617    0.03380334494   -0.02519954509
v   0.003962634617    0.03317288257   -0.02623929494
v   0.003962634617    0.03248305508     -0.027251644
v   0.003962634617    0.03173601084   -0.02823207979
v   0.003962634617    0.03093389807   -0.02917601566
v   0.003962634617    0.03007886498   -0.03007886498
v   0.003962634617    0.02917601566   -0.03093389807
v   0.003962634617    0.02823207979   -0.03173601084
v   0.003962634617      0.027251644   -0.03248305508
v   0.003962634617    0.02623929494   -0.03317288257
v   0.003962634617    0.02519954509   -0.03380334494
v   0.003962634617    0.02407905411   -0.03439088329
v   0.003962634617    0.02293999148    -0.0349530284
v   0.003962634617    0.02178306837   -0.03548926818
v   0.003962634617    0.02060892181   -0.03599909042
v   0.003962634617    0.01941818881   -0.03648198286
v   0.003962634617     0.0182115064   -0.03693743329
v   0.003962634617    0.01698951162   -0.03736492946
v   0.003962634617    0.01575284149   -0.03776395913
v   0.003962634617    0.01450213302   -0.03813401007
v   0.003962634617    0.01323802326   -0.03847457006
v   0.003962634617    0.01196114923   -0.03878512684
v   0.003962634617    0.01067214795   -0.03906516819
v   0.003962634617   0.009371656448   -0.03931418186
v   0.003962634617   0.008060311753   -0.03953165564
v   0.003962634617   0.006738750891   -0.03971707727
v   0.003962634617   0.005407610889   -0.03986993453
v   0.003962634617   0.004067528772   -0.03998971518
v   0.003962634617   0.002719141567   -0.04007590698
v   0.003962634617   0.001363086301    -0.0401279977
v   0.003962634617  3.354466173e-19    -0.0401454751
v   0.003962634617  -0.001363086301    -0.0401279977
v   0.003962634617  -0.002719141567   -0.04007590698
v   0.003962634617  -0.004067528772   -0.03998971518
v   0.003962634617  -0.005407610889   -0.03986993453
v   0.003962634617  -0.006738750891   -0.03971707727
v   0.003962634617  -0.008060311753   -0.03953165564
v   0.003962634617  -0.009371656448   -0.03931418186
v   0.003962634617   -0.01067214795   -0.03906516819
v   0.003962634617   -0.01196114923   -0.03878512684
v   0.003962634617   -0.01323802326   -0.03847457006
v   0.003962634617   -0.01450213302   -0.03813401007
v   0.003962634617   -0.01575284149   -0.03776395913
v   0.003962634617   -0.01698951162   -0.03736492946
v   0.003962634617    -0.0182115064   -0.03693743329
v   0.003962634617   -0.01941818881   -0.03648198286
v   0.003962634617   -0.02060892181   -0.03599909042
v   0.003962634617   -0.02178306837   -0.03548926818
v   0.003962634617   -0.02293999148    -0.0349530284
v   0.003962634617   -0.02407905411   -0.03439088329
v   0.003962634617   -0.02519954509   -0.03380334494
v   0.003962634617   -0.02623929494   -0.03317288257
v   0.003962634617     -0.027251644   -0.03248305508
v   0.003962634617   -0.02823207979   -0.03173601084
v   0.003962634617   -0.02917601566   -0.03093389807
v   0.003962634617   -0.03007886498   -0.03007886498
v   0.003962634617   -0.03093389807   -0.02917601566
v   0.003962634617   -0.03173601084   -0.02823207979
v   0.003962634617   -0.03248305508     -0.027251644
v   0.003962634617   -0.03317288257   -0.02623929494
v   0.003962634617   -0.03380334494   -0.02519954509
v   0.003962634617   -0.03439088329   -0.02407905411
v   0.003962634617    -0.0349530284   -0.02293999148
v   0.003962634617   -0.03548926818   -0.02178306837
v   0.003962634617   -0.03599909042   -0.02060892181
v   0.003962634617   -0.03648198286   -0.01941818881
v   0.003962634617   -0.03693743329    -0.0182115064
v   0.003962634617   -0.03736492946   -0.01698951162
v   0.003962634617   -0.03776395913   -0.01575284149
v   0.003962634617   -0.03813401007   -0.01450213302
v   0.003962634617   -0.03847457006   -0.01323802326
v   0.003962634617   -0.03878512684   -0.01196114923
v   0.003962634617   -0.03906516819   -0.01067214795
v   0.003962634617   -0.03931418186  -0.009371656448
v   0.003962634617   -0.03953165564  -0.008060311753
v   0.003962634617   -0.03971707727  -0.006738750891
v   0.003962634617   -0.03986993453  -0.005407610889
v   0.003962634617   -0.03998971518  -0.004067528772
v   0.003962634617   -0.04007590698  -0.002719141567
v   0.003962634617    -0.0401279977  -0.001363086301
v   0.003962634617    -0.0401454751   -1.4312389e-18
v   0.003962634617    -0.0401279977   0.001363086301
v   0.003962634617   -0.04007590698   0.002719141567
v   0.003962634617   -0.03998971518   0.004067528772
v   0.003962634617   -0.03986993453   0.005407610889
v   0.003962634617   -0.03971707727   0.006738750891
v   0.003962634617   -0.03953165564   0.008060311753
v   0.003962634617   -0.03931418186   0.009371656448
v   0.003962634617   -0.03906516819    0.01067214795
v   0.003962634617   -0.03878512684    0.01196114923
v   0.003962634617   -0.03847457006    0.01323802326
v   0.003962634617   -0.03813401007    0.01450213302
v   0.003962634617   -0.03776395913    0.01575284149
v   0.003962634617   -0.03736492946    0.01698951162
v   0.003962634617   -0.03693743329     0.0182115064
v   0.003962634617   -0.03648198286    0.01941818881
v   0.003962634617   -0.03599909042    0.02060892181
v   0.003962634617   -0.03548926818    0.02178306837
v   0.003962634617    -0.0349530284    0.02293999148
v   0.003962634617   -0.03439088329    0.02407905411
v   0.003962634617   -0.03380334494    0.02519954509
v   0.003962634617   -0.03317288257    0.02623929494
v   0.003962634617   -0.03248305508      0.027251644
v   0.003962634617   -0.03173601084    0.02823207979
v   0.003962634617   -0.03093389807    0.02917601566
v   0.003962634617   -0.03007886498    0.03007886498
v   0.003962634617   -0.02917601566    0.03093389807
v   0.003962634617   -0.02823207979    0.03173601084
v   0.003962634617     -0.027251644    0.03248305508
v   0.003962634617   -0.02623929494    0.03317288257
v   0.003962634617   -0.02519954509    0.03380334494
v   0.003962634617   -0.02407905411    0.03439088329
v   0.003962634617   -0.02293999148     0.0349530284
v   0.003962634617   -0.02178306837    0.03548926818
v   0.003962634617   -0.02060892181    0.03599909042
v   0.003962634617   -0.01941818881    0.03648198286
v   0.003962634617    -0.0182115064    0.03693743329
v   0.003962634617   -0.01698951162    0.03736492946
v   0.003962634617   -0.01575284149    0.03776395913
v   0.003962634617   -0.01450213302    0.03813401007
v   0.003962634617   -0.01323802326    0.03847457006
v   0.003962634617   -0.01196114923    0.03878512684
v   0.003962634617   -0.01067214795    0.03906516819
v   0.003962634617  -0.009371656448    0.03931418186
v   0.003962634617  -0.008060311753    0.03953165564
v   0.003962634617  -0.006738750891    0.03971707727
v   0.003962634617  -0.005407610889    0.03986993453
v   0.003962634617  -0.004067528772    0.03998971518
v   0.003962634617  -0.002719141567    0.04007590698
v   0.003962634617  -0.001363086301     0.0401279977
v   0.003962634617 -2.876173867e-18     0.0401454751
v   0.003962634617   0.001363086301     0.0401279977
v   0.003962634617   0.002719141567    0.04007590698
v   0.003962634617   0.004067528772    0.03998971518
v   0.003962634617   0.005407610889    0.03986993453
v   0.003962634617   0.006738750891    0.03971707727
v   0.003962634617   0.008060311753    0.03953165564
v   0.003962634617   0.009371656448    0.03931418186
v   0.003962634617    0.01067214795    0.03906516819
v   0.003962634617    0.01196114923    0.03878512684
v   0.003962634617    0.01323802326    0.03847457006
v   0.003962634617    0.01450213302    0.03813401007
v   0.003962634617    0.01575284149    0.03776395913
v   0.003962634617    0.01698951162    0.03736492946
v   0.003962634617     0.0182115064    0.03693743329
v   0.003962634617    0.01941818881    0.03648198286
v   0.003962634617    0.02060892181    0.03599909042
v   0.003962634617    0.02178306837    0.03548926818
v   0.003962634617    0.02293999148     0.0349530284
v   0.003962634617    0.02407905411    0.03439088329
v   0.003962634617    0.02519954509    0.03380334494
v   0.003962634617    0.02623929494    0.03317288257
v   0.003962634617      0.027251644    0.03248305508
v   0.003962634617    0.02823207979    0.03173601084
v   0.003962634617    0.02917601566    0.03093389807
v   0.003962634617    0.03007886498    0.03007886498
v   0.003962634617    0.03093389807    0.02917601566
v   0.003962634617    0.03173601084    0.02823207979
v   0.003962634617    0.03248305508      0.027251644
v   0.003962634617    0.03317288257    0.02623929494
v   0.003962634617    0.03380334494    0.02519954509
v   0.003962634617    0.03439088329    0.02407905411
v   0.003962634617     0.0349530284    0.02293999148
v   0.003962634617    0.03548926818    0.02178306837
v   0.003962634617    0.03599909042    0.02060892181
v   0.003962634617    0.03648198286    0.01941818881
v   0.003962634617    0.03693743329     0.0182115064
v   0.003962634617    0.03736492946    0.01698951162
v   0.003962634617    0.03776395913    0.01575284149
v   0.003962634617    0.03813401007    0.01450213302
v   0.003962634617    0.03847457006    0.01323802326
v   0.003962634617    0.03878512684    0.01196114923
v   0.003962634617    0.03906516819    0.01067214795
v   0.003962634617    0.03931418186   0.009371656448
v   0.003962634617    0.03953165564   0.008060311753
v   0.003962634617    0.03971707727   0.006738750891
v   0.003962634617    0.03986993453   0.005407610889
v   0.003962634617    0.03998971518   0.004067528772
v   0.003962634617    0.04007590698   0.002719141567
v   0.003962634617     0.0401279977   0.001363086301
v   0.004729894494    0.04078257833                0
v   0.004729894494    0.04076547272  -0.001393245478
v   0.004729894494    0.04071448943  -0.002779668638
v   0.004729894494    0.04063012882  -0.004158642521
v   0.004729894494    0.04051289124  -0.005529540169
v   0.004729894494    0.04036327703  -0.006891734626
v   0.004729894494    0.04018178654  -0.008244598932
v   0.004729894494    0.03996892013  -0.009587506131
v   0.004729894494    0.03972517814   -0.01091982926
v   0.004729894494    0.03945106092   -0.01224094137
v   0.004729894494    0.03914706881    -0.0135502155
v   0.004729894494    0.03881370217   -0.01484702469
v   0.004729894494    0.03845146135   -0.01613074197
v   0.004729894494    0.03806084668   -0.01740074041
v   0.004729894494    0.03764235853   -0.01865639303
v   0.004729894494    0.03719649724   -0.01989707288
v   0.004729894494    0.03672376315     -0.021122153
v   0.004729894494    0.03622465662   -0.02233100643
v   0.004729894494      0.035699678   -0.02352300622
v   0.004729894494    0.03514932763   -0.02469752541
v   0.004729894494    0.03457410566   -0.02585384929
v   0.004729894494    0.03395315612   -0.02691851895
v   0.004729894494    0.03326691279   -0.02795479692
v   0.004729894494    0.03251781261    -0.0289574691
v   0.004729894494    0.03170829233   -0.02992123365
v   0.004729894494    0.03084078872   -0.03084078872
v   0.004729894494    0.02992123365   -0.03170829233
v   0.004729894494     0.0289574691   -0.03251781261
v   0.004729894494    0.02795479692   -0.03326691279
v   0.004729894494    0.02691851895   -0.03395315612
v   0.004729894494    0.02585384929   -0.03457410566
v   0.004729894494    0.02469752541   -0.03514932763
v   0.004729894494    0.02352300622     -0.035699678
v   0.004729894494    0.02233100643   -0.03622465662
v   0.004729894494      0.021122153   -0.03672376315
v   0.004729894494    0.01989707288   -0.03719649724
v   0.004729894494    0.01865639303   -0.03764235853
v   0.004729894494    0.01740074041   -0.03806084668
v   0.004729894494    0.01613074197   -0.03845146135
v   0.004729894494    0.01484702469   -0.03881370217
v   0.004729894494     0.0135502155   -0.03914706881
v   0.004729894494    0.01224094137   -0.03945106092
v   0.004729894494    0.01091982926   -0.03972517814
v   0.004729894494   0.009587506131   -0.03996892013
v   0.004729894494   0.008244598932   -0.04018178654
v   0.004729894494   0.006891734626   -0.04036327703
v   0.004729894494   0.005529540169   -0.04051289124
v   0.004729894494   0.004158642521   -0.04063012882
v   0.004729894494   0.002779668638   -0.04071448943
v   0.004729894494   0.001393245478   -0.04076547272
v   0.004729894494  3.403342989e-19   -0.04078257833
v   0.004729894494  -0.001393245478   -0.04076547272
v   0.004729894494  -0.002779668638   -0.04071448943
v   0.004729894494  -0.004158642521   -0.04063012882
v   0.004729894494  -0.005529540169   -0.04051289124
v   0.004729894494  -0.006891734626   -0.04036327703
v   0.004729894494  -0.008244598932   -0.04018178654
v   0.004729894494  -0.009587506131   -0.03996892013
v   0.004729894494   -0.01091982926   -0.03972517814
v   0.004729894494   -0.01224094137   -0.03945106092
v   0.004729894494    -0.0135502155   -0.03914706881
v   0.004729894494   -0.01484702469   -0.03881370217
v   0.004729894494   -0.01613074197   -0.03845146135
v   0.004729894494   -0.01740074041   -0.03806084668
v   0.004729894494   -0.01865639303   -0.03764235853
v   0.004729894494   -0.01989707288   -0.03719649724
v   0.004729894494     -0.021122153   -0.03672376315
v   0.004729894494   -0.02233100643   -0.03622465662
v   0.004729894494   -0.02352300622     -0.035699678
v   0.004729894494   -0.02469752541   -0.03514932763
v   0.004729894494   -0.02585384929   -0.03457410566
v   0.004729894494   -0.02691851895   -0.03395315612
v   0.004729894494   -0.02795479692   -0.03326691279
v   0.004729894494    -0.0289574691   -0.03251781261
v   0.004729894494   -0.02992123365   -0.03170829233
v   0.004729894494   -0.03084078872   -0.03084078872
v   0.004729894494   -0.03170829233   -0.02992123365
v   0.004729894494   -0.03251781261    -0.0289574691
v   0.004729894494   -0.03326691279   -0.02795479692
v   0.004729894494   -0.03395315612   -0.02691851895
v   0.004729894494   -0.03457410566   -0.02585384929
v   0.004729894494   -0.03514932763   -0.02469752541
v   0.004729894494     -0.035699678   -0.02352300622
v   0.004729894494   -0.03622465662   -0.02233100643
v   0.004729894494   -0.03672376315     -0.021122153
v   0.004729894494   -0.03719649724   -0.01989707288
v   0.004729894494   -0.03764235853   -0.01865639303
v   0.004729894494   -0.03806084668   -0.01740074041
v   0.004729894494   -0.03845146135   -0.01613074197
v   0.004729894494   -0.03881370217   -0.01484702469
v   0.004729894494   -0.03914706881    -0.0135502155
v   0.004729894494   -0.03945106092   -0.01224094137
v   0.004729894494   -0.03972517814   -0.01091982926
v   0.004729894494   -0.03996892013  -0.009587506131
v   0.004729894494   -0.04018178654  -0.008244598932
v   0.004729894494   -0.04036327703  -0.006891734626
v   0.004729894494   -0.04051289124  -0.005529540169
v   0.004729894494   -0.04063012882  -0.004158642521
v   0.004729894494   -0.04071448943  -0.002779668638
v   0.004729894494   -0.04076547272  -0.001393245478
v   0.004729894494   -0.04078257833 -1.452093008e-18
v   0.004729894494   -0.04076547272   0.001393245478
v   0.004729894494   -0.04071448943   0.002779668638
v   0.004729894494   -0.04063012882   0.004158642521
v   0.004729894494   -0.04051289124   0.005529540169
v   0.004729894494   -0.04036327703   0.006891734626
v   0.004729894494   -0.04018178654   0.008244598932
v   0.004729894494   -0.03996892013   0.009587506131
v   0.004729894494   -0.03972517814    0.01091982926
v   0.004729894494   -0.03945106092    0.01224094137
v   0.004729894494   -0.03914706881     0.0135502155
v   0.004729894494   -0.03881370217    0.01484702469
v   0.004729894494   -0.03845146135    0.01613074197
v   0.004729894494   -0.03806084668    0.01740074041
v   0.004729894494   -0.03764235853    0.01865639303
v   0.004729894494   -0.03719649724    0.01989707288
v   0.004729894494   -0.03672376315      0.021122153
v   0.004729894494   -0.03622465662    0.02233100643
v   0.004729894494     -0.035699678    0.02352300622
v   0.004729894494   -0.03514932763    0.02469752541
v   0.004729894494   -0.03457410566    0.02585384929
v   0.004729894494   -0.03395315612    0.02691851895
v   0.004729894494   -0.03326691279    0.02795479692
v   0.004729894494   -0.03251781261     0.0289574691
v   0.004729894494   -0.03170829233    0.02992123365
v   0.004729894494   -0.03084078872    0.03084078872
v   0.004729894494   -0.02992123365    0.03170829233
v   0.004729894494    -0.0289574691    0.03251781261
v   0.004729894494   -0.02795479692    0.03326691279
v   0.004729894494   -0.02691851895    0.03395315612
v   0.004729894494   -0.02585384929    0.03457410566
v   0.004729894494   -0.02469752541    0.03514932763
v   0.004729894494   -0.02352300622      0.035699678
v   0.004729894494   -0.02233100643    0.03622465662
v   0.004729894494     -0.021122153    0.03672376315
v   0.004729894494   -0.01989707288    0.03719649724
v   0.004729894494   -0.01865639303    0.03764235853
v   0.004729894494   -0.01740074041    0.03806084668
v   0.004729894494   -0.01613074197    0.03845146135
v   0.004729894494   -0.01484702469    0.03881370217
v   0.004729894494    -0.0135502155    0.03914706881
v   0.004729894494   -0.01224094137    0.03945106092
v   0.004729894494   -0.01091982926    0.03972517814
v   0.004729894494  -0.009587506131    0.03996892013
v   0.004729894494  -0.008244598932    0.04018178654
v   0.004729894494  -0.006891734626    0.04036327703
v   0.004729894494  -0.005529540169    0.04051289124
v   0.004729894494  -0.004158642521    0.04063012882
v   0.004729894494  -0.002779668638    0.04071448943
v   0.004729894494  -0.001393245478    0.04076547272
v   0.004729894494 -2.918081644e-18    0.04078257833
v   0.004729894494   0.001393245478    0.04076547272
v   0.004729894494   0.002779668638    0.04071448943
v   0.004729894494   0.004158642521    0.04063012882
v   0.004729894494   0.005529540169    0.04051289124
v   0.004729894494   0.006891734626    0.04036327703
v   0.004729894494   0.008244598932    0.04018178654
v   0.004729894494   0.009587506131    0.03996892013
v   0.004729894494    0.01091982926    0.03972517814
v   0.004729894494    0.01224094137    0.03945106092
v   0.004729894494     0.0135502155    0.03914706881
v   0.004729894494    0.01484702469    0.03881370217
v   0.004729894494    0.01613074197    0.03845146135
v   0.004729894494    0.01740074041    0.03806084668
v   0.004729894494    0.01865639303    0.03764235853
v   0.004729894494    0.01989707288    0.03719649724
v   0.004729894494      0.021122153    0.03672376315
v   0.004729894494    0.02233100643    0.03622465662
v   0.004729894494    0.02352300622      0.035699678
v   0.004729894494    0.02469752541    0.03514932763
v   0.004729894494    0.02585384929    0.03457410566
v   0.004729894494    0.02691851895    0.03395315612
v   0.004729894494    0.02795479692    0.03326691279
v   0.004729894494     0.0289574691    0.03251781261
v   0.004729894494    0.02992123365    0.03170829233
v   0.004729894494    0.03084078872    0.03084078872
v   0.004729894494    0.03170829233    0.02992123365
v   0.004729894494    0.03251781261     0.0289574691
v   0.004729894494    0.03326691279    0.02795479692
v   0.004729894494    0.03395315612    0.02691851895
v   0.004729894494    0.03457410566    0.02585384929
v   0.004729894494    0.03514932763    0.02469752541
v   0.004729894494      0.035699678    0.02352300622
v   0.004729894494    0.03622465662    0.02233100643
v   0.004729894494    0.03672376315      0.021122153
v   0.004729894494    0.03719649724    0.01989707288
v   0.004729894494    0.03764235853    0.01865639303
v   0.004729894494    0.03806084668    0.01740074041
v   0.004729894494    0.03845146135    0.01613074197
v   0.004729894494    0.03881370217    0.01484702469
v   0.004729894494    0.03914706881     0.0135502155
v   0.004729894494    0.03945106092    0.01224094137
v   0.004729894494    0.03972517814    0.01091982926
v   0.004729894494    0.03996892013   0.009587506131
v   0.004729894494    0.04018178654   0.008244598932
v   0.004729894494    0.04036327703   0.006891734626
v   0.004729894494    0.04051289124   0.005529540169
v   0.004729894494    0.04063012882   0.004158642521
v   0.004729894494    0.04071448943   0.002779668638
v   0.004729894494    0.04076547272   0.001393245478
v   0.005568873045    0.04140235306                0
v   0.005568873045    0.04138568247  -0.001423650315
v   0.005568873045    0.04133599517  -0.002840705135
v   0.005568873045    0.04125377789  -0.004250550309
v   0.005568873045    0.04113951738  -0.005652571684
v   0.005568873045    0.04099370036  -0.007046155106
v   0.005568873045    0.04081681355  -0.008430686424
v   0.005568873045     0.0406093437  -0.009805551483
v   0.005568873045    0.04037177753   -0.01117013613
v   0.005568873045    0.04010460177   -0.01252382622
v   0.005568873045    0.03980830316   -0.01386600759
v   0.005568873045    0.03948336842   -0.01519606609
v   0.005568873045    0.03913028429   -0.01651338757
v   0.005568873045    0.03874953749   -0.01781735787
v   0.005568873045    0.03834161477   -0.01910736285
v   0.005568873045    0.03790700284   -0.02038278834
v   0.005568873045    0.03744618844   -0.02164302021
v   0.005568873045     0.0369596583   -0.02288744428
v   0.005568873045    0.03644789915   -0.02411544642
v   0.005568873045    0.03591139773   -0.02532641247
v   0.005568873045    0.03535064052   -0.02651962586
v   0.005568873045    0.03474118824   -0.02760946661
v   0.005568873045     0.0340601069    -0.0286698892
v   0.005568873045    0.03331014354   -0.02969492559
v   0.005568873045    0.03249404496   -0.03067850533
v   0.005568873045    0.03161455796   -0.03161455796
v   0.005568873045    0.03067850533   -0.03249404496
v   0.005568873045    0.02969492559   -0.03331014354
v   0.005568873045     0.0286698892    -0.0340601069
v   0.005568873045    0.02760946661   -0.03474118824
v   0.005568873045    0.02651962586   -0.03535064052
v   0.005568873045    0.02532641247   -0.03591139773
v   0.005568873045    0.02411544642   -0.03644789915
v   0.005568873045    0.02288744428    -0.0369596583
v   0.005568873045    0.02164302021   -0.03744618844
v   0.005568873045    0.02038278834   -0.03790700284
v   0.005568873045    0.01910736285   -0.03834161477
v   0.005568873045    0.01781735787   -0.03874953749
v   0.005568873045    0.01651338757   -0.03913028429
v   0.005568873045    0.01519606609   -0.03948336842
v   0.005568873045    0.01386600759   -0.03980830316
v   0.005568873045    0.01252382622   -0.04010460177
v   0.005568873045    0.01117013613   -0.04037177753
v   0.005568873045   0.009805551483    -0.0406093437
v   0.005568873045   0.008430686424   -0.04081681355
v   0.005568873045   0.007046155106   -0.04099370036
v   0.005568873045   0.005652571684   -0.04113951738
v   0.005568873045   0.004250550309   -0.04125377789
v   0.005568873045   0.002840705135   -0.04133599517
v   0.005568873045   0.001423650315   -0.04138568247
v   0.005568873045  3.425179943e-19   -0.04140235306
v   0.005568873045  -0.001423650315   -0.04138568247
v   0.005568873045  -0.002840705135   -0.04133599517
v   0.005568873045  -0.004250550309   -0.04125377789
v   0.005568873045  -0.005652571684   -0.04113951738
v   0.005568873045  -0.007046155106   -0.04099370036
v   0.005568873045  -0.008430686424   -0.04081681355
v   0.005568873045  -0.009805551483    -0.0406093437
v   0.005568873045   -0.01117013613   -0.04037177753
v   0.005568873045   -0.01252382622   -0.04010460177
v   0.005568873045   -0.01386600759   -0.03980830316
v   0.005568873045   -0.01519606609   -0.03948336842
v   0.005568873045   -0.01651338757   -0.03913028429
v   0.005568873045   -0.01781735787   -0.03874953749
v   0.005568873045   -0.01910736285   -0.03834161477
v   0.005568873045   -0.02038278834   -0.03790700284
v   0.005568873045   -0.02164302021   -0.03744618844
v   0.005568873045   -0.02288744428    -0.0369596583
v   0.005568873045   -0.02411544642   -0.03644789915
v   0.005568873045   -0.02532641247   -0.03591139773
v   0.005568873045   -0.02651962586   -0.03535064052
v   0.005568873045   -0.02760946661   -0.03474118824
v   0.005568873045    -0.0286698892    -0.0340601069
v   0.005568873045   -0.02969492559   -0.03331014354
v   0.005568873045   -0.03067850533   -0.03249404496
v   0.005568873045   -0.03161455796   -0.03161455796
v   0.005568873045   -0.03249404496   -0.03067850533
v   0.005568873045   -0.03331014354   -0.02969492559
v   0.005568873045    -0.0340601069    -0.0286698892
v   0.005568873045   -0.03474118824   -0.02760946661
v   0.005568873045   -0.03535064052   -0.02651962586
v   0.005568873045   -0.03591139773   -0.02532641247
v   0.005568873045   -0.03644789915   -0.02411544642
v   0.005568873045    -0.0369596583   -0.02288744428
v   0.005568873045   -0.03744618844   -0.02164302021
v   0.005568873045   -0.03790700284   -0.02038278834
v   0.005568873045   -0.03834161477   -0.01910736285
v   0.005568873045   -0.03874953749   -0.01781735787
v   0.005568873045   -0.03913028429   -0.01651338757
v   0.005568873045   -0.03948336842   -0.01519606609
v   0.005568873045   -0.03980830316   -0.01386600759
v   0.005568873045   -0.04010460177   -0.01252382622
v   0.005568873045   -0.04037177753   -0.01117013613
v   0.005568873045    -0.0406093437  -0.009805551483
v   0.005568873045   -0.04081681355  -0.008430686424
v   0.005568873045   -0.04099370036  -0.007046155106
v   0.005568873045   -0.04113951738  -0.005652571684
v   0.005568873045   -0.04125377789  -0.004250550309
v   0.005568873045   -0.04133599517  -0.002840705135
v   0.005568873045   -0.04138568247  -0.001423650315
v   0.005568873045   -0.04140235306 -1.461410109e-18
v   0.005568873045   -0.04138568247   0.001423650315
v   0.005568873045   -0.04133599517   0.002840705135
v   0.005568873045   -0.04125377789   0.004250550309
v   0.005568873045   -0.04113951738   0.005652571684
v   0.005568873045   -0.04099370036   0.007046155106
v   0.005568873045   -0.04081681355   0.008430686424
v   0.005568873045    -0.0406093437   0.009805551483
v   0.005568873045   -0.04037177753    0.01117013613
v   0.005568873045   -0.04010460177    0.01252382622
v   0.005568873045   -0.03980830316    0.01386600759
v   0.005568873045   -0.03948336842    0.01519606609
v   0.005568873045   -0.03913028429    0.01651338757
v   0.005568873045   -0.03874953749    0.01781735787
v   0.005568873045   -0.03834161477    0.01910736285
v   0.005568873045   -0.03790700284    0.02038278834
v   0.005568873045   -0.03744618844    0.02164302021
v   0.005568873045    -0.0369596583    0.02288744428
v   0.005568873045   -0.03644789915    0.02411544642
v   0.005568873045   -0.03591139773    0.02532641247
v   0.005568873045   -0.03535064052    0.02651962586
v   0.005568873045   -0.03474118824    0.02760946661
v   0.005568873045    -0.0340601069     0.0286698892
v   0.005568873045   -0.03331014354    0.02969492559
v   0.005568873045   -0.03249404496    0.03067850533
v   0.005568873045   -0.03161455796    0.03161455796
v   0.005568873045   -0.03067850533    0.03249404496
v   0.005568873045   -0.02969492559    0.03331014354
v   0.005568873045    -0.0286698892     0.0340601069
v   0.005568873045   -0.02760946661    0.03474118824
v   0.005568873045   -0.02651962586    0.03535064052
v   0.005568873045   -0.02532641247    0.03591139773
v   0.005568873045   -0.02411544642    0.03644789915
v   0.005568873045   -0.02288744428     0.0369596583
v   0.005568873045   -0.02164302021    0.03744618844
v   0.005568873045   -0.02038278834    0.03790700284
v   0.005568873045   -0.01910736285    0.03834161477
v   0.005568873045   -0.01781735787    0.03874953749
v   0.005568873045   -0.01651338757    0.03913028429
v   0.005568873045   -0.01519606609    0.03948336842
v   0.005568873045   -0.01386600759    0.03980830316
v   0.005568873045   -0.01252382622    0.04010460177
v   0.005568873045   -0.01117013613    0.04037177753
v   0.005568873045  -0.009805551483     0.0406093437
v   0.005568873045  -0.008430686424    0.04081681355
v   0.005568873045  -0.007046155106    0.04099370036
v   0.005568873045  -0.005652571684    0.04113951738
v   0.005568873045  -0.004250550309    0.04125377789
v   0.005568873045  -0.002840705135    0.04133599517
v   0.005568873045  -0.001423650315    0.04138568247
v   0.005568873045 -2.936805004e-18    0.04140235306
v   0.005568873045   0.001423650315    0.04138568247
v   0.005568873045   0.002840705135    0.04133599517
v   0.005568873045   0.004250550309    0.04125377789
v   0.005568873045   0.005652571684    0.04113951738
v   0.005568873045   0.007046155106    0.04099370036
v   0.005568873045   0.008430686424    0.04081681355
v   0.005568873045   0.009805551483     0.0406093437
v   0.005568873045    0.01117013613    0.04037177753
v   0.005568873045    0.01252382622    0.04010460177
v   0.005568873045    0.01386600759    0.03980830316
v   0.005568873045    0.01519606609    0.03948336842
v   0.005568873045    0.01651338757    0.03913028429
v   0.005568873045    0.01781735787    0.03874953749
v   0.005568873045    0.01910736285    0.03834161477
v   0.005568873045    0.02038278834    0.03790700284
v   0.005568873045    0.02164302021    0.03744618844
v   0.005568873045    0.02288744428     0.0369596583
v   0.005568873045    0.02411544642    0.03644789915
v   0.005568873045    0.02532641247    0.03591139773
v   0.005568873045    0.02651962586    0.03535064052
v   0.005568873045    0.02760946661    0.03474118824
v   0.005568873045     0.0286698892     0.0340601069
v   0.005568873045    0.02969492559    0.03331014354
v   0.005568873045    0.03067850533    0.03249404496
v   0.005568873045    0.03161455796    0.03161455796
v   0.005568873045    0.03249404496    0.03067850533
v   0.005568873045    0.03331014354    0.02969492559
v   0.005568873045     0.0340601069     0.0286698892
v   0.005568873045    0.03474118824    0.02760946661
v   0.005568873045    0.03535064052    0.02651962586
v   0.005568873045    0.03591139773    0.02532641247
v   0.005568873045    0.03644789915    0.02411544642
v   0.005568873045     0.0369596583    0.02288744428
v   0.005568873045    0.03744618844    0.02164302021
v   0.005568873045    0.03790700284    0.02038278834
v   0.005568873045    0.03834161477    0.01910736285
v   0.005568873045    0.03874953749    0.01781735787
v   0.005568873045    0.03913028429    0.01651338757
v   0.005568873045    0.03948336842    0.01519606609
v   0.005568873045    0.03980830316    0.01386600759
v   0.005568873045    0.04010460177    0.01252382622
v   0.005568873045    0.04037177753    0.01117013613
v   0.005568873045     0.0406093437   0.009805551483
v   0.005568873045    0.04081681355   0.008430686424
v   0.005568873045    0.04099370036   0.007046155106
v   0.005568873045    0.04113951738   0.005652571684
v   0.005568873045    0.04125377789   0.004250550309
v   0.005568873045    0.04133599517   0.002840705135
v   0.005568873045    0.04138568247   0.001423650315
v   0.006477901538    0.04200390743                0
v   0.006477901538    0.04198773156  -0.001454214768
v   0.006477901538    0.04193951826  -0.002902077705
v   0.006477901538    0.04185973903  -0.004342990062
v   0.006477901538    0.04174886535  -0.005776353091
v   0.006477901538    0.04160736869  -0.007201568041
v   0.006477901538    0.04143572055  -0.008618036165
v   0.006477901538    0.04123439241   -0.01002515871
v   0.006477901538    0.04100385575   -0.01142233693
v   0.006477901538    0.04074458205   -0.01280897208
v   0.006477901538    0.04045704281   -0.01418446541
v   0.006477901538     0.0401417095   -0.01554821816
v   0.006477901538    0.03979905361    -0.0168996316
v   0.006477901538    0.03942954662   -0.01823810696
v   0.006477901538    0.03903366001    -0.0195630455
v   0.006477901538    0.03861186528   -0.02087384848
v   0.006477901538    0.03816463389   -0.02216991714
v   0.006477901538    0.03769243735   -0.02345065273
v   0.006477901538    0.03719574713   -0.02471545651
v   0.006477901538    0.03667503471   -0.02596372972
v   0.006477901538    0.03613077132   -0.02719475557
v   0.006477901538    0.03553469517   -0.02830994561
v   0.006477901538    0.03486027976    -0.0293946594
v   0.006477901538    0.03411060211   -0.03044212656
v   0.006477901538    0.03328873898   -0.03144545862
v   0.006477901538    0.03239776715   -0.03239776715
v   0.006477901538    0.03144545862   -0.03328873898
v   0.006477901538    0.03044212656   -0.03411060211
v   0.006477901538     0.0293946594   -0.03486027976
v   0.006477901538    0.02830994561   -0.03553469517
v   0.006477901538    0.02719475557   -0.03613077132
v   0.006477901538    0.02596372972   -0.03667503471
v   0.006477901538    0.02471545651   -0.03719574713
v   0.006477901538    0.02345065273   -0.03769243735
v   0.006477901538    0.02216991714   -0.03816463389
v   0.006477901538    0.02087384848   -0.03861186528
v   0.006477901538     0.0195630455   -0.03903366001
v   0.006477901538    0.01823810696   -0.03942954662
v   0.006477901538     0.0168996316   -0.03979905361
v   0.006477901538    0.01554821816    -0.0401417095
v   0.006477901538    0.01418446541   -0.04045704281
v   0.006477901538    0.01280897208   -0.04074458205
v   0.006477901538    0.01142233693   -0.04100385575
v   0.006477901538    0.01002515871   -0.04123439241
v   0.006477901538   0.008618036165   -0.04143572055
v   0.006477901538   0.007201568041   -0.04160736869
v   0.006477901538   0.005776353091   -0.04174886535
v   0.006477901538   0.004342990062   -0.04185973903
v   0.006477901538   0.002902077705   -0.04193951826
v   0.006477901538   0.001454214768   -0.04198773156
v   0.006477901538  3.420965639e-19   -0.04200390743
v   0.006477901538  -0.001454214768   -0.04198773156
v   0.006477901538  -0.002902077705   -0.04193951826
v   0.006477901538  -0.004342990062   -0.04185973903
v   0.006477901538  -0.005776353091   -0.04174886535
v   0.006477901538  -0.007201568041   -0.04160736869
v   0.006477901538  -0.008618036165   -0.04143572055
v   0.006477901538   -0.01002515871   -0.04123439241
v   0.006477901538   -0.01142233693   -0.04100385575
v   0.006477901538   -0.01280897208   -0.04074458205
v   0.006477901538   -0.01418446541   -0.04045704281
v   0.006477901538   -0.01554821816    -0.0401417095
v   0.006477901538    -0.0168996316   -0.03979905361
v   0.006477901538   -0.01823810696   -0.03942954662
v   0.006477901538    -0.0195630455   -0.03903366001
v   0.006477901538   -0.02087384848   -0.03861186528
v   0.006477901538   -0.02216991714   -0.03816463389
v   0.006477901538   -0.02345065273   -0.03769243735
v   0.006477901538   -0.02471545651   -0.03719574713
v   0.006477901538   -0.02596372972   -0.03667503471
v   0.006477901538   -0.02719475557   -0.03613077132
v   0.006477901538   -0.02830994561   -0.03553469517
v   0.006477901538    -0.0293946594   -0.03486027976
v   0.006477901538   -0.03044212656   -0.03411060211
v   0.006477901538   -0.03144545862   -0.03328873898
v   0.006477901538   -0.03239776715   -0.03239776715
v   0.006477901538   -0.03328873898   -0.03144545862
v   0.006477901538   -0.03411060211   -0.03044212656
v   0.006477901538   -0.03486027976    -0.0293946594
v   0.006477901538   -0.03553469517   -0.02830994561
v   0.006477901538   -0.03613077132   -0.02719475557
v   0.006477901538   -0.03667503471   -0.02596372972
v   0.006477901538   -0.03719574713   -0.02471545651
v   0.006477901538   -0.03769243735   -0.02345065273
v   0.006477901538   -0.03816463389   -0.02216991714
v   0.006477901538   -0.03861186528   -0.02087384848
v   0.006477901538   -0.03903366001    -0.0195630455
v   0.006477901538   -0.03942954662   -0.01823810696
v   0.006477901538   -0.03979905361    -0.0168996316
v   0.006477901538    -0.0401417095   -0.01554821816
v   0.006477901538   -0.04045704281   -0.01418446541
v   0.006477901538   -0.04074458205   -0.01280897208
v   0.006477901538   -0.04100385575   -0.01142233693
v   0.006477901538   -0.04123439241   -0.01002515871
v   0.006477901538   -0.04143572055  -0.008618036165
v   0.006477901538   -0.04160736869  -0.007201568041
v   0.006477901538   -0.04174886535  -0.005776353091
v   0.006477901538   -0.04185973903  -0.004342990062
v   0.006477901538   -0.04193951826  -0.002902077705
v   0.006477901538   -0.04198773156  -0.001454214768
v   0.006477901538   -0.04200390743 -1.459612006e-18
v   0.006477901538   -0.04198773156   0.001454214768
v   0.006477901538   -0.04193951826   0.002902077705
v   0.006477901538   -0.04185973903   0.004342990062
v   0.006477901538   -0.04174886535   0.005776353091
v   0.006477901538   -0.04160736869   0.007201568041
v   0.006477901538   -0.04143572055   0.008618036165
v   0.006477901538   -0.04123439241    0.01002515871
v   0.006477901538   -0.04100385575    0.01142233693
v   0.006477901538   -0.04074458205    0.01280897208
v   0.006477901538   -0.04045704281    0.01418446541
v   0.006477901538    -0.0401417095    0.01554821816
v   0.006477901538   -0.03979905361     0.0168996316
v   0.006477901538   -0.03942954662    0.01823810696
v   0.006477901538   -0.03903366001     0.0195630455
v   0.006477901538   -0.03861186528    0.02087384848
v   0.006477901538   -0.03816463389    0.02216991714
v   0.006477901538   -0.03769243735    0.02345065273
v   0.006477901538   -0.03719574713    0.02471545651
v   0.006477901538   -0.03667503471    0.02596372972
v   0.006477901538   -0.03613077132    0.02719475557
v   0.006477901538   -0.03553469517    0.02830994561
v   0.006477901538   -0.03486027976     0.0293946594
v   0.006477901538   -0.03411060211    0.03044212656
v   0.006477901538   -0.03328873898    0.03144545862
v   0.006477901538   -0.03239776715    0.03239776715
v   0.006477901538   -0.03144545862    0.03328873898
v   0.006477901538   -0.03044212656    0.03411060211
v   0.006477901538    -0.0293946594    0.03486027976
v   0.006477901538   -0.02830994561    0.03553469517
v   0.006477901538   -0.02719475557    0.03613077132
v   0.006477901538   -0.02596372972    0.03667503471
v   0.006477901538   -0.02471545651    0.03719574713
v   0.006477901538   -0.02345065273    0.03769243735
v   0.006477901538   -0.02216991714    0.03816463389
v   0.006477901538   -0.02087384848    0.03861186528
v   0.006477901538    -0.0195630455    0.03903366001
v   0.006477901538   -0.01823810696    0.03942954662
v   0.006477901538    -0.0168996316    0.03979905361
v   0.006477901538   -0.01554821816     0.0401417095
v   0.006477901538   -0.01418446541    0.04045704281
v   0.006477901538   -0.01280897208    0.04074458205
v   0.006477901538   -0.01142233693    0.04100385575
v   0.006477901538   -0.01002515871    0.04123439241
v   0.006477901538  -0.008618036165    0.04143572055
v   0.006477901538  -0.007201568041    0.04160736869
v   0.006477901538  -0.005776353091    0.04174886535
v   0.006477901538  -0.004342990062    0.04185973903
v   0.006477901538  -0.002902077705    0.04193951826
v   0.006477901538  -0.001454214768    0.04198773156
v   0.006477901538 -2.933191591e-18    0.04200390743
v   0.006477901538   0.001454214768    0.04198773156
v   0.006477901538   0.002902077705    0.04193951826
v   0.006477901538   0.004342990062    0.04185973903
v   0.006477901538   0.005776353091    0.04174886535
v   0.006477901538   0.007201568041    0.04160736869
v   0.006477901538   0.008618036165    0.04143572055
v   0.006477901538    0.01002515871    0.04123439241
v   0.006477901538    0.01142233693    0.04100385575
v   0.006477901538    0.01280897208    0.04074458205
v   0.006477901538    0.01418446541    0.04045704281
v   0.006477901538    0.01554821816     0.0401417095
v   0.006477901538     0.0168996316    0.03979905361
v   0.006477901538    0.01823810696    0.03942954662
v   0.006477901538     0.0195630455    0.03903366001
v   0.006477901538    0.02087384848    0.03861186528
v   0.006477901538    0.02216991714    0.03816463389
v   0.006477901538    0.02345065273    0.03769243735
v   0.006477901538    0.02471545651    0.03719574713
v   0.006477901538    0.02596372972    0.03667503471
v   0.006477901538    0.02719475557    0.03613077132
v   0.006477901538    0.02830994561    0.03553469517
v   0.006477901538     0.0293946594    0.03486027976
v   0.006477901538    0.03044212656    0.03411060211
v   0.006477901538    0.03144545862    0.03328873898
v   0.006477901538    0.03239776715    0.03239776715
v   0.006477901538    0.03328873898    0.03144545862
v   0.006477901538    0.03411060211    0.03044212656
v   0.006477901538    0.03486027976     0.0293946594
v   0.006477901538    0.03553469517    0.02830994561
v   0.006477901538    0.03613077132    0.02719475557
v   0.006477901538    0.03667503471    0.02596372972
v   0.006477901538    0.03719574713    0.02471545651
v   0.006477901538    0.03769243735    0.02345065273
v   0.006477901538    0.03816463389    0.02216991714
v   0.006477901538    0.03861186528    0.02087384848
v   0.006477901538    0.03903366001     0.0195630455
v   0.006477901538    0.03942954662    0.01823810696
v   0.006477901538    0.03979905361     0.0168996316
v   0.006477901538     0.0401417095    0.01554821816
v   0.006477901538    0.04045704281    0.01418446541
v   0.006477901538    0.04074458205    0.01280897208
v   0.006477901538    0.04100385575    0.01142233693
v   0.006477901538    0.04123439241    0.01002515871
v   0.006477901538    0.04143572055   0.008618036165
v   0.006477901538    0.04160736869   0.007201568041
v   0.006477901538    0.04174886535   0.005776353091
v   0.006477901538    0.04185973903   0.004342990062
v   0.006477901538    0.04193951826   0.002902077705
v   0.006477901538    0.04198773156   0.001454214768
v   0.007454774914    0.04258640057                0
v   0.007454774914    0.04257077499  -0.001484846083
v   0.007454774914    0.04252420139   -0.00296359938
v   0.007454774914    0.04244713451   -0.00443567898
v   0.007454774914    0.04234002906  -0.005900503975
v   0.007454774914    0.04220333977  -0.007357493456
v   0.007454774914    0.04203752137  -0.008806066512
v   0.007454774914    0.04184302858   -0.01024564224
v   0.007454774914    0.04162031613   -0.01167563972
v   0.007454774914    0.04136983873   -0.01309547804
v   0.007454774914    0.04109205113   -0.01450457631
v   0.007454774914    0.04078740804    -0.0159023536
v   0.007454774914    0.04045636418   -0.01728822902
v   0.007454774914    0.04009937429   -0.01866162165
v   0.007454774914    0.03971689308   -0.02002195057
v   0.007454774914    0.03930937529   -0.02136863489
v   0.007454774914    0.03887727563   -0.02270109369
v   0.007454774914    0.03842104884   -0.02401874606
v   0.007454774914    0.03794114963    -0.0253210111
v   0.007454774914    0.03743803274   -0.02660730789
v   0.007454774914    0.03691215258   -0.02787692094
v   0.007454774914    0.03633120748   -0.02901755944
v   0.007454774914    0.03566487398    -0.0301266364
v   0.007454774914    0.03491657718   -0.03119653513
v   0.007454774914    0.03408974187   -0.03221950436
v   0.007454774914    0.03318779282   -0.03318779282
v   0.007454774914    0.03221950436   -0.03408974187
v   0.007454774914    0.03119653513   -0.03491657718
v   0.007454774914     0.0301266364   -0.03566487398
v   0.007454774914    0.02901755944   -0.03633120748
v   0.007454774914    0.02787692094   -0.03691215258
v   0.007454774914    0.02660730789   -0.03743803274
v   0.007454774914     0.0253210111   -0.03794114963
v   0.007454774914    0.02401874606   -0.03842104884
v   0.007454774914    0.02270109369   -0.03887727563
v   0.007454774914    0.02136863489   -0.03930937529
v   0.007454774914    0.02002195057   -0.03971689308
v   0.007454774914    0.01866162165   -0.04009937429
v   0.007454774914    0.01728822902   -0.04045636418
v   0.007454774914     0.0159023536   -0.04078740804
v   0.007454774914    0.01450457631   -0.04109205113
v   0.007454774914    0.01309547804   -0.04136983873
v   0.007454774914    0.01167563972   -0.04162031613
v   0.007454774914    0.01024564224   -0.04184302858
v   0.007454774914   0.008806066512   -0.04203752137
v   0.007454774914   0.007357493456   -0.04220333977
v   0.007454774914   0.005900503975   -0.04234002906
v   0.007454774914    0.00443567898   -0.04244713451
v   0.007454774914    0.00296359938   -0.04252420139
v   0.007454774914   0.001484846083   -0.04257077499
v   0.007454774914  3.391912708e-19   -0.04258640057
v   0.007454774914  -0.001484846083   -0.04257077499
v   0.007454774914   -0.00296359938   -0.04252420139
v   0.007454774914   -0.00443567898   -0.04244713451
v   0.007454774914  -0.005900503975   -0.04234002906
v   0.007454774914  -0.007357493456   -0.04220333977
v   0.007454774914  -0.008806066512   -0.04203752137
v   0.007454774914   -0.01024564224   -0.04184302858
v   0.007454774914   -0.01167563972   -0.04162031613
v   0.007454774914   -0.01309547804   -0.04136983873
v   0.007454774914   -0.01450457631   -0.04109205113
v   0.007454774914    -0.0159023536   -0.04078740804
v   0.007454774914   -0.01728822902   -0.04045636418
v   0.007454774914   -0.01866162165   -0.04009937429
v   0.007454774914   -0.02002195057   -0.03971689308
v   0.007454774914   -0.02136863489   -0.03930937529
v   0.007454774914   -0.02270109369   -0.03887727563
v   0.007454774914   -0.02401874606   -0.03842104884
v   0.007454774914    -0.0253210111   -0.03794114963
v   0.007454774914   -0.02660730789   -0.03743803274
v   0.007454774914   -0.02787692094   -0.03691215258
v   0.007454774914   -0.02901755944   -0.03633120748
v   0.007454774914    -0.0301266364   -0.03566487398
v   0.007454774914   -0.03119653513   -0.03491657718
v   0.007454774914   -0.03221950436   -0.03408974187
v   0.007454774914   -0.03318779282   -0.03318779282
v   0.007454774914   -0.03408974187   -0.03221950436
v   0.007454774914   -0.03491657718   -0.03119653513
v   0.007454774914   -0.03566487398    -0.0301266364
v   0.007454774914   -0.03633120748   -0.02901755944
v   0.007454774914   -0.03691215258   -0.02787692094
v   0.007454774914   -0.03743803274   -0.02660730789
v   0.007454774914   -0.03794114963    -0.0253210111
v   0.007454774914   -0.03842104884   -0.02401874606
v   0.007454774914   -0.03887727563   -0.02270109369
v   0.007454774914   -0.03930937529   -0.02136863489
v   0.007454774914   -0.03971689308   -0.02002195057
v   0.007454774914   -0.04009937429   -0.01866162165
v   0.007454774914   -0.04045636418   -0.01728822902
v   0.007454774914   -0.04078740804    -0.0159023536
v   0.007454774914   -0.04109205113   -0.01450457631
v   0.007454774914   -0.04136983873   -0.01309547804
v   0.007454774914   -0.04162031613   -0.01167563972
v   0.007454774914   -0.04184302858   -0.01024564224
v   0.007454774914   -0.04203752137  -0.008806066512
v   0.007454774914   -0.04220333977  -0.007357493456
v   0.007454774914   -0.04234002906  -0.005900503975
v   0.007454774914   -0.04244713451   -0.00443567898
v   0.007454774914   -0.04252420139   -0.00296359938
v   0.007454774914   -0.04257077499  -0.001484846083
v   0.007454774914   -0.04258640057 -1.447216089e-18
v   0.007454774914   -0.04257077499   0.001484846083
v   0.007454774914   -0.04252420139    0.00296359938
v   0.007454774914   -0.04244713451    0.00443567898
v   0.007454774914   -0.04234002906   0.005900503975
v   0.007454774914   -0.04220333977   0.007357493456
v   0.007454774914   -0.04203752137   0.008806066512
v   0.007454774914   -0.04184302858    0.01024564224
v   0.007454774914   -0.04162031613    0.01167563972
v   0.007454774914   -0.04136983873    0.01309547804
v   0.007454774914   -0.04109205113    0.01450457631
v   0.007454774914   -0.04078740804     0.0159023536
v   0.007454774914   -0.04045636418    0.01728822902
v   0.007454774914   -0.04009937429    0.01866162165
v   0.007454774914   -0.03971689308    0.02002195057
v   0.007454774914   -0.03930937529    0.02136863489
v   0.007454774914   -0.03887727563    0.02270109369
v   0.007454774914   -0.03842104884    0.02401874606
v   0.007454774914   -0.03794114963     0.0253210111
v   0.007454774914   -0.03743803274    0.02660730789
v   0.007454774914   -0.03691215258    0.02787692094
v   0.007454774914   -0.03633120748    0.02901755944
v   0.007454774914   -0.03566487398     0.0301266364
v   0.007454774914   -0.03491657718    0.03119653513
v   0.007454774914   -0.03408974187    0.03221950436
v   0.007454774914   -0.03318779282    0.03318779282
v   0.007454774914   -0.03221950436    0.03408974187
v   0.007454774914   -0.03119653513    0.03491657718
v   0.007454774914    -0.0301266364    0.03566487398
v   0.007454774914   -0.02901755944    0.03633120748
v   0.007454774914   -0.02787692094    0.03691215258
v   0.007454774914   -0.02660730789    0.03743803274
v   0.007454774914    -0.0253210111    0.03794114963
v   0.007454774914   -0.02401874606    0.03842104884
v   0.007454774914   -0.02270109369    0.03887727563
v   0.007454774914   -0.02136863489    0.03930937529
v   0.007454774914   -0.02002195057    0.03971689308
v   0.007454774914   -0.01866162165    0.04009937429
v   0.007454774914   -0.01728822902    0.04045636418
v   0.007454774914    -0.0159023536    0.04078740804
v   0.007454774914   -0.01450457631    0.04109205113
v   0.007454774914   -0.01309547804    0.04136983873
v   0.007454774914   -0.01167563972    0.04162031613
v   0.007454774914   -0.01024564224    0.04184302858
v   0.007454774914  -0.008806066512    0.04203752137
v   0.007454774914  -0.007357493456    0.04220333977
v   0.007454774914  -0.005900503975    0.04234002906
v   0.007454774914   -0.00443567898    0.04244713451
v   0.007454774914   -0.00296359938    0.04252420139
v   0.007454774914  -0.001484846083    0.04257077499
v   0.007454774914 -2.908281135e-18    0.04258640057
v   0.007454774914   0.001484846083    0.04257077499
v   0.007454774914    0.00296359938    0.04252420139
v   0.007454774914    0.00443567898    0.04244713451
v   0.007454774914   0.005900503975    0.04234002906
v   0.007454774914   0.007357493456    0.04220333977
v   0.007454774914   0.008806066512    0.04203752137
v   0.007454774914    0.01024564224    0.04184302858
v   0.007454774914    0.01167563972    0.04162031613
v   0.007454774914    0.01309547804    0.04136983873
v   0.007454774914    0.01450457631    0.04109205113
v   0.007454774914     0.0159023536    0.04078740804
v   0.007454774914    0.01728822902    0.04045636418
v   0.007454774914    0.01866162165    0.04009937429
v   0.007454774914    0.02002195057    0.03971689308
v   0.007454774914    0.02136863489    0.03930937529
v   0.007454774914    0.02270109369    0.03887727563
v   0.007454774914    0.02401874606    0.03842104884
v   0.007454774914     0.0253210111    0.03794114963
v   0.007454774914    0.02660730789    0.03743803274
v   0.007454774914    0.02787692094    0.03691215258
v   0.007454774914    0.02901755944    0.03633120748
v   0.007454774914     0.0301266364    0.03566487398
v   0.007454774914    0.03119653513    0.03491657718
v   0.007454774914    0.03221950436    0.03408974187
v   0.007454774914    0.03318779282    0.03318779282
v   0.007454774914    0.03408974187    0.03221950436
v   0.007454774914    0.03491657718    0.03119653513
v   0.007454774914    0.03566487398     0.0301266364
v   0.007454774914    0.03633120748    0.02901755944
v   0.007454774914    0.03691215258    0.02787692094
v   0.007454774914    0.03743803274    0.02660730789
v   0.007454774914    0.03794114963     0.0253210111
v   0.007454774914    0.03842104884    0.02401874606
v   0.007454774914    0.03887727563    0.02270109369
v   0.007454774914    0.03930937529    0.02136863489
v   0.007454774914    0.03971689308    0.02002195057
v   0.007454774914    0.04009937429    0.01866162165
v   0.007454774914    0.04045636418    0.01728822902
v   0.007454774914    0.04078740804     0.0159023536
v   0.007454774914    0.04109205113    0.01450457631
v   0.007454774914    0.04136983873    0.01309547804
v   0.007454774914    0.04162031613    0.01167563972
v   0.007454774914    0.04184302858    0.01024564224
v   0.007454774914    0.04203752137   0.008806066512
v   0.007454774914    0.04220333977   0.007357493456
v   0.007454774914    0.04234002906   0.005900503975
v   0.007454774914    0.04244713451    0.00443567898
v   0.007454774914    0.04252420139    0.00296359938
v   0.007454774914    0.04257077499   0.001484846083
v   0.008496799573    0.04314904578                0
v   0.008496799573    0.04313402138  -0.001515445869
v   0.008496799573    0.04308923927  -0.003025071755
v   0.008496799573    0.04301513601  -0.004528316839
v   0.008496799573     0.0429121482  -0.006024620301
v   0.008496799573    0.04278071242  -0.007513421323
v   0.008496799573    0.04262126527  -0.008994159086
v   0.008496799573    0.04243424332   -0.01046627277
v   0.008496799573    0.04222008317   -0.01192920156
v   0.008496799573     0.0419792214   -0.01338238463
v   0.008496799573     0.0417120946   -0.01482526117
v   0.008496799573    0.04141913936   -0.01625727035
v   0.008496799573    0.04110079226   -0.01767785136
v   0.008496799573    0.04075748989   -0.01908644337
v   0.008496799573    0.04038966883   -0.02048248558
v   0.008496799573    0.03999776569   -0.02186541715
v   0.008496799573    0.03958221703   -0.02323467728
v   0.008496799573    0.03914345945   -0.02458970514
v   0.008496799573    0.03868192954   -0.02592993991
v   0.008496799573    0.03819806387   -0.02725482077
v   0.008496799573    0.03769229871   -0.02856363501
v   0.008496799573    0.03712809913   -0.02972973705
v   0.008496799573    0.03647116301   -0.03086316988
v   0.008496799573    0.03572527952   -0.03195543152
v   0.008496799573    0.03489423751   -0.03299786812
v   0.008496799573     0.0339818258    -0.0339818258
v   0.008496799573    0.03299786812   -0.03489423751
v   0.008496799573    0.03195543152   -0.03572527952
v   0.008496799573    0.03086316988   -0.03647116301
v   0.008496799573    0.02972973705   -0.03712809913
v   0.008496799573    0.02856363501   -0.03769229871
v   0.008496799573    0.02725482077   -0.03819806387
v   0.008496799573    0.02592993991   -0.03868192954
v   0.008496799573    0.02458970514   -0.03914345945
v   0.008496799573    0.02323467728   -0.03958221703
v   0.008496799573    0.02186541715   -0.03999776569
v   0.008496799573    0.02048248558   -0.04038966883
v   0.008496799573    0.01908644337   -0.04075748989
v   0.008496799573    0.01767785136   -0.04110079226
v   0.008496799573    0.01625727035   -0.04141913936
v   0.008496799573    0.01482526117    -0.0417120946
v   0.008496799573    0.01338238463    -0.0419792214
v   0.008496799573    0.01192920156   -0.04222008317
v   0.008496799573    0.01046627277   -0.04243424332
v   0.008496799573   0.008994159086   -0.04262126527
v   0.008496799573   0.007513421323   -0.04278071242
v   0.008496799573   0.006024620301    -0.0429121482
v   0.008496799573   0.004528316839   -0.04301513601
v   0.008496799573   0.003025071755   -0.04308923927
v   0.008496799573   0.001515445869   -0.04313402138
v   0.008496799573  3.339435703e-19   -0.04314904578
v   0.008496799573  -0.001515445869   -0.04313402138
v   0.008496799573  -0.003025071755   -0.04308923927
v   0.008496799573  -0.004528316839   -0.04301513601
v   0.008496799573  -0.006024620301    -0.0429121482
v   0.008496799573  -0.007513421323   -0.04278071242
v   0.008496799573  -0.008994159086   -0.04262126527
v   0.008496799573   -0.01046627277   -0.04243424332
v   0.008496799573   -0.01192920156   -0.04222008317
v   0.008496799573   -0.01338238463    -0.0419792214
v   0.008496799573   -0.01482526117    -0.0417120946
v   0.008496799573   -0.01625727035   -0.04141913936
v   0.008496799573   -0.01767785136   -0.04110079226
v   0.008496799573   -0.01908644337   -0.04075748989
v   0.008496799573   -0.02048248558   -0.04038966883
v   0.008496799573   -0.02186541715   -0.03999776569
v   0.008496799573   -0.02323467728   -0.03958221703
v   0.008496799573   -0.02458970514   -0.03914345945
v   0.008496799573   -0.02592993991   -0.03868192954
v   0.008496799573   -0.02725482077   -0.03819806387
v   0.008496799573   -0.02856363501   -0.03769229871
v   0.008496799573   -0.02972973705   -0.03712809913
v   0.008496799573   -0.03086316988   -0.03647116301
v   0.008496799573   -0.03195543152   -0.03572527952
v   0.008496799573   -0.03299786812   -0.03489423751
v   0.008496799573    -0.0339818258    -0.0339818258
v   0.008496799573   -0.03489423751   -0.03299786812
v   0.008496799573   -0.03572527952   -0.03195543152
v   0.008496799573   -0.03647116301   -0.03086316988
v   0.008496799573   -0.03712809913   -0.02972973705
v   0.008496799573   -0.03769229871   -0.02856363501
v   0.008496799573   -0.03819806387   -0.02725482077
v   0.008496799573   -0.03868192954   -0.02592993991
v   0.008496799573   -0.03914345945   -0.02458970514
v   0.008496799573   -0.03958221703   -0.02323467728
v   0.008496799573   -0.03999776569   -0.02186541715
v   0.008496799573   -0.04038966883   -0.02048248558
v   0.008496799573   -0.04075748989   -0.01908644337
v   0.008496799573   -0.04110079226   -0.01767785136
v   0.008496799573   -0.04141913936   -0.01625727035
v   0.008496799573    -0.0417120946   -0.01482526117
v   0.008496799573    -0.0419792214   -0.01338238463
v   0.008496799573   -0.04222008317   -0.01192920156
v   0.008496799573   -0.04243424332   -0.01046627277
v   0.008496799573   -0.04262126527  -0.008994159086
v   0.008496799573   -0.04278071242  -0.007513421323
v   0.008496799573    -0.0429121482  -0.006024620301
v   0.008496799573   -0.04301513601  -0.004528316839
v   0.008496799573   -0.04308923927  -0.003025071755
v   0.008496799573   -0.04313402138  -0.001515445869
v   0.008496799573   -0.04314904578   -1.4248259e-18
v   0.008496799573   -0.04313402138   0.001515445869
v   0.008496799573   -0.04308923927   0.003025071755
v   0.008496799573   -0.04301513601   0.004528316839
v   0.008496799573    -0.0429121482   0.006024620301
v   0.008496799573   -0.04278071242   0.007513421323
v   0.008496799573   -0.04262126527   0.008994159086
v   0.008496799573   -0.04243424332    0.01046627277
v   0.008496799573   -0.04222008317    0.01192920156
v   0.008496799573    -0.0419792214    0.01338238463
v   0.008496799573    -0.0417120946    0.01482526117
v   0.008496799573   -0.04141913936    0.01625727035
v   0.008496799573   -0.04110079226    0.01767785136
v   0.008496799573   -0.04075748989    0.01908644337
v   0.008496799573   -0.04038966883    0.02048248558
v   0.008496799573   -0.03999776569    0.02186541715
v   0.008496799573   -0.03958221703    0.02323467728
v   0.008496799573   -0.03914345945    0.02458970514
v   0.008496799573   -0.03868192954    0.02592993991
v   0.008496799573   -0.03819806387    0.02725482077
v   0.008496799573   -0.03769229871    0.02856363501
v   0.008496799573   -0.03712809913    0.02972973705
v   0.008496799573   -0.03647116301    0.03086316988
v   0.008496799573   -0.03572527952    0.03195543152
v   0.008496799573   -0.03489423751    0.03299786812
v   0.008496799573    -0.0339818258     0.0339818258
v   0.008496799573   -0.03299786812    0.03489423751
v   0.008496799573   -0.03195543152    0.03572527952
v   0.008496799573   -0.03086316988    0.03647116301
v   0.008496799573   -0.02972973705    0.03712809913
v   0.008496799573   -0.02856363501    0.03769229871
v   0.008496799573   -0.02725482077    0.03819806387
v   0.008496799573   -0.02592993991    0.03868192954
v   0.008496799573   -0.02458970514    0.03914345945
v   0.008496799573   -0.02323467728    0.03958221703
v   0.008496799573   -0.02186541715    0.03999776569
v   0.008496799573   -0.02048248558    0.04038966883
v   0.008496799573   -0.01908644337    0.04075748989
v   0.008496799573   -0.01767785136    0.04110079226
v   0.008496799573   -0.01625727035    0.04141913936
v   0.008496799573   -0.01482526117     0.0417120946
v   0.008496799573   -0.01338238463     0.0419792214
v   0.008496799573   -0.01192920156    0.04222008317
v   0.008496799573   -0.01046627277    0.04243424332
v   0.008496799573  -0.008994159086    0.04262126527
v   0.008496799573  -0.007513421323    0.04278071242
v   0.008496799573  -0.006024620301     0.0429121482
v   0.008496799573  -0.004528316839    0.04301513601
v   0.008496799573  -0.003025071755    0.04308923927
v   0.008496799573  -0.001515445869    0.04313402138
v   0.008496799573 -2.863286498e-18    0.04314904578
v   0.008496799573   0.001515445869    0.04313402138
v   0.008496799573   0.003025071755    0.04308923927
v   0.008496799573   0.004528316839    0.04301513601
v   0.008496799573   0.006024620301     0.0429121482
v   0.008496799573   0.007513421323    0.04278071242
v   0.008496799573   0.008994159086    0.04262126527
v   0.008496799573    0.01046627277    0.04243424332
v   0.008496799573    0.01192920156    0.04222008317
v   0.008496799573    0.01338238463     0.0419792214
v   0.008496799573    0.01482526117     0.0417120946
v   0.008496799573    0.01625727035    0.04141913936
v   0.008496799573    0.01767785136    0.04110079226
v   0.008496799573    0.01908644337    0.04075748989
v   0.008496799573    0.02048248558    0.04038966883
v   0.008496799573    0.02186541715    0.03999776569
v   0.008496799573    0.02323467728    0.03958221703
v   0.008496799573    0.02458970514    0.03914345945
v   0.008496799573    0.02592993991    0.03868192954
v   0.008496799573    0.02725482077    0.03819806387
v   0.008496799573    0.02856363501    0.03769229871
v   0.008496799573    0.02972973705    0.03712809913
v   0.008496799573    0.03086316988    0.03647116301
v   0.008496799573    0.03195543152    0.03572527952
v   0.008496799573    0.03299786812    0.03489423751
v   0.008496799573     0.0339818258     0.0339818258
v   0.008496799573    0.03489423751    0.03299786812
v   0.008496799573    0.03572527952    0.03195543152
v   0.008496799573    0.03647116301    0.03086316988
v   0.008496799573    0.03712809913    0.02972973705
v   0.008496799573    0.03769229871    0.02856363501
v   0.008496799573    0.03819806387    0.02725482077
v   0.008496799573    0.03868192954    0.02592993991
v   0.008496799573    0.03914345945    0.02458970514
v   0.008496799573    0.03958221703    0.02323467728
v   0.008496799573    0.03999776569    0.02186541715
v   0.008496799573    0.04038966883    0.02048248558
v   0.008496799573    0.04075748989    0.01908644337
v   0.008496799573    0.04110079226    0.01767785136
v   0.008496799573    0.04141913936    0.01625727035
v   0.008496799573     0.0417120946    0.01482526117
v   0.008496799573     0.0419792214    0.01338238463
v   0.008496799573    0.04222008317    0.01192920156
v   0.008496799573    0.04243424332    0.01046627277
v   0.008496799573    0.04262126527   0.008994159086
v   0.008496799573    0.04278071242   0.007513421323
v   0.008496799573     0.0429121482   0.006024620301
v   0.008496799573    0.04301513601   0.004528316839
v   0.008496799573    0.04308923927   0.003025071755
v   0.008496799573    0.04313402138   0.001515445869
v    0.00960084117    0.04369111369                0
v    0.00960084117    0.04367673626  -0.001545911178
v    0.00960084117    0.04363388209  -0.003086287169
v    0.00960084117    0.04356296841  -0.004620589291
v    0.00960084117    0.04346441243  -0.006148278861
v    0.00960084117    0.04333863137  -0.007668817197
v    0.00960084117    0.04318604244  -0.009181665616
v    0.00960084117    0.04300706285   -0.01068628544
v    0.00960084117    0.04280210982   -0.01218213797
v    0.00960084117    0.04257160057   -0.01366868454
v    0.00960084117    0.04231595231   -0.01514538647
v    0.00960084117    0.04203558225   -0.01661170506
v    0.00960084117    0.04173090761   -0.01806710164
v    0.00960084117    0.04140234561   -0.01951103753
v    0.00960084117    0.04105031346   -0.02094297403
v    0.00960084117    0.04067522838   -0.02236237248
v    0.00960084117    0.04027750757   -0.02376869418
v    0.00960084117    0.03985756826   -0.02516140046
v    0.00960084117    0.03941582766   -0.02653995262
v    0.00960084117    0.03895270298     -0.027903812
v    0.00960084117    0.03846861106   -0.02925226999
v    0.00960084117    0.03792261661   -0.03044376251
v    0.00960084117    0.03727628167   -0.03160146089
v    0.00960084117    0.03653377334    -0.0327159443
v    0.00960084117    0.03569925831     -0.033777622
v    0.00960084117    0.03477690327   -0.03477690327
v    0.00960084117      0.033777622   -0.03569925831
v    0.00960084117     0.0327159443   -0.03653377334
v    0.00960084117    0.03160146089   -0.03727628167
v    0.00960084117    0.03044376251   -0.03792261661
v    0.00960084117    0.02925226999   -0.03846861106
v    0.00960084117      0.027903812   -0.03895270298
v    0.00960084117    0.02653995262   -0.03941582766
v    0.00960084117    0.02516140046   -0.03985756826
v    0.00960084117    0.02376869418   -0.04027750757
v    0.00960084117    0.02236237248   -0.04067522838
v    0.00960084117    0.02094297403   -0.04105031346
v    0.00960084117    0.01951103753   -0.04140234561
v    0.00960084117    0.01806710164   -0.04173090761
v    0.00960084117    0.01661170506   -0.04203558225
v    0.00960084117    0.01514538647   -0.04231595231
v    0.00960084117    0.01366868454   -0.04257160057
v    0.00960084117    0.01218213797   -0.04280210982
v    0.00960084117    0.01068628544   -0.04300706285
v    0.00960084117   0.009181665616   -0.04318604244
v    0.00960084117   0.007668817197   -0.04333863137
v    0.00960084117   0.006148278861   -0.04346441243
v    0.00960084117   0.004620589291   -0.04356296841
v    0.00960084117   0.003086287169   -0.04363388209
v    0.00960084117   0.001545911178   -0.04367673626
v    0.00960084117  3.265128991e-19   -0.04369111369
v    0.00960084117  -0.001545911178   -0.04367673626
v    0.00960084117  -0.003086287169   -0.04363388209
v    0.00960084117  -0.004620589291   -0.04356296841
v    0.00960084117  -0.006148278861   -0.04346441243
v    0.00960084117  -0.007668817197   -0.04333863137
v    0.00960084117  -0.009181665616   -0.04318604244
v    0.00960084117   -0.01068628544   -0.04300706285
v    0.00960084117   -0.01218213797   -0.04280210982
v    0.00960084117   -0.01366868454   -0.04257160057
v    0.00960084117   -0.01514538647   -0.04231595231
v    0.00960084117   -0.01661170506   -0.04203558225
v    0.00960084117   -0.01806710164   -0.04173090761
v    0.00960084117   -0.01951103753   -0.04140234561
v    0.00960084117   -0.02094297403   -0.04105031346
v    0.00960084117   -0.02236237248   -0.04067522838
v    0.00960084117   -0.02376869418   -0.04027750757
v    0.00960084117   -0.02516140046   -0.03985756826
v    0.00960084117   -0.02653995262   -0.03941582766
v    0.00960084117     -0.027903812   -0.03895270298
v    0.00960084117   -0.02925226999   -0.03846861106
v    0.00960084117   -0.03044376251   -0.03792261661
v    0.00960084117   -0.03160146089   -0.03727628167
v    0.00960084117    -0.0327159443   -0.03653377334
v    0.00960084117     -0.033777622   -0.03569925831
v    0.00960084117   -0.03477690327   -0.03477690327
v    0.00960084117   -0.03569925831     -0.033777622
v    0.00960084117   -0.03653377334    -0.0327159443
v    0.00960084117   -0.03727628167   -0.03160146089
v    0.00960084117   -0.03792261661   -0.03044376251
v    0.00960084117   -0.03846861106   -0.02925226999
v    0.00960084117   -0.03895270298     -0.027903812
v    0.00960084117   -0.03941582766   -0.02653995262
v    0.00960084117   -0.03985756826   -0.02516140046
v    0.00960084117   -0.04027750757   -0.02376869418
v    0.00960084117   -0.04067522838   -0.02236237248
v    0.00960084117   -0.04105031346   -0.02094297403
v    0.00960084117   -0.04140234561   -0.01951103753
v    0.00960084117   -0.04173090761   -0.01806710164
v    0.00960084117   -0.04203558225   -0.01661170506
v    0.00960084117   -0.04231595231   -0.01514538647
v    0.00960084117   -0.04257160057   -0.01366868454
v    0.00960084117   -0.04280210982   -0.01218213797
v    0.00960084117   -0.04300706285   -0.01068628544
v    0.00960084117   -0.04318604244  -0.009181665616
v    0.00960084117   -0.04333863137  -0.007668817197
v    0.00960084117   -0.04346441243  -0.006148278861
v    0.00960084117   -0.04356296841  -0.004620589291
v    0.00960084117   -0.04363388209  -0.003086287169
v    0.00960084117   -0.04367673626  -0.001545911178
v    0.00960084117   -0.04369111369 -1.393121703e-18
v    0.00960084117   -0.04367673626   0.001545911178
v    0.00960084117   -0.04363388209   0.003086287169
v    0.00960084117   -0.04356296841   0.004620589291
v    0.00960084117   -0.04346441243   0.006148278861
v    0.00960084117   -0.04333863137   0.007668817197
v    0.00960084117   -0.04318604244   0.009181665616
v    0.00960084117   -0.04300706285    0.01068628544
v    0.00960084117   -0.04280210982    0.01218213797
v    0.00960084117   -0.04257160057    0.01366868454
v    0.00960084117   -0.04231595231    0.01514538647
v    0.00960084117   -0.04203558225    0.01661170506
v    0.00960084117   -0.04173090761    0.01806710164
v    0.00960084117   -0.04140234561    0.01951103753
v    0.00960084117   -0.04105031346    0.02094297403
v    0.00960084117   -0.04067522838    0.02236237248
v    0.00960084117   -0.04027750757    0.02376869418
v    0.00960084117   -0.03985756826    0.02516140046
v    0.00960084117   -0.03941582766    0.02653995262
v    0.00960084117   -0.03895270298      0.027903812
v    0.00960084117   -0.03846861106    0.02925226999
v    0.00960084117   -0.03792261661    0.03044376251
v    0.00960084117   -0.03727628167    0.03160146089
v    0.00960084117   -0.03653377334     0.0327159443
v    0.00960084117   -0.03569925831      0.033777622
v    0.00960084117   -0.03477690327    0.03477690327
v    0.00960084117     -0.033777622    0.03569925831
v    0.00960084117    -0.0327159443    0.03653377334
v    0.00960084117   -0.03160146089    0.03727628167
v    0.00960084117   -0.03044376251    0.03792261661
v    0.00960084117   -0.02925226999    0.03846861106
v    0.00960084117     -0.027903812    0.03895270298
v    0.00960084117   -0.02653995262    0.03941582766
v    0.00960084117   -0.02516140046    0.03985756826
v    0.00960084117   -0.02376869418    0.04027750757
v    0.00960084117   -0.02236237248    0.04067522838
v    0.00960084117   -0.02094297403    0.04105031346
v    0.00960084117   -0.01951103753    0.04140234561
v    0.00960084117   -0.01806710164    0.04173090761
v    0.00960084117   -0.01661170506    0.04203558225
v    0.00960084117   -0.01514538647    0.04231595231
v    0.00960084117   -0.01366868454    0.04257160057
v    0.00960084117   -0.01218213797    0.04280210982
v    0.00960084117   -0.01068628544    0.04300706285
v    0.00960084117  -0.009181665616    0.04318604244
v    0.00960084117  -0.007668817197    0.04333863137
v    0.00960084117  -0.006148278861    0.04346441243
v    0.00960084117  -0.004620589291    0.04356296841
v    0.00960084117  -0.003086287169    0.04363388209
v    0.00960084117  -0.001545911178    0.04367673626
v    0.00960084117 -2.799574714e-18    0.04369111369
v    0.00960084117   0.001545911178    0.04367673626
v    0.00960084117   0.003086287169    0.04363388209
v    0.00960084117   0.004620589291    0.04356296841
v    0.00960084117   0.006148278861    0.04346441243
v    0.00960084117   0.007668817197    0.04333863137
v    0.00960084117   0.009181665616    0.04318604244
v    0.00960084117    0.01068628544    0.04300706285
v    0.00960084117    0.01218213797    0.04280210982
v    0.00960084117    0.01366868454    0.04257160057
v    0.00960084117    0.01514538647    0.04231595231
v    0.00960084117    0.01661170506    0.04203558225
v    0.00960084117    0.01806710164    0.04173090761
v    0.00960084117    0.01951103753    0.04140234561
v    0.00960084117    0.02094297403    0.04105031346
v    0.00960084117    0.02236237248    0.04067522838
v    0.00960084117    0.02376869418    0.04027750757
v    0.00960084117    0.02516140046    0.03985756826
v    0.00960084117    0.02653995262    0.03941582766
v    0.00960084117      0.027903812    0.03895270298
v    0.00960084117    0.02925226999    0.03846861106
v    0.00960084117    0.03044376251    0.03792261661
v    0.00960084117    0.03160146089    0.03727628167
v    0.00960084117     0.0327159443    0.03653377334
v    0.00960084117      0.033777622    0.03569925831
v    0.00960084117    0.03477690327    0.03477690327
v    0.00960084117    0.03569925831      0.033777622
v    0.00960084117    0.03653377334     0.0327159443
v    0.00960084117    0.03727628167    0.03160146089
v    0.00960084117    0.03792261661    0.03044376251
v    0.00960084117    0.03846861106    0.02925226999
v    0.00960084117    0.03895270298      0.027903812
v    0.00960084117    0.03941582766    0.02653995262
v    0.00960084117    0.03985756826    0.02516140046
v    0.00960084117    0.04027750757    0.02376869418
v    0.00960084117    0.04067522838    0.02236237248
v    0.00960084117    0.04105031346    0.02094297403
v    0.00960084117    0.04140234561    0.01951103753
v    0.00960084117    0.04173090761    0.01806710164
v    0.00960084117    0.04203558225    0.01661170506
v    0.00960084117    0.04231595231    0.01514538647
v    0.00960084117    0.04257160057    0.01366868454
v    0.00960084117    0.04280210982    0.01218213797
v    0.00960084117    0.04300706285    0.01068628544
v    0.00960084117    0.04318604244   0.009181665616
v    0.00960084117    0.04333863137   0.007668817197
v    0.00960084117    0.04346441243   0.006148278861
v    0.00960084117    0.04356296841   0.004620589291
v    0.00960084117    0.04363388209   0.003086287169
v    0.00960084117    0.04367673626   0.001545911178
v     0.0107633724     0.0442119355                0
v     0.0107633724    0.04419824525   -0.00157613558
v     0.0107633724    0.04415743902  -0.003147030876
v     0.0107633724    0.04408991355  -0.004712171166
v     0.0107633724    0.04399606564  -0.006271041729
v     0.0107633724    0.04387629203  -0.007823127841
v     0.0107633724    0.04373098949  -0.009367914782
v     0.0107633724    0.04356055479   -0.01090488783
v     0.0107633724     0.0433653847   -0.01243353226
v     0.0107633724    0.04314587598   -0.01395333335
v     0.0107633724     0.0429024254   -0.01546377638
v     0.0107633724    0.04263542971   -0.01696434663
v     0.0107633724     0.0423452857   -0.01845452938
v     0.0107633724    0.04203239012    -0.0199338099
v     0.0107633724    0.04169713973   -0.02140167347
v     0.0107633724    0.04133993132   -0.02285760537
v     0.0107633724    0.04096116163   -0.02430109088
v     0.0107633724    0.04056122744   -0.02573161527
v     0.0107633724    0.04014052551   -0.02714866382
v     0.0107633724     0.0396994526   -0.02855172182
v     0.0107633724    0.03923840506   -0.02994008606
v     0.0107633724      0.038711908   -0.03115680466
v     0.0107633724     0.0380772568   -0.03233859237
v     0.0107633724    0.03733900788   -0.03347508167
v     0.0107633724    0.03650171726   -0.03455571652
v     0.0107633724    0.03556994093   -0.03556994093
v     0.0107633724    0.03455571652   -0.03650171726
v     0.0107633724    0.03347508167   -0.03733900788
v     0.0107633724    0.03233859237    -0.0380772568
v     0.0107633724    0.03115680466     -0.038711908
v     0.0107633724    0.02994008606   -0.03923840506
v     0.0107633724    0.02855172182    -0.0396994526
v     0.0107633724    0.02714866382   -0.04014052551
v     0.0107633724    0.02573161527   -0.04056122744
v     0.0107633724    0.02430109088   -0.04096116163
v     0.0107633724    0.02285760537   -0.04133993132
v     0.0107633724    0.02140167347   -0.04169713973
v     0.0107633724     0.0199338099   -0.04203239012
v     0.0107633724    0.01845452938    -0.0423452857
v     0.0107633724    0.01696434663   -0.04263542971
v     0.0107633724    0.01546377638    -0.0429024254
v     0.0107633724    0.01395333335   -0.04314587598
v     0.0107633724    0.01243353226    -0.0433653847
v     0.0107633724    0.01090488783   -0.04356055479
v     0.0107633724   0.009367914782   -0.04373098949
v     0.0107633724   0.007823127841   -0.04387629203
v     0.0107633724   0.006271041729   -0.04399606564
v     0.0107633724   0.004712171166   -0.04408991355
v     0.0107633724   0.003147030876   -0.04415743902
v     0.0107633724    0.00157613558   -0.04419824525
v     0.0107633724  3.170744641e-19    -0.0442119355
v     0.0107633724   -0.00157613558   -0.04419824525
v     0.0107633724  -0.003147030876   -0.04415743902
v     0.0107633724  -0.004712171166   -0.04408991355
v     0.0107633724  -0.006271041729   -0.04399606564
v     0.0107633724  -0.007823127841   -0.04387629203
v     0.0107633724  -0.009367914782   -0.04373098949
v     0.0107633724   -0.01090488783   -0.04356055479
v     0.0107633724   -0.01243353226    -0.0433653847
v     0.0107633724   -0.01395333335   -0.04314587598
v     0.0107633724   -0.01546377638    -0.0429024254
v     0.0107633724   -0.01696434663   -0.04263542971
v     0.0107633724   -0.01845452938    -0.0423452857
v     0.0107633724    -0.0199338099   -0.04203239012
v     0.0107633724   -0.02140167347   -0.04169713973
v     0.0107633724   -0.02285760537   -0.04133993132
v     0.0107633724   -0.02430109088   -0.04096116163
v     0.0107633724   -0.02573161527   -0.04056122744
v     0.0107633724   -0.02714866382   -0.04014052551
v     0.0107633724   -0.02855172182    -0.0396994526
v     0.0107633724   -0.02994008606   -0.03923840506
v     0.0107633724   -0.03115680466     -0.038711908
v     0.0107633724   -0.03233859237    -0.0380772568
v     0.0107633724   -0.03347508167   -0.03733900788
v     0.0107633724   -0.03455571652   -0.03650171726
v     0.0107633724   -0.03556994093   -0.03556994093
v     0.0107633724   -0.03650171726   -0.03455571652
v     0.0107633724   -0.03733900788   -0.03347508167
v     0.0107633724    -0.0380772568   -0.03233859237
v     0.0107633724     -0.038711908   -0.03115680466
v     0.0107633724   -0.03923840506   -0.02994008606
v     0.0107633724    -0.0396994526   -0.02855172182
v     0.0107633724   -0.04014052551   -0.02714866382
v     0.0107633724   -0.04056122744   -0.02573161527
v     0.0107633724   -0.04096116163   -0.02430109088
v     0.0107633724   -0.04133993132   -0.02285760537
v     0.0107633724   -0.04169713973   -0.02140167347
v     0.0107633724   -0.04203239012    -0.0199338099
v     0.0107633724    -0.0423452857   -0.01845452938
v     0.0107633724   -0.04263542971   -0.01696434663
v     0.0107633724    -0.0429024254   -0.01546377638
v     0.0107633724   -0.04314587598   -0.01395333335
v     0.0107633724    -0.0433653847   -0.01243353226
v     0.0107633724   -0.04356055479   -0.01090488783
v     0.0107633724   -0.04373098949  -0.009367914782
v     0.0107633724   -0.04387629203  -0.007823127841
v     0.0107633724   -0.04399606564  -0.006271041729
v     0.0107633724   -0.04408991355  -0.004712171166
v     0.0107633724   -0.04415743902  -0.003147030876
v     0.0107633724   -0.04419824525   -0.00157613558
v     0.0107633724    -0.0442119355 -1.352851047e-18
v     0.0107633724   -0.04419824525    0.00157613558
v     0.0107633724   -0.04415743902   0.003147030876
v     0.0107633724   -0.04408991355   0.004712171166
v     0.0107633724   -0.04399606564   0.006271041729
v     0.0107633724   -0.04387629203   0.007823127841
v     0.0107633724   -0.04373098949   0.009367914782
v     0.0107633724   -0.04356055479    0.01090488783
v     0.0107633724    -0.0433653847    0.01243353226
v     0.0107633724   -0.04314587598    0.01395333335
v     0.0107633724    -0.0429024254    0.01546377638
v     0.0107633724   -0.04263542971    0.01696434663
v     0.0107633724    -0.0423452857    0.01845452938
v     0.0107633724   -0.04203239012     0.0199338099
v     0.0107633724   -0.04169713973    0.02140167347
v     0.0107633724   -0.04133993132    0.02285760537
v     0.0107633724   -0.04096116163    0.02430109088
v     0.0107633724   -0.04056122744    0.02573161527
v     0.0107633724   -0.04014052551    0.02714866382
v     0.0107633724    -0.0396994526    0.02855172182
v     0.0107633724   -0.03923840506    0.02994008606
v     0.0107633724     -0.038711908    0.03115680466
v     0.0107633724    -0.0380772568    0.03233859237
v     0.0107633724   -0.03733900788    0.03347508167
v     0.0107633724   -0.03650171726    0.03455571652
v     0.0107633724   -0.03556994093    0.03556994093
v     0.0107633724   -0.03455571652    0.03650171726
v     0.0107633724   -0.03347508167    0.03733900788
v     0.0107633724   -0.03233859237     0.0380772568
v     0.0107633724   -0.03115680466      0.038711908
v     0.0107633724   -0.02994008606    0.03923840506
v     0.0107633724   -0.02855172182     0.0396994526
v     0.0107633724   -0.02714866382    0.04014052551
v     0.0107633724   -0.02573161527    0.04056122744
v     0.0107633724   -0.02430109088    0.04096116163
v     0.0107633724   -0.02285760537    0.04133993132
v     0.0107633724   -0.02140167347    0.04169713973
v     0.0107633724    -0.0199338099    0.04203239012
v     0.0107633724   -0.01845452938     0.0423452857
v     0.0107633724   -0.01696434663    0.04263542971
v     0.0107633724   -0.01546377638     0.0429024254
v     0.0107633724   -0.01395333335    0.04314587598
v     0.0107633724   -0.01243353226     0.0433653847
v     0.0107633724   -0.01090488783    0.04356055479
v     0.0107633724  -0.009367914782    0.04373098949
v     0.0107633724  -0.007823127841    0.04387629203
v     0.0107633724  -0.006271041729    0.04399606564
v     0.0107633724  -0.004712171166    0.04408991355
v     0.0107633724  -0.003147030876    0.04415743902
v     0.0107633724   -0.00157613558    0.04419824525
v     0.0107633724 -2.718648037e-18     0.0442119355
v     0.0107633724    0.00157613558    0.04419824525
v     0.0107633724   0.003147030876    0.04415743902
v     0.0107633724   0.004712171166    0.04408991355
v     0.0107633724   0.006271041729    0.04399606564
v     0.0107633724   0.007823127841    0.04387629203
v     0.0107633724   0.009367914782    0.04373098949
v     0.0107633724    0.01090488783    0.04356055479
v     0.0107633724    0.01243353226     0.0433653847
v     0.0107633724    0.01395333335    0.04314587598
v     0.0107633724    0.01546377638     0.0429024254
v     0.0107633724    0.01696434663    0.04263542971
v     0.0107633724    0.01845452938     0.0423452857
v     0.0107633724     0.0199338099    0.04203239012
v     0.0107633724    0.02140167347    0.04169713973
v     0.0107633724    0.02285760537    0.04133993132
v     0.0107633724    0.02430109088    0.04096116163
v     0.0107633724    0.02573161527    0.04056122744
v     0.0107633724    0.02714866382    0.04014052551
v     0.0107633724    0.02855172182     0.0396994526
v     0.0107633724    0.02994008606    0.03923840506
v     0.0107633724    0.03115680466      0.038711908
v     0.0107633724    0.03233859237     0.0380772568
v     0.0107633724    0.03347508167    0.03733900788
v     0.0107633724    0.03455571652    0.03650171726
v     0.0107633724    0.03556994093    0.03556994093
v     0.0107633724    0.03650171726    0.03455571652
v     0.0107633724    0.03733900788    0.03347508167
v     0.0107633724     0.0380772568    0.03233859237
v     0.0107633724      0.038711908    0.03115680466
v     0.0107633724    0.03923840506    0.02994008606
v     0.0107633724     0.0396994526    0.02855172182
v     0.0107633724    0.04014052551    0.02714866382
v     0.0107633724    0.04056122744    0.02573161527
v     0.0107633724    0.04096116163    0.02430109088
v     0.0107633724    0.04133993132    0.02285760537
v     0.0107633724    0.04169713973    0.02140167347
v     0.0107633724    0.04203239012     0.0199338099
v     0.0107633724     0.0423452857    0.01845452938
v     0.0107633724    0.04263542971    0.01696434663
v     0.0107633724     0.0429024254    0.01546377638
v     0.0107633724    0.04314587598    0.01395333335
v     0.0107633724     0.0433653847    0.01243353226
v     0.0107633724    0.04356055479    0.01090488783
v     0.0107633724    0.04373098949   0.009367914782
v     0.0107633724    0.04387629203   0.007823127841
v     0.0107633724    0.04399606564   0.006271041729
v     0.0107633724    0.04408991355   0.004712171166
v     0.0107633724    0.04415743902   0.003147030876
v     0.0107633724    0.04419824525    0.00157613558
v    0.01198052081     0.0447109061                0
v    0.01198052081     0.0446979374  -0.001606010244
v    0.01198052081    0.04465928156  -0.003207083225
v    0.01198052081      0.044595314  -0.004802729772
v    0.01198052081     0.0445064101  -0.006392460709
v    0.01198052081    0.04439294529  -0.007975786864
v    0.01198052081    0.04425529495  -0.009552219064
v    0.01198052081    0.04409383451   -0.01112126814
v    0.01198052081    0.04390893936    -0.0126824449
v    0.01198052081    0.04370098491    -0.0142352602
v    0.01198052081    0.04347034656   -0.01577922484
v    0.01198052081    0.04321739971   -0.01731384967
v    0.01198052081    0.04294251978    -0.0188386455
v    0.01198052081    0.04264608217   -0.02035312316
v    0.01198052081    0.04232846228   -0.02185679347
v    0.01198052081    0.04199003551   -0.02334916728
v    0.01198052081    0.04163117728   -0.02482975539
v    0.01198052081    0.04125226298   -0.02629806865
v    0.01198052081    0.04085366802   -0.02775361787
v    0.01198052081    0.04043576781   -0.02919591388
v    0.01198052081    0.03999893728   -0.03062426002
v    0.01198052081    0.03949305211   -0.03186594673
v    0.01198052081    0.03887103775   -0.03307155966
v    0.01198052081    0.03813784895   -0.03422976272
v    0.01198052081    0.03729843997   -0.03532901238
v    0.01198052081     0.0363577651    -0.0363577651
v    0.01198052081    0.03532901238   -0.03729843997
v    0.01198052081    0.03422976272   -0.03813784895
v    0.01198052081    0.03307155966   -0.03887103775
v    0.01198052081    0.03186594673   -0.03949305211
v    0.01198052081    0.03062426002   -0.03999893728
v    0.01198052081    0.02919591388   -0.04043576781
v    0.01198052081    0.02775361787   -0.04085366802
v    0.01198052081    0.02629806865   -0.04125226298
v    0.01198052081    0.02482975539   -0.04163117728
v    0.01198052081    0.02334916728   -0.04199003551
v    0.01198052081    0.02185679347   -0.04232846228
v    0.01198052081    0.02035312316   -0.04264608217
v    0.01198052081     0.0188386455   -0.04294251978
v    0.01198052081    0.01731384967   -0.04321739971
v    0.01198052081    0.01577922484   -0.04347034656
v    0.01198052081     0.0142352602   -0.04370098491
v    0.01198052081     0.0126824449   -0.04390893936
v    0.01198052081    0.01112126814   -0.04409383451
v    0.01198052081   0.009552219064   -0.04425529495
v    0.01198052081   0.007975786864   -0.04439294529
v    0.01198052081   0.006392460709    -0.0445064101
v    0.01198052081   0.004802729772     -0.044595314
v    0.01198052081   0.003207083225   -0.04465928156
v    0.01198052081   0.001606010244    -0.0446979374
v    0.01198052081  3.058170322e-19    -0.0447109061
v    0.01198052081  -0.001606010244    -0.0446979374
v    0.01198052081  -0.003207083225   -0.04465928156
v    0.01198052081  -0.004802729772     -0.044595314
v    0.01198052081  -0.006392460709    -0.0445064101
v    0.01198052081  -0.007975786864   -0.04439294529
v    0.01198052081  -0.009552219064   -0.04425529495
v    0.01198052081   -0.01112126814   -0.04409383451
v    0.01198052081    -0.0126824449   -0.04390893936
v    0.01198052081    -0.0142352602   -0.04370098491
v    0.01198052081   -0.01577922484   -0.04347034656
v    0.01198052081   -0.01731384967   -0.04321739971
v    0.01198052081    -0.0188386455   -0.04294251978
v    0.01198052081   -0.02035312316   -0.04264608217
v    0.01198052081   -0.02185679347   -0.04232846228
v    0.01198052081   -0.02334916728   -0.04199003551
v    0.01198052081   -0.02482975539   -0.04163117728
v    0.01198052081   -0.02629806865   -0.04125226298
v    0.01198052081   -0.02775361787   -0.04085366802
v    0.01198052081   -0.02919591388   -0.04043576781
v    0.01198052081   -0.03062426002   -0.03999893728
v    0.01198052081   -0.03186594673   -0.03949305211
v    0.01198052081   -0.03307155966   -0.03887103775
v    0.01198052081   -0.03422976272   -0.03813784895
v    0.01198052081   -0.03532901238   -0.03729843997
v    0.01198052081    -0.0363577651    -0.0363577651
v    0.01198052081   -0.03729843997   -0.03532901238
v    0.01198052081   -0.03813784895   -0.03422976272
v    0.01198052081   -0.03887103775   -0.03307155966
v    0.01198052081   -0.03949305211   -0.03186594673
v    0.01198052081   -0.03999893728   -0.03062426002
v    0.01198052081   -0.04043576781   -0.02919591388
v    0.01198052081   -0.04085366802   -0.02775361787
v    0.01198052081   -0.04125226298   -0.02629806865
v    0.01198052081   -0.04163117728   -0.02482975539
v    0.01198052081   -0.04199003551   -0.02334916728
v    0.01198052081   -0.04232846228   -0.02185679347
v    0.01198052081   -0.04264608217   -0.02035312316
v    0.01198052081   -0.04294251978    -0.0188386455
v    0.01198052081   -0.04321739971   -0.01731384967
v    0.01198052081   -0.04347034656   -0.01577922484
v    0.01198052081   -0.04370098491    -0.0142352602
v    0.01198052081   -0.04390893936    -0.0126824449
v    0.01198052081   -0.04409383451   -0.01112126814
v    0.01198052081   -0.04425529495  -0.009552219064
v    0.01198052081   -0.04439294529  -0.007975786864
v    0.01198052081    -0.0445064101  -0.006392460709
v    0.01198052081     -0.044595314  -0.004802729772
v    0.01198052081   -0.04465928156  -0.003207083225
v    0.01198052081    -0.0446979374  -0.001606010244
v    0.01198052081    -0.0447109061 -1.304819337e-18
v    0.01198052081    -0.0446979374   0.001606010244
v    0.01198052081   -0.04465928156   0.003207083225
v    0.01198052081     -0.044595314   0.004802729772
v    0.01198052081    -0.0445064101   0.006392460709
v    0.01198052081   -0.04439294529   0.007975786864
v    0.01198052081   -0.04425529495   0.009552219064
v    0.01198052081   -0.04409383451    0.01112126814
v    0.01198052081   -0.04390893936     0.0126824449
v    0.01198052081   -0.04370098491     0.0142352602
v    0.01198052081   -0.04347034656    0.01577922484
v    0.01198052081   -0.04321739971    0.01731384967
v    0.01198052081   -0.04294251978     0.0188386455
v    0.01198052081   -0.04264608217    0.02035312316
v    0.01198052081   -0.04232846228    0.02185679347
v    0.01198052081   -0.04199003551    0.02334916728
v    0.01198052081   -0.04163117728    0.02482975539
v    0.01198052081   -0.04125226298    0.02629806865
v    0.01198052081   -0.04085366802    0.02775361787
v    0.01198052081   -0.04043576781    0.02919591388
v    0.01198052081   -0.03999893728    0.03062426002
v    0.01198052081   -0.03949305211    0.03186594673
v    0.01198052081   -0.03887103775    0.03307155966
v    0.01198052081   -0.03813784895    0.03422976272
v    0.01198052081   -0.03729843997    0.03532901238
v    0.01198052081    -0.0363577651     0.0363577651
v    0.01198052081   -0.03532901238    0.03729843997
v    0.01198052081   -0.03422976272    0.03813784895
v    0.01198052081   -0.03307155966    0.03887103775
v    0.01198052081   -0.03186594673    0.03949305211
v    0.01198052081   -0.03062426002    0.03999893728
v    0.01198052081   -0.02919591388    0.04043576781
v    0.01198052081   -0.02775361787    0.04085366802
v    0.01198052081   -0.02629806865    0.04125226298
v    0.01198052081   -0.02482975539    0.04163117728
v    0.01198052081   -0.02334916728    0.04199003551
v    0.01198052081   -0.02185679347    0.04232846228
v    0.01198052081   -0.02035312316    0.04264608217
v    0.01198052081    -0.0188386455    0.04294251978
v    0.01198052081   -0.01731384967    0.04321739971
v    0.01198052081   -0.01577922484    0.04347034656
v    0.01198052081    -0.0142352602    0.04370098491
v    0.01198052081    -0.0126824449    0.04390893936
v    0.01198052081   -0.01112126814    0.04409383451
v    0.01198052081  -0.009552219064    0.04425529495
v    0.01198052081  -0.007975786864    0.04439294529
v    0.01198052081  -0.006392460709     0.0445064101
v    0.01198052081  -0.004802729772      0.044595314
v    0.01198052081  -0.003207083225    0.04465928156
v    0.01198052081  -0.001606010244     0.0446979374
v    0.01198052081 -2.622124984e-18     0.0447109061
v    0.01198052081   0.001606010244     0.0446979374
v    0.01198052081   0.003207083225    0.04465928156
v    0.01198052081   0.004802729772      0.044595314
v    0.01198052081   0.006392460709     0.0445064101
v    0.01198052081   0.007975786864    0.04439294529
v    0.01198052081   0.009552219064    0.04425529495
v    0.01198052081    0.01112126814    0.04409383451
v    0.01198052081     0.0126824449    0.04390893936
v    0.01198052081     0.0142352602    0.04370098491
v    0.01198052081    0.01577922484    0.04347034656
v    0.01198052081    0.01731384967    0.04321739971
v    0.01198052081     0.0188386455    0.04294251978
v    0.01198052081    0.02035312316    0.04264608217
v    0.01198052081    0.02185679347    0.04232846228
v    0.01198052081    0.02334916728    0.04199003551
v    0.01198052081    0.02482975539    0.04163117728
v    0.01198052081    0.02629806865    0.04125226298
v    0.01198052081    0.02775361787    0.04085366802
v    0.01198052081    0.02919591388    0.04043576781
v    0.01198052081    0.03062426002    0.03999893728
v    0.01198052081    0.03186594673    0.03949305211
v    0.01198052081    0.03307155966    0.03887103775
v    0.01198052081    0.03422976272    0.03813784895
v    0.01198052081    0.03532901238    0.03729843997
v    0.01198052081     0.0363577651     0.0363577651
v    0.01198052081    0.03729843997    0.03532901238
v    0.01198052081    0.03813784895    0.03422976272
v    0.01198052081    0.03887103775    0.03307155966
v    0.01198052081    0.03949305211    0.03186594673
v    0.01198052081    0.03999893728    0.03062426002
v    0.01198052081    0.04043576781    0.02919591388
v    0.01198052081    0.04085366802    0.02775361787
v    0.01198052081    0.04125226298    0.02629806865
v    0.01198052081    0.04163117728    0.02482975539
v    0.01198052081    0.04199003551    0.02334916728
v    0.01198052081    0.04232846228    0.02185679347
v    0.01198052081    0.04264608217    0.02035312316
v    0.01198052081    0.04294251978     0.0188386455
v    0.01198052081    0.04321739971    0.01731384967
v    0.01198052081    0.04347034656    0.01577922484
v    0.01198052081    0.04370098491     0.0142352602
v    0.01198052081    0.04390893936     0.0126824449
v    0.01198052081    0.04409383451    0.01112126814
v    0.01198052081    0.04425529495   0.009552219064
v    0.01198052081    0.04439294529   0.007975786864
v    0.01198052081     0.0445064101   0.006392460709
v    0.01198052081      0.044595314   0.004802729772
v    0.01198052081    0.04465928156   0.003207083225
v    0.01198052081     0.0446979374   0.001606010244
v    0.01324811656    0.04518748731                0
v    0.01324811656    0.04517526837  -0.001635425014
v    0.01324811656     0.0451388471   -0.00326622184
v    0.01324811656     0.0450785768  -0.004891928193
v    0.01324811656    0.04499481077  -0.006512081791
v    0.01324811656    0.04488790232  -0.008126220348
v    0.01324811656    0.04475820476  -0.009733881582
v    0.01324811656    0.04460607139   -0.01133460321
v    0.01324811656    0.04443185552   -0.01292792294
v    0.01324811656    0.04423591045    -0.0145133785
v    0.01324811656    0.04401858949    -0.0160905076
v    0.01324811656    0.04378024594   -0.01765884796
v    0.01324811656    0.04352123311   -0.01921793728
v    0.01324811656    0.04324190431    -0.0207673133
v    0.01324811656    0.04294261284   -0.02230651372
v    0.01324811656      0.042623712   -0.02383507626
v    0.01324811656    0.04228555511   -0.02535253864
v    0.01324811656    0.04192849546   -0.02685843858
v    0.01324811656    0.04155288637   -0.02835231378
v    0.01324811656    0.04115908113   -0.02983370196
v    0.01324811656    0.04074743255   -0.03130191402
v    0.01324811656    0.04026308753   -0.03256821605
v    0.01324811656    0.03965452702   -0.03379730099
v    0.01324811656    0.03892711044   -0.03497684874
v    0.01324811656    0.03808619674   -0.03609431235
v    0.01324811656    0.03713714486   -0.03713714486
v    0.01324811656    0.03609431235   -0.03808619674
v    0.01324811656    0.03497684874   -0.03892711044
v    0.01324811656    0.03379730099   -0.03965452702
v    0.01324811656    0.03256821605   -0.04026308753
v    0.01324811656    0.03130191402   -0.04074743255
v    0.01324811656    0.02983370196   -0.04115908113
v    0.01324811656    0.02835231378   -0.04155288637
v    0.01324811656    0.02685843858   -0.04192849546
v    0.01324811656    0.02535253864   -0.04228555511
v    0.01324811656    0.02383507626     -0.042623712
v    0.01324811656    0.02230651372   -0.04294261284
v    0.01324811656     0.0207673133   -0.04324190431
v    0.01324811656    0.01921793728   -0.04352123311
v    0.01324811656    0.01765884796   -0.04378024594
v    0.01324811656     0.0160905076   -0.04401858949
v    0.01324811656     0.0145133785   -0.04423591045
v    0.01324811656    0.01292792294   -0.04443185552
v    0.01324811656    0.01133460321   -0.04460607139
v    0.01324811656   0.009733881582   -0.04475820476
v    0.01324811656   0.008126220348   -0.04488790232
v    0.01324811656   0.006512081791   -0.04499481077
v    0.01324811656   0.004891928193    -0.0450785768
v    0.01324811656    0.00326622184    -0.0451388471
v    0.01324811656   0.001635425014   -0.04517526837
v    0.01324811656  2.929407188e-19   -0.04518748731
v    0.01324811656  -0.001635425014   -0.04517526837
v    0.01324811656   -0.00326622184    -0.0451388471
v    0.01324811656  -0.004891928193    -0.0450785768
v    0.01324811656  -0.006512081791   -0.04499481077
v    0.01324811656  -0.008126220348   -0.04488790232
v    0.01324811656  -0.009733881582   -0.04475820476
v    0.01324811656   -0.01133460321   -0.04460607139
v    0.01324811656   -0.01292792294   -0.04443185552
v    0.01324811656    -0.0145133785   -0.04423591045
v    0.01324811656    -0.0160905076   -0.04401858949
v    0.01324811656   -0.01765884796   -0.04378024594
v    0.01324811656   -0.01921793728   -0.04352123311
v    0.01324811656    -0.0207673133   -0.04324190431
v    0.01324811656   -0.02230651372   -0.04294261284
v    0.01324811656   -0.02383507626     -0.042623712
v    0.01324811656   -0.02535253864   -0.04228555511
v    0.01324811656   -0.02685843858   -0.04192849546
v    0.01324811656   -0.02835231378   -0.04155288637
v    0.01324811656   -0.02983370196   -0.04115908113
v    0.01324811656   -0.03130191402   -0.04074743255
v    0.01324811656   -0.03256821605   -0.04026308753
v    0.01324811656   -0.03379730099   -0.03965452702
v    0.01324811656   -0.03497684874   -0.03892711044
v    0.01324811656   -0.03609431235   -0.03808619674
v    0.01324811656   -0.03713714486   -0.03713714486
v    0.01324811656   -0.03808619674   -0.03609431235
v    0.01324811656   -0.03892711044   -0.03497684874
v    0.01324811656   -0.03965452702   -0.03379730099
v    0.01324811656   -0.04026308753   -0.03256821605
v    0.01324811656   -0.04074743255   -0.03130191402
v    0.01324811656   -0.04115908113   -0.02983370196
v    0.01324811656   -0.04155288637   -0.02835231378
v    0.01324811656   -0.04192849546   -0.02685843858
v    0.01324811656   -0.04228555511   -0.02535253864
v    0.01324811656     -0.042623712   -0.02383507626
v    0.01324811656   -0.04294261284   -0.02230651372
v    0.01324811656   -0.04324190431    -0.0207673133
v    0.01324811656   -0.04352123311   -0.01921793728
v    0.01324811656   -0.04378024594   -0.01765884796
v    0.01324811656   -0.04401858949    -0.0160905076
v    0.01324811656   -0.04423591045    -0.0145133785
v    0.01324811656   -0.04443185552   -0.01292792294
v    0.01324811656   -0.04460607139   -0.01133460321
v    0.01324811656   -0.04475820476  -0.009733881582
v    0.01324811656   -0.04488790232  -0.008126220348
v    0.01324811656   -0.04499481077  -0.006512081791
v    0.01324811656    -0.0450785768  -0.004891928193
v    0.01324811656    -0.0451388471   -0.00326622184
v    0.01324811656   -0.04517526837  -0.001635425014
v    0.01324811656   -0.04518748731   -1.2498804e-18
v    0.01324811656   -0.04517526837   0.001635425014
v    0.01324811656    -0.0451388471    0.00326622184
v    0.01324811656    -0.0450785768   0.004891928193
v    0.01324811656   -0.04499481077   0.006512081791
v    0.01324811656   -0.04488790232   0.008126220348
v    0.01324811656   -0.04475820476   0.009733881582
v    0.01324811656   -0.04460607139    0.01133460321
v    0.01324811656   -0.04443185552    0.01292792294
v    0.01324811656   -0.04423591045     0.0145133785
v    0.01324811656   -0.04401858949     0.0160905076
v    0.01324811656   -0.04378024594    0.01765884796
v    0.01324811656   -0.04352123311    0.01921793728
v    0.01324811656   -0.04324190431     0.0207673133
v    0.01324811656   -0.04294261284    0.02230651372
v    0.01324811656     -0.042623712    0.02383507626
v    0.01324811656   -0.04228555511    0.02535253864
v    0.01324811656   -0.04192849546    0.02685843858
v    0.01324811656   -0.04155288637    0.02835231378
v    0.01324811656   -0.04115908113    0.02983370196
v    0.01324811656   -0.04074743255    0.03130191402
v    0.01324811656   -0.04026308753    0.03256821605
v    0.01324811656   -0.03965452702    0.03379730099
v    0.01324811656   -0.03892711044    0.03497684874
v    0.01324811656   -0.03808619674    0.03609431235
v    0.01324811656   -0.03713714486    0.03713714486
v    0.01324811656   -0.03609431235    0.03808619674
v    0.01324811656   -0.03497684874    0.03892711044
v    0.01324811656   -0.03379730099    0.03965452702
v    0.01324811656   -0.03256821605    0.04026308753
v    0.01324811656   -0.03130191402    0.04074743255
v    0.01324811656   -0.02983370196    0.04115908113
v    0.01324811656   -0.02835231378    0.04155288637
v    0.01324811656   -0.02685843858    0.04192849546
v    0.01324811656   -0.02535253864    0.04228555511
v    0.01324811656   -0.02383507626      0.042623712
v    0.01324811656   -0.02230651372    0.04294261284
v    0.01324811656    -0.0207673133    0.04324190431
v    0.01324811656   -0.01921793728    0.04352123311
v    0.01324811656   -0.01765884796    0.04378024594
v    0.01324811656    -0.0160905076    0.04401858949
v    0.01324811656    -0.0145133785    0.04423591045
v    0.01324811656   -0.01292792294    0.04443185552
v    0.01324811656   -0.01133460321    0.04460607139
v    0.01324811656  -0.009733881582    0.04475820476
v    0.01324811656  -0.008126220348    0.04488790232
v    0.01324811656  -0.006512081791    0.04499481077
v    0.01324811656  -0.004891928193     0.0450785768
v    0.01324811656   -0.00326622184     0.0451388471
v    0.01324811656  -0.001635425014    0.04517526837
v    0.01324811656 -2.511721379e-18    0.04518748731
v    0.01324811656   0.001635425014    0.04517526837
v    0.01324811656    0.00326622184     0.0451388471
v    0.01324811656   0.004891928193     0.0450785768
v    0.01324811656   0.006512081791    0.04499481077
v    0.01324811656   0.008126220348    0.04488790232
v    0.01324811656   0.009733881582    0.04475820476
v    0.01324811656    0.01133460321    0.04460607139
v    0.01324811656    0.01292792294    0.04443185552
v    0.01324811656     0.0145133785    0.04423591045
v    0.01324811656     0.0160905076    0.04401858949
v    0.01324811656    0.01765884796    0.04378024594
v    0.01324811656    0.01921793728    0.04352123311
v    0.01324811656     0.0207673133    0.04324190431
v    0.01324811656    0.02230651372    0.04294261284
v    0.01324811656    0.02383507626      0.042623712
v    0.01324811656    0.02535253864    0.04228555511
v    0.01324811656    0.02685843858    0.04192849546
v    0.01324811656    0.02835231378    0.04155288637
v    0.01324811656    0.02983370196    0.04115908113
v    0.01324811656    0.03130191402    0.04074743255
v    0.01324811656    0.03256821605    0.04026308753
v    0.01324811656    0.03379730099    0.03965452702
v    0.01324811656    0.03497684874    0.03892711044
v    0.01324811656    0.03609431235    0.03808619674
v    0.01324811656    0.03713714486    0.03713714486
v    0.01324811656    0.03808619674    0.03609431235
v    0.01324811656    0.03892711044    0.03497684874
v    0.01324811656    0.03965452702    0.03379730099
v    0.01324811656    0.04026308753    0.03256821605
v    0.01324811656    0.04074743255    0.03130191402
v    0.01324811656    0.04115908113    0.02983370196
v    0.01324811656    0.04155288637    0.02835231378
v    0.01324811656    0.04192849546    0.02685843858
v    0.01324811656    0.04228555511    0.02535253864
v    0.01324811656      0.042623712    0.02383507626
v    0.01324811656    0.04294261284    0.02230651372
v    0.01324811656    0.04324190431     0.0207673133
v    0.01324811656    0.04352123311    0.01921793728
v    0.01324811656    0.04378024594    0.01765884796
v    0.01324811656    0.04401858949     0.0160905076
v    0.01324811656    0.04423591045     0.0145133785
v    0.01324811656    0.04443185552    0.01292792294
v    0.01324811656    0.04460607139    0.01133460321
v    0.01324811656    0.04475820476   0.009733881582
v    0.01324811656    0.04488790232   0.008126220348
v    0.01324811656    0.04499481077   0.006512081791
v    0.01324811656     0.0450785768   0.004891928193
v    0.01324811656     0.0451388471    0.00326622184
v    0.01324811656    0.04517526837   0.001635425014
v    0.01456174024    0.04564121103                0
v    0.01456174024    0.04562976373  -0.001664269486
v    0.01456174024    0.04559564227  -0.003324223787
v    0.01456174024     0.0455391773  -0.004979428595
v    0.01456174024    0.04546069945  -0.006629449597
v    0.01456174024    0.04536053939  -0.008273852484
v    0.01456174024    0.04523902775  -0.009912202944
v    0.01456174024    0.04509649518   -0.01154406667
v    0.01456174024    0.04493327233   -0.01316900934
v    0.01456174024    0.04474968984   -0.01478659666
v    0.01456174024    0.04454607837   -0.01639639431
v    0.01456174024    0.04432276856   -0.01799796798
v    0.01456174024    0.04408009105   -0.01959088336
v    0.01456174024    0.04381837649   -0.02117470614
v    0.01456174024    0.04353795554   -0.02274900201
v    0.01456174024    0.04323915883   -0.02431333666
v    0.01456174024    0.04292231701   -0.02586727577
v    0.01456174024    0.04258776074   -0.02741038504
v    0.01456174024    0.04223582065   -0.02894223016
v    0.01456174024    0.04186682739   -0.03046237681
v    0.01456174024    0.04148111106   -0.03197014433
v    0.01456174024    0.04101904177   -0.03326061363
v    0.01456174024    0.04042461077    -0.0345127281
v    0.01456174024    0.03970358594   -0.03571317445
v    0.01456174024    0.03886173464   -0.03684839303
v    0.01456174024    0.03790482419   -0.03790482419
v    0.01456174024    0.03684839303   -0.03886173464
v    0.01456174024    0.03571317445   -0.03970358594
v    0.01456174024     0.0345127281   -0.04042461077
v    0.01456174024    0.03326061363   -0.04101904177
v    0.01456174024    0.03197014433   -0.04148111106
v    0.01456174024    0.03046237681   -0.04186682739
v    0.01456174024    0.02894223016   -0.04223582065
v    0.01456174024    0.02741038504   -0.04258776074
v    0.01456174024    0.02586727577   -0.04292231701
v    0.01456174024    0.02431333666   -0.04323915883
v    0.01456174024    0.02274900201   -0.04353795554
v    0.01456174024    0.02117470614   -0.04381837649
v    0.01456174024    0.01959088336   -0.04408009105
v    0.01456174024    0.01799796798   -0.04432276856
v    0.01456174024    0.01639639431   -0.04454607837
v    0.01456174024    0.01478659666   -0.04474968984
v    0.01456174024    0.01316900934   -0.04493327233
v    0.01456174024    0.01154406667   -0.04509649518
v    0.01456174024   0.009912202944   -0.04523902775
v    0.01456174024   0.008273852484   -0.04536053939
v    0.01456174024   0.006629449597   -0.04546069945
v    0.01456174024   0.004979428595    -0.0455391773
v    0.01456174024   0.003324223787   -0.04559564227
v    0.01456174024   0.001664269486   -0.04562976373
v    0.01456174024  2.786547777e-19   -0.04564121103
v    0.01456174024  -0.001664269486   -0.04562976373
v    0.01456174024  -0.003324223787   -0.04559564227
v    0.01456174024  -0.004979428595    -0.0455391773
v    0.01456174024  -0.006629449597   -0.04546069945
v    0.01456174024  -0.008273852484   -0.04536053939
v    0.01456174024  -0.009912202944   -0.04523902775
v    0.01456174024   -0.01154406667   -0.04509649518
v    0.01456174024   -0.01316900934   -0.04493327233
v    0.01456174024   -0.01478659666   -0.04474968984
v    0.01456174024   -0.01639639431   -0.04454607837
v    0.01456174024   -0.01799796798   -0.04432276856
v    0.01456174024   -0.01959088336   -0.04408009105
v    0.01456174024   -0.02117470614   -0.04381837649
v    0.01456174024   -0.02274900201   -0.04353795554
v    0.01456174024   -0.02431333666   -0.04323915883
v    0.01456174024   -0.02586727577   -0.04292231701
v    0.01456174024   -0.02741038504   -0.04258776074
v    0.01456174024   -0.02894223016   -0.04223582065
v    0.01456174024   -0.03046237681   -0.04186682739
v    0.01456174024   -0.03197014433   -0.04148111106
v    0.01456174024   -0.03326061363   -0.04101904177
v    0.01456174024    -0.0345127281   -0.04042461077
v    0.01456174024   -0.03571317445   -0.03970358594
v    0.01456174024   -0.03684839303   -0.03886173464
v    0.01456174024   -0.03790482419   -0.03790482419
v    0.01456174024   -0.03886173464   -0.03684839303
v    0.01456174024   -0.03970358594   -0.03571317445
v    0.01456174024   -0.04042461077    -0.0345127281
v    0.01456174024   -0.04101904177   -0.03326061363
v    0.01456174024   -0.04148111106   -0.03197014433
v    0.01456174024   -0.04186682739   -0.03046237681
v    0.01456174024   -0.04223582065   -0.02894223016
v    0.01456174024   -0.04258776074   -0.02741038504
v    0.01456174024   -0.04292231701   -0.02586727577
v    0.01456174024   -0.04323915883   -0.02431333666
v    0.01456174024   -0.04353795554   -0.02274900201
v    0.01456174024   -0.04381837649   -0.02117470614
v    0.01456174024   -0.04408009105   -0.01959088336
v    0.01456174024   -0.04432276856   -0.01799796798
v    0.01456174024   -0.04454607837   -0.01639639431
v    0.01456174024   -0.04474968984   -0.01478659666
v    0.01456174024   -0.04493327233   -0.01316900934
v    0.01456174024   -0.04509649518   -0.01154406667
v    0.01456174024   -0.04523902775  -0.009912202944
v    0.01456174024   -0.04536053939  -0.008273852484
v    0.01456174024   -0.04546069945  -0.006629449597
v    0.01456174024    -0.0455391773  -0.004979428595
v    0.01456174024   -0.04559564227  -0.003324223787
v    0.01456174024   -0.04562976373  -0.001664269486
v    0.01456174024   -0.04564121103 -1.188927052e-18
v    0.01456174024   -0.04562976373   0.001664269486
v    0.01456174024   -0.04559564227   0.003324223787
v    0.01456174024    -0.0455391773   0.004979428595
v    0.01456174024   -0.04546069945   0.006629449597
v    0.01456174024   -0.04536053939   0.008273852484
v    0.01456174024   -0.04523902775   0.009912202944
v    0.01456174024   -0.04509649518    0.01154406667
v    0.01456174024   -0.04493327233    0.01316900934
v    0.01456174024   -0.04474968984    0.01478659666
v    0.01456174024   -0.04454607837    0.01639639431
v    0.01456174024   -0.04432276856    0.01799796798
v    0.01456174024   -0.04408009105    0.01959088336
v    0.01456174024   -0.04381837649    0.02117470614
v    0.01456174024   -0.04353795554    0.02274900201
v    0.01456174024   -0.04323915883    0.02431333666
v    0.01456174024   -0.04292231701    0.02586727577
v    0.01456174024   -0.04258776074    0.02741038504
v    0.01456174024   -0.04223582065    0.02894223016
v    0.01456174024   -0.04186682739    0.03046237681
v    0.01456174024   -0.04148111106    0.03197014433
v    0.01456174024   -0.04101904177    0.03326061363
v    0.01456174024   -0.04042461077     0.0345127281
v    0.01456174024   -0.03970358594    0.03571317445
v    0.01456174024   -0.03886173464    0.03684839303
v    0.01456174024   -0.03790482419    0.03790482419
v    0.01456174024   -0.03684839303    0.03886173464
v    0.01456174024   -0.03571317445    0.03970358594
v    0.01456174024    -0.0345127281    0.04042461077
v    0.01456174024   -0.03326061363    0.04101904177
v    0.01456174024   -0.03197014433    0.04148111106
v    0.01456174024   -0.03046237681    0.04186682739
v    0.01456174024   -0.02894223016    0.04223582065
v    0.01456174024   -0.02741038504    0.04258776074
v    0.01456174024   -0.02586727577    0.04292231701
v    0.01456174024   -0.02431333666    0.04323915883
v    0.01456174024   -0.02274900201    0.04353795554
v    0.01456174024   -0.02117470614    0.04381837649
v    0.01456174024   -0.01959088336    0.04408009105
v    0.01456174024   -0.01799796798    0.04432276856
v    0.01456174024   -0.01639639431    0.04454607837
v    0.01456174024   -0.01478659666    0.04474968984
v    0.01456174024   -0.01316900934    0.04493327233
v    0.01456174024   -0.01154406667    0.04509649518
v    0.01456174024  -0.009912202944    0.04523902775
v    0.01456174024  -0.008273852484    0.04536053939
v    0.01456174024  -0.006629449597    0.04546069945
v    0.01456174024  -0.004979428595     0.0455391773
v    0.01456174024  -0.003324223787    0.04559564227
v    0.01456174024  -0.001664269486    0.04562976373
v    0.01456174024 -2.389231396e-18    0.04564121103
v    0.01456174024   0.001664269486    0.04562976373
v    0.01456174024   0.003324223787    0.04559564227
v    0.01456174024   0.004979428595     0.0455391773
v    0.01456174024   0.006629449597    0.04546069945
v    0.01456174024   0.008273852484    0.04536053939
v    0.01456174024   0.009912202944    0.04523902775
v    0.01456174024    0.01154406667    0.04509649518
v    0.01456174024    0.01316900934    0.04493327233
v    0.01456174024    0.01478659666    0.04474968984
v    0.01456174024    0.01639639431    0.04454607837
v    0.01456174024    0.01799796798    0.04432276856
v    0.01456174024    0.01959088336    0.04408009105
v    0.01456174024    0.02117470614    0.04381837649
v    0.01456174024    0.02274900201    0.04353795554
v    0.01456174024    0.02431333666    0.04323915883
v    0.01456174024    0.02586727577    0.04292231701
v    0.01456174024    0.02741038504    0.04258776074
v    0.01456174024    0.02894223016    0.04223582065
v    0.01456174024    0.03046237681    0.04186682739
v    0.01456174024    0.03197014433    0.04148111106
v    0.01456174024    0.03326061363    0.04101904177
v    0.01456174024     0.0345127281    0.04042461077
v    0.01456174024    0.03571317445    0.03970358594
v    0.01456174024    0.03684839303    0.03886173464
v    0.01456174024    0.03790482419    0.03790482419
v    0.01456174024    0.03886173464    0.03684839303
v    0.01456174024    0.03970358594    0.03571317445
v    0.01456174024    0.04042461077     0.0345127281
v    0.01456174024    0.04101904177    0.03326061363
v    0.01456174024    0.04148111106    0.03197014433
v    0.01456174024    0.04186682739    0.03046237681
v    0.01456174024    0.04223582065    0.02894223016
v    0.01456174024    0.04258776074    0.02741038504
v    0.01456174024    0.04292231701    0.02586727577
v    0.01456174024    0.04323915883    0.02431333666
v    0.01456174024    0.04353795554    0.02274900201
v    0.01456174024    0.04381837649    0.02117470614
v    0.01456174024    0.04408009105    0.01959088336
v    0.01456174024    0.04432276856    0.01799796798
v    0.01456174024    0.04454607837    0.01639639431
v    0.01456174024    0.04474968984    0.01478659666
v    0.01456174024    0.04493327233    0.01316900934
v    0.01456174024    0.04509649518    0.01154406667
v    0.01456174024    0.04523902775   0.009912202944
v    0.01456174024    0.04536053939   0.008273852484
v    0.01456174024    0.04546069945   0.006629449597
v    0.01456174024     0.0455391773   0.004979428595
v    0.01456174024    0.04559564227   0.003324223787
v    0.01456174024    0.04562976373   0.001664269486
v    0.01591677064    0.04607168244                0
v    0.01591677064    0.04606102218  -0.001692434085
v    0.01591677064    0.04602924645  -0.003380867763
v    0.01591677064    0.04597666287  -0.005064895519
v    0.01591677064    0.04590357905  -0.006744111836
v    0.01591677064    0.04581030261  -0.008418111197
v    0.01591677064    0.04569714114   -0.01008648809
v    0.01591677064    0.04556440228   -0.01174883699
v    0.01591677064    0.04541239361   -0.01340475239
v    0.01591677064    0.04524142277   -0.01505382877
v    0.01591677064    0.04505179735   -0.01669566061
v    0.01591677064    0.04484382496    -0.0183298424
v    0.01591677064    0.04461781323   -0.01995596862
v    0.01591677064    0.04437406976   -0.02157363375
v    0.01591677064    0.04411290216   -0.02318243229
v    0.01591677064    0.04383461804    -0.0247819587
v    0.01591677064    0.04353952502   -0.02637180749
v    0.01591677064     0.0432279307   -0.02795157312
v    0.01591677064     0.0429001427   -0.02952085008
v    0.01591677064    0.04255646862   -0.03107923287
v    0.01591677064    0.04219721548   -0.03262604999
v    0.01591677064    0.04175796034   -0.03394014387
v    0.01591677064    0.04117818946   -0.03521475665
v    0.01591677064    0.04046408024   -0.03643557928
v    0.01591677064     0.0396218095   -0.03758803675
v    0.01591677064    0.03865755405   -0.03865755405
v    0.01591677064    0.03758803675    -0.0396218095
v    0.01591677064    0.03643557928   -0.04046408024
v    0.01591677064    0.03521475665   -0.04117818946
v    0.01591677064    0.03394014387   -0.04175796034
v    0.01591677064    0.03262604999   -0.04219721548
v    0.01591677064    0.03107923287   -0.04255646862
v    0.01591677064    0.02952085008    -0.0429001427
v    0.01591677064    0.02795157312    -0.0432279307
v    0.01591677064    0.02637180749   -0.04353952502
v    0.01591677064     0.0247819587   -0.04383461804
v    0.01591677064    0.02318243229   -0.04411290216
v    0.01591677064    0.02157363375   -0.04437406976
v    0.01591677064    0.01995596862   -0.04461781323
v    0.01591677064     0.0183298424   -0.04484382496
v    0.01591677064    0.01669566061   -0.04505179735
v    0.01591677064    0.01505382877   -0.04524142277
v    0.01591677064    0.01340475239   -0.04541239361
v    0.01591677064    0.01174883699   -0.04556440228
v    0.01591677064    0.01008648809   -0.04569714114
v    0.01591677064   0.008418111197   -0.04581030261
v    0.01591677064   0.006744111836   -0.04590357905
v    0.01591677064   0.005064895519   -0.04597666287
v    0.01591677064   0.003380867763   -0.04602924645
v    0.01591677064   0.001692434085   -0.04606102218
v    0.01591677064  2.631753897e-19   -0.04607168244
v    0.01591677064  -0.001692434085   -0.04606102218
v    0.01591677064  -0.003380867763   -0.04602924645
v    0.01591677064  -0.005064895519   -0.04597666287
v    0.01591677064  -0.006744111836   -0.04590357905
v    0.01591677064  -0.008418111197   -0.04581030261
v    0.01591677064   -0.01008648809   -0.04569714114
v    0.01591677064   -0.01174883699   -0.04556440228
v    0.01591677064   -0.01340475239   -0.04541239361
v    0.01591677064   -0.01505382877   -0.04524142277
v    0.01591677064   -0.01669566061   -0.04505179735
v    0.01591677064    -0.0183298424   -0.04484382496
v    0.01591677064   -0.01995596862   -0.04461781323
v    0.01591677064   -0.02157363375   -0.04437406976
v    0.01591677064   -0.02318243229   -0.04411290216
v    0.01591677064    -0.0247819587   -0.04383461804
v    0.01591677064   -0.02637180749   -0.04353952502
v    0.01591677064   -0.02795157312    -0.0432279307
v    0.01591677064   -0.02952085008    -0.0429001427
v    0.01591677064   -0.03107923287   -0.04255646862
v    0.01591677064   -0.03262604999   -0.04219721548
v    0.01591677064   -0.03394014387   -0.04175796034
v    0.01591677064   -0.03521475665   -0.04117818946
v    0.01591677064   -0.03643557928   -0.04046408024
v    0.01591677064   -0.03758803675    -0.0396218095
v    0.01591677064   -0.03865755405   -0.03865755405
v    0.01591677064    -0.0396218095   -0.03758803675
v    0.01591677064   -0.04046408024   -0.03643557928
v    0.01591677064   -0.04117818946   -0.03521475665
v    0.01591677064   -0.04175796034   -0.03394014387
v    0.01591677064   -0.04219721548   -0.03262604999
v    0.01591677064   -0.04255646862   -0.03107923287
v    0.01591677064    -0.0429001427   -0.02952085008
v    0.01591677064    -0.0432279307   -0.02795157312
v    0.01591677064   -0.04353952502   -0.02637180749
v    0.01591677064   -0.04383461804    -0.0247819587
v    0.01591677064   -0.04411290216   -0.02318243229
v    0.01591677064   -0.04437406976   -0.02157363375
v    0.01591677064   -0.04461781323   -0.01995596862
v    0.01591677064   -0.04484382496    -0.0183298424
v    0.01591677064   -0.04505179735   -0.01669566061
v    0.01591677064   -0.04524142277   -0.01505382877
v    0.01591677064   -0.04541239361   -0.01340475239
v    0.01591677064   -0.04556440228   -0.01174883699
v    0.01591677064   -0.04569714114   -0.01008648809
v    0.01591677064   -0.04581030261  -0.008418111197
v    0.01591677064   -0.04590357905  -0.006744111836
v    0.01591677064   -0.04597666287  -0.005064895519
v    0.01591677064   -0.04602924645  -0.003380867763
v    0.01591677064   -0.04606102218  -0.001692434085
v    0.01591677064   -0.04607168244 -1.122881663e-18
v    0.01591677064   -0.04606102218   0.001692434085
v    0.01591677064   -0.04602924645   0.003380867763
v    0.01591677064   -0.04597666287   0.005064895519
v    0.01591677064   -0.04590357905   0.006744111836
v    0.01591677064   -0.04581030261   0.008418111197
v    0.01591677064   -0.04569714114    0.01008648809
v    0.01591677064   -0.04556440228    0.01174883699
v    0.01591677064   -0.04541239361    0.01340475239
v    0.01591677064   -0.04524142277    0.01505382877
v    0.01591677064   -0.04505179735    0.01669566061
v    0.01591677064   -0.04484382496     0.0183298424
v    0.01591677064   -0.04461781323    0.01995596862
v    0.01591677064   -0.04437406976    0.02157363375
v    0.01591677064   -0.04411290216    0.02318243229
v    0.01591677064   -0.04383461804     0.0247819587
v    0.01591677064   -0.04353952502    0.02637180749
v    0.01591677064    -0.0432279307    0.02795157312
v    0.01591677064    -0.0429001427    0.02952085008
v    0.01591677064   -0.04255646862    0.03107923287
v    0.01591677064   -0.04219721548    0.03262604999
v    0.01591677064   -0.04175796034    0.03394014387
v    0.01591677064   -0.04117818946    0.03521475665
v    0.01591677064   -0.04046408024    0.03643557928
v    0.01591677064    -0.0396218095    0.03758803675
v    0.01591677064   -0.03865755405    0.03865755405
v    0.01591677064   -0.03758803675     0.0396218095
v    0.01591677064   -0.03643557928    0.04046408024
v    0.01591677064   -0.03521475665    0.04117818946
v    0.01591677064   -0.03394014387    0.04175796034
v    0.01591677064   -0.03262604999    0.04219721548
v    0.01591677064   -0.03107923287    0.04255646862
v    0.01591677064   -0.02952085008     0.0429001427
v    0.01591677064   -0.02795157312     0.0432279307
v    0.01591677064   -0.02637180749    0.04353952502
v    0.01591677064    -0.0247819587    0.04383461804
v    0.01591677064   -0.02318243229    0.04411290216
v    0.01591677064   -0.02157363375    0.04437406976
v    0.01591677064   -0.01995596862    0.04461781323
v    0.01591677064    -0.0183298424    0.04484382496
v    0.01591677064   -0.01669566061    0.04505179735
v    0.01591677064   -0.01505382877    0.04524142277
v    0.01591677064   -0.01340475239    0.04541239361
v    0.01591677064   -0.01174883699    0.04556440228
v    0.01591677064   -0.01008648809    0.04569714114
v    0.01591677064  -0.008418111197    0.04581030261
v    0.01591677064  -0.006744111836    0.04590357905
v    0.01591677064  -0.005064895519    0.04597666287
v    0.01591677064  -0.003380867763    0.04602924645
v    0.01591677064  -0.001692434085    0.04606102218
v    0.01591677064 -2.256508604e-18    0.04607168244
v    0.01591677064   0.001692434085    0.04606102218
v    0.01591677064   0.003380867763    0.04602924645
v    0.01591677064   0.005064895519    0.04597666287
v    0.01591677064   0.006744111836    0.04590357905
v    0.01591677064   0.008418111197    0.04581030261
v    0.01591677064    0.01008648809    0.04569714114
v    0.01591677064    0.01174883699    0.04556440228
v    0.01591677064    0.01340475239    0.04541239361
v    0.01591677064    0.01505382877    0.04524142277
v    0.01591677064    0.01669566061    0.04505179735
v    0.01591677064     0.0183298424    0.04484382496
v    0.01591677064    0.01995596862    0.04461781323
v    0.01591677064    0.02157363375    0.04437406976
v    0.01591677064    0.02318243229    0.04411290216
v    0.01591677064     0.0247819587    0.04383461804
v    0.01591677064    0.02637180749    0.04353952502
v    0.01591677064    0.02795157312     0.0432279307
v    0.01591677064    0.02952085008     0.0429001427
v    0.01591677064    0.03107923287    0.04255646862
v    0.01591677064    0.03262604999    0.04219721548
v    0.01591677064    0.03394014387    0.04175796034
v    0.01591677064    0.03521475665    0.04117818946
v    0.01591677064    0.03643557928    0.04046408024
v    0.01591677064    0.03758803675     0.0396218095
v    0.01591677064    0.03865755405    0.03865755405
v    0.01591677064     0.0396218095    0.03758803675
v    0.01591677064    0.04046408024    0.03643557928
v    0.01591677064    0.04117818946    0.03521475665
v    0.01591677064    0.04175796034    0.03394014387
v    0.01591677064    0.04219721548    0.03262604999
v    0.01591677064    0.04255646862    0.03107923287
v    0.01591677064     0.0429001427    0.02952085008
v    0.01591677064     0.0432279307    0.02795157312
v    0.01591677064    0.04353952502    0.02637180749
v    0.01591677064    0.04383461804     0.0247819587
v    0.01591677064    0.04411290216    0.02318243229
v    0.01591677064    0.04437406976    0.02157363375
v    0.01591677064    0.04461781323    0.01995596862
v    0.01591677064    0.04484382496     0.0183298424
v    0.01591677064    0.04505179735    0.01669566061
v    0.01591677064    0.04524142277    0.01505382877
v    0.01591677064    0.04541239361    0.01340475239
v    0.01591677064    0.04556440228    0.01174883699
v    0.01591677064    0.04569714114    0.01008648809
v    0.01591677064    0.04581030261   0.008418111197
v    0.01591677064    0.04590357905   0.006744111836
v    0.01591677064    0.04597666287   0.005064895519
v    0.01591677064    0.04602924645   0.003380867763
v    0.01591677064    0.04606102218   0.001692434085
v    0.01730843257    0.04647858321                0
v    0.01730843257     0.0464687188  -0.001719811146
v    0.01730843257    0.04643931517  -0.003435936265
v    0.01730843257     0.0463906567   -0.00514799919
v    0.01730843257    0.04632302777  -0.006855623753
v    0.01730843257    0.04623671277  -0.008558433788
v    0.01730843257    0.04613199607   -0.01025605313
v    0.01730843257    0.04600916206    -0.0119481056
v    0.01730843257    0.04586849512   -0.01363421505
v    0.01730843257    0.04571027963   -0.01531400529
v    0.01730843257    0.04553479998   -0.01698710017
v    0.01730843257    0.04534234055   -0.01865312352
v    0.01730843257    0.04513318572   -0.02031169917
v    0.01730843257    0.04490761988   -0.02196245095
v    0.01730843257     0.0446659274    -0.0236050027
v    0.01730843257    0.04440839267   -0.02523897824
v    0.01730843257    0.04413530007   -0.02686400141
v    0.01730843257    0.04384693399   -0.02847969605
v    0.01730843257     0.0435435788   -0.03008568598
v    0.01730843257    0.04322551889   -0.03168159504
v    0.01730843257      0.042893038   -0.03326676157
v    0.01730843257    0.04247693583   -0.03460384418
v    0.01730843257    0.04191220836   -0.03590033682
v    0.01730843257     0.0412054409   -0.03714093866
v    0.01730843257    0.04036321808   -0.03831006335
v    0.01730843257    0.03939212455   -0.03939212455
v    0.01730843257    0.03831006335   -0.04036321808
v    0.01730843257    0.03714093866    -0.0412054409
v    0.01730843257    0.03590033682   -0.04191220836
v    0.01730843257    0.03460384418   -0.04247693583
v    0.01730843257    0.03326676157     -0.042893038
v    0.01730843257    0.03168159504   -0.04322551889
v    0.01730843257    0.03008568598    -0.0435435788
v    0.01730843257    0.02847969605   -0.04384693399
v    0.01730843257    0.02686400141   -0.04413530007
v    0.01730843257    0.02523897824   -0.04440839267
v    0.01730843257     0.0236050027    -0.0446659274
v    0.01730843257    0.02196245095   -0.04490761988
v    0.01730843257    0.02031169917   -0.04513318572
v    0.01730843257    0.01865312352   -0.04534234055
v    0.01730843257    0.01698710017   -0.04553479998
v    0.01730843257    0.01531400529   -0.04571027963
v    0.01730843257    0.01363421505   -0.04586849512
v    0.01730843257     0.0119481056   -0.04600916206
v    0.01730843257    0.01025605313   -0.04613199607
v    0.01730843257   0.008558433788   -0.04623671277
v    0.01730843257   0.006855623753   -0.04632302777
v    0.01730843257    0.00514799919    -0.0463906567
v    0.01730843257   0.003435936265   -0.04643931517
v    0.01730843257   0.001719811146    -0.0464687188
v    0.01730843257  2.467234519e-19   -0.04647858321
v    0.01730843257  -0.001719811146    -0.0464687188
v    0.01730843257  -0.003435936265   -0.04643931517
v    0.01730843257   -0.00514799919    -0.0463906567
v    0.01730843257  -0.006855623753   -0.04632302777
v    0.01730843257  -0.008558433788   -0.04623671277
v    0.01730843257   -0.01025605313   -0.04613199607
v    0.01730843257    -0.0119481056   -0.04600916206
v    0.01730843257   -0.01363421505   -0.04586849512
v    0.01730843257   -0.01531400529   -0.04571027963
v    0.01730843257   -0.01698710017   -0.04553479998
v    0.01730843257   -0.01865312352   -0.04534234055
v    0.01730843257   -0.02031169917   -0.04513318572
v    0.01730843257   -0.02196245095   -0.04490761988
v    0.01730843257    -0.0236050027    -0.0446659274
v    0.01730843257   -0.02523897824   -0.04440839267
v    0.01730843257   -0.02686400141   -0.04413530007
v    0.01730843257   -0.02847969605   -0.04384693399
v    0.01730843257   -0.03008568598    -0.0435435788
v    0.01730843257   -0.03168159504   -0.04322551889
v    0.01730843257   -0.03326676157     -0.042893038
v    0.01730843257   -0.03460384418   -0.04247693583
v    0.01730843257   -0.03590033682   -0.04191220836
v    0.01730843257   -0.03714093866    -0.0412054409
v    0.01730843257   -0.03831006335   -0.04036321808
v    0.01730843257   -0.03939212455   -0.03939212455
v    0.01730843257   -0.04036321808   -0.03831006335
v    0.01730843257    -0.0412054409   -0.03714093866
v    0.01730843257   -0.04191220836   -0.03590033682
v    0.01730843257   -0.04247693583   -0.03460384418
v    0.01730843257     -0.042893038   -0.03326676157
v    0.01730843257   -0.04322551889   -0.03168159504
v    0.01730843257    -0.0435435788   -0.03008568598
v    0.01730843257   -0.04384693399   -0.02847969605
v    0.01730843257   -0.04413530007   -0.02686400141
v    0.01730843257   -0.04440839267   -0.02523897824
v    0.01730843257    -0.0446659274    -0.0236050027
v    0.01730843257   -0.04490761988   -0.02196245095
v    0.01730843257   -0.04513318572   -0.02031169917
v    0.01730843257   -0.04534234055   -0.01865312352
v    0.01730843257   -0.04553479998   -0.01698710017
v    0.01730843257   -0.04571027963   -0.01531400529
v    0.01730843257   -0.04586849512   -0.01363421505
v    0.01730843257   -0.04600916206    -0.0119481056
v    0.01730843257   -0.04613199607   -0.01025605313
v    0.01730843257   -0.04623671277  -0.008558433788
v    0.01730843257   -0.04632302777  -0.006855623753
v    0.01730843257    -0.0463906567   -0.00514799919
v    0.01730843257   -0.04643931517  -0.003435936265
v    0.01730843257    -0.0464687188  -0.001719811146
v    0.01730843257   -0.04647858321 -1.052686728e-18
v    0.01730843257    -0.0464687188   0.001719811146
v    0.01730843257   -0.04643931517   0.003435936265
v    0.01730843257    -0.0463906567    0.00514799919
v    0.01730843257   -0.04632302777   0.006855623753
v    0.01730843257   -0.04623671277   0.008558433788
v    0.01730843257   -0.04613199607    0.01025605313
v    0.01730843257   -0.04600916206     0.0119481056
v    0.01730843257   -0.04586849512    0.01363421505
v    0.01730843257   -0.04571027963    0.01531400529
v    0.01730843257   -0.04553479998    0.01698710017
v    0.01730843257   -0.04534234055    0.01865312352
v    0.01730843257   -0.04513318572    0.02031169917
v    0.01730843257   -0.04490761988    0.02196245095
v    0.01730843257    -0.0446659274     0.0236050027
v    0.01730843257   -0.04440839267    0.02523897824
v    0.01730843257   -0.04413530007    0.02686400141
v    0.01730843257   -0.04384693399    0.02847969605
v    0.01730843257    -0.0435435788    0.03008568598
v    0.01730843257   -0.04322551889    0.03168159504
v    0.01730843257     -0.042893038    0.03326676157
v    0.01730843257   -0.04247693583    0.03460384418
v    0.01730843257   -0.04191220836    0.03590033682
v    0.01730843257    -0.0412054409    0.03714093866
v    0.01730843257   -0.04036321808    0.03831006335
v    0.01730843257   -0.03939212455    0.03939212455
v    0.01730843257   -0.03831006335    0.04036321808
v    0.01730843257   -0.03714093866     0.0412054409
v    0.01730843257   -0.03590033682    0.04191220836
v    0.01730843257   -0.03460384418    0.04247693583
v    0.01730843257   -0.03326676157      0.042893038
v    0.01730843257   -0.03168159504    0.04322551889
v    0.01730843257   -0.03008568598     0.0435435788
v    0.01730843257   -0.02847969605    0.04384693399
v    0.01730843257   -0.02686400141    0.04413530007
v    0.01730843257   -0.02523897824    0.04440839267
v    0.01730843257    -0.0236050027     0.0446659274
v    0.01730843257   -0.02196245095    0.04490761988
v    0.01730843257   -0.02031169917    0.04513318572
v    0.01730843257   -0.01865312352    0.04534234055
v    0.01730843257   -0.01698710017    0.04553479998
v    0.01730843257   -0.01531400529    0.04571027963
v    0.01730843257   -0.01363421505    0.04586849512
v    0.01730843257    -0.0119481056    0.04600916206
v    0.01730843257   -0.01025605313    0.04613199607
v    0.01730843257  -0.008558433788    0.04623671277
v    0.01730843257  -0.006855623753    0.04632302777
v    0.01730843257   -0.00514799919     0.0463906567
v    0.01730843257  -0.003435936265    0.04643931517
v    0.01730843257  -0.001719811146     0.0464687188
v    0.01730843257 -2.115447014e-18    0.04647858321
v    0.01730843257   0.001719811146     0.0464687188
v    0.01730843257   0.003435936265    0.04643931517
v    0.01730843257    0.00514799919     0.0463906567
v    0.01730843257   0.006855623753    0.04632302777
v    0.01730843257   0.008558433788    0.04623671277
v    0.01730843257    0.01025605313    0.04613199607
v    0.01730843257     0.0119481056    0.04600916206
v    0.01730843257    0.01363421505    0.04586849512
v    0.01730843257    0.01531400529    0.04571027963
v    0.01730843257    0.01698710017    0.04553479998
v    0.01730843257    0.01865312352    0.04534234055
v    0.01730843257    0.02031169917    0.04513318572
v    0.01730843257    0.02196245095    0.04490761988
v    0.01730843257     0.0236050027     0.0446659274
v    0.01730843257    0.02523897824    0.04440839267
v    0.01730843257    0.02686400141    0.04413530007
v    0.01730843257    0.02847969605    0.04384693399
v    0.01730843257    0.03008568598     0.0435435788
v    0.01730843257    0.03168159504    0.04322551889
v    0.01730843257    0.03326676157      0.042893038
v    0.01730843257    0.03460384418    0.04247693583
v    0.01730843257    0.03590033682    0.04191220836
v    0.01730843257    0.03714093866     0.0412054409
v    0.01730843257    0.03831006335    0.04036321808
v    0.01730843257    0.03939212455    0.03939212455
v    0.01730843257    0.04036321808    0.03831006335
v    0.01730843257     0.0412054409    0.03714093866
v    0.01730843257    0.04191220836    0.03590033682
v    0.01730843257    0.04247693583    0.03460384418
v    0.01730843257      0.042893038    0.03326676157
v    0.01730843257    0.04322551889    0.03168159504
v    0.01730843257     0.0435435788    0.03008568598
v    0.01730843257    0.04384693399    0.02847969605
v    0.01730843257    0.04413530007    0.02686400141
v    0.01730843257    0.04440839267    0.02523897824
v    0.01730843257     0.0446659274     0.0236050027
v    0.01730843257    0.04490761988    0.02196245095
v    0.01730843257    0.04513318572    0.02031169917
v    0.01730843257    0.04534234055    0.01865312352
v    0.01730843257    0.04553479998    0.01698710017
v    0.01730843257    0.04571027963    0.01531400529
v    0.01730843257    0.04586849512    0.01363421505
v    0.01730843257    0.04600916206     0.0119481056
v    0.01730843257    0.04613199607    0.01025605313
v    0.01730843257    0.04623671277   0.008558433788
v    0.01730843257    0.04632302777   0.006855623753
v    0.01730843257     0.0463906567    0.00514799919
v    0.01730843257    0.04643931517   0.003435936265
v    0.01730843257     0.0464687188   0.001719811146
v    0.01873184463    0.04686167463                0
v    0.01873184463    0.04685260835  -0.001746295986
v    0.01873184463    0.04682558362  -0.003489217766
v    0.01873184463    0.04678086157  -0.005228418809
v    0.01873184463    0.04671870336  -0.006963552582
v    0.01873184463    0.04663937012  -0.008694272555
v    0.01873184463    0.04654312302    -0.0104202322
v    0.01873184463    0.04643022318   -0.01214108497
v    0.01873184463    0.04630093176   -0.01385648436
v    0.01873184463     0.0461555099   -0.01556608381
v    0.01873184463    0.04599421874   -0.01726953681
v    0.01873184463    0.04581731945   -0.01896649682
v    0.01873184463    0.04562507315   -0.02065661731
v    0.01873184463    0.04541774099   -0.02233955175
v    0.01873184463    0.04519558413    -0.0240149536
v    0.01873184463     0.0449588637   -0.02568247634
v    0.01873184463    0.04470784086   -0.02734177343
v    0.01873184463    0.04444277674   -0.02899249835
v    0.01873184463    0.04416393249   -0.03063430455
v    0.01873184463    0.04387156927   -0.03226684552
v    0.01873184463    0.04356594752   -0.03388946987
v    0.01873184463    0.04317313704   -0.03524881463
v    0.01873184463    0.04262368818   -0.03656648381
v    0.01873184463    0.04192458978   -0.03782619528
v    0.01873184463    0.04108283002   -0.03901136202
v    0.01873184463    0.04010539705   -0.04010539705
v    0.01873184463    0.03901136202   -0.04108283002
v    0.01873184463    0.03782619528   -0.04192458978
v    0.01873184463    0.03656648381   -0.04262368818
v    0.01873184463    0.03524881463   -0.04317313704
v    0.01873184463    0.03388946987   -0.04356594752
v    0.01873184463    0.03226684552   -0.04387156927
v    0.01873184463    0.03063430455   -0.04416393249
v    0.01873184463    0.02899249835   -0.04444277674
v    0.01873184463    0.02734177343   -0.04470784086
v    0.01873184463    0.02568247634    -0.0449588637
v    0.01873184463     0.0240149536   -0.04519558413
v    0.01873184463    0.02233955175   -0.04541774099
v    0.01873184463    0.02065661731   -0.04562507315
v    0.01873184463    0.01896649682   -0.04581731945
v    0.01873184463    0.01726953681   -0.04599421874
v    0.01873184463    0.01556608381    -0.0461555099
v    0.01873184463    0.01385648436   -0.04630093176
v    0.01873184463    0.01214108497   -0.04643022318
v    0.01873184463     0.0104202322   -0.04654312302
v    0.01873184463   0.008694272555   -0.04663937012
v    0.01873184463   0.006963552582   -0.04671870336
v    0.01873184463   0.005228418809   -0.04678086157
v    0.01873184463   0.003489217766   -0.04682558362
v    0.01873184463   0.001746295986   -0.04685260835
v    0.01873184463  2.295223673e-19   -0.04686167463
v    0.01873184463  -0.001746295986   -0.04685260835
v    0.01873184463  -0.003489217766   -0.04682558362
v    0.01873184463  -0.005228418809   -0.04678086157
v    0.01873184463  -0.006963552582   -0.04671870336
v    0.01873184463  -0.008694272555   -0.04663937012
v    0.01873184463    -0.0104202322   -0.04654312302
v    0.01873184463   -0.01214108497   -0.04643022318
v    0.01873184463   -0.01385648436   -0.04630093176
v    0.01873184463   -0.01556608381    -0.0461555099
v    0.01873184463   -0.01726953681   -0.04599421874
v    0.01873184463   -0.01896649682   -0.04581731945
v    0.01873184463   -0.02065661731   -0.04562507315
v    0.01873184463   -0.02233955175   -0.04541774099
v    0.01873184463    -0.0240149536   -0.04519558413
v    0.01873184463   -0.02568247634    -0.0449588637
v    0.01873184463   -0.02734177343   -0.04470784086
v    0.01873184463   -0.02899249835   -0.04444277674
v    0.01873184463   -0.03063430455   -0.04416393249
v    0.01873184463   -0.03226684552   -0.04387156927
v    0.01873184463   -0.03388946987   -0.04356594752
v    0.01873184463   -0.03524881463   -0.04317313704
v    0.01873184463   -0.03656648381   -0.04262368818
v    0.01873184463   -0.03782619528   -0.04192458978
v    0.01873184463   -0.03901136202   -0.04108283002
v    0.01873184463   -0.04010539705   -0.04010539705
v    0.01873184463   -0.04108283002   -0.03901136202
v    0.01873184463   -0.04192458978   -0.03782619528
v    0.01873184463   -0.04262368818   -0.03656648381
v    0.01873184463   -0.04317313704   -0.03524881463
v    0.01873184463   -0.04356594752   -0.03388946987
v    0.01873184463   -0.04387156927   -0.03226684552
v    0.01873184463   -0.04416393249   -0.03063430455
v    0.01873184463   -0.04444277674   -0.02899249835
v    0.01873184463   -0.04470784086   -0.02734177343
v    0.01873184463    -0.0449588637   -0.02568247634
v    0.01873184463   -0.04519558413    -0.0240149536
v    0.01873184463   -0.04541774099   -0.02233955175
v    0.01873184463   -0.04562507315   -0.02065661731
v    0.01873184463   -0.04581731945   -0.01896649682
v    0.01873184463   -0.04599421874   -0.01726953681
v    0.01873184463    -0.0461555099   -0.01556608381
v    0.01873184463   -0.04630093176   -0.01385648436
v    0.01873184463   -0.04643022318   -0.01214108497
v    0.01873184463   -0.04654312302    -0.0104202322
v    0.01873184463   -0.04663937012  -0.008694272555
v    0.01873184463   -0.04671870336  -0.006963552582
v    0.01873184463   -0.04678086157  -0.005228418809
v    0.01873184463   -0.04682558362  -0.003489217766
v    0.01873184463   -0.04685260835  -0.001746295986
v    0.01873184463   -0.04686167463 -9.792954339e-19
v    0.01873184463   -0.04685260835   0.001746295986
v    0.01873184463   -0.04682558362   0.003489217766
v    0.01873184463   -0.04678086157   0.005228418809
v    0.01873184463   -0.04671870336   0.006963552582
v    0.01873184463   -0.04663937012   0.008694272555
v    0.01873184463   -0.04654312302     0.0104202322
v    0.01873184463   -0.04643022318    0.01214108497
v    0.01873184463   -0.04630093176    0.01385648436
v    0.01873184463    -0.0461555099    0.01556608381
v    0.01873184463   -0.04599421874    0.01726953681
v    0.01873184463   -0.04581731945    0.01896649682
v    0.01873184463   -0.04562507315    0.02065661731
v    0.01873184463   -0.04541774099    0.02233955175
v    0.01873184463   -0.04519558413     0.0240149536
v    0.01873184463    -0.0449588637    0.02568247634
v    0.01873184463   -0.04470784086    0.02734177343
v    0.01873184463   -0.04444277674    0.02899249835
v    0.01873184463   -0.04416393249    0.03063430455
v    0.01873184463   -0.04387156927    0.03226684552
v    0.01873184463   -0.04356594752    0.03388946987
v    0.01873184463   -0.04317313704    0.03524881463
v    0.01873184463   -0.04262368818    0.03656648381
v    0.01873184463   -0.04192458978    0.03782619528
v    0.01873184463   -0.04108283002    0.03901136202
v    0.01873184463   -0.04010539705    0.04010539705
v    0.01873184463   -0.03901136202    0.04108283002
v    0.01873184463   -0.03782619528    0.04192458978
v    0.01873184463   -0.03656648381    0.04262368818
v    0.01873184463   -0.03524881463    0.04317313704
v    0.01873184463   -0.03388946987    0.04356594752
v    0.01873184463   -0.03226684552    0.04387156927
v    0.01873184463   -0.03063430455    0.04416393249
v    0.01873184463   -0.02899249835    0.04444277674
v    0.01873184463   -0.02734177343    0.04470784086
v    0.01873184463   -0.02568247634     0.0449588637
v    0.01873184463    -0.0240149536    0.04519558413
v    0.01873184463   -0.02233955175    0.04541774099
v    0.01873184463   -0.02065661731    0.04562507315
v    0.01873184463   -0.01896649682    0.04581731945
v    0.01873184463   -0.01726953681    0.04599421874
v    0.01873184463   -0.01556608381     0.0461555099
v    0.01873184463   -0.01385648436    0.04630093176
v    0.01873184463   -0.01214108497    0.04643022318
v    0.01873184463    -0.0104202322    0.04654312302
v    0.01873184463  -0.008694272555    0.04663937012
v    0.01873184463  -0.006963552582    0.04671870336
v    0.01873184463  -0.005228418809    0.04678086157
v    0.01873184463  -0.003489217766    0.04682558362
v    0.01873184463  -0.001746295986    0.04685260835
v    0.01873184463 -1.967962116e-18    0.04686167463
v    0.01873184463   0.001746295986    0.04685260835
v    0.01873184463   0.003489217766    0.04682558362
v    0.01873184463   0.005228418809    0.04678086157
v    0.01873184463   0.006963552582    0.04671870336
v    0.01873184463   0.008694272555    0.04663937012
v    0.01873184463     0.0104202322    0.04654312302
v    0.01873184463    0.01214108497    0.04643022318
v    0.01873184463    0.01385648436    0.04630093176
v    0.01873184463    0.01556608381     0.0461555099
v    0.01873184463    0.01726953681    0.04599421874
v    0.01873184463    0.01896649682    0.04581731945
v    0.01873184463    0.02065661731    0.04562507315
v    0.01873184463    0.02233955175    0.04541774099
v    0.01873184463     0.0240149536    0.04519558413
v    0.01873184463    0.02568247634     0.0449588637
v    0.01873184463    0.02734177343    0.04470784086
v    0.01873184463    0.02899249835    0.04444277674
v    0.01873184463    0.03063430455    0.04416393249
v    0.01873184463    0.03226684552    0.04387156927
v    0.01873184463    0.03388946987    0.04356594752
v    0.01873184463    0.03524881463    0.04317313704
v    0.01873184463    0.03656648381    0.04262368818
v    0.01873184463    0.03782619528    0.04192458978
v    0.01873184463    0.03901136202    0.04108283002
v    0.01873184463    0.04010539705    0.04010539705
v    0.01873184463    0.04108283002    0.03901136202
v    0.01873184463    0.04192458978    0.03782619528
v    0.01873184463    0.04262368818    0.03656648381
v    0.01873184463    0.04317313704    0.03524881463
v    0.01873184463    0.04356594752    0.03388946987
v    0.01873184463    0.04387156927    0.03226684552
v    0.01873184463    0.04416393249    0.03063430455
v    0.01873184463    0.04444277674    0.02899249835
v    0.01873184463    0.04470784086    0.02734177343
v    0.01873184463     0.0449588637    0.02568247634
v    0.01873184463    0.04519558413     0.0240149536
v    0.01873184463    0.04541774099    0.02233955175
v    0.01873184463    0.04562507315    0.02065661731
v    0.01873184463    0.04581731945    0.01896649682
v    0.01873184463    0.04599421874    0.01726953681
v    0.01873184463     0.0461555099    0.01556608381
v    0.01873184463    0.04630093176    0.01385648436
v    0.01873184463    0.04643022318    0.01214108497
v    0.01873184463    0.04654312302     0.0104202322
v    0.01873184463    0.04663937012   0.008694272555
v    0.01873184463    0.04671870336   0.006963552582
v    0.01873184463    0.04678086157   0.005228418809
v    0.01873184463    0.04682558362   0.003489217766
v    0.01873184463    0.04685260835   0.001746295986
v      0.020182067    0.04722080086                0
v      0.020182067    0.04721252847  -0.001771787988
v      0.020182067    0.04718787002    -0.0035405089
v      0.020182067    0.04714706361   -0.00530584586
v      0.020182067    0.04709034731  -0.007067481996
v      0.020182067     0.0470179592  -0.008825100433
v      0.020182067    0.04693013736    -0.0105783843
v      0.020182067    0.04682711989   -0.01232701671
v      0.020182067    0.04670914487    -0.0140706808
v      0.020182067    0.04657645036    -0.0158090597
v      0.020182067    0.04642927447   -0.01754183652
v      0.020182067    0.04626785528    -0.0192686944
v      0.020182067    0.04609243085   -0.02098931646
v      0.020182067    0.04590323929   -0.02270338583
v      0.020182067    0.04570051867   -0.02441058562
v      0.020182067    0.04548450708   -0.02611059898
v      0.020182067    0.04525544259   -0.02780310901
v      0.020182067     0.0450135633   -0.02948779886
v      0.020182067    0.04475910728   -0.03116435164
v      0.020182067    0.04449231262   -0.03283245048
v      0.020182067    0.04421341666   -0.03449145466
v      0.020182067    0.04384383808   -0.03587224762
v      0.020182067    0.04330975558   -0.03721030837
v      0.020182067    0.04261855463   -0.03848839035
v      0.020182067    0.04177761996   -0.03968892314
v      0.020182067    0.04079433632   -0.04079433632
v      0.020182067    0.03968892314   -0.04177761996
v      0.020182067    0.03848839035   -0.04261855463
v      0.020182067    0.03721030837   -0.04330975558
v      0.020182067    0.03587224762   -0.04384383808
v      0.020182067    0.03449145466   -0.04421341666
v      0.020182067    0.03283245048   -0.04449231262
v      0.020182067    0.03116435164   -0.04475910728
v      0.020182067    0.02948779886    -0.0450135633
v      0.020182067    0.02780310901   -0.04525544259
v      0.020182067    0.02611059898   -0.04548450708
v      0.020182067    0.02441058562   -0.04570051867
v      0.020182067    0.02270338583   -0.04590323929
v      0.020182067    0.02098931646   -0.04609243085
v      0.020182067     0.0192686944   -0.04626785528
v      0.020182067    0.01754183652   -0.04642927447
v      0.020182067     0.0158090597   -0.04657645036
v      0.020182067     0.0140706808   -0.04670914487
v      0.020182067    0.01232701671   -0.04682711989
v      0.020182067     0.0105783843   -0.04693013736
v      0.020182067   0.008825100433    -0.0470179592
v      0.020182067   0.007067481996   -0.04709034731
v      0.020182067    0.00530584586   -0.04714706361
v      0.020182067     0.0035405089   -0.04718787002
v      0.020182067   0.001771787988   -0.04721252847
v      0.020182067  2.117958334e-19   -0.04722080086
v      0.020182067  -0.001771787988   -0.04721252847
v      0.020182067    -0.0035405089   -0.04718787002
v      0.020182067   -0.00530584586   -0.04714706361
v      0.020182067  -0.007067481996   -0.04709034731
v      0.020182067  -0.008825100433    -0.0470179592
v      0.020182067    -0.0105783843   -0.04693013736
v      0.020182067   -0.01232701671   -0.04682711989
v      0.020182067    -0.0140706808   -0.04670914487
v      0.020182067    -0.0158090597   -0.04657645036
v      0.020182067   -0.01754183652   -0.04642927447
v      0.020182067    -0.0192686944   -0.04626785528
v      0.020182067   -0.02098931646   -0.04609243085
v      0.020182067   -0.02270338583   -0.04590323929
v      0.020182067   -0.02441058562   -0.04570051867
v      0.020182067   -0.02611059898   -0.04548450708
v      0.020182067   -0.02780310901   -0.04525544259
v      0.020182067   -0.02948779886    -0.0450135633
v      0.020182067   -0.03116435164   -0.04475910728
v      0.020182067   -0.03283245048   -0.04449231262
v      0.020182067   -0.03449145466   -0.04421341666
v      0.020182067   -0.03587224762   -0.04384383808
v      0.020182067   -0.03721030837   -0.04330975558
v      0.020182067   -0.03848839035   -0.04261855463
v      0.020182067   -0.03968892314   -0.04177761996
v      0.020182067   -0.04079433632   -0.04079433632
v      0.020182067   -0.04177761996   -0.03968892314
v      0.020182067   -0.04261855463   -0.03848839035
v      0.020182067   -0.04330975558   -0.03721030837
v      0.020182067   -0.04384383808   -0.03587224762
v      0.020182067   -0.04421341666   -0.03449145466
v      0.020182067   -0.04449231262   -0.03283245048
v      0.020182067   -0.04475910728   -0.03116435164
v      0.020182067    -0.0450135633   -0.02948779886
v      0.020182067   -0.04525544259   -0.02780310901
v      0.020182067   -0.04548450708   -0.02611059898
v      0.020182067   -0.04570051867   -0.02441058562
v      0.020182067   -0.04590323929   -0.02270338583
v      0.020182067   -0.04609243085   -0.02098931646
v      0.020182067   -0.04626785528    -0.0192686944
v      0.020182067   -0.04642927447   -0.01754183652
v      0.020182067   -0.04657645036    -0.0158090597
v      0.020182067   -0.04670914487    -0.0140706808
v      0.020182067   -0.04682711989   -0.01232701671
v      0.020182067   -0.04693013736    -0.0105783843
v      0.020182067    -0.0470179592  -0.008825100433
v      0.020182067   -0.04709034731  -0.007067481996
v      0.020182067   -0.04714706361   -0.00530584586
v      0.020182067   -0.04718787002    -0.0035405089
v      0.020182067   -0.04721252847  -0.001771787988
v      0.020182067   -0.04722080086 -9.036622227e-19
v      0.020182067   -0.04721252847   0.001771787988
v      0.020182067   -0.04718787002     0.0035405089
v      0.020182067   -0.04714706361    0.00530584586
v      0.020182067   -0.04709034731   0.007067481996
v      0.020182067    -0.0470179592   0.008825100433
v      0.020182067   -0.04693013736     0.0105783843
v      0.020182067   -0.04682711989    0.01232701671
v      0.020182067   -0.04670914487     0.0140706808
v      0.020182067   -0.04657645036     0.0158090597
v      0.020182067   -0.04642927447    0.01754183652
v      0.020182067   -0.04626785528     0.0192686944
v      0.020182067   -0.04609243085    0.02098931646
v      0.020182067   -0.04590323929    0.02270338583
v      0.020182067   -0.04570051867    0.02441058562
v      0.020182067   -0.04548450708    0.02611059898
v      0.020182067   -0.04525544259    0.02780310901
v      0.020182067    -0.0450135633    0.02948779886
v      0.020182067   -0.04475910728    0.03116435164
v      0.020182067   -0.04449231262    0.03283245048
v      0.020182067   -0.04421341666    0.03449145466
v      0.020182067   -0.04384383808    0.03587224762
v      0.020182067   -0.04330975558    0.03721030837
v      0.020182067   -0.04261855463    0.03848839035
v      0.020182067   -0.04177761996    0.03968892314
v      0.020182067   -0.04079433632    0.04079433632
v      0.020182067   -0.03968892314    0.04177761996
v      0.020182067   -0.03848839035    0.04261855463
v      0.020182067   -0.03721030837    0.04330975558
v      0.020182067   -0.03587224762    0.04384383808
v      0.020182067   -0.03449145466    0.04421341666
v      0.020182067   -0.03283245048    0.04449231262
v      0.020182067   -0.03116435164    0.04475910728
v      0.020182067   -0.02948779886     0.0450135633
v      0.020182067   -0.02780310901    0.04525544259
v      0.020182067   -0.02611059898    0.04548450708
v      0.020182067   -0.02441058562    0.04570051867
v      0.020182067   -0.02270338583    0.04590323929
v      0.020182067   -0.02098931646    0.04609243085
v      0.020182067    -0.0192686944    0.04626785528
v      0.020182067   -0.01754183652    0.04642927447
v      0.020182067    -0.0158090597    0.04657645036
v      0.020182067    -0.0140706808    0.04670914487
v      0.020182067   -0.01232701671    0.04682711989
v      0.020182067    -0.0105783843    0.04693013736
v      0.020182067  -0.008825100433     0.0470179592
v      0.020182067  -0.007067481996    0.04709034731
v      0.020182067   -0.00530584586    0.04714706361
v      0.020182067    -0.0035405089    0.04718787002
v      0.020182067  -0.001771787988    0.04721252847
v      0.020182067 -1.815971931e-18    0.04722080086
v      0.020182067   0.001771787988    0.04721252847
v      0.020182067     0.0035405089    0.04718787002
v      0.020182067    0.00530584586    0.04714706361
v      0.020182067   0.007067481996    0.04709034731
v      0.020182067   0.008825100433     0.0470179592
v      0.020182067     0.0105783843    0.04693013736
v      0.020182067    0.01232701671    0.04682711989
v      0.020182067     0.0140706808    0.04670914487
v      0.020182067     0.0158090597    0.04657645036
v      0.020182067    0.01754183652    0.04642927447
v      0.020182067     0.0192686944    0.04626785528
v      0.020182067    0.02098931646    0.04609243085
v      0.020182067    0.02270338583    0.04590323929
v      0.020182067    0.02441058562    0.04570051867
v      0.020182067    0.02611059898    0.04548450708
v      0.020182067    0.02780310901    0.04525544259
v      0.020182067    0.02948779886     0.0450135633
v      0.020182067    0.03116435164    0.04475910728
v      0.020182067    0.03283245048    0.04449231262
v      0.020182067    0.03449145466    0.04421341666
v      0.020182067    0.03587224762    0.04384383808
v      0.020182067    0.03721030837    0.04330975558
v      0.020182067    0.03848839035    0.04261855463
v      0.020182067    0.03968892314    0.04177761996
v      0.020182067    0.04079433632    0.04079433632
v      0.020182067    0.04177761996    0.03968892314
v      0.020182067    0.04261855463    0.03848839035
v      0.020182067    0.04330975558    0.03721030837
v      0.020182067    0.04384383808    0.03587224762
v      0.020182067    0.04421341666    0.03449145466
v      0.020182067    0.04449231262    0.03283245048
v      0.020182067    0.04475910728    0.03116435164
v      0.020182067     0.0450135633    0.02948779886
v      0.020182067    0.04525544259    0.02780310901
v      0.020182067    0.04548450708    0.02611059898
v      0.020182067    0.04570051867    0.02441058562
v      0.020182067    0.04590323929    0.02270338583
v      0.020182067    0.04609243085    0.02098931646
v      0.020182067    0.04626785528     0.0192686944
v      0.020182067    0.04642927447    0.01754183652
v      0.020182067    0.04657645036     0.0158090597
v      0.020182067    0.04670914487     0.0140706808
v      0.020182067    0.04682711989    0.01232701671
v      0.020182067    0.04693013736     0.0105783843
v      0.020182067     0.0470179592   0.008825100433
v      0.020182067    0.04709034731   0.007067481996
v      0.020182067    0.04714706361    0.00530584586
v      0.020182067    0.04718787002     0.0035405089
v      0.020182067    0.04721252847   0.001771787988
v    0.02165414925    0.04755589206                0
v    0.02165414925    0.04754840293  -0.001796191673
v    0.02165414925    0.04752607915  -0.003589616629
v    0.02165414925    0.04748913607   -0.00537998741
v    0.02165414925    0.04743778909  -0.007167016559
v    0.02165414925    0.04737225356  -0.008950416619
v    0.02165414925    0.04729274486   -0.01072990013
v    0.02165414925    0.04719947836   -0.01250517964
v    0.02165414925    0.04709266945   -0.01427596769
v    0.02165414925    0.04697253349   -0.01604197682
v    0.02165414925    0.04683928586   -0.01780291957
v    0.02165414925    0.04669314193   -0.01955850849
v    0.02165414925    0.04653431707   -0.02130845611
v    0.02165414925    0.04636302666   -0.02305247499
v    0.02165414925    0.04617948607   -0.02479027767
v    0.02165414925    0.04598391067   -0.02652157668
v    0.02165414925    0.04577651585   -0.02824608456
v    0.02165414925    0.04555751696   -0.02996351388
v    0.02165414925     0.0453271294   -0.03167357715
v    0.02165414925    0.04508556852   -0.03337598693
v    0.02165414925    0.04483304893   -0.03507011335
v    0.02165414925    0.04448644744   -0.03647145751
v    0.02165414925    0.04396767381    -0.0378290473
v    0.02165414925    0.04328450061   -0.03912469491
v    0.02165414925    0.04244469961   -0.04033987009
v    0.02165414925     0.0414560426    -0.0414560426
v    0.02165414925    0.04033987009   -0.04244469961
v    0.02165414925    0.03912469491   -0.04328450061
v    0.02165414925     0.0378290473   -0.04396767381
v    0.02165414925    0.03647145751   -0.04448644744
v    0.02165414925    0.03507011335   -0.04483304893
v    0.02165414925    0.03337598693   -0.04508556852
v    0.02165414925    0.03167357715    -0.0453271294
v    0.02165414925    0.02996351388   -0.04555751696
v    0.02165414925    0.02824608456   -0.04577651585
v    0.02165414925    0.02652157668   -0.04598391067
v    0.02165414925    0.02479027767   -0.04617948607
v    0.02165414925    0.02305247499   -0.04636302666
v    0.02165414925    0.02130845611   -0.04653431707
v    0.02165414925    0.01955850849   -0.04669314193
v    0.02165414925    0.01780291957   -0.04683928586
v    0.02165414925    0.01604197682   -0.04697253349
v    0.02165414925    0.01427596769   -0.04709266945
v    0.02165414925    0.01250517964   -0.04719947836
v    0.02165414925    0.01072990013   -0.04729274486
v    0.02165414925   0.008950416619   -0.04737225356
v    0.02165414925   0.007167016559   -0.04743778909
v    0.02165414925    0.00537998741   -0.04748913607
v    0.02165414925   0.003589616629   -0.04752607915
v    0.02165414925   0.001796191673   -0.04754840293
v    0.02165414925  1.937656319e-19   -0.04755589206
v    0.02165414925  -0.001796191673   -0.04754840293
v    0.02165414925  -0.003589616629   -0.04752607915
v    0.02165414925   -0.00537998741   -0.04748913607
v    0.02165414925  -0.007167016559   -0.04743778909
v    0.02165414925  -0.008950416619   -0.04737225356
v    0.02165414925   -0.01072990013   -0.04729274486
v    0.02165414925   -0.01250517964   -0.04719947836
v    0.02165414925   -0.01427596769   -0.04709266945
v    0.02165414925   -0.01604197682   -0.04697253349
v    0.02165414925   -0.01780291957   -0.04683928586
v    0.02165414925   -0.01955850849   -0.04669314193
v    0.02165414925   -0.02130845611   -0.04653431707
v    0.02165414925   -0.02305247499   -0.04636302666
v    0.02165414925   -0.02479027767   -0.04617948607
v    0.02165414925   -0.02652157668   -0.04598391067
v    0.02165414925   -0.02824608456   -0.04577651585
v    0.02165414925   -0.02996351388   -0.04555751696
v    0.02165414925   -0.03167357715    -0.0453271294
v    0.02165414925   -0.03337598693   -0.04508556852
v    0.02165414925   -0.03507011335   -0.04483304893
v    0.02165414925   -0.03647145751   -0.04448644744
v    0.02165414925    -0.0378290473   -0.04396767381
v    0.02165414925   -0.03912469491   -0.04328450061
v    0.02165414925   -0.04033987009   -0.04244469961
v    0.02165414925    -0.0414560426    -0.0414560426
v    0.02165414925   -0.04244469961   -0.04033987009
v    0.02165414925   -0.04328450061   -0.03912469491
v    0.02165414925   -0.04396767381    -0.0378290473
v    0.02165414925   -0.04448644744   -0.03647145751
v    0.02165414925   -0.04483304893   -0.03507011335
v    0.02165414925   -0.04508556852   -0.03337598693
v    0.02165414925    -0.0453271294   -0.03167357715
v    0.02165414925   -0.04555751696   -0.02996351388
v    0.02165414925   -0.04577651585   -0.02824608456
v    0.02165414925   -0.04598391067   -0.02652157668
v    0.02165414925   -0.04617948607   -0.02479027767
v    0.02165414925   -0.04636302666   -0.02305247499
v    0.02165414925   -0.04653431707   -0.02130845611
v    0.02165414925   -0.04669314193   -0.01955850849
v    0.02165414925   -0.04683928586   -0.01780291957
v    0.02165414925   -0.04697253349   -0.01604197682
v    0.02165414925   -0.04709266945   -0.01427596769
v    0.02165414925   -0.04719947836   -0.01250517964
v    0.02165414925   -0.04729274486   -0.01072990013
v    0.02165414925   -0.04737225356  -0.008950416619
v    0.02165414925   -0.04743778909  -0.007167016559
v    0.02165414925   -0.04748913607   -0.00537998741
v    0.02165414925   -0.04752607915  -0.003589616629
v    0.02165414925   -0.04754840293  -0.001796191673
v    0.02165414925   -0.04755589206 -8.267333627e-19
v    0.02165414925   -0.04754840293   0.001796191673
v    0.02165414925   -0.04752607915   0.003589616629
v    0.02165414925   -0.04748913607    0.00537998741
v    0.02165414925   -0.04743778909   0.007167016559
v    0.02165414925   -0.04737225356   0.008950416619
v    0.02165414925   -0.04729274486    0.01072990013
v    0.02165414925   -0.04719947836    0.01250517964
v    0.02165414925   -0.04709266945    0.01427596769
v    0.02165414925   -0.04697253349    0.01604197682
v    0.02165414925   -0.04683928586    0.01780291957
v    0.02165414925   -0.04669314193    0.01955850849
v    0.02165414925   -0.04653431707    0.02130845611
v    0.02165414925   -0.04636302666    0.02305247499
v    0.02165414925   -0.04617948607    0.02479027767
v    0.02165414925   -0.04598391067    0.02652157668
v    0.02165414925   -0.04577651585    0.02824608456
v    0.02165414925   -0.04555751696    0.02996351388
v    0.02165414925    -0.0453271294    0.03167357715
v    0.02165414925   -0.04508556852    0.03337598693
v    0.02165414925   -0.04483304893    0.03507011335
v    0.02165414925   -0.04448644744    0.03647145751
v    0.02165414925   -0.04396767381     0.0378290473
v    0.02165414925   -0.04328450061    0.03912469491
v    0.02165414925   -0.04244469961    0.04033987009
v    0.02165414925    -0.0414560426     0.0414560426
v    0.02165414925   -0.04033987009    0.04244469961
v    0.02165414925   -0.03912469491    0.04328450061
v    0.02165414925    -0.0378290473    0.04396767381
v    0.02165414925   -0.03647145751    0.04448644744
v    0.02165414925   -0.03507011335    0.04483304893
v    0.02165414925   -0.03337598693    0.04508556852
v    0.02165414925   -0.03167357715     0.0453271294
v    0.02165414925   -0.02996351388    0.04555751696
v    0.02165414925   -0.02824608456    0.04577651585
v    0.02165414925   -0.02652157668    0.04598391067
v    0.02165414925   -0.02479027767    0.04617948607
v    0.02165414925   -0.02305247499    0.04636302666
v    0.02165414925   -0.02130845611    0.04653431707
v    0.02165414925   -0.01955850849    0.04669314193
v    0.02165414925   -0.01780291957    0.04683928586
v    0.02165414925   -0.01604197682    0.04697253349
v    0.02165414925   -0.01427596769    0.04709266945
v    0.02165414925   -0.01250517964    0.04719947836
v    0.02165414925   -0.01072990013    0.04729274486
v    0.02165414925  -0.008950416619    0.04737225356
v    0.02165414925  -0.007167016559    0.04743778909
v    0.02165414925   -0.00537998741    0.04748913607
v    0.02165414925  -0.003589616629    0.04752607915
v    0.02165414925  -0.001796191673    0.04754840293
v    0.02165414925 -1.661378049e-18    0.04755589206
v    0.02165414925   0.001796191673    0.04754840293
v    0.02165414925   0.003589616629    0.04752607915
v    0.02165414925    0.00537998741    0.04748913607
v    0.02165414925   0.007167016559    0.04743778909
v    0.02165414925   0.008950416619    0.04737225356
v    0.02165414925    0.01072990013    0.04729274486
v    0.02165414925    0.01250517964    0.04719947836
v    0.02165414925    0.01427596769    0.04709266945
v    0.02165414925    0.01604197682    0.04697253349
v    0.02165414925    0.01780291957    0.04683928586
v    0.02165414925    0.01955850849    0.04669314193
v    0.02165414925    0.02130845611    0.04653431707
v    0.02165414925    0.02305247499    0.04636302666
v    0.02165414925    0.02479027767    0.04617948607
v    0.02165414925    0.02652157668    0.04598391067
v    0.02165414925    0.02824608456    0.04577651585
v    0.02165414925    0.02996351388    0.04555751696
v    0.02165414925    0.03167357715     0.0453271294
v    0.02165414925    0.03337598693    0.04508556852
v    0.02165414925    0.03507011335    0.04483304893
v    0.02165414925    0.03647145751    0.04448644744
v    0.02165414925     0.0378290473    0.04396767381
v    0.02165414925    0.03912469491    0.04328450061
v    0.02165414925    0.04033987009    0.04244469961
v    0.02165414925     0.0414560426     0.0414560426
v    0.02165414925    0.04244469961    0.04033987009
v    0.02165414925    0.04328450061    0.03912469491
v    0.02165414925    0.04396767381     0.0378290473
v    0.02165414925    0.04448644744    0.03647145751
v    0.02165414925    0.04483304893    0.03507011335
v    0.02165414925    0.04508556852    0.03337598693
v    0.02165414925     0.0453271294    0.03167357715
v    0.02165414925    0.04555751696    0.02996351388
v    0.02165414925    0.04577651585    0.02824608456
v    0.02165414925    0.04598391067    0.02652157668
v    0.02165414925    0.04617948607    0.02479027767
v    0.02165414925    0.04636302666    0.02305247499
v    0.02165414925    0.04653431707    0.02130845611
v    0.02165414925    0.04669314193    0.01955850849
v    0.02165414925    0.04683928586    0.01780291957
v    0.02165414925    0.04697253349    0.01604197682
v    0.02165414925    0.04709266945    0.01427596769
v    0.02165414925    0.04719947836    0.01250517964
v    0.02165414925    0.04729274486    0.01072990013
v    0.02165414925    0.04737225356   0.008950416619
v    0.02165414925    0.04743778909   0.007167016559
v    0.02165414925    0.04748913607    0.00537998741
v    0.02165414925    0.04752607915   0.003589616629
v    0.02165414925    0.04754840293   0.001796191673
v    0.02314317811    0.04786696761                0
v    0.02314317811    0.04786024494   -0.00181941778
v    0.02314317811    0.04784020571  -0.003636360426
v    0.02314317811    0.04780704312  -0.005450569403
v    0.02314317811    0.04776095037  -0.007261786175
v    0.02314317811    0.04770212063  -0.009069752208
v    0.02314317811     0.0476307471   -0.01087420897
v    0.02314317811    0.04754702297   -0.01267489792
v    0.02314317811    0.04745114143   -0.01447156052
v    0.02314317811    0.04734329568   -0.01626393825
v    0.02314317811     0.0472236789   -0.01805177256
v    0.02314317811    0.04709248428   -0.01983480492
v    0.02314317811    0.04694990502    -0.0216127768
v    0.02314317811     0.0467961343   -0.02338542966
v    0.02314317811    0.04663136533   -0.02515250497
v    0.02314317811    0.04645579127   -0.02691374418
v    0.02314317811    0.04626960534   -0.02866888877
v    0.02314317811    0.04607300072    -0.0304176802
v    0.02314317811    0.04586617059   -0.03215985994
v    0.02314317811    0.04564930816   -0.03389516945
v    0.02314317811    0.04542260579   -0.03562298978
v    0.02314317811     0.0450985371   -0.03704391029
v    0.02314317811    0.04459487323   -0.03842009401
v    0.02314317811    0.04391976184   -0.03973244106
v    0.02314317811    0.04308134976    -0.0409614911
v    0.02314317811    0.04208778381   -0.04208778381
v    0.02314317811     0.0409614911   -0.04308134976
v    0.02314317811    0.03973244106   -0.04391976184
v    0.02314317811    0.03842009401   -0.04459487323
v    0.02314317811    0.03704391029    -0.0450985371
v    0.02314317811    0.03562298978   -0.04542260579
v    0.02314317811    0.03389516945   -0.04564930816
v    0.02314317811    0.03215985994   -0.04586617059
v    0.02314317811     0.0304176802   -0.04607300072
v    0.02314317811    0.02866888877   -0.04626960534
v    0.02314317811    0.02691374418   -0.04645579127
v    0.02314317811    0.02515250497   -0.04663136533
v    0.02314317811    0.02338542966    -0.0467961343
v    0.02314317811     0.0216127768   -0.04694990502
v    0.02314317811    0.01983480492   -0.04709248428
v    0.02314317811    0.01805177256    -0.0472236789
v    0.02314317811    0.01626393825   -0.04734329568
v    0.02314317811    0.01447156052   -0.04745114143
v    0.02314317811    0.01267489792   -0.04754702297
v    0.02314317811    0.01087420897    -0.0476307471
v    0.02314317811   0.009069752208   -0.04770212063
v    0.02314317811   0.007261786175   -0.04776095037
v    0.02314317811   0.005450569403   -0.04780704312
v    0.02314317811   0.003636360426   -0.04784020571
v    0.02314317811    0.00181941778   -0.04786024494
v    0.02314317811  1.756494173e-19   -0.04786696761
v    0.02314317811   -0.00181941778   -0.04786024494
v    0.02314317811  -0.003636360426   -0.04784020571
v    0.02314317811  -0.005450569403   -0.04780704312
v    0.02314317811  -0.007261786175   -0.04776095037
v    0.02314317811  -0.009069752208   -0.04770212063
v    0.02314317811   -0.01087420897    -0.0476307471
v    0.02314317811   -0.01267489792   -0.04754702297
v    0.02314317811   -0.01447156052   -0.04745114143
v    0.02314317811   -0.01626393825   -0.04734329568
v    0.02314317811   -0.01805177256    -0.0472236789
v    0.02314317811   -0.01983480492   -0.04709248428
v    0.02314317811    -0.0216127768   -0.04694990502
v    0.02314317811   -0.02338542966    -0.0467961343
v    0.02314317811   -0.02515250497   -0.04663136533
v    0.02314317811   -0.02691374418   -0.04645579127
v    0.02314317811   -0.02866888877   -0.04626960534
v    0.02314317811    -0.0304176802   -0.04607300072
v    0.02314317811   -0.03215985994   -0.04586617059
v    0.02314317811   -0.03389516945   -0.04564930816
v    0.02314317811   -0.03562298978   -0.04542260579
v    0.02314317811   -0.03704391029    -0.0450985371
v    0.02314317811   -0.03842009401   -0.04459487323
v    0.02314317811   -0.03973244106   -0.04391976184
v    0.02314317811    -0.0409614911   -0.04308134976
v    0.02314317811   -0.04208778381   -0.04208778381
v    0.02314317811   -0.04308134976    -0.0409614911
v    0.02314317811   -0.04391976184   -0.03973244106
v    0.02314317811   -0.04459487323   -0.03842009401
v    0.02314317811    -0.0450985371   -0.03704391029
v    0.02314317811   -0.04542260579   -0.03562298978
v    0.02314317811   -0.04564930816   -0.03389516945
v    0.02314317811   -0.04586617059   -0.03215985994
v    0.02314317811   -0.04607300072    -0.0304176802
v    0.02314317811   -0.04626960534   -0.02866888877
v    0.02314317811   -0.04645579127   -0.02691374418
v    0.02314317811   -0.04663136533   -0.02515250497
v    0.02314317811    -0.0467961343   -0.02338542966
v    0.02314317811   -0.04694990502    -0.0216127768
v    0.02314317811   -0.04709248428   -0.01983480492
v    0.02314317811    -0.0472236789   -0.01805177256
v    0.02314317811   -0.04734329568   -0.01626393825
v    0.02314317811   -0.04745114143   -0.01447156052
v    0.02314317811   -0.04754702297   -0.01267489792
v    0.02314317811    -0.0476307471   -0.01087420897
v    0.02314317811   -0.04770212063  -0.009069752208
v    0.02314317811   -0.04776095037  -0.007261786175
v    0.02314317811   -0.04780704312  -0.005450569403
v    0.02314317811   -0.04784020571  -0.003636360426
v    0.02314317811   -0.04786024494   -0.00181941778
v    0.02314317811   -0.04786696761  -7.49437514e-19
v    0.02314317811   -0.04786024494    0.00181941778
v    0.02314317811   -0.04784020571   0.003636360426
v    0.02314317811   -0.04780704312   0.005450569403
v    0.02314317811   -0.04776095037   0.007261786175
v    0.02314317811   -0.04770212063   0.009069752208
v    0.02314317811    -0.0476307471    0.01087420897
v    0.02314317811   -0.04754702297    0.01267489792
v    0.02314317811   -0.04745114143    0.01447156052
v    0.02314317811   -0.04734329568    0.01626393825
v    0.02314317811    -0.0472236789    0.01805177256
v    0.02314317811   -0.04709248428    0.01983480492
v    0.02314317811   -0.04694990502     0.0216127768
v    0.02314317811    -0.0467961343    0.02338542966
v    0.02314317811   -0.04663136533    0.02515250497
v    0.02314317811   -0.04645579127    0.02691374418
v    0.02314317811   -0.04626960534    0.02866888877
v    0.02314317811   -0.04607300072     0.0304176802
v    0.02314317811   -0.04586617059    0.03215985994
v    0.02314317811   -0.04564930816    0.03389516945
v    0.02314317811   -0.04542260579    0.03562298978
v    0.02314317811    -0.0450985371    0.03704391029
v    0.02314317811   -0.04459487323    0.03842009401
v    0.02314317811   -0.04391976184    0.03973244106
v    0.02314317811   -0.04308134976     0.0409614911
v    0.02314317811   -0.04208778381    0.04208778381
v    0.02314317811    -0.0409614911    0.04308134976
v    0.02314317811   -0.03973244106    0.04391976184
v    0.02314317811   -0.03842009401    0.04459487323
v    0.02314317811   -0.03704391029     0.0450985371
v    0.02314317811   -0.03562298978    0.04542260579
v    0.02314317811   -0.03389516945    0.04564930816
v    0.02314317811   -0.03215985994    0.04586617059
v    0.02314317811    -0.0304176802    0.04607300072
v    0.02314317811   -0.02866888877    0.04626960534
v    0.02314317811   -0.02691374418    0.04645579127
v    0.02314317811   -0.02515250497    0.04663136533
v    0.02314317811   -0.02338542966     0.0467961343
v    0.02314317811    -0.0216127768    0.04694990502
v    0.02314317811   -0.01983480492    0.04709248428
v    0.02314317811   -0.01805177256     0.0472236789
v    0.02314317811   -0.01626393825    0.04734329568
v    0.02314317811   -0.01447156052    0.04745114143
v    0.02314317811   -0.01267489792    0.04754702297
v    0.02314317811   -0.01087420897     0.0476307471
v    0.02314317811  -0.009069752208    0.04770212063
v    0.02314317811  -0.007261786175    0.04776095037
v    0.02314317811  -0.005450569403    0.04780704312
v    0.02314317811  -0.003636360426    0.04784020571
v    0.02314317811   -0.00181941778    0.04786024494
v    0.02314317811 -1.506046679e-18    0.04786696761
v    0.02314317811    0.00181941778    0.04786024494
v    0.02314317811   0.003636360426    0.04784020571
v    0.02314317811   0.005450569403    0.04780704312
v    0.02314317811   0.007261786175    0.04776095037
v    0.02314317811   0.009069752208    0.04770212063
v    0.02314317811    0.01087420897     0.0476307471
v    0.02314317811    0.01267489792    0.04754702297
v    0.02314317811    0.01447156052    0.04745114143
v    0.02314317811    0.01626393825    0.04734329568
v    0.02314317811    0.01805177256     0.0472236789
v    0.02314317811    0.01983480492    0.04709248428
v    0.02314317811     0.0216127768    0.04694990502
v    0.02314317811    0.02338542966     0.0467961343
v    0.02314317811    0.02515250497    0.04663136533
v    0.02314317811    0.02691374418    0.04645579127
v    0.02314317811    0.02866888877    0.04626960534
v    0.02314317811     0.0304176802    0.04607300072
v    0.02314317811    0.03215985994    0.04586617059
v    0.02314317811    0.03389516945    0.04564930816
v    0.02314317811    0.03562298978    0.04542260579
v    0.02314317811    0.03704391029     0.0450985371
v    0.02314317811    0.03842009401    0.04459487323
v    0.02314317811    0.03973244106    0.04391976184
v    0.02314317811     0.0409614911    0.04308134976
v    0.02314317811    0.04208778381    0.04208778381
v    0.02314317811    0.04308134976     0.0409614911
v    0.02314317811    0.04391976184    0.03973244106
v    0.02314317811    0.04459487323    0.03842009401
v    0.02314317811     0.0450985371    0.03704391029
v    0.02314317811    0.04542260579    0.03562298978
v    0.02314317811    0.04564930816    0.03389516945
v    0.02314317811    0.04586617059    0.03215985994
v    0.02314317811    0.04607300072     0.0304176802
v    0.02314317811    0.04626960534    0.02866888877
v    0.02314317811    0.04645579127    0.02691374418
v    0.02314317811    0.04663136533    0.02515250497
v    0.02314317811     0.0467961343    0.02338542966
v    0.02314317811    0.04694990502     0.0216127768
v    0.02314317811    0.04709248428    0.01983480492
v    0.02314317811     0.0472236789    0.01805177256
v    0.02314317811    0.04734329568    0.01626393825
v    0.02314317811    0.04745114143    0.01447156052
v    0.02314317811    0.04754702297    0.01267489792
v    0.02314317811     0.0476307471    0.01087420897
v    0.02314317811    0.04770212063   0.009069752208
v    0.02314317811    0.04776095037   0.007261786175
v    0.02314317811    0.04780704312   0.005450569403
v    0.02314317811    0.04784020571   0.003636360426
v    0.02314317811    0.04786024494    0.00181941778
v     0.0246443253     0.0481541393                0
v     0.0246443253    0.04814816032  -0.001841384345
v     0.0246443253    0.04813033785  -0.003680574452
v     0.0246443253    0.04810084359  -0.005517339969
v     0.0246443253    0.04805984923  -0.007351450545
v     0.0246443253    0.04800752648  -0.009182675827
v     0.0246443253    0.04794404704   -0.01101078546
v     0.0246443253    0.04786958261    -0.0128355491
v     0.0246443253    0.04778430489   -0.01465673639
v     0.0246443253    0.04768838558   -0.01647411698
v     0.0246443253    0.04758199638   -0.01828746052
v     0.0246443253      0.047465309   -0.02009653665
v     0.0246443253    0.04733849512   -0.02190111503
v     0.0246443253    0.04720172646    -0.0237009653
v     0.0246443253    0.04705517471   -0.02549585711
v     0.0246443253    0.04689901157   -0.02728556011
v     0.0246443253    0.04673340875   -0.02906984394
v     0.0246443253    0.04655853794   -0.03084847826
v     0.0246443253    0.04637457085   -0.03262123271
v     0.0246443253    0.04618167917   -0.03438787695
v     0.0246443253    0.04598003376   -0.03614780287
v     0.0246443253    0.04567787163    -0.0375872532
v     0.0246443253     0.0451889819   -0.03898102901
v     0.0246443253    0.04452187297   -0.04030915323
v     0.0246443253    0.04368505236   -0.04155127103
v     0.0246443253    0.04268702759   -0.04268702759
v     0.0246443253    0.04155127103   -0.04368505236
v     0.0246443253    0.04030915323   -0.04452187297
v     0.0246443253    0.03898102901    -0.0451889819
v     0.0246443253     0.0375872532   -0.04567787163
v     0.0246443253    0.03614780287   -0.04598003376
v     0.0246443253    0.03438787695   -0.04618167917
v     0.0246443253    0.03262123271   -0.04637457085
v     0.0246443253    0.03084847826   -0.04655853794
v     0.0246443253    0.02906984394   -0.04673340875
v     0.0246443253    0.02728556011   -0.04689901157
v     0.0246443253    0.02549585711   -0.04705517471
v     0.0246443253     0.0237009653   -0.04720172646
v     0.0246443253    0.02190111503   -0.04733849512
v     0.0246443253    0.02009653665     -0.047465309
v     0.0246443253    0.01828746052   -0.04758199638
v     0.0246443253    0.01647411698   -0.04768838558
v     0.0246443253    0.01465673639   -0.04778430489
v     0.0246443253     0.0128355491   -0.04786958261
v     0.0246443253    0.01101078546   -0.04794404704
v     0.0246443253   0.009182675827   -0.04800752648
v     0.0246443253   0.007351450545   -0.04805984923
v     0.0246443253   0.005517339969   -0.04810084359
v     0.0246443253   0.003680574452   -0.04813033785
v     0.0246443253   0.001841384345   -0.04814816032
v     0.0246443253  1.576585069e-19    -0.0481541393
v     0.0246443253  -0.001841384345   -0.04814816032
v     0.0246443253  -0.003680574452   -0.04813033785
v     0.0246443253  -0.005517339969   -0.04810084359
v     0.0246443253  -0.007351450545   -0.04805984923
v     0.0246443253  -0.009182675827   -0.04800752648
v     0.0246443253   -0.01101078546   -0.04794404704
v     0.0246443253    -0.0128355491   -0.04786958261
v     0.0246443253   -0.01465673639   -0.04778430489
v     0.0246443253   -0.01647411698   -0.04768838558
v     0.0246443253   -0.01828746052   -0.04758199638
v     0.0246443253   -0.02009653665     -0.047465309
v     0.0246443253   -0.02190111503   -0.04733849512
v     0.0246443253    -0.0237009653   -0.04720172646
v     0.0246443253   -0.02549585711   -0.04705517471
v     0.0246443253   -0.02728556011   -0.04689901157
v     0.0246443253   -0.02906984394   -0.04673340875
v     0.0246443253   -0.03084847826   -0.04655853794
v     0.0246443253   -0.03262123271   -0.04637457085
v     0.0246443253   -0.03438787695   -0.04618167917
v     0.0246443253   -0.03614780287   -0.04598003376
v     0.0246443253    -0.0375872532   -0.04567787163
v     0.0246443253   -0.03898102901    -0.0451889819
v     0.0246443253   -0.04030915323   -0.04452187297
v     0.0246443253   -0.04155127103   -0.04368505236
v     0.0246443253   -0.04268702759   -0.04268702759
v     0.0246443253   -0.04368505236   -0.04155127103
v     0.0246443253   -0.04452187297   -0.04030915323
v     0.0246443253    -0.0451889819   -0.03898102901
v     0.0246443253   -0.04567787163    -0.0375872532
v     0.0246443253   -0.04598003376   -0.03614780287
v     0.0246443253   -0.04618167917   -0.03438787695
v     0.0246443253   -0.04637457085   -0.03262123271
v     0.0246443253   -0.04655853794   -0.03084847826
v     0.0246443253   -0.04673340875   -0.02906984394
v     0.0246443253   -0.04689901157   -0.02728556011
v     0.0246443253   -0.04705517471   -0.02549585711
v     0.0246443253   -0.04720172646    -0.0237009653
v     0.0246443253   -0.04733849512   -0.02190111503
v     0.0246443253     -0.047465309   -0.02009653665
v     0.0246443253   -0.04758199638   -0.01828746052
v     0.0246443253   -0.04768838558   -0.01647411698
v     0.0246443253   -0.04778430489   -0.01465673639
v     0.0246443253   -0.04786958261    -0.0128355491
v     0.0246443253   -0.04794404704   -0.01101078546
v     0.0246443253   -0.04800752648  -0.009182675827
v     0.0246443253   -0.04805984923  -0.007351450545
v     0.0246443253   -0.04810084359  -0.005517339969
v     0.0246443253   -0.04813033785  -0.003680574452
v     0.0246443253   -0.04814816032  -0.001841384345
v     0.0246443253    -0.0481541393  -6.72676296e-19
v     0.0246443253   -0.04814816032   0.001841384345
v     0.0246443253   -0.04813033785   0.003680574452
v     0.0246443253   -0.04810084359   0.005517339969
v     0.0246443253   -0.04805984923   0.007351450545
v     0.0246443253   -0.04800752648   0.009182675827
v     0.0246443253   -0.04794404704    0.01101078546
v     0.0246443253   -0.04786958261     0.0128355491
v     0.0246443253   -0.04778430489    0.01465673639
v     0.0246443253   -0.04768838558    0.01647411698
v     0.0246443253   -0.04758199638    0.01828746052
v     0.0246443253     -0.047465309    0.02009653665
v     0.0246443253   -0.04733849512    0.02190111503
v     0.0246443253   -0.04720172646     0.0237009653
v     0.0246443253   -0.04705517471    0.02549585711
v     0.0246443253   -0.04689901157    0.02728556011
v     0.0246443253   -0.04673340875    0.02906984394
v     0.0246443253   -0.04655853794    0.03084847826
v     0.0246443253   -0.04637457085    0.03262123271
v     0.0246443253   -0.04618167917    0.03438787695
v     0.0246443253   -0.04598003376    0.03614780287
v     0.0246443253   -0.04567787163     0.0375872532
v     0.0246443253    -0.0451889819    0.03898102901
v     0.0246443253   -0.04452187297    0.04030915323
v     0.0246443253   -0.04368505236    0.04155127103
v     0.0246443253   -0.04268702759    0.04268702759
v     0.0246443253   -0.04155127103    0.04368505236
v     0.0246443253   -0.04030915323    0.04452187297
v     0.0246443253   -0.03898102901     0.0451889819
v     0.0246443253    -0.0375872532    0.04567787163
v     0.0246443253   -0.03614780287    0.04598003376
v     0.0246443253   -0.03438787695    0.04618167917
v     0.0246443253   -0.03262123271    0.04637457085
v     0.0246443253   -0.03084847826    0.04655853794
v     0.0246443253   -0.02906984394    0.04673340875
v     0.0246443253   -0.02728556011    0.04689901157
v     0.0246443253   -0.02549585711    0.04705517471
v     0.0246443253    -0.0237009653    0.04720172646
v     0.0246443253   -0.02190111503    0.04733849512
v     0.0246443253   -0.02009653665      0.047465309
v     0.0246443253   -0.01828746052    0.04758199638
v     0.0246443253   -0.01647411698    0.04768838558
v     0.0246443253   -0.01465673639    0.04778430489
v     0.0246443253    -0.0128355491    0.04786958261
v     0.0246443253   -0.01101078546    0.04794404704
v     0.0246443253  -0.009182675827    0.04800752648
v     0.0246443253  -0.007351450545    0.04805984923
v     0.0246443253  -0.005517339969    0.04810084359
v     0.0246443253  -0.003680574452    0.04813033785
v     0.0246443253  -0.001841384345    0.04814816032
v     0.0246443253 -1.351789686e-18     0.0481541393
v     0.0246443253   0.001841384345    0.04814816032
v     0.0246443253   0.003680574452    0.04813033785
v     0.0246443253   0.005517339969    0.04810084359
v     0.0246443253   0.007351450545    0.04805984923
v     0.0246443253   0.009182675827    0.04800752648
v     0.0246443253    0.01101078546    0.04794404704
v     0.0246443253     0.0128355491    0.04786958261
v     0.0246443253    0.01465673639    0.04778430489
v     0.0246443253    0.01647411698    0.04768838558
v     0.0246443253    0.01828746052    0.04758199638
v     0.0246443253    0.02009653665      0.047465309
v     0.0246443253    0.02190111503    0.04733849512
v     0.0246443253     0.0237009653    0.04720172646
v     0.0246443253    0.02549585711    0.04705517471
v     0.0246443253    0.02728556011    0.04689901157
v     0.0246443253    0.02906984394    0.04673340875
v     0.0246443253    0.03084847826    0.04655853794
v     0.0246443253    0.03262123271    0.04637457085
v     0.0246443253    0.03438787695    0.04618167917
v     0.0246443253    0.03614780287    0.04598003376
v     0.0246443253     0.0375872532    0.04567787163
v     0.0246443253    0.03898102901     0.0451889819
v     0.0246443253    0.04030915323    0.04452187297
v     0.0246443253    0.04155127103    0.04368505236
v     0.0246443253    0.04268702759    0.04268702759
v     0.0246443253    0.04368505236    0.04155127103
v     0.0246443253    0.04452187297    0.04030915323
v     0.0246443253     0.0451889819    0.03898102901
v     0.0246443253    0.04567787163     0.0375872532
v     0.0246443253    0.04598003376    0.03614780287
v     0.0246443253    0.04618167917    0.03438787695
v     0.0246443253    0.04637457085    0.03262123271
v     0.0246443253    0.04655853794    0.03084847826
v     0.0246443253    0.04673340875    0.02906984394
v     0.0246443253    0.04689901157    0.02728556011
v     0.0246443253    0.04705517471    0.02549585711
v     0.0246443253    0.04720172646     0.0237009653
v     0.0246443253    0.04733849512    0.02190111503
v     0.0246443253      0.047465309    0.02009653665
v     0.0246443253    0.04758199638    0.01828746052
v     0.0246443253    0.04768838558    0.01647411698
v     0.0246443253    0.04778430489    0.01465673639
v     0.0246443253    0.04786958261     0.0128355491
v     0.0246443253    0.04794404704    0.01101078546
v     0.0246443253    0.04800752648   0.009182675827
v     0.0246443253    0.04805984923   0.007351450545
v     0.0246443253    0.04810084359   0.005517339969
v     0.0246443253    0.04813033785   0.003680574452
v     0.0246443253    0.04814816032   0.001841384345
v    0.02615289526    0.04841761449                0
v    0.02615289526    0.04841235083  -0.001862017775
v    0.02615289526    0.04839666056  -0.003722109729
v    0.02615289526    0.04837069473   -0.00558007272
v    0.02615289526     0.0483346044   -0.00743570361
v    0.02615289526    0.04828854064  -0.009288799258
v    0.02615289526     0.0482326545   -0.01113915652
v    0.02615289526    0.04816709704   -0.01298657227
v    0.02615289526    0.04809201933   -0.01483084335
v    0.02615289526    0.04800757242   -0.01667176663
v    0.02615289526    0.04791390737   -0.01850913896
v    0.02615289526    0.04781117525   -0.02034275722
v    0.02615289526     0.0476995271   -0.02217241825
v    0.02615289526      0.047579114   -0.02399791891
v    0.02615289526    0.04745008699   -0.02581905608
v    0.02615289526    0.04731259715    -0.0276356266
v    0.02615289526    0.04716679552   -0.02944742734
v    0.02615289526    0.04701283318   -0.03125425515
v    0.02615289526    0.04685086117   -0.03305590691
v    0.02615289526    0.04668103056   -0.03485217945
v    0.02615289526    0.04650349152   -0.03664247539
v    0.02615289526    0.04622243729   -0.03809934442
v    0.02615289526    0.04574785617   -0.03950965047
v    0.02615289526    0.04508860072   -0.04085257951
v    0.02615289526    0.04425352261   -0.04210692329
v    0.02615289526    0.04325147351   -0.04325147351
v    0.02615289526    0.04210692329   -0.04425352261
v    0.02615289526    0.04085257951   -0.04508860072
v    0.02615289526    0.03950965047   -0.04574785617
v    0.02615289526    0.03809934442   -0.04622243729
v    0.02615289526    0.03664247539   -0.04650349152
v    0.02615289526    0.03485217945   -0.04668103056
v    0.02615289526    0.03305590691   -0.04685086117
v    0.02615289526    0.03125425515   -0.04701283318
v    0.02615289526    0.02944742734   -0.04716679552
v    0.02615289526     0.0276356266   -0.04731259715
v    0.02615289526    0.02581905608   -0.04745008699
v    0.02615289526    0.02399791891     -0.047579114
v    0.02615289526    0.02217241825    -0.0476995271
v    0.02615289526    0.02034275722   -0.04781117525
v    0.02615289526    0.01850913896   -0.04791390737
v    0.02615289526    0.01667176663   -0.04800757242
v    0.02615289526    0.01483084335   -0.04809201933
v    0.02615289526    0.01298657227   -0.04816709704
v    0.02615289526    0.01113915652    -0.0482326545
v    0.02615289526   0.009288799258   -0.04828854064
v    0.02615289526    0.00743570361    -0.0483346044
v    0.02615289526    0.00558007272   -0.04837069473
v    0.02615289526   0.003722109729   -0.04839666056
v    0.02615289526   0.001862017775   -0.04841235083
v    0.02615289526   1.39995669e-19   -0.04841761449
v    0.02615289526  -0.001862017775   -0.04841235083
v    0.02615289526  -0.003722109729   -0.04839666056
v    0.02615289526   -0.00558007272   -0.04837069473
v    0.02615289526   -0.00743570361    -0.0483346044
v    0.02615289526  -0.009288799258   -0.04828854064
v    0.02615289526   -0.01113915652    -0.0482326545
v    0.02615289526   -0.01298657227   -0.04816709704
v    0.02615289526   -0.01483084335   -0.04809201933
v    0.02615289526   -0.01667176663   -0.04800757242
v    0.02615289526   -0.01850913896   -0.04791390737
v    0.02615289526   -0.02034275722   -0.04781117525
v    0.02615289526   -0.02217241825    -0.0476995271
v    0.02615289526   -0.02399791891     -0.047579114
v    0.02615289526   -0.02581905608   -0.04745008699
v    0.02615289526    -0.0276356266   -0.04731259715
v    0.02615289526   -0.02944742734   -0.04716679552
v    0.02615289526   -0.03125425515   -0.04701283318
v    0.02615289526   -0.03305590691   -0.04685086117
v    0.02615289526   -0.03485217945   -0.04668103056
v    0.02615289526   -0.03664247539   -0.04650349152
v    0.02615289526   -0.03809934442   -0.04622243729
v    0.02615289526   -0.03950965047   -0.04574785617
v    0.02615289526   -0.04085257951   -0.04508860072
v    0.02615289526   -0.04210692329   -0.04425352261
v    0.02615289526   -0.04325147351   -0.04325147351
v    0.02615289526   -0.04425352261   -0.04210692329
v    0.02615289526   -0.04508860072   -0.04085257951
v    0.02615289526   -0.04574785617   -0.03950965047
v    0.02615289526   -0.04622243729   -0.03809934442
v    0.02615289526   -0.04650349152   -0.03664247539
v    0.02615289526   -0.04668103056   -0.03485217945
v    0.02615289526   -0.04685086117   -0.03305590691
v    0.02615289526   -0.04701283318   -0.03125425515
v    0.02615289526   -0.04716679552   -0.02944742734
v    0.02615289526   -0.04731259715    -0.0276356266
v    0.02615289526   -0.04745008699   -0.02581905608
v    0.02615289526     -0.047579114   -0.02399791891
v    0.02615289526    -0.0476995271   -0.02217241825
v    0.02615289526   -0.04781117525   -0.02034275722
v    0.02615289526   -0.04791390737   -0.01850913896
v    0.02615289526   -0.04800757242   -0.01667176663
v    0.02615289526   -0.04809201933   -0.01483084335
v    0.02615289526   -0.04816709704   -0.01298657227
v    0.02615289526    -0.0482326545   -0.01113915652
v    0.02615289526   -0.04828854064  -0.009288799258
v    0.02615289526    -0.0483346044   -0.00743570361
v    0.02615289526   -0.04837069473   -0.00558007272
v    0.02615289526   -0.04839666056  -0.003722109729
v    0.02615289526   -0.04841235083  -0.001862017775
v    0.02615289526   -0.04841761449 -5.973148546e-19
v    0.02615289526   -0.04841235083   0.001862017775
v    0.02615289526   -0.04839666056   0.003722109729
v    0.02615289526   -0.04837069473    0.00558007272
v    0.02615289526    -0.0483346044    0.00743570361
v    0.02615289526   -0.04828854064   0.009288799258
v    0.02615289526    -0.0482326545    0.01113915652
v    0.02615289526   -0.04816709704    0.01298657227
v    0.02615289526   -0.04809201933    0.01483084335
v    0.02615289526   -0.04800757242    0.01667176663
v    0.02615289526   -0.04791390737    0.01850913896
v    0.02615289526   -0.04781117525    0.02034275722
v    0.02615289526    -0.0476995271    0.02217241825
v    0.02615289526     -0.047579114    0.02399791891
v    0.02615289526   -0.04745008699    0.02581905608
v    0.02615289526   -0.04731259715     0.0276356266
v    0.02615289526   -0.04716679552    0.02944742734
v    0.02615289526   -0.04701283318    0.03125425515
v    0.02615289526   -0.04685086117    0.03305590691
v    0.02615289526   -0.04668103056    0.03485217945
v    0.02615289526   -0.04650349152    0.03664247539
v    0.02615289526   -0.04622243729    0.03809934442
v    0.02615289526   -0.04574785617    0.03950965047
v    0.02615289526   -0.04508860072    0.04085257951
v    0.02615289526   -0.04425352261    0.04210692329
v    0.02615289526   -0.04325147351    0.04325147351
v    0.02615289526   -0.04210692329    0.04425352261
v    0.02615289526   -0.04085257951    0.04508860072
v    0.02615289526   -0.03950965047    0.04574785617
v    0.02615289526   -0.03809934442    0.04622243729
v    0.02615289526   -0.03664247539    0.04650349152
v    0.02615289526   -0.03485217945    0.04668103056
v    0.02615289526   -0.03305590691    0.04685086117
v    0.02615289526   -0.03125425515    0.04701283318
v    0.02615289526   -0.02944742734    0.04716679552
v    0.02615289526    -0.0276356266    0.04731259715
v    0.02615289526   -0.02581905608    0.04745008699
v    0.02615289526   -0.02399791891      0.047579114
v    0.02615289526   -0.02217241825     0.0476995271
v    0.02615289526   -0.02034275722    0.04781117525
v    0.02615289526   -0.01850913896    0.04791390737
v    0.02615289526   -0.01667176663    0.04800757242
v    0.02615289526   -0.01483084335    0.04809201933
v    0.02615289526   -0.01298657227    0.04816709704
v    0.02615289526   -0.01113915652     0.0482326545
v    0.02615289526  -0.009288799258    0.04828854064
v    0.02615289526   -0.00743570361     0.0483346044
v    0.02615289526   -0.00558007272    0.04837069473
v    0.02615289526  -0.003722109729    0.04839666056
v    0.02615289526  -0.001862017775    0.04841235083
v    0.02615289526 -1.200345641e-18    0.04841761449
v    0.02615289526   0.001862017775    0.04841235083
v    0.02615289526   0.003722109729    0.04839666056
v    0.02615289526    0.00558007272    0.04837069473
v    0.02615289526    0.00743570361     0.0483346044
v    0.02615289526   0.009288799258    0.04828854064
v    0.02615289526    0.01113915652     0.0482326545
v    0.02615289526    0.01298657227    0.04816709704
v    0.02615289526    0.01483084335    0.04809201933
v    0.02615289526    0.01667176663    0.04800757242
v    0.02615289526    0.01850913896    0.04791390737
v    0.02615289526    0.02034275722    0.04781117525
v    0.02615289526    0.02217241825     0.0476995271
v    0.02615289526    0.02399791891      0.047579114
v    0.02615289526    0.02581905608    0.04745008699
v    0.02615289526     0.0276356266    0.04731259715
v    0.02615289526    0.02944742734    0.04716679552
v    0.02615289526    0.03125425515    0.04701283318
v    0.02615289526    0.03305590691    0.04685086117
v    0.02615289526    0.03485217945    0.04668103056
v    0.02615289526    0.03664247539    0.04650349152
v    0.02615289526    0.03809934442    0.04622243729
v    0.02615289526    0.03950965047    0.04574785617
v    0.02615289526    0.04085257951    0.04508860072
v    0.02615289526    0.04210692329    0.04425352261
v    0.02615289526    0.04325147351    0.04325147351
v    0.02615289526    0.04425352261    0.04210692329
v    0.02615289526    0.04508860072    0.04085257951
v    0.02615289526    0.04574785617    0.03950965047
v    0.02615289526    0.04622243729    0.03809934442
v    0.02615289526    0.04650349152    0.03664247539
v    0.02615289526    0.04668103056    0.03485217945
v    0.02615289526    0.04685086117    0.03305590691
v    0.02615289526    0.04701283318    0.03125425515
v    0.02615289526    0.04716679552    0.02944742734
v    0.02615289526    0.04731259715     0.0276356266
v    0.02615289526    0.04745008699    0.02581905608
v    0.02615289526      0.047579114    0.02399791891
v    0.02615289526     0.0476995271    0.02217241825
v    0.02615289526    0.04781117525    0.02034275722
v    0.02615289526    0.04791390737    0.01850913896
v    0.02615289526    0.04800757242    0.01667176663
v    0.02615289526    0.04809201933    0.01483084335
v    0.02615289526    0.04816709704    0.01298657227
v    0.02615289526     0.0482326545    0.01113915652
v    0.02615289526    0.04828854064   0.009288799258
v    0.02615289526     0.0483346044    0.00743570361
v    0.02615289526    0.04837069473    0.00558007272
v    0.02615289526    0.04839666056   0.003722109729
v    0.02615289526    0.04841235083   0.001862017775
v    0.02766437299    0.04865769932                0
v    0.02766437299    0.04865311737  -0.001881253929
v    0.02766437299    0.04863945913  -0.003760836318
v    0.02766437299    0.04861685603  -0.005638570051
v    0.02766437299    0.04858543947   -0.00751427801
v    0.02766437299    0.04854534086  -0.009387783078
v    0.02766437299    0.04849669162   -0.01125890814
v    0.02766437299    0.04843962317   -0.01312747607
v    0.02766437299    0.04837426691   -0.01499330977
v    0.02766437299    0.04830075427    -0.0168562321
v    0.02766437299    0.04821921665   -0.01871606596
v    0.02766437299    0.04812978547   -0.02057263422
v    0.02766437299    0.04803259215   -0.02242575977
v    0.02766437299    0.04792776809    -0.0242752655
v    0.02766437299    0.04781544471   -0.02612097428
v    0.02766437299    0.04769575344   -0.02796270899
v    0.02766437299    0.04756882567   -0.02980029253
v    0.02766437299    0.04743479282   -0.03163354778
v    0.02766437299    0.04729378631    -0.0334622976
v    0.02766437299    0.04714593756    -0.0352863649
v    0.02766437299    0.04699137704   -0.03710516265
v    0.02766437299    0.04673047114    -0.0385782827
v    0.02766437299    0.04626961121   -0.04000400468
v    0.02766437299    0.04561797541   -0.04136072285
v    0.02766437299    0.04478474097   -0.04262642155
v    0.02766437299    0.04377908513   -0.04377908513
v    0.02766437299    0.04262642155   -0.04478474097
v    0.02766437299    0.04136072285   -0.04561797541
v    0.02766437299    0.04000400468   -0.04626961121
v    0.02766437299     0.0385782827   -0.04673047114
v    0.02766437299    0.03710516265   -0.04699137704
v    0.02766437299     0.0352863649   -0.04714593756
v    0.02766437299     0.0334622976   -0.04729378631
v    0.02766437299    0.03163354778   -0.04743479282
v    0.02766437299    0.02980029253   -0.04756882567
v    0.02766437299    0.02796270899   -0.04769575344
v    0.02766437299    0.02612097428   -0.04781544471
v    0.02766437299     0.0242752655   -0.04792776809
v    0.02766437299    0.02242575977   -0.04803259215
v    0.02766437299    0.02057263422   -0.04812978547
v    0.02766437299    0.01871606596   -0.04821921665
v    0.02766437299     0.0168562321   -0.04830075427
v    0.02766437299    0.01499330977   -0.04837426691
v    0.02766437299    0.01312747607   -0.04843962317
v    0.02766437299    0.01125890814   -0.04849669162
v    0.02766437299   0.009387783078   -0.04854534086
v    0.02766437299    0.00751427801   -0.04858543947
v    0.02766437299   0.005638570051   -0.04861685603
v    0.02766437299   0.003760836318   -0.04863945913
v    0.02766437299   0.001881253929   -0.04865311737
v    0.02766437299  1.228529131e-19   -0.04865769932
v    0.02766437299  -0.001881253929   -0.04865311737
v    0.02766437299  -0.003760836318   -0.04863945913
v    0.02766437299  -0.005638570051   -0.04861685603
v    0.02766437299   -0.00751427801   -0.04858543947
v    0.02766437299  -0.009387783078   -0.04854534086
v    0.02766437299   -0.01125890814   -0.04849669162
v    0.02766437299   -0.01312747607   -0.04843962317
v    0.02766437299   -0.01499330977   -0.04837426691
v    0.02766437299    -0.0168562321   -0.04830075427
v    0.02766437299   -0.01871606596   -0.04821921665
v    0.02766437299   -0.02057263422   -0.04812978547
v    0.02766437299   -0.02242575977   -0.04803259215
v    0.02766437299    -0.0242752655   -0.04792776809
v    0.02766437299   -0.02612097428   -0.04781544471
v    0.02766437299   -0.02796270899   -0.04769575344
v    0.02766437299   -0.02980029253   -0.04756882567
v    0.02766437299   -0.03163354778   -0.04743479282
v    0.02766437299    -0.0334622976   -0.04729378631
v    0.02766437299    -0.0352863649   -0.04714593756
v    0.02766437299   -0.03710516265   -0.04699137704
v    0.02766437299    -0.0385782827   -0.04673047114
v    0.02766437299   -0.04000400468   -0.04626961121
v    0.02766437299   -0.04136072285   -0.04561797541
v    0.02766437299   -0.04262642155   -0.04478474097
v    0.02766437299   -0.04377908513   -0.04377908513
v    0.02766437299   -0.04478474097   -0.04262642155
v    0.02766437299   -0.04561797541   -0.04136072285
v    0.02766437299   -0.04626961121   -0.04000400468
v    0.02766437299   -0.04673047114    -0.0385782827
v    0.02766437299   -0.04699137704   -0.03710516265
v    0.02766437299   -0.04714593756    -0.0352863649
v    0.02766437299   -0.04729378631    -0.0334622976
v    0.02766437299   -0.04743479282   -0.03163354778
v    0.02766437299   -0.04756882567   -0.02980029253
v    0.02766437299   -0.04769575344   -0.02796270899
v    0.02766437299   -0.04781544471   -0.02612097428
v    0.02766437299   -0.04792776809    -0.0242752655
v    0.02766437299   -0.04803259215   -0.02242575977
v    0.02766437299   -0.04812978547   -0.02057263422
v    0.02766437299   -0.04821921665   -0.01871606596
v    0.02766437299   -0.04830075427    -0.0168562321
v    0.02766437299   -0.04837426691   -0.01499330977
v    0.02766437299   -0.04843962317   -0.01312747607
v    0.02766437299   -0.04849669162   -0.01125890814
v    0.02766437299   -0.04854534086  -0.009387783078
v    0.02766437299   -0.04858543947   -0.00751427801
v    0.02766437299   -0.04861685603  -0.005638570051
v    0.02766437299   -0.04863945913  -0.003760836318
v    0.02766437299   -0.04865311737  -0.001881253929
v    0.02766437299   -0.04865769932 -5.241724292e-19
v    0.02766437299   -0.04865311737   0.001881253929
v    0.02766437299   -0.04863945913   0.003760836318
v    0.02766437299   -0.04861685603   0.005638570051
v    0.02766437299   -0.04858543947    0.00751427801
v    0.02766437299   -0.04854534086   0.009387783078
v    0.02766437299   -0.04849669162    0.01125890814
v    0.02766437299   -0.04843962317    0.01312747607
v    0.02766437299   -0.04837426691    0.01499330977
v    0.02766437299   -0.04830075427     0.0168562321
v    0.02766437299   -0.04821921665    0.01871606596
v    0.02766437299   -0.04812978547    0.02057263422
v    0.02766437299   -0.04803259215    0.02242575977
v    0.02766437299   -0.04792776809     0.0242752655
v    0.02766437299   -0.04781544471    0.02612097428
v    0.02766437299   -0.04769575344    0.02796270899
v    0.02766437299   -0.04756882567    0.02980029253
v    0.02766437299   -0.04743479282    0.03163354778
v    0.02766437299   -0.04729378631     0.0334622976
v    0.02766437299   -0.04714593756     0.0352863649
v    0.02766437299   -0.04699137704    0.03710516265
v    0.02766437299   -0.04673047114     0.0385782827
v    0.02766437299   -0.04626961121    0.04000400468
v    0.02766437299   -0.04561797541    0.04136072285
v    0.02766437299   -0.04478474097    0.04262642155
v    0.02766437299   -0.04377908513    0.04377908513
v    0.02766437299   -0.04262642155    0.04478474097
v    0.02766437299   -0.04136072285    0.04561797541
v    0.02766437299   -0.04000400468    0.04626961121
v    0.02766437299    -0.0385782827    0.04673047114
v    0.02766437299   -0.03710516265    0.04699137704
v    0.02766437299    -0.0352863649    0.04714593756
v    0.02766437299    -0.0334622976    0.04729378631
v    0.02766437299   -0.03163354778    0.04743479282
v    0.02766437299   -0.02980029253    0.04756882567
v    0.02766437299   -0.02796270899    0.04769575344
v    0.02766437299   -0.02612097428    0.04781544471
v    0.02766437299    -0.0242752655    0.04792776809
v    0.02766437299   -0.02242575977    0.04803259215
v    0.02766437299   -0.02057263422    0.04812978547
v    0.02766437299   -0.01871606596    0.04821921665
v    0.02766437299    -0.0168562321    0.04830075427
v    0.02766437299   -0.01499330977    0.04837426691
v    0.02766437299   -0.01312747607    0.04843962317
v    0.02766437299   -0.01125890814    0.04849669162
v    0.02766437299  -0.009387783078    0.04854534086
v    0.02766437299   -0.00751427801    0.04858543947
v    0.02766437299  -0.005638570051    0.04861685603
v    0.02766437299  -0.003760836318    0.04863945913
v    0.02766437299  -0.001881253929    0.04865311737
v    0.02766437299 -1.053360862e-18    0.04865769932
v    0.02766437299   0.001881253929    0.04865311737
v    0.02766437299   0.003760836318    0.04863945913
v    0.02766437299   0.005638570051    0.04861685603
v    0.02766437299    0.00751427801    0.04858543947
v    0.02766437299   0.009387783078    0.04854534086
v    0.02766437299    0.01125890814    0.04849669162
v    0.02766437299    0.01312747607    0.04843962317
v    0.02766437299    0.01499330977    0.04837426691
v    0.02766437299     0.0168562321    0.04830075427
v    0.02766437299    0.01871606596    0.04821921665
v    0.02766437299    0.02057263422    0.04812978547
v    0.02766437299    0.02242575977    0.04803259215
v    0.02766437299     0.0242752655    0.04792776809
v    0.02766437299    0.02612097428    0.04781544471
v    0.02766437299    0.02796270899    0.04769575344
v    0.02766437299    0.02980029253    0.04756882567
v    0.02766437299    0.03163354778    0.04743479282
v    0.02766437299     0.0334622976    0.04729378631
v    0.02766437299     0.0352863649    0.04714593756
v    0.02766437299    0.03710516265    0.04699137704
v    0.02766437299     0.0385782827    0.04673047114
v    0.02766437299    0.04000400468    0.04626961121
v    0.02766437299    0.04136072285    0.04561797541
v    0.02766437299    0.04262642155    0.04478474097
v    0.02766437299    0.04377908513    0.04377908513
v    0.02766437299    0.04478474097    0.04262642155
v    0.02766437299    0.04561797541    0.04136072285
v    0.02766437299    0.04626961121    0.04000400468
v    0.02766437299    0.04673047114     0.0385782827
v    0.02766437299    0.04699137704    0.03710516265
v    0.02766437299    0.04714593756     0.0352863649
v    0.02766437299    0.04729378631     0.0334622976
v    0.02766437299    0.04743479282    0.03163354778
v    0.02766437299    0.04756882567    0.02980029253
v    0.02766437299    0.04769575344    0.02796270899
v    0.02766437299    0.04781544471    0.02612097428
v    0.02766437299    0.04792776809     0.0242752655
v    0.02766437299    0.04803259215    0.02242575977
v    0.02766437299    0.04812978547    0.02057263422
v    0.02766437299    0.04821921665    0.01871606596
v    0.02766437299    0.04830075427     0.0168562321
v    0.02766437299    0.04837426691    0.01499330977
v    0.02766437299    0.04843962317    0.01312747607
v    0.02766437299    0.04849669162    0.01125890814
v    0.02766437299    0.04854534086   0.009387783078
v    0.02766437299    0.04858543947    0.00751427801
v    0.02766437299    0.04861685603   0.005638570051
v    0.02766437299    0.04863945913   0.003760836318
v    0.02766437299    0.04865311737   0.001881253929
v    0.02917447185    0.04887480186                0
v    0.02917447185    0.04887086324  -0.001899039193
v    0.02917447185    0.04885912264  -0.003796645501
v    0.02917447185    0.04883969296  -0.005692666441
v    0.02917447185    0.04881268709  -0.007586949531
v    0.02917447185    0.04877821793  -0.009479342289
v    0.02917447185    0.04873639839   -0.01136969223
v    0.02917447185    0.04868734134   -0.01325784688
v    0.02917447185     0.0486311597   -0.01514365375
v    0.02917447185    0.04856796636   -0.01702696035
v    0.02917447185     0.0484978742   -0.01890761421
v    0.02917447185    0.04842099614   -0.02078546285
v    0.02917447185    0.04833744507   -0.02266035377
v    0.02917447185    0.04824733388   -0.02453213451
v    0.02917447185    0.04815077547   -0.02640065257
v    0.02917447185    0.04804788273   -0.02826575547
v    0.02917447185    0.04793876857   -0.03012729074
v    0.02917447185    0.04782354588   -0.03198510588
v    0.02917447185    0.04770232755   -0.03383904843
v    0.02917447185    0.04757522649   -0.03568896588
v    0.02917447185    0.04744235462    -0.0375342812
v    0.02917447185     0.0472004901     -0.039022437
v    0.02917447185    0.04675265163   -0.04046241667
v    0.02917447185    0.04610832256   -0.04183187237
v    0.02917447185    0.04527698527   -0.04310803167
v    0.02917447185    0.04426812214   -0.04426812214
v    0.02917447185    0.04310803167   -0.04527698527
v    0.02917447185    0.04183187237   -0.04610832256
v    0.02917447185    0.04046241667   -0.04675265163
v    0.02917447185      0.039022437    -0.0472004901
v    0.02917447185     0.0375342812   -0.04744235462
v    0.02917447185    0.03568896588   -0.04757522649
v    0.02917447185    0.03383904843   -0.04770232755
v    0.02917447185    0.03198510588   -0.04782354588
v    0.02917447185    0.03012729074   -0.04793876857
v    0.02917447185    0.02826575547   -0.04804788273
v    0.02917447185    0.02640065257   -0.04815077547
v    0.02917447185    0.02453213451   -0.04824733388
v    0.02917447185    0.02266035377   -0.04833744507
v    0.02917447185    0.02078546285   -0.04842099614
v    0.02917447185    0.01890761421    -0.0484978742
v    0.02917447185    0.01702696035   -0.04856796636
v    0.02917447185    0.01514365375    -0.0486311597
v    0.02917447185    0.01325784688   -0.04868734134
v    0.02917447185    0.01136969223   -0.04873639839
v    0.02917447185   0.009479342289   -0.04877821793
v    0.02917447185   0.007586949531   -0.04881268709
v    0.02917447185   0.005692666441   -0.04883969296
v    0.02917447185   0.003796645501   -0.04885912264
v    0.02917447185   0.001899039193   -0.04887086324
v    0.02917447185  1.064092782e-19   -0.04887480186
v    0.02917447185  -0.001899039193   -0.04887086324
v    0.02917447185  -0.003796645501   -0.04885912264
v    0.02917447185  -0.005692666441   -0.04883969296
v    0.02917447185  -0.007586949531   -0.04881268709
v    0.02917447185  -0.009479342289   -0.04877821793
v    0.02917447185   -0.01136969223   -0.04873639839
v    0.02917447185   -0.01325784688   -0.04868734134
v    0.02917447185   -0.01514365375    -0.0486311597
v    0.02917447185   -0.01702696035   -0.04856796636
v    0.02917447185   -0.01890761421    -0.0484978742
v    0.02917447185   -0.02078546285   -0.04842099614
v    0.02917447185   -0.02266035377   -0.04833744507
v    0.02917447185   -0.02453213451   -0.04824733388
v    0.02917447185   -0.02640065257   -0.04815077547
v    0.02917447185   -0.02826575547   -0.04804788273
v    0.02917447185   -0.03012729074   -0.04793876857
v    0.02917447185   -0.03198510588   -0.04782354588
v    0.02917447185   -0.03383904843   -0.04770232755
v    0.02917447185   -0.03568896588   -0.04757522649
v    0.02917447185    -0.0375342812   -0.04744235462
v    0.02917447185     -0.039022437    -0.0472004901
v    0.02917447185   -0.04046241667   -0.04675265163
v    0.02917447185   -0.04183187237   -0.04610832256
v    0.02917447185   -0.04310803167   -0.04527698527
v    0.02917447185   -0.04426812214   -0.04426812214
v    0.02917447185   -0.04527698527   -0.04310803167
v    0.02917447185   -0.04610832256   -0.04183187237
v    0.02917447185   -0.04675265163   -0.04046241667
v    0.02917447185    -0.0472004901     -0.039022437
v    0.02917447185   -0.04744235462    -0.0375342812
v    0.02917447185   -0.04757522649   -0.03568896588
v    0.02917447185   -0.04770232755   -0.03383904843
v    0.02917447185   -0.04782354588   -0.03198510588
v    0.02917447185   -0.04793876857   -0.03012729074
v    0.02917447185   -0.04804788273   -0.02826575547
v    0.02917447185   -0.04815077547   -0.02640065257
v    0.02917447185   -0.04824733388   -0.02453213451
v    0.02917447185   -0.04833744507   -0.02266035377
v    0.02917447185   -0.04842099614   -0.02078546285
v    0.02917447185    -0.0484978742   -0.01890761421
v    0.02917447185   -0.04856796636   -0.01702696035
v    0.02917447185    -0.0486311597   -0.01514365375
v    0.02917447185   -0.04868734134   -0.01325784688
v    0.02917447185   -0.04873639839   -0.01136969223
v    0.02917447185   -0.04877821793  -0.009479342289
v    0.02917447185   -0.04881268709  -0.007586949531
v    0.02917447185   -0.04883969296  -0.005692666441
v    0.02917447185   -0.04885912264  -0.003796645501
v    0.02917447185   -0.04887086324  -0.001899039193
v    0.02917447185   -0.04887480186 -4.540129202e-19
v    0.02917447185   -0.04887086324   0.001899039193
v    0.02917447185   -0.04885912264   0.003796645501
v    0.02917447185   -0.04883969296   0.005692666441
v    0.02917447185   -0.04881268709   0.007586949531
v    0.02917447185   -0.04877821793   0.009479342289
v    0.02917447185   -0.04873639839    0.01136969223
v    0.02917447185   -0.04868734134    0.01325784688
v    0.02917447185    -0.0486311597    0.01514365375
v    0.02917447185   -0.04856796636    0.01702696035
v    0.02917447185    -0.0484978742    0.01890761421
v    0.02917447185   -0.04842099614    0.02078546285
v    0.02917447185   -0.04833744507    0.02266035377
v    0.02917447185   -0.04824733388    0.02453213451
v    0.02917447185   -0.04815077547    0.02640065257
v    0.02917447185   -0.04804788273    0.02826575547
v    0.02917447185   -0.04793876857    0.03012729074
v    0.02917447185   -0.04782354588    0.03198510588
v    0.02917447185   -0.04770232755    0.03383904843
v    0.02917447185   -0.04757522649    0.03568896588
v    0.02917447185   -0.04744235462     0.0375342812
v    0.02917447185    -0.0472004901      0.039022437
v    0.02917447185   -0.04675265163    0.04046241667
v    0.02917447185   -0.04610832256    0.04183187237
v    0.02917447185   -0.04527698527    0.04310803167
v    0.02917447185   -0.04426812214    0.04426812214
v    0.02917447185   -0.04310803167    0.04527698527
v    0.02917447185   -0.04183187237    0.04610832256
v    0.02917447185   -0.04046241667    0.04675265163
v    0.02917447185     -0.039022437     0.0472004901
v    0.02917447185    -0.0375342812    0.04744235462
v    0.02917447185   -0.03568896588    0.04757522649
v    0.02917447185   -0.03383904843    0.04770232755
v    0.02917447185   -0.03198510588    0.04782354588
v    0.02917447185   -0.03012729074    0.04793876857
v    0.02917447185   -0.02826575547    0.04804788273
v    0.02917447185   -0.02640065257    0.04815077547
v    0.02917447185   -0.02453213451    0.04824733388
v    0.02917447185   -0.02266035377    0.04833744507
v    0.02917447185   -0.02078546285    0.04842099614
v    0.02917447185   -0.01890761421     0.0484978742
v    0.02917447185   -0.01702696035    0.04856796636
v    0.02917447185   -0.01514365375     0.0486311597
v    0.02917447185   -0.01325784688    0.04868734134
v    0.02917447185   -0.01136969223    0.04873639839
v    0.02917447185  -0.009479342289    0.04877821793
v    0.02917447185  -0.007586949531    0.04881268709
v    0.02917447185  -0.005692666441    0.04883969296
v    0.02917447185  -0.003796645501    0.04885912264
v    0.02917447185  -0.001899039193    0.04887086324
v    0.02917447185 -9.123704617e-19    0.04887480186
v    0.02917447185   0.001899039193    0.04887086324
v    0.02917447185   0.003796645501    0.04885912264
v    0.02917447185   0.005692666441    0.04883969296
v    0.02917447185   0.007586949531    0.04881268709
v    0.02917447185   0.009479342289    0.04877821793
v    0.02917447185    0.01136969223    0.04873639839
v    0.02917447185    0.01325784688    0.04868734134
v    0.02917447185    0.01514365375     0.0486311597
v    0.02917447185    0.01702696035    0.04856796636
v    0.02917447185    0.01890761421     0.0484978742
v    0.02917447185    0.02078546285    0.04842099614
v    0.02917447185    0.02266035377    0.04833744507
v    0.02917447185    0.02453213451    0.04824733388
v    0.02917447185    0.02640065257    0.04815077547
v    0.02917447185    0.02826575547    0.04804788273
v    0.02917447185    0.03012729074    0.04793876857
v    0.02917447185    0.03198510588    0.04782354588
v    0.02917447185    0.03383904843    0.04770232755
v    0.02917447185    0.03568896588    0.04757522649
v    0.02917447185     0.0375342812    0.04744235462
v    0.02917447185      0.039022437     0.0472004901
v    0.02917447185    0.04046241667    0.04675265163
v    0.02917447185    0.04183187237    0.04610832256
v    0.02917447185    0.04310803167    0.04527698527
v    0.02917447185    0.04426812214    0.04426812214
v    0.02917447185    0.04527698527    0.04310803167
v    0.02917447185    0.04610832256    0.04183187237
v    0.02917447185    0.04675265163    0.04046241667
v    0.02917447185     0.0472004901      0.039022437
v    0.02917447185    0.04744235462     0.0375342812
v    0.02917447185    0.04757522649    0.03568896588
v    0.02917447185    0.04770232755    0.03383904843
v    0.02917447185    0.04782354588    0.03198510588
v    0.02917447185    0.04793876857    0.03012729074
v    0.02917447185    0.04804788273    0.02826575547
v    0.02917447185    0.04815077547    0.02640065257
v    0.02917447185    0.04824733388    0.02453213451
v    0.02917447185    0.04833744507    0.02266035377
v    0.02917447185    0.04842099614    0.02078546285
v    0.02917447185     0.0484978742    0.01890761421
v    0.02917447185    0.04856796636    0.01702696035
v    0.02917447185     0.0486311597    0.01514365375
v    0.02917447185    0.04868734134    0.01325784688
v    0.02917447185    0.04873639839    0.01136969223
v    0.02917447185    0.04877821793   0.009479342289
v    0.02917447185    0.04881268709   0.007586949531
v    0.02917447185    0.04883969296   0.005692666441
v    0.02917447185    0.04885912264   0.003796645501
v    0.02917447185    0.04887086324   0.001899039193
v    0.03067918129    0.04906943535                0
v    0.03067918129    0.04906609741  -0.001915331559
v    0.03067918129    0.04905614733  -0.003829451948
v    0.03067918129    0.04903968073  -0.005742231752
v    0.03067918129    0.04901679325  -0.007653541557
v    0.03067918129     0.0489875805  -0.009563251946
v    0.03067918129    0.04895213812    -0.0114712335
v    0.03067918129    0.04891056172   -0.01337735682
v    0.03067918129    0.04886294694   -0.01528149247
v    0.03067918129    0.04880938939   -0.01718351105
v    0.03067918129    0.04874998471   -0.01908328314
v    0.03067918129    0.04868482853   -0.02098067933
v    0.03067918129    0.04861401645   -0.02287557019
v    0.03067918129    0.04853764412   -0.02476782632
v    0.03067918129    0.04845580715    -0.0266573183
v    0.03067918129    0.04836860117   -0.02854391672
v    0.03067918129    0.04827612181   -0.03042749215
v    0.03067918129    0.04817846469   -0.03230791519
v    0.03067918129    0.04807572544   -0.03418505642
v    0.03067918129    0.04796799969   -0.03605878643
v    0.03067918129    0.04785538205   -0.03792853761
v    0.03067918129     0.0476313201   -0.03943047615
v    0.03067918129    0.04719570204   -0.04088352065
v    0.03067918129     0.0465582944   -0.04226463464
v    0.03067918129    0.04572886272   -0.04355034348
v    0.03067918129    0.04471717253   -0.04471717253
v    0.03067918129    0.04355034348   -0.04572886272
v    0.03067918129    0.04226463464    -0.0465582944
v    0.03067918129    0.04088352065   -0.04719570204
v    0.03067918129    0.03943047615    -0.0476313201
v    0.03067918129    0.03792853761   -0.04785538205
v    0.03067918129    0.03605878643   -0.04796799969
v    0.03067918129    0.03418505642   -0.04807572544
v    0.03067918129    0.03230791519   -0.04817846469
v    0.03067918129    0.03042749215   -0.04827612181
v    0.03067918129    0.02854391672   -0.04836860117
v    0.03067918129     0.0266573183   -0.04845580715
v    0.03067918129    0.02476782632   -0.04853764412
v    0.03067918129    0.02287557019   -0.04861401645
v    0.03067918129    0.02098067933   -0.04868482853
v    0.03067918129    0.01908328314   -0.04874998471
v    0.03067918129    0.01718351105   -0.04880938939
v    0.03067918129    0.01528149247   -0.04886294694
v    0.03067918129    0.01337735682   -0.04891056172
v    0.03067918129     0.0114712335   -0.04895213812
v    0.03067918129   0.009563251946    -0.0489875805
v    0.03067918129   0.007653541557   -0.04901679325
v    0.03067918129   0.005742231752   -0.04903968073
v    0.03067918129   0.003829451948   -0.04905614733
v    0.03067918129   0.001915331559   -0.04906609741
v    0.03067918129  9.082862253e-20   -0.04906943535
v    0.03067918129  -0.001915331559   -0.04906609741
v    0.03067918129  -0.003829451948   -0.04905614733
v    0.03067918129  -0.005742231752   -0.04903968073
v    0.03067918129  -0.007653541557   -0.04901679325
v    0.03067918129  -0.009563251946    -0.0489875805
v    0.03067918129    -0.0114712335   -0.04895213812
v    0.03067918129   -0.01337735682   -0.04891056172
v    0.03067918129   -0.01528149247   -0.04886294694
v    0.03067918129   -0.01718351105   -0.04880938939
v    0.03067918129   -0.01908328314   -0.04874998471
v    0.03067918129   -0.02098067933   -0.04868482853
v    0.03067918129   -0.02287557019   -0.04861401645
v    0.03067918129   -0.02476782632   -0.04853764412
v    0.03067918129    -0.0266573183   -0.04845580715
v    0.03067918129   -0.02854391672   -0.04836860117
v    0.03067918129   -0.03042749215   -0.04827612181
v    0.03067918129   -0.03230791519   -0.04817846469
v    0.03067918129   -0.03418505642   -0.04807572544
v    0.03067918129   -0.03605878643   -0.04796799969
v    0.03067918129   -0.03792853761   -0.04785538205
v    0.03067918129   -0.03943047615    -0.0476313201
v    0.03067918129   -0.04088352065   -0.04719570204
v    0.03067918129   -0.04226463464    -0.0465582944
v    0.03067918129   -0.04355034348   -0.04572886272
v    0.03067918129   -0.04471717253   -0.04471717253
v    0.03067918129   -0.04572886272   -0.04355034348
v    0.03067918129    -0.0465582944   -0.04226463464
v    0.03067918129   -0.04719570204   -0.04088352065
v    0.03067918129    -0.0476313201   -0.03943047615
v    0.03067918129   -0.04785538205   -0.03792853761
v    0.03067918129   -0.04796799969   -0.03605878643
v    0.03067918129   -0.04807572544   -0.03418505642
v    0.03067918129   -0.04817846469   -0.03230791519
v    0.03067918129   -0.04827612181   -0.03042749215
v    0.03067918129   -0.04836860117   -0.02854391672
v    0.03067918129   -0.04845580715    -0.0266573183
v    0.03067918129   -0.04853764412   -0.02476782632
v    0.03067918129   -0.04861401645   -0.02287557019
v    0.03067918129   -0.04868482853   -0.02098067933
v    0.03067918129   -0.04874998471   -0.01908328314
v    0.03067918129   -0.04880938939   -0.01718351105
v    0.03067918129   -0.04886294694   -0.01528149247
v    0.03067918129   -0.04891056172   -0.01337735682
v    0.03067918129   -0.04895213812    -0.0114712335
v    0.03067918129    -0.0489875805  -0.009563251946
v    0.03067918129   -0.04901679325  -0.007653541557
v    0.03067918129   -0.04903968073  -0.005742231752
v    0.03067918129   -0.04905614733  -0.003829451948
v    0.03067918129   -0.04906609741  -0.001915331559
v    0.03067918129   -0.04906943535 -3.875354561e-19
v    0.03067918129   -0.04906609741   0.001915331559
v    0.03067918129   -0.04905614733   0.003829451948
v    0.03067918129   -0.04903968073   0.005742231752
v    0.03067918129   -0.04901679325   0.007653541557
v    0.03067918129    -0.0489875805   0.009563251946
v    0.03067918129   -0.04895213812     0.0114712335
v    0.03067918129   -0.04891056172    0.01337735682
v    0.03067918129   -0.04886294694    0.01528149247
v    0.03067918129   -0.04880938939    0.01718351105
v    0.03067918129   -0.04874998471    0.01908328314
v    0.03067918129   -0.04868482853    0.02098067933
v    0.03067918129   -0.04861401645    0.02287557019
v    0.03067918129   -0.04853764412    0.02476782632
v    0.03067918129   -0.04845580715     0.0266573183
v    0.03067918129   -0.04836860117    0.02854391672
v    0.03067918129   -0.04827612181    0.03042749215
v    0.03067918129   -0.04817846469    0.03230791519
v    0.03067918129   -0.04807572544    0.03418505642
v    0.03067918129   -0.04796799969    0.03605878643
v    0.03067918129   -0.04785538205    0.03792853761
v    0.03067918129    -0.0476313201    0.03943047615
v    0.03067918129   -0.04719570204    0.04088352065
v    0.03067918129    -0.0465582944    0.04226463464
v    0.03067918129   -0.04572886272    0.04355034348
v    0.03067918129   -0.04471717253    0.04471717253
v    0.03067918129   -0.04355034348    0.04572886272
v    0.03067918129   -0.04226463464     0.0465582944
v    0.03067918129   -0.04088352065    0.04719570204
v    0.03067918129   -0.03943047615     0.0476313201
v    0.03067918129   -0.03792853761    0.04785538205
v    0.03067918129   -0.03605878643    0.04796799969
v    0.03067918129   -0.03418505642    0.04807572544
v    0.03067918129   -0.03230791519    0.04817846469
v    0.03067918129   -0.03042749215    0.04827612181
v    0.03067918129   -0.02854391672    0.04836860117
v    0.03067918129    -0.0266573183    0.04845580715
v    0.03067918129   -0.02476782632    0.04853764412
v    0.03067918129   -0.02287557019    0.04861401645
v    0.03067918129   -0.02098067933    0.04868482853
v    0.03067918129   -0.01908328314    0.04874998471
v    0.03067918129   -0.01718351105    0.04880938939
v    0.03067918129   -0.01528149247    0.04886294694
v    0.03067918129   -0.01337735682    0.04891056172
v    0.03067918129    -0.0114712335    0.04895213812
v    0.03067918129  -0.009563251946     0.0489875805
v    0.03067918129  -0.007653541557    0.04901679325
v    0.03067918129  -0.005742231752    0.04903968073
v    0.03067918129  -0.003829451948    0.04905614733
v    0.03067918129  -0.001915331559    0.04906609741
v    0.03067918129 -7.787793855e-19    0.04906943535
v    0.03067918129   0.001915331559    0.04906609741
v    0.03067918129   0.003829451948    0.04905614733
v    0.03067918129   0.005742231752    0.04903968073
v    0.03067918129   0.007653541557    0.04901679325
v    0.03067918129   0.009563251946     0.0489875805
v    0.03067918129     0.0114712335    0.04895213812
v    0.03067918129    0.01337735682    0.04891056172
v    0.03067918129    0.01528149247    0.04886294694
v    0.03067918129    0.01718351105    0.04880938939
v    0.03067918129    0.01908328314    0.04874998471
v    0.03067918129    0.02098067933    0.04868482853
v    0.03067918129    0.02287557019    0.04861401645
v    0.03067918129    0.02476782632    0.04853764412
v    0.03067918129     0.0266573183    0.04845580715
v    0.03067918129    0.02854391672    0.04836860117
v    0.03067918129    0.03042749215    0.04827612181
v    0.03067918129    0.03230791519    0.04817846469
v    0.03067918129    0.03418505642    0.04807572544
v    0.03067918129    0.03605878643    0.04796799969
v    0.03067918129    0.03792853761    0.04785538205
v    0.03067918129    0.03943047615     0.0476313201
v    0.03067918129    0.04088352065    0.04719570204
v    0.03067918129    0.04226463464     0.0465582944
v    0.03067918129    0.04355034348    0.04572886272
v    0.03067918129    0.04471717253    0.04471717253
v    0.03067918129    0.04572886272    0.04355034348
v    0.03067918129     0.0465582944    0.04226463464
v    0.03067918129    0.04719570204    0.04088352065
v    0.03067918129     0.0476313201    0.03943047615
v    0.03067918129    0.04785538205    0.03792853761
v    0.03067918129    0.04796799969    0.03605878643
v    0.03067918129    0.04807572544    0.03418505642
v    0.03067918129    0.04817846469    0.03230791519
v    0.03067918129    0.04827612181    0.03042749215
v    0.03067918129    0.04836860117    0.02854391672
v    0.03067918129    0.04845580715     0.0266573183
v    0.03067918129    0.04853764412    0.02476782632
v    0.03067918129    0.04861401645    0.02287557019
v    0.03067918129    0.04868482853    0.02098067933
v    0.03067918129    0.04874998471    0.01908328314
v    0.03067918129    0.04880938939    0.01718351105
v    0.03067918129    0.04886294694    0.01528149247
v    0.03067918129    0.04891056172    0.01337735682
v    0.03067918129    0.04895213812     0.0114712335
v    0.03067918129     0.0489875805   0.009563251946
v    0.03067918129    0.04901679325   0.007653541557
v    0.03067918129    0.04903968073   0.005742231752
v    0.03067918129    0.04905614733   0.003829451948
v    0.03067918129    0.04906609741   0.001915331559
v    0.03217481472    0.04924222136                0
v    0.03217481472    0.04923943776  -0.001930101703
v    0.03217481472    0.04923114011  -0.003859195905
v    0.03217481472    0.04921740809  -0.005787174534
v    0.03217481472    0.04919832143   -0.00771392952
v    0.03217481472    0.04917395981  -0.009639352792
v    0.03217481472    0.04914440294   -0.01156333628
v    0.03217481472    0.04910973052   -0.01348577191
v    0.03217481472    0.04907002226   -0.01540655161
v    0.03217481472    0.04902535785   -0.01732556731
v    0.03217481472      0.048975817   -0.01924271095
v    0.03217481472    0.04892147941   -0.02115787444
v    0.03217481472    0.04886242478   -0.02307094972
v    0.03217481472    0.04879873282   -0.02498182872
v    0.03217481472    0.04873048323   -0.02689040336
v    0.03217481472     0.0486577557   -0.02879656558
v    0.03217481472    0.04858062995    -0.0307002073
v    0.03217481472    0.04849918567   -0.03260122045
v    0.03217481472    0.04841350257   -0.03449949697
v    0.03217481472    0.04832366034   -0.03639492878
v    0.03217481472    0.04822973767   -0.03828695712
v    0.03217481472    0.04802212513   -0.03980139853
v    0.03217481472     0.0475978376   -0.04126629056
v    0.03217481472    0.04696690144   -0.04265796491
v    0.03217481472      0.046139342    -0.0439523026
v    0.03217481472    0.04512518463   -0.04512518463
v    0.03217481472     0.0439523026     -0.046139342
v    0.03217481472    0.04265796491   -0.04696690144
v    0.03217481472    0.04126629056    -0.0475978376
v    0.03217481472    0.03980139853   -0.04802212513
v    0.03217481472    0.03828695712   -0.04822973767
v    0.03217481472    0.03639492878   -0.04832366034
v    0.03217481472    0.03449949697   -0.04841350257
v    0.03217481472    0.03260122045   -0.04849918567
v    0.03217481472     0.0307002073   -0.04858062995
v    0.03217481472    0.02879656558    -0.0486577557
v    0.03217481472    0.02689040336   -0.04873048323
v    0.03217481472    0.02498182872   -0.04879873282
v    0.03217481472    0.02307094972   -0.04886242478
v    0.03217481472    0.02115787444   -0.04892147941
v    0.03217481472    0.01924271095     -0.048975817
v    0.03217481472    0.01732556731   -0.04902535785
v    0.03217481472    0.01540655161   -0.04907002226
v    0.03217481472    0.01348577191   -0.04910973052
v    0.03217481472    0.01156333628   -0.04914440294
v    0.03217481472   0.009639352792   -0.04917395981
v    0.03217481472    0.00771392952   -0.04919832143
v    0.03217481472   0.005787174534   -0.04921740809
v    0.03217481472   0.003859195905   -0.04923114011
v    0.03217481472   0.001930101703   -0.04923943776
v    0.03217481472  7.625741262e-20   -0.04924222136
v    0.03217481472  -0.001930101703   -0.04923943776
v    0.03217481472  -0.003859195905   -0.04923114011
v    0.03217481472  -0.005787174534   -0.04921740809
v    0.03217481472   -0.00771392952   -0.04919832143
v    0.03217481472  -0.009639352792   -0.04917395981
v    0.03217481472   -0.01156333628   -0.04914440294
v    0.03217481472   -0.01348577191   -0.04910973052
v    0.03217481472   -0.01540655161   -0.04907002226
v    0.03217481472   -0.01732556731   -0.04902535785
v    0.03217481472   -0.01924271095     -0.048975817
v    0.03217481472   -0.02115787444   -0.04892147941
v    0.03217481472   -0.02307094972   -0.04886242478
v    0.03217481472   -0.02498182872   -0.04879873282
v    0.03217481472   -0.02689040336   -0.04873048323
v    0.03217481472   -0.02879656558    -0.0486577557
v    0.03217481472    -0.0307002073   -0.04858062995
v    0.03217481472   -0.03260122045   -0.04849918567
v    0.03217481472   -0.03449949697   -0.04841350257
v    0.03217481472   -0.03639492878   -0.04832366034
v    0.03217481472   -0.03828695712   -0.04822973767
v    0.03217481472   -0.03980139853   -0.04802212513
v    0.03217481472   -0.04126629056    -0.0475978376
v    0.03217481472   -0.04265796491   -0.04696690144
v    0.03217481472    -0.0439523026     -0.046139342
v    0.03217481472   -0.04512518463   -0.04512518463
v    0.03217481472     -0.046139342    -0.0439523026
v    0.03217481472   -0.04696690144   -0.04265796491
v    0.03217481472    -0.0475978376   -0.04126629056
v    0.03217481472   -0.04802212513   -0.03980139853
v    0.03217481472   -0.04822973767   -0.03828695712
v    0.03217481472   -0.04832366034   -0.03639492878
v    0.03217481472   -0.04841350257   -0.03449949697
v    0.03217481472   -0.04849918567   -0.03260122045
v    0.03217481472   -0.04858062995    -0.0307002073
v    0.03217481472    -0.0486577557   -0.02879656558
v    0.03217481472   -0.04873048323   -0.02689040336
v    0.03217481472   -0.04879873282   -0.02498182872
v    0.03217481472   -0.04886242478   -0.02307094972
v    0.03217481472   -0.04892147941   -0.02115787444
v    0.03217481472     -0.048975817   -0.01924271095
v    0.03217481472   -0.04902535785   -0.01732556731
v    0.03217481472   -0.04907002226   -0.01540655161
v    0.03217481472   -0.04910973052   -0.01348577191
v    0.03217481472   -0.04914440294   -0.01156333628
v    0.03217481472   -0.04917395981  -0.009639352792
v    0.03217481472   -0.04919832143   -0.00771392952
v    0.03217481472   -0.04921740809  -0.005787174534
v    0.03217481472   -0.04923114011  -0.003859195905
v    0.03217481472   -0.04923943776  -0.001930101703
v    0.03217481472   -0.04924222136 -3.253649605e-19
v    0.03217481472   -0.04923943776   0.001930101703
v    0.03217481472   -0.04923114011   0.003859195905
v    0.03217481472   -0.04921740809   0.005787174534
v    0.03217481472   -0.04919832143    0.00771392952
v    0.03217481472   -0.04917395981   0.009639352792
v    0.03217481472   -0.04914440294    0.01156333628
v    0.03217481472   -0.04910973052    0.01348577191
v    0.03217481472   -0.04907002226    0.01540655161
v    0.03217481472   -0.04902535785    0.01732556731
v    0.03217481472     -0.048975817    0.01924271095
v    0.03217481472   -0.04892147941    0.02115787444
v    0.03217481472   -0.04886242478    0.02307094972
v    0.03217481472   -0.04879873282    0.02498182872
v    0.03217481472   -0.04873048323    0.02689040336
v    0.03217481472    -0.0486577557    0.02879656558
v    0.03217481472   -0.04858062995     0.0307002073
v    0.03217481472   -0.04849918567    0.03260122045
v    0.03217481472   -0.04841350257    0.03449949697
v    0.03217481472   -0.04832366034    0.03639492878
v    0.03217481472   -0.04822973767    0.03828695712
v    0.03217481472   -0.04802212513    0.03980139853
v    0.03217481472    -0.0475978376    0.04126629056
v    0.03217481472   -0.04696690144    0.04265796491
v    0.03217481472     -0.046139342     0.0439523026
v    0.03217481472   -0.04512518463    0.04512518463
v    0.03217481472    -0.0439523026      0.046139342
v    0.03217481472   -0.04265796491    0.04696690144
v    0.03217481472   -0.04126629056     0.0475978376
v    0.03217481472   -0.03980139853    0.04802212513
v    0.03217481472   -0.03828695712    0.04822973767
v    0.03217481472   -0.03639492878    0.04832366034
v    0.03217481472   -0.03449949697    0.04841350257
v    0.03217481472   -0.03260122045    0.04849918567
v    0.03217481472    -0.0307002073    0.04858062995
v    0.03217481472   -0.02879656558     0.0486577557
v    0.03217481472   -0.02689040336    0.04873048323
v    0.03217481472   -0.02498182872    0.04879873282
v    0.03217481472   -0.02307094972    0.04886242478
v    0.03217481472   -0.02115787444    0.04892147941
v    0.03217481472   -0.01924271095      0.048975817
v    0.03217481472   -0.01732556731    0.04902535785
v    0.03217481472   -0.01540655161    0.04907002226
v    0.03217481472   -0.01348577191    0.04910973052
v    0.03217481472   -0.01156333628    0.04914440294
v    0.03217481472  -0.009639352792    0.04917395981
v    0.03217481472   -0.00771392952    0.04919832143
v    0.03217481472  -0.005787174534    0.04921740809
v    0.03217481472  -0.003859195905    0.04923114011
v    0.03217481472  -0.001930101703    0.04923943776
v    0.03217481472 -6.538434613e-19    0.04924222136
v    0.03217481472   0.001930101703    0.04923943776
v    0.03217481472   0.003859195905    0.04923114011
v    0.03217481472   0.005787174534    0.04921740809
v    0.03217481472    0.00771392952    0.04919832143
v    0.03217481472   0.009639352792    0.04917395981
v    0.03217481472    0.01156333628    0.04914440294
v    0.03217481472    0.01348577191    0.04910973052
v    0.03217481472    0.01540655161    0.04907002226
v    0.03217481472    0.01732556731    0.04902535785
v    0.03217481472    0.01924271095      0.048975817
v    0.03217481472    0.02115787444    0.04892147941
v    0.03217481472    0.02307094972    0.04886242478
v    0.03217481472    0.02498182872    0.04879873282
v    0.03217481472    0.02689040336    0.04873048323
v    0.03217481472    0.02879656558     0.0486577557
v    0.03217481472     0.0307002073    0.04858062995
v    0.03217481472    0.03260122045    0.04849918567
v    0.03217481472    0.03449949697    0.04841350257
v    0.03217481472    0.03639492878    0.04832366034
v    0.03217481472    0.03828695712    0.04822973767
v    0.03217481472    0.03980139853    0.04802212513
v    0.03217481472    0.04126629056     0.0475978376
v    0.03217481472    0.04265796491    0.04696690144
v    0.03217481472     0.0439523026      0.046139342
v    0.03217481472    0.04512518463    0.04512518463
v    0.03217481472      0.046139342     0.0439523026
v    0.03217481472    0.04696690144    0.04265796491
v    0.03217481472     0.0475978376    0.04126629056
v    0.03217481472    0.04802212513    0.03980139853
v    0.03217481472    0.04822973767    0.03828695712
v    0.03217481472    0.04832366034    0.03639492878
v    0.03217481472    0.04841350257    0.03449949697
v    0.03217481472    0.04849918567    0.03260122045
v    0.03217481472    0.04858062995     0.0307002073
v    0.03217481472     0.0486577557    0.02879656558
v    0.03217481472    0.04873048323    0.02689040336
v    0.03217481472    0.04879873282    0.02498182872
v    0.03217481472    0.04886242478    0.02307094972
v    0.03217481472    0.04892147941    0.02115787444
v    0.03217481472      0.048975817    0.01924271095
v    0.03217481472    0.04902535785    0.01732556731
v    0.03217481472    0.04907002226    0.01540655161
v    0.03217481472    0.04910973052    0.01348577191
v    0.03217481472    0.04914440294    0.01156333628
v    0.03217481472    0.04917395981   0.009639352792
v    0.03217481472    0.04919832143    0.00771392952
v    0.03217481472    0.04921740809   0.005787174534
v    0.03217481472    0.04923114011   0.003859195905
v    0.03217481472    0.04923943776   0.001930101703
v    0.03365805724    0.04939389295                0
v    0.03365805724    0.04939161434   -0.00194333406
v    0.03365805724    0.04938482198  -0.003885845361
v    0.03365805724    0.04937358109  -0.005827445319
v    0.03365805724    0.04935795688  -0.007768045356
v    0.03365805724    0.04933801454  -0.009707556889
v    0.03365805724    0.04931381931   -0.01164589134
v    0.03365805724    0.04928543637   -0.01358296012
v    0.03365805724    0.04925293096   -0.01551867466
v    0.03365805724    0.04921636826   -0.01745294637
v    0.03365805724     0.0491758135   -0.01938568667
v    0.03365805724    0.04913133189   -0.02131680698
v    0.03365805724    0.04908298863   -0.02324621873
v    0.03365805724    0.04903084893   -0.02517383332
v    0.03365805724    0.04897497802   -0.02709956218
v    0.03365805724    0.04891544108   -0.02902331672
v    0.03365805724    0.04885230334   -0.03094500838
v    0.03365805724    0.04878563001   -0.03286454855
v    0.03365805724    0.04871548629   -0.03478184867
v    0.03365805724     0.0486419374   -0.03669682016
v    0.03365805724     0.0485650475   -0.03860891241
v    0.03365805724    0.04837243638   -0.04013456165
v    0.03365805724     0.0479585146   -0.04161007061
v    0.03365805724    0.04733354399   -0.04301119844
v    0.03365805724    0.04650778531    -0.0443132423
v    0.03365805724    0.04549149935   -0.04549149935
v    0.03365805724     0.0443132423   -0.04650778531
v    0.03365805724    0.04301119844   -0.04733354399
v    0.03365805724    0.04161007061    -0.0479585146
v    0.03365805724    0.04013456165   -0.04837243638
v    0.03365805724    0.03860891241    -0.0485650475
v    0.03365805724    0.03669682016    -0.0486419374
v    0.03365805724    0.03478184867   -0.04871548629
v    0.03365805724    0.03286454855   -0.04878563001
v    0.03365805724    0.03094500838   -0.04885230334
v    0.03365805724    0.02902331672   -0.04891544108
v    0.03365805724    0.02709956218   -0.04897497802
v    0.03365805724    0.02517383332   -0.04903084893
v    0.03365805724    0.02324621873   -0.04908298863
v    0.03365805724    0.02131680698   -0.04913133189
v    0.03365805724    0.01938568667    -0.0491758135
v    0.03365805724    0.01745294637   -0.04921636826
v    0.03365805724    0.01551867466   -0.04925293096
v    0.03365805724    0.01358296012   -0.04928543637
v    0.03365805724    0.01164589134   -0.04931381931
v    0.03365805724   0.009707556889   -0.04933801454
v    0.03365805724   0.007768045356   -0.04935795688
v    0.03365805724   0.005827445319   -0.04937358109
v    0.03365805724   0.003885845361   -0.04938482198
v    0.03365805724    0.00194333406   -0.04939161434
v    0.03365805724  6.282251237e-20   -0.04939389295
v    0.03365805724   -0.00194333406   -0.04939161434
v    0.03365805724  -0.003885845361   -0.04938482198
v    0.03365805724  -0.005827445319   -0.04937358109
v    0.03365805724  -0.007768045356   -0.04935795688
v    0.03365805724  -0.009707556889   -0.04933801454
v    0.03365805724   -0.01164589134   -0.04931381931
v    0.03365805724   -0.01358296012   -0.04928543637
v    0.03365805724   -0.01551867466   -0.04925293096
v    0.03365805724   -0.01745294637   -0.04921636826
v    0.03365805724   -0.01938568667    -0.0491758135
v    0.03365805724   -0.02131680698   -0.04913133189
v    0.03365805724   -0.02324621873   -0.04908298863
v    0.03365805724   -0.02517383332   -0.04903084893
v    0.03365805724   -0.02709956218   -0.04897497802
v    0.03365805724   -0.02902331672   -0.04891544108
v    0.03365805724   -0.03094500838   -0.04885230334
v    0.03365805724   -0.03286454855   -0.04878563001
v    0.03365805724   -0.03478184867   -0.04871548629
v    0.03365805724   -0.03669682016    -0.0486419374
v    0.03365805724   -0.03860891241    -0.0485650475
v    0.03365805724   -0.04013456165   -0.04837243638
v    0.03365805724   -0.04161007061    -0.0479585146
v    0.03365805724   -0.04301119844   -0.04733354399
v    0.03365805724    -0.0443132423   -0.04650778531
v    0.03365805724   -0.04549149935   -0.04549149935
v    0.03365805724   -0.04650778531    -0.0443132423
v    0.03365805724   -0.04733354399   -0.04301119844
v    0.03365805724    -0.0479585146   -0.04161007061
v    0.03365805724   -0.04837243638   -0.04013456165
v    0.03365805724    -0.0485650475   -0.03860891241
v    0.03365805724    -0.0486419374   -0.03669682016
v    0.03365805724   -0.04871548629   -0.03478184867
v    0.03365805724   -0.04878563001   -0.03286454855
v    0.03365805724   -0.04885230334   -0.03094500838
v    0.03365805724   -0.04891544108   -0.02902331672
v    0.03365805724   -0.04897497802   -0.02709956218
v    0.03365805724   -0.04903084893   -0.02517383332
v    0.03365805724   -0.04908298863   -0.02324621873
v    0.03365805724   -0.04913133189   -0.02131680698
v    0.03365805724    -0.0491758135   -0.01938568667
v    0.03365805724   -0.04921636826   -0.01745294637
v    0.03365805724   -0.04925293096   -0.01551867466
v    0.03365805724   -0.04928543637   -0.01358296012
v    0.03365805724   -0.04931381931   -0.01164589134
v    0.03365805724   -0.04933801454  -0.009707556889
v    0.03365805724   -0.04935795688  -0.007768045356
v    0.03365805724   -0.04937358109  -0.005827445319
v    0.03365805724   -0.04938482198  -0.003885845361
v    0.03365805724   -0.04939161434   -0.00194333406
v    0.03365805724   -0.04939389295 -2.680427195e-19
v    0.03365805724   -0.04939161434    0.00194333406
v    0.03365805724   -0.04938482198   0.003885845361
v    0.03365805724   -0.04937358109   0.005827445319
v    0.03365805724   -0.04935795688   0.007768045356
v    0.03365805724   -0.04933801454   0.009707556889
v    0.03365805724   -0.04931381931    0.01164589134
v    0.03365805724   -0.04928543637    0.01358296012
v    0.03365805724   -0.04925293096    0.01551867466
v    0.03365805724   -0.04921636826    0.01745294637
v    0.03365805724    -0.0491758135    0.01938568667
v    0.03365805724   -0.04913133189    0.02131680698
v    0.03365805724   -0.04908298863    0.02324621873
v    0.03365805724   -0.04903084893    0.02517383332
v    0.03365805724   -0.04897497802    0.02709956218
v    0.03365805724   -0.04891544108    0.02902331672
v    0.03365805724   -0.04885230334    0.03094500838
v    0.03365805724   -0.04878563001    0.03286454855
v    0.03365805724   -0.04871548629    0.03478184867
v    0.03365805724    -0.0486419374    0.03669682016
v    0.03365805724    -0.0485650475    0.03860891241
v    0.03365805724   -0.04837243638    0.04013456165
v    0.03365805724    -0.0479585146    0.04161007061
v    0.03365805724   -0.04733354399    0.04301119844
v    0.03365805724   -0.04650778531     0.0443132423
v    0.03365805724   -0.04549149935    0.04549149935
v    0.03365805724    -0.0443132423    0.04650778531
v    0.03365805724   -0.04301119844    0.04733354399
v    0.03365805724   -0.04161007061     0.0479585146
v    0.03365805724   -0.04013456165    0.04837243638
v    0.03365805724   -0.03860891241     0.0485650475
v    0.03365805724   -0.03669682016     0.0486419374
v    0.03365805724   -0.03478184867    0.04871548629
v    0.03365805724   -0.03286454855    0.04878563001
v    0.03365805724   -0.03094500838    0.04885230334
v    0.03365805724   -0.02902331672    0.04891544108
v    0.03365805724   -0.02709956218    0.04897497802
v    0.03365805724   -0.02517383332    0.04903084893
v    0.03365805724   -0.02324621873    0.04908298863
v    0.03365805724   -0.02131680698    0.04913133189
v    0.03365805724   -0.01938568667     0.0491758135
v    0.03365805724   -0.01745294637    0.04921636826
v    0.03365805724   -0.01551867466    0.04925293096
v    0.03365805724   -0.01358296012    0.04928543637
v    0.03365805724   -0.01164589134    0.04931381931
v    0.03365805724  -0.009707556889    0.04933801454
v    0.03365805724  -0.007768045356    0.04935795688
v    0.03365805724  -0.005827445319    0.04937358109
v    0.03365805724  -0.003885845361    0.04938482198
v    0.03365805724   -0.00194333406    0.04939161434
v    0.03365805724  -5.38650441e-19    0.04939389295
v    0.03365805724    0.00194333406    0.04939161434
v    0.03365805724   0.003885845361    0.04938482198
v    0.03365805724   0.005827445319    0.04937358109
v    0.03365805724   0.007768045356    0.04935795688
v    0.03365805724   0.009707556889    0.04933801454
v    0.03365805724    0.01164589134    0.04931381931
v    0.03365805724    0.01358296012    0.04928543637
v    0.03365805724    0.01551867466    0.04925293096
v    0.03365805724    0.01745294637    0.04921636826
v    0.03365805724    0.01938568667     0.0491758135
v    0.03365805724    0.02131680698    0.04913133189
v    0.03365805724    0.02324621873    0.04908298863
v    0.03365805724    0.02517383332    0.04903084893
v    0.03365805724    0.02709956218    0.04897497802
v    0.03365805724    0.02902331672    0.04891544108
v    0.03365805724    0.03094500838    0.04885230334
v    0.03365805724    0.03286454855    0.04878563001
v    0.03365805724    0.03478184867    0.04871548629
v    0.03365805724    0.03669682016     0.0486419374
v    0.03365805724    0.03860891241     0.0485650475
v    0.03365805724    0.04013456165    0.04837243638
v    0.03365805724    0.04161007061     0.0479585146
v    0.03365805724    0.04301119844    0.04733354399
v    0.03365805724     0.0443132423    0.04650778531
v    0.03365805724    0.04549149935    0.04549149935
v    0.03365805724    0.04650778531     0.0443132423
v    0.03365805724    0.04733354399    0.04301119844
v    0.03365805724     0.0479585146    0.04161007061
v    0.03365805724    0.04837243638    0.04013456165
v    0.03365805724     0.0485650475    0.03860891241
v    0.03365805724     0.0486419374    0.03669682016
v    0.03365805724    0.04871548629    0.03478184867
v    0.03365805724    0.04878563001    0.03286454855
v    0.03365805724    0.04885230334    0.03094500838
v    0.03365805724    0.04891544108    0.02902331672
v    0.03365805724    0.04897497802    0.02709956218
v    0.03365805724    0.04903084893    0.02517383332
v    0.03365805724    0.04908298863    0.02324621873
v    0.03365805724    0.04913133189    0.02131680698
v    0.03365805724     0.0491758135    0.01938568667
v    0.03365805724    0.04921636826    0.01745294637
v    0.03365805724    0.04925293096    0.01551867466
v    0.03365805724    0.04928543637    0.01358296012
v    0.03365805724    0.04931381931    0.01164589134
v    0.03365805724    0.04933801454   0.009707556889
v    0.03365805724    0.04935795688   0.007768045356
v    0.03365805724    0.04937358109   0.005827445319
v    0.03365805724    0.04938482198   0.003885845361
v    0.03365805724    0.04939161434    0.00194333406
v    0.03512601347     0.0495252979                0
v    0.03512601347     0.0495234726  -0.001955027906
v    0.03512601347    0.04951803151  -0.003909398231
v    0.03512601347    0.04950902684  -0.005863039928
v    0.03512601347     0.0494965108   -0.00781588195
v    0.03512601347    0.04948053561  -0.009767853251
v    0.03512601347    0.04946115348   -0.01171888278
v    0.03512601347    0.04943841662    -0.0136688995
v    0.03512601347    0.04941237724   -0.01561783236
v    0.03512601347    0.04938308755   -0.01756561031
v    0.03512601347    0.04935059976    -0.0195121623
v    0.03512601347     0.0493149661   -0.02145741729
v    0.03512601347    0.04927623876   -0.02340130423
v    0.03512601347    0.04923446997   -0.02534375208
v    0.03512601347    0.04918971192   -0.02728468979
v    0.03512601347    0.04914201685    -0.0292240463
v    0.03512601347    0.04909143695   -0.03116175058
v    0.03512601347    0.04903802444   -0.03309773158
v    0.03512601347    0.04898183153   -0.03503191825
v    0.03512601347    0.04892291043   -0.03696423955
v    0.03512601347    0.04886131229   -0.03889415229
v    0.03512601347    0.04868218128   -0.04042971189
v    0.03512601347    0.04827760106   -0.04191460578
v    0.03512601347    0.04765804376   -0.04332408171
v    0.03512601347    0.04683398044    -0.0446329153
v    0.03512601347    0.04581588218   -0.04581588218
v    0.03512601347     0.0446329153   -0.04683398044
v    0.03512601347    0.04332408171   -0.04765804376
v    0.03512601347    0.04191460578   -0.04827760106
v    0.03512601347    0.04042971189   -0.04868218128
v    0.03512601347    0.03889415229   -0.04886131229
v    0.03512601347    0.03696423955   -0.04892291043
v    0.03512601347    0.03503191825   -0.04898183153
v    0.03512601347    0.03309773158   -0.04903802444
v    0.03512601347    0.03116175058   -0.04909143695
v    0.03512601347     0.0292240463   -0.04914201685
v    0.03512601347    0.02728468979   -0.04918971192
v    0.03512601347    0.02534375208   -0.04923446997
v    0.03512601347    0.02340130423   -0.04927623876
v    0.03512601347    0.02145741729    -0.0493149661
v    0.03512601347     0.0195121623   -0.04935059976
v    0.03512601347    0.01756561031   -0.04938308755
v    0.03512601347    0.01561783236   -0.04941237724
v    0.03512601347     0.0136688995   -0.04943841662
v    0.03512601347    0.01171888278   -0.04946115348
v    0.03512601347   0.009767853251   -0.04948053561
v    0.03512601347    0.00781588195    -0.0494965108
v    0.03512601347   0.005863039928   -0.04950902684
v    0.03512601347   0.003909398231   -0.04951803151
v    0.03512601347   0.001955027906    -0.0495234726
v    0.03512601347  5.062897233e-20    -0.0495252979
v    0.03512601347  -0.001955027906    -0.0495234726
v    0.03512601347  -0.003909398231   -0.04951803151
v    0.03512601347  -0.005863039928   -0.04950902684
v    0.03512601347   -0.00781588195    -0.0494965108
v    0.03512601347  -0.009767853251   -0.04948053561
v    0.03512601347   -0.01171888278   -0.04946115348
v    0.03512601347    -0.0136688995   -0.04943841662
v    0.03512601347   -0.01561783236   -0.04941237724
v    0.03512601347   -0.01756561031   -0.04938308755
v    0.03512601347    -0.0195121623   -0.04935059976
v    0.03512601347   -0.02145741729    -0.0493149661
v    0.03512601347   -0.02340130423   -0.04927623876
v    0.03512601347   -0.02534375208   -0.04923446997
v    0.03512601347   -0.02728468979   -0.04918971192
v    0.03512601347    -0.0292240463   -0.04914201685
v    0.03512601347   -0.03116175058   -0.04909143695
v    0.03512601347   -0.03309773158   -0.04903802444
v    0.03512601347   -0.03503191825   -0.04898183153
v    0.03512601347   -0.03696423955   -0.04892291043
v    0.03512601347   -0.03889415229   -0.04886131229
v    0.03512601347   -0.04042971189   -0.04868218128
v    0.03512601347   -0.04191460578   -0.04827760106
v    0.03512601347   -0.04332408171   -0.04765804376
v    0.03512601347    -0.0446329153   -0.04683398044
v    0.03512601347   -0.04581588218   -0.04581588218
v    0.03512601347   -0.04683398044    -0.0446329153
v    0.03512601347   -0.04765804376   -0.04332408171
v    0.03512601347   -0.04827760106   -0.04191460578
v    0.03512601347   -0.04868218128   -0.04042971189
v    0.03512601347   -0.04886131229   -0.03889415229
v    0.03512601347   -0.04892291043   -0.03696423955
v    0.03512601347   -0.04898183153   -0.03503191825
v    0.03512601347   -0.04903802444   -0.03309773158
v    0.03512601347   -0.04909143695   -0.03116175058
v    0.03512601347   -0.04914201685    -0.0292240463
v    0.03512601347   -0.04918971192   -0.02728468979
v    0.03512601347   -0.04923446997   -0.02534375208
v    0.03512601347   -0.04927623876   -0.02340130423
v    0.03512601347    -0.0493149661   -0.02145741729
v    0.03512601347   -0.04935059976    -0.0195121623
v    0.03512601347   -0.04938308755   -0.01756561031
v    0.03512601347   -0.04941237724   -0.01561783236
v    0.03512601347   -0.04943841662    -0.0136688995
v    0.03512601347   -0.04946115348   -0.01171888278
v    0.03512601347   -0.04948053561  -0.009767853251
v    0.03512601347    -0.0494965108   -0.00781588195
v    0.03512601347   -0.04950902684  -0.005863039928
v    0.03512601347   -0.04951803151  -0.003909398231
v    0.03512601347    -0.0495234726  -0.001955027906
v    0.03512601347    -0.0495252979 -2.160169486e-19
v    0.03512601347    -0.0495234726   0.001955027906
v    0.03512601347   -0.04951803151   0.003909398231
v    0.03512601347   -0.04950902684   0.005863039928
v    0.03512601347    -0.0494965108    0.00781588195
v    0.03512601347   -0.04948053561   0.009767853251
v    0.03512601347   -0.04946115348    0.01171888278
v    0.03512601347   -0.04943841662     0.0136688995
v    0.03512601347   -0.04941237724    0.01561783236
v    0.03512601347   -0.04938308755    0.01756561031
v    0.03512601347   -0.04935059976     0.0195121623
v    0.03512601347    -0.0493149661    0.02145741729
v    0.03512601347   -0.04927623876    0.02340130423
v    0.03512601347   -0.04923446997    0.02534375208
v    0.03512601347   -0.04918971192    0.02728468979
v    0.03512601347   -0.04914201685     0.0292240463
v    0.03512601347   -0.04909143695    0.03116175058
v    0.03512601347   -0.04903802444    0.03309773158
v    0.03512601347   -0.04898183153    0.03503191825
v    0.03512601347   -0.04892291043    0.03696423955
v    0.03512601347   -0.04886131229    0.03889415229
v    0.03512601347   -0.04868218128    0.04042971189
v    0.03512601347   -0.04827760106    0.04191460578
v    0.03512601347   -0.04765804376    0.04332408171
v    0.03512601347   -0.04683398044     0.0446329153
v    0.03512601347   -0.04581588218    0.04581588218
v    0.03512601347    -0.0446329153    0.04683398044
v    0.03512601347   -0.04332408171    0.04765804376
v    0.03512601347   -0.04191460578    0.04827760106
v    0.03512601347   -0.04042971189    0.04868218128
v    0.03512601347   -0.03889415229    0.04886131229
v    0.03512601347   -0.03696423955    0.04892291043
v    0.03512601347   -0.03503191825    0.04898183153
v    0.03512601347   -0.03309773158    0.04903802444
v    0.03512601347   -0.03116175058    0.04909143695
v    0.03512601347    -0.0292240463    0.04914201685
v    0.03512601347   -0.02728468979    0.04918971192
v    0.03512601347   -0.02534375208    0.04923446997
v    0.03512601347   -0.02340130423    0.04927623876
v    0.03512601347   -0.02145741729     0.0493149661
v    0.03512601347    -0.0195121623    0.04935059976
v    0.03512601347   -0.01756561031    0.04938308755
v    0.03512601347   -0.01561783236    0.04941237724
v    0.03512601347    -0.0136688995    0.04943841662
v    0.03512601347   -0.01171888278    0.04946115348
v    0.03512601347  -0.009767853251    0.04948053561
v    0.03512601347   -0.00781588195     0.0494965108
v    0.03512601347  -0.005863039928    0.04950902684
v    0.03512601347  -0.003909398231    0.04951803151
v    0.03512601347  -0.001955027906     0.0495234726
v    0.03512601347 -4.341010451e-19     0.0495252979
v    0.03512601347   0.001955027906     0.0495234726
v    0.03512601347   0.003909398231    0.04951803151
v    0.03512601347   0.005863039928    0.04950902684
v    0.03512601347    0.00781588195     0.0494965108
v    0.03512601347   0.009767853251    0.04948053561
v    0.03512601347    0.01171888278    0.04946115348
v    0.03512601347     0.0136688995    0.04943841662
v    0.03512601347    0.01561783236    0.04941237724
v    0.03512601347    0.01756561031    0.04938308755
v    0.03512601347     0.0195121623    0.04935059976
v    0.03512601347    0.02145741729     0.0493149661
v    0.03512601347    0.02340130423    0.04927623876
v    0.03512601347    0.02534375208    0.04923446997
v    0.03512601347    0.02728468979    0.04918971192
v    0.03512601347     0.0292240463    0.04914201685
v    0.03512601347    0.03116175058    0.04909143695
v    0.03512601347    0.03309773158    0.04903802444
v    0.03512601347    0.03503191825    0.04898183153
v    0.03512601347    0.03696423955    0.04892291043
v    0.03512601347    0.03889415229    0.04886131229
v    0.03512601347    0.04042971189    0.04868218128
v    0.03512601347    0.04191460578    0.04827760106
v    0.03512601347    0.04332408171    0.04765804376
v    0.03512601347     0.0446329153    0.04683398044
v    0.03512601347    0.04581588218    0.04581588218
v    0.03512601347    0.04683398044     0.0446329153
v    0.03512601347    0.04765804376    0.04332408171
v    0.03512601347    0.04827760106    0.04191460578
v    0.03512601347    0.04868218128    0.04042971189
v    0.03512601347    0.04886131229    0.03889415229
v    0.03512601347    0.04892291043    0.03696423955
v    0.03512601347    0.04898183153    0.03503191825
v    0.03512601347    0.04903802444    0.03309773158
v    0.03512601347    0.04909143695    0.03116175058
v    0.03512601347    0.04914201685     0.0292240463
v    0.03512601347    0.04918971192    0.02728468979
v    0.03512601347    0.04923446997    0.02534375208
v    0.03512601347    0.04927623876    0.02340130423
v    0.03512601347     0.0493149661    0.02145741729
v    0.03512601347    0.04935059976     0.0195121623
v    0.03512601347    0.04938308755    0.01756561031
v    0.03512601347    0.04941237724    0.01561783236
v    0.03512601347    0.04943841662     0.0136688995
v    0.03512601347    0.04946115348    0.01171888278
v    0.03512601347    0.04948053561   0.009767853251
v    0.03512601347     0.0494965108    0.00781588195
v    0.03512601347    0.04950902684   0.005863039928
v    0.03512601347    0.04951803151   0.003909398231
v    0.03512601347     0.0495234726   0.001955027906
v    0.03657625531    0.04963740186                0
v    0.03657625531    0.04963597666   -0.00196519843
v    0.03657625531    0.04963172821  -0.003929884532
v    0.03657625531    0.04962469728  -0.005894002765
v    0.03657625531     0.0496149246  -0.007857497592
v    0.03657625531    0.04960245094  -0.009820313473
v    0.03657625531    0.04958731702   -0.01178239487
v    0.03657625531    0.04956956361   -0.01374368624
v    0.03657625531    0.04954923145   -0.01570413204
v    0.03657625531     0.0495263613   -0.01766367675
v    0.03657625531    0.04950099389   -0.01962226481
v    0.03657625531    0.04947316998   -0.02157984069
v    0.03657625531    0.04944293032   -0.02353634884
v    0.03657625531    0.04941031566   -0.02549173374
v    0.03657625531    0.04937536674   -0.02744593984
v    0.03657625531    0.04933812432    -0.0293989116
v    0.03657625531    0.04929862913   -0.03135059348
v    0.03657625531    0.04925692194   -0.03330092995
v    0.03657625531    0.04921304349   -0.03524986546
v    0.03657625531    0.04916703453   -0.03719734447
v    0.03657625531    0.04911893471   -0.03914283043
v    0.03657625531    0.04895171269   -0.04068701407
v    0.03657625531    0.04855540727   -0.04218007237
v    0.03657625531    0.04794067538   -0.04359680374
v    0.03657625531    0.04711817282   -0.04491152562
v    0.03657625531    0.04609855541   -0.04609855541
v    0.03657625531    0.04491152562   -0.04711817282
v    0.03657625531    0.04359680374   -0.04794067538
v    0.03657625531    0.04218007237   -0.04855540727
v    0.03657625531    0.04068701407   -0.04895171269
v    0.03657625531    0.03914283043   -0.04911893471
v    0.03657625531    0.03719734447   -0.04916703453
v    0.03657625531    0.03524986546   -0.04921304349
v    0.03657625531    0.03330092995   -0.04925692194
v    0.03657625531    0.03135059348   -0.04929862913
v    0.03657625531     0.0293989116   -0.04933812432
v    0.03657625531    0.02744593984   -0.04937536674
v    0.03657625531    0.02549173374   -0.04941031566
v    0.03657625531    0.02353634884   -0.04944293032
v    0.03657625531    0.02157984069   -0.04947316998
v    0.03657625531    0.01962226481   -0.04950099389
v    0.03657625531    0.01766367675    -0.0495263613
v    0.03657625531    0.01570413204   -0.04954923145
v    0.03657625531    0.01374368624   -0.04956956361
v    0.03657625531    0.01178239487   -0.04958731702
v    0.03657625531   0.009820313473   -0.04960245094
v    0.03657625531   0.007857497592    -0.0496149246
v    0.03657625531   0.005894002765   -0.04962469728
v    0.03657625531   0.003929884532   -0.04963172821
v    0.03657625531    0.00196519843   -0.04963597666
v    0.03657625531  3.975781886e-20   -0.04963740186
v    0.03657625531   -0.00196519843   -0.04963597666
v    0.03657625531  -0.003929884532   -0.04963172821
v    0.03657625531  -0.005894002765   -0.04962469728
v    0.03657625531  -0.007857497592    -0.0496149246
v    0.03657625531  -0.009820313473   -0.04960245094
v    0.03657625531   -0.01178239487   -0.04958731702
v    0.03657625531   -0.01374368624   -0.04956956361
v    0.03657625531   -0.01570413204   -0.04954923145
v    0.03657625531   -0.01766367675    -0.0495263613
v    0.03657625531   -0.01962226481   -0.04950099389
v    0.03657625531   -0.02157984069   -0.04947316998
v    0.03657625531   -0.02353634884   -0.04944293032
v    0.03657625531   -0.02549173374   -0.04941031566
v    0.03657625531   -0.02744593984   -0.04937536674
v    0.03657625531    -0.0293989116   -0.04933812432
v    0.03657625531   -0.03135059348   -0.04929862913
v    0.03657625531   -0.03330092995   -0.04925692194
v    0.03657625531   -0.03524986546   -0.04921304349
v    0.03657625531   -0.03719734447   -0.04916703453
v    0.03657625531   -0.03914283043   -0.04911893471
v    0.03657625531   -0.04068701407   -0.04895171269
v    0.03657625531   -0.04218007237   -0.04855540727
v    0.03657625531   -0.04359680374   -0.04794067538
v    0.03657625531   -0.04491152562   -0.04711817282
v    0.03657625531   -0.04609855541   -0.04609855541
v    0.03657625531   -0.04711817282   -0.04491152562
v    0.03657625531   -0.04794067538   -0.04359680374
v    0.03657625531   -0.04855540727   -0.04218007237
v    0.03657625531   -0.04895171269   -0.04068701407
v    0.03657625531   -0.04911893471   -0.03914283043
v    0.03657625531   -0.04916703453   -0.03719734447
v    0.03657625531   -0.04921304349   -0.03524986546
v    0.03657625531   -0.04925692194   -0.03330092995
v    0.03657625531   -0.04929862913   -0.03135059348
v    0.03657625531   -0.04933812432    -0.0293989116
v    0.03657625531   -0.04937536674   -0.02744593984
v    0.03657625531   -0.04941031566   -0.02549173374
v    0.03657625531   -0.04944293032   -0.02353634884
v    0.03657625531   -0.04947316998   -0.02157984069
v    0.03657625531   -0.04950099389   -0.01962226481
v    0.03657625531    -0.0495263613   -0.01766367675
v    0.03657625531   -0.04954923145   -0.01570413204
v    0.03657625531   -0.04956956361   -0.01374368624
v    0.03657625531   -0.04958731702   -0.01178239487
v    0.03657625531   -0.04960245094  -0.009820313473
v    0.03657625531    -0.0496149246  -0.007857497592
v    0.03657625531   -0.04962469728  -0.005894002765
v    0.03657625531   -0.04963172821  -0.003929884532
v    0.03657625531   -0.04963597666   -0.00196519843
v    0.03657625531   -0.04963740186 -1.696333605e-19
v    0.03657625531   -0.04963597666    0.00196519843
v    0.03657625531   -0.04963172821   0.003929884532
v    0.03657625531   -0.04962469728   0.005894002765
v    0.03657625531    -0.0496149246   0.007857497592
v    0.03657625531   -0.04960245094   0.009820313473
v    0.03657625531   -0.04958731702    0.01178239487
v    0.03657625531   -0.04956956361    0.01374368624
v    0.03657625531   -0.04954923145    0.01570413204
v    0.03657625531    -0.0495263613    0.01766367675
v    0.03657625531   -0.04950099389    0.01962226481
v    0.03657625531   -0.04947316998    0.02157984069
v    0.03657625531   -0.04944293032    0.02353634884
v    0.03657625531   -0.04941031566    0.02549173374
v    0.03657625531   -0.04937536674    0.02744593984
v    0.03657625531   -0.04933812432     0.0293989116
v    0.03657625531   -0.04929862913    0.03135059348
v    0.03657625531   -0.04925692194    0.03330092995
v    0.03657625531   -0.04921304349    0.03524986546
v    0.03657625531   -0.04916703453    0.03719734447
v    0.03657625531   -0.04911893471    0.03914283043
v    0.03657625531   -0.04895171269    0.04068701407
v    0.03657625531   -0.04855540727    0.04218007237
v    0.03657625531   -0.04794067538    0.04359680374
v    0.03657625531   -0.04711817282    0.04491152562
v    0.03657625531   -0.04609855541    0.04609855541
v    0.03657625531   -0.04491152562    0.04711817282
v    0.03657625531   -0.04359680374    0.04794067538
v    0.03657625531   -0.04218007237    0.04855540727
v    0.03657625531   -0.04068701407    0.04895171269
v    0.03657625531   -0.03914283043    0.04911893471
v    0.03657625531   -0.03719734447    0.04916703453
v    0.03657625531   -0.03524986546    0.04921304349
v    0.03657625531   -0.03330092995    0.04925692194
v    0.03657625531   -0.03135059348    0.04929862913
v    0.03657625531    -0.0293989116    0.04933812432
v    0.03657625531   -0.02744593984    0.04937536674
v    0.03657625531   -0.02549173374    0.04941031566
v    0.03657625531   -0.02353634884    0.04944293032
v    0.03657625531   -0.02157984069    0.04947316998
v    0.03657625531   -0.01962226481    0.04950099389
v    0.03657625531   -0.01766367675     0.0495263613
v    0.03657625531   -0.01570413204    0.04954923145
v    0.03657625531   -0.01374368624    0.04956956361
v    0.03657625531   -0.01178239487    0.04958731702
v    0.03657625531  -0.009820313473    0.04960245094
v    0.03657625531  -0.007857497592     0.0496149246
v    0.03657625531  -0.005894002765    0.04962469728
v    0.03657625531  -0.003929884532    0.04963172821
v    0.03657625531   -0.00196519843    0.04963597666
v    0.03657625531 -3.408900067e-19    0.04963740186
v    0.03657625531    0.00196519843    0.04963597666
v    0.03657625531   0.003929884532    0.04963172821
v    0.03657625531   0.005894002765    0.04962469728
v    0.03657625531   0.007857497592     0.0496149246
v    0.03657625531   0.009820313473    0.04960245094
v    0.03657625531    0.01178239487    0.04958731702
v    0.03657625531    0.01374368624    0.04956956361
v    0.03657625531    0.01570413204    0.04954923145
v    0.03657625531    0.01766367675     0.0495263613
v    0.03657625531    0.01962226481    0.04950099389
v    0.03657625531    0.02157984069    0.04947316998
v    0.03657625531    0.02353634884    0.04944293032
v    0.03657625531    0.02549173374    0.04941031566
v    0.03657625531    0.02744593984    0.04937536674
v    0.03657625531     0.0293989116    0.04933812432
v    0.03657625531    0.03135059348    0.04929862913
v    0.03657625531    0.03330092995    0.04925692194
v    0.03657625531    0.03524986546    0.04921304349
v    0.03657625531    0.03719734447    0.04916703453
v    0.03657625531    0.03914283043    0.04911893471
v    0.03657625531    0.04068701407    0.04895171269
v    0.03657625531    0.04218007237    0.04855540727
v    0.03657625531    0.04359680374    0.04794067538
v    0.03657625531    0.04491152562    0.04711817282
v    0.03657625531    0.04609855541    0.04609855541
v    0.03657625531    0.04711817282    0.04491152562
v    0.03657625531    0.04794067538    0.04359680374
v    0.03657625531    0.04855540727    0.04218007237
v    0.03657625531    0.04895171269    0.04068701407
v    0.03657625531    0.04911893471    0.03914283043
v    0.03657625531    0.04916703453    0.03719734447
v    0.03657625531    0.04921304349    0.03524986546
v    0.03657625531    0.04925692194    0.03330092995
v    0.03657625531    0.04929862913    0.03135059348
v    0.03657625531    0.04933812432     0.0293989116
v    0.03657625531    0.04937536674    0.02744593984
v    0.03657625531    0.04941031566    0.02549173374
v    0.03657625531    0.04944293032    0.02353634884
v    0.03657625531    0.04947316998    0.02157984069
v    0.03657625531    0.04950099389    0.01962226481
v    0.03657625531     0.0495263613    0.01766367675
v    0.03657625531    0.04954923145    0.01570413204
v    0.03657625531    0.04956956361    0.01374368624
v    0.03657625531    0.04958731702    0.01178239487
v    0.03657625531    0.04960245094   0.009820313473
v    0.03657625531     0.0496149246   0.007857497592
v    0.03657625531    0.04962469728   0.005894002765
v    0.03657625531    0.04963172821   0.003929884532
v    0.03657625531    0.04963597666    0.00196519843
v    0.03800686976    0.04973129157                0
v    0.03800686976    0.04973021256  -0.001973877816
v    0.03800686976    0.04972699609  -0.003947368557
v    0.03800686976    0.04972167298  -0.005920430125
v    0.03800686976    0.04971427409  -0.007893020426
v    0.03800686976    0.04970483025  -0.009865097363
v    0.03800686976    0.04969337229   -0.01183661884
v    0.03800686976    0.04967993105   -0.01380754277
v    0.03800686976    0.04966453736   -0.01577782704
v    0.03800686976    0.04964722208   -0.01774742957
v    0.03800686976    0.04962801603   -0.01971630825
v    0.03800686976    0.04960695004     -0.021684421
v    0.03800686976    0.04958405497   -0.02365172571
v    0.03800686976    0.04955936164    -0.0256181803
v    0.03800686976    0.04953290089   -0.02758374266
v    0.03800686976    0.04950470355    -0.0295483707
v    0.03800686976    0.04947480048   -0.03151202232
v    0.03800686976    0.04944322249   -0.03347465543
v    0.03800686976    0.04941000044   -0.03543622793
v    0.03800686976    0.04937516515   -0.03739669773
v    0.03800686976    0.04933874636   -0.03935553406
v    0.03800686976     0.0491818379   -0.04090708116
v    0.03800686976    0.04879271639   -0.04240710848
v    0.03800686976    0.04818219794   -0.04383002735
v    0.03800686976    0.04736109756   -0.04514976039
v    0.03800686976    0.04634023024   -0.04634023024
v    0.03800686976    0.04514976039   -0.04736109756
v    0.03800686976    0.04383002735   -0.04818219794
v    0.03800686976    0.04240710848   -0.04879271639
v    0.03800686976    0.04090708116    -0.0491818379
v    0.03800686976    0.03935553406   -0.04933874636
v    0.03800686976    0.03739669773   -0.04937516515
v    0.03800686976    0.03543622793   -0.04941000044
v    0.03800686976    0.03347465543   -0.04944322249
v    0.03800686976    0.03151202232   -0.04947480048
v    0.03800686976     0.0295483707   -0.04950470355
v    0.03800686976    0.02758374266   -0.04953290089
v    0.03800686976     0.0256181803   -0.04955936164
v    0.03800686976    0.02365172571   -0.04958405497
v    0.03800686976      0.021684421   -0.04960695004
v    0.03800686976    0.01971630825   -0.04962801603
v    0.03800686976    0.01774742957   -0.04964722208
v    0.03800686976    0.01577782704   -0.04966453736
v    0.03800686976    0.01380754277   -0.04967993105
v    0.03800686976    0.01183661884   -0.04969337229
v    0.03800686976   0.009865097363   -0.04970483025
v    0.03800686976   0.007893020426   -0.04971427409
v    0.03800686976   0.005920430125   -0.04972167298
v    0.03800686976   0.003947368557   -0.04972699609
v    0.03800686976   0.001973877816   -0.04973021256
v    0.03800686976  3.026384332e-20   -0.04973129157
v    0.03800686976  -0.001973877816   -0.04973021256
v    0.03800686976  -0.003947368557   -0.04972699609
v    0.03800686976  -0.005920430125   -0.04972167298
v    0.03800686976  -0.007893020426   -0.04971427409
v    0.03800686976  -0.009865097363   -0.04970483025
v    0.03800686976   -0.01183661884   -0.04969337229
v    0.03800686976   -0.01380754277   -0.04967993105
v    0.03800686976   -0.01577782704   -0.04966453736
v    0.03800686976   -0.01774742957   -0.04964722208
v    0.03800686976   -0.01971630825   -0.04962801603
v    0.03800686976     -0.021684421   -0.04960695004
v    0.03800686976   -0.02365172571   -0.04958405497
v    0.03800686976    -0.0256181803   -0.04955936164
v    0.03800686976   -0.02758374266   -0.04953290089
v    0.03800686976    -0.0295483707   -0.04950470355
v    0.03800686976   -0.03151202232   -0.04947480048
v    0.03800686976   -0.03347465543   -0.04944322249
v    0.03800686976   -0.03543622793   -0.04941000044
v    0.03800686976   -0.03739669773   -0.04937516515
v    0.03800686976   -0.03935553406   -0.04933874636
v    0.03800686976   -0.04090708116    -0.0491818379
v    0.03800686976   -0.04240710848   -0.04879271639
v    0.03800686976   -0.04383002735   -0.04818219794
v    0.03800686976   -0.04514976039   -0.04736109756
v    0.03800686976   -0.04634023024   -0.04634023024
v    0.03800686976   -0.04736109756   -0.04514976039
v    0.03800686976   -0.04818219794   -0.04383002735
v    0.03800686976   -0.04879271639   -0.04240710848
v    0.03800686976    -0.0491818379   -0.04090708116
v    0.03800686976   -0.04933874636   -0.03935553406
v    0.03800686976   -0.04937516515   -0.03739669773
v    0.03800686976   -0.04941000044   -0.03543622793
v    0.03800686976   -0.04944322249   -0.03347465543
v    0.03800686976   -0.04947480048   -0.03151202232
v    0.03800686976   -0.04950470355    -0.0295483707
v    0.03800686976   -0.04953290089   -0.02758374266
v    0.03800686976   -0.04955936164    -0.0256181803
v    0.03800686976   -0.04958405497   -0.02365172571
v    0.03800686976   -0.04960695004     -0.021684421
v    0.03800686976   -0.04962801603   -0.01971630825
v    0.03800686976   -0.04964722208   -0.01774742957
v    0.03800686976   -0.04966453736   -0.01577782704
v    0.03800686976   -0.04967993105   -0.01380754277
v    0.03800686976   -0.04969337229   -0.01183661884
v    0.03800686976   -0.04970483025  -0.009865097363
v    0.03800686976   -0.04971427409  -0.007893020426
v    0.03800686976   -0.04972167298  -0.005920430125
v    0.03800686976   -0.04972699609  -0.003947368557
v    0.03800686976   -0.04973021256  -0.001973877816
v    0.03800686976   -0.04973129157 -1.291257315e-19
v    0.03800686976   -0.04973021256   0.001973877816
v    0.03800686976   -0.04972699609   0.003947368557
v    0.03800686976   -0.04972167298   0.005920430125
v    0.03800686976   -0.04971427409   0.007893020426
v    0.03800686976   -0.04970483025   0.009865097363
v    0.03800686976   -0.04969337229    0.01183661884
v    0.03800686976   -0.04967993105    0.01380754277
v    0.03800686976   -0.04966453736    0.01577782704
v    0.03800686976   -0.04964722208    0.01774742957
v    0.03800686976   -0.04962801603    0.01971630825
v    0.03800686976   -0.04960695004      0.021684421
v    0.03800686976   -0.04958405497    0.02365172571
v    0.03800686976   -0.04955936164     0.0256181803
v    0.03800686976   -0.04953290089    0.02758374266
v    0.03800686976   -0.04950470355     0.0295483707
v    0.03800686976   -0.04947480048    0.03151202232
v    0.03800686976   -0.04944322249    0.03347465543
v    0.03800686976   -0.04941000044    0.03543622793
v    0.03800686976   -0.04937516515    0.03739669773
v    0.03800686976   -0.04933874636    0.03935553406
v    0.03800686976    -0.0491818379    0.04090708116
v    0.03800686976   -0.04879271639    0.04240710848
v    0.03800686976   -0.04818219794    0.04383002735
v    0.03800686976   -0.04736109756    0.04514976039
v    0.03800686976   -0.04634023024    0.04634023024
v    0.03800686976   -0.04514976039    0.04736109756
v    0.03800686976   -0.04383002735    0.04818219794
v    0.03800686976   -0.04240710848    0.04879271639
v    0.03800686976   -0.04090708116     0.0491818379
v    0.03800686976   -0.03935553406    0.04933874636
v    0.03800686976   -0.03739669773    0.04937516515
v    0.03800686976   -0.03543622793    0.04941000044
v    0.03800686976   -0.03347465543    0.04944322249
v    0.03800686976   -0.03151202232    0.04947480048
v    0.03800686976    -0.0295483707    0.04950470355
v    0.03800686976   -0.02758374266    0.04953290089
v    0.03800686976    -0.0256181803    0.04955936164
v    0.03800686976   -0.02365172571    0.04958405497
v    0.03800686976     -0.021684421    0.04960695004
v    0.03800686976   -0.01971630825    0.04962801603
v    0.03800686976   -0.01774742957    0.04964722208
v    0.03800686976   -0.01577782704    0.04966453736
v    0.03800686976   -0.01380754277    0.04967993105
v    0.03800686976   -0.01183661884    0.04969337229
v    0.03800686976  -0.009865097363    0.04970483025
v    0.03800686976  -0.007893020426    0.04971427409
v    0.03800686976  -0.005920430125    0.04972167298
v    0.03800686976  -0.003947368557    0.04972699609
v    0.03800686976  -0.001973877816    0.04973021256
v    0.03800686976  -2.59487116e-19    0.04973129157
v    0.03800686976   0.001973877816    0.04973021256
v    0.03800686976   0.003947368557    0.04972699609
v    0.03800686976   0.005920430125    0.04972167298
v    0.03800686976   0.007893020426    0.04971427409
v    0.03800686976   0.009865097363    0.04970483025
v    0.03800686976    0.01183661884    0.04969337229
v    0.03800686976    0.01380754277    0.04967993105
v    0.03800686976    0.01577782704    0.04966453736
v    0.03800686976    0.01774742957    0.04964722208
v    0.03800686976    0.01971630825    0.04962801603
v    0.03800686976      0.021684421    0.04960695004
v    0.03800686976    0.02365172571    0.04958405497
v    0.03800686976     0.0256181803    0.04955936164
v    0.03800686976    0.02758374266    0.04953290089
v    0.03800686976     0.0295483707    0.04950470355
v    0.03800686976    0.03151202232    0.04947480048
v    0.03800686976    0.03347465543    0.04944322249
v    0.03800686976    0.03543622793    0.04941000044
v    0.03800686976    0.03739669773    0.04937516515
v    0.03800686976    0.03935553406    0.04933874636
v    0.03800686976    0.04090708116     0.0491818379
v    0.03800686976    0.04240710848    0.04879271639
v    0.03800686976    0.04383002735    0.04818219794
v    0.03800686976    0.04514976039    0.04736109756
v    0.03800686976    0.04634023024    0.04634023024
v    0.03800686976    0.04736109756    0.04514976039
v    0.03800686976    0.04818219794    0.04383002735
v    0.03800686976    0.04879271639    0.04240710848
v    0.03800686976     0.0491818379    0.04090708116
v    0.03800686976    0.04933874636    0.03935553406
v    0.03800686976    0.04937516515    0.03739669773
v    0.03800686976    0.04941000044    0.03543622793
v    0.03800686976    0.04944322249    0.03347465543
v    0.03800686976    0.04947480048    0.03151202232
v    0.03800686976    0.04950470355     0.0295483707
v    0.03800686976    0.04953290089    0.02758374266
v    0.03800686976    0.04955936164     0.0256181803
v    0.03800686976    0.04958405497    0.02365172571
v    0.03800686976    0.04960695004      0.021684421
v    0.03800686976    0.04962801603    0.01971630825
v    0.03800686976    0.04964722208    0.01774742957
v    0.03800686976    0.04966453736    0.01577782704
v    0.03800686976    0.04967993105    0.01380754277
v    0.03800686976    0.04969337229    0.01183661884
v    0.03800686976    0.04970483025   0.009865097363
v    0.03800686976    0.04971427409   0.007893020426
v    0.03800686976    0.04972167298   0.005920430125
v    0.03800686976    0.04972699609   0.003947368557
v    0.03800686976    0.04973021256   0.001973877816
v    0.03941650672    0.04980817803                0
v    0.03941650672    0.04980739152   -0.00198111632
v    0.03941650672    0.04980504699  -0.003961951054
v    0.03941650672    0.04980116689  -0.005942473487
v    0.03941650672     0.0497957737    -0.0079226529
v    0.03941650672    0.04978888989  -0.009902458577
v    0.03941650672    0.04978053792    -0.0118818598
v    0.03941650672    0.04977074026   -0.01386082586
v    0.03941650672    0.04975951938   -0.01583932602
v    0.03941650672    0.04974689775   -0.01781732959
v    0.03941650672    0.04973289783   -0.01979480583
v    0.03941650672     0.0497175421   -0.02177172403
v    0.03941650672    0.04970085302   -0.02374805348
v    0.03941650672    0.04968285306   -0.02572376345
v    0.03941650672    0.04966356469   -0.02769882324
v    0.03941650672    0.04964301037   -0.02967320212
v    0.03941650672    0.04962121258   -0.03164686938
v    0.03941650672    0.04959819379    -0.0336197943
v    0.03941650672    0.04957397645   -0.03559194616
v    0.03941650672    0.04954858304   -0.03756329424
v    0.03941650672    0.04952203492   -0.03953331271
v    0.03941650672    0.04937384778   -0.04109100388
v    0.03941650672    0.04899081498   -0.04259684461
v    0.03941650672    0.04838388658   -0.04402492041
v    0.03941650672    0.04756401155    -0.0453488217
v    0.03941650672    0.04654213885   -0.04654213885
v    0.03941650672     0.0453488217   -0.04756401155
v    0.03941650672    0.04402492041   -0.04838388658
v    0.03941650672    0.04259684461   -0.04899081498
v    0.03941650672    0.04109100388   -0.04937384778
v    0.03941650672    0.03953331271   -0.04952203492
v    0.03941650672    0.03756329424   -0.04954858304
v    0.03941650672    0.03559194616   -0.04957397645
v    0.03941650672     0.0336197943   -0.04959819379
v    0.03941650672    0.03164686938   -0.04962121258
v    0.03941650672    0.02967320212   -0.04964301037
v    0.03941650672    0.02769882324   -0.04966356469
v    0.03941650672    0.02572376345   -0.04968285306
v    0.03941650672    0.02374805348   -0.04970085302
v    0.03941650672    0.02177172403    -0.0497175421
v    0.03941650672    0.01979480583   -0.04973289783
v    0.03941650672    0.01781732959   -0.04974689775
v    0.03941650672    0.01583932602   -0.04975951938
v    0.03941650672    0.01386082586   -0.04977074026
v    0.03941650672     0.0118818598   -0.04978053792
v    0.03941650672   0.009902458577   -0.04978888989
v    0.03941650672     0.0079226529    -0.0497957737
v    0.03941650672   0.005942473487   -0.04980116689
v    0.03941650672   0.003961951054   -0.04980504699
v    0.03941650672    0.00198111632   -0.04980739152
v    0.03941650672  2.217339125e-20   -0.04980817803
v    0.03941650672   -0.00198111632   -0.04980739152
v    0.03941650672  -0.003961951054   -0.04980504699
v    0.03941650672  -0.005942473487   -0.04980116689
v    0.03941650672    -0.0079226529    -0.0497957737
v    0.03941650672  -0.009902458577   -0.04978888989
v    0.03941650672    -0.0118818598   -0.04978053792
v    0.03941650672   -0.01386082586   -0.04977074026
v    0.03941650672   -0.01583932602   -0.04975951938
v    0.03941650672   -0.01781732959   -0.04974689775
v    0.03941650672   -0.01979480583   -0.04973289783
v    0.03941650672   -0.02177172403    -0.0497175421
v    0.03941650672   -0.02374805348   -0.04970085302
v    0.03941650672   -0.02572376345   -0.04968285306
v    0.03941650672   -0.02769882324   -0.04966356469
v    0.03941650672   -0.02967320212   -0.04964301037
v    0.03941650672   -0.03164686938   -0.04962121258
v    0.03941650672    -0.0336197943   -0.04959819379
v    0.03941650672   -0.03559194616   -0.04957397645
v    0.03941650672   -0.03756329424   -0.04954858304
v    0.03941650672   -0.03953331271   -0.04952203492
v    0.03941650672   -0.04109100388   -0.04937384778
v    0.03941650672   -0.04259684461   -0.04899081498
v    0.03941650672   -0.04402492041   -0.04838388658
v    0.03941650672    -0.0453488217   -0.04756401155
v    0.03941650672   -0.04654213885   -0.04654213885
v    0.03941650672   -0.04756401155    -0.0453488217
v    0.03941650672   -0.04838388658   -0.04402492041
v    0.03941650672   -0.04899081498   -0.04259684461
v    0.03941650672   -0.04937384778   -0.04109100388
v    0.03941650672   -0.04952203492   -0.03953331271
v    0.03941650672   -0.04954858304   -0.03756329424
v    0.03941650672   -0.04957397645   -0.03559194616
v    0.03941650672   -0.04959819379    -0.0336197943
v    0.03941650672   -0.04962121258   -0.03164686938
v    0.03941650672   -0.04964301037   -0.02967320212
v    0.03941650672   -0.04966356469   -0.02769882324
v    0.03941650672   -0.04968285306   -0.02572376345
v    0.03941650672   -0.04970085302   -0.02374805348
v    0.03941650672    -0.0497175421   -0.02177172403
v    0.03941650672   -0.04973289783   -0.01979480583
v    0.03941650672   -0.04974689775   -0.01781732959
v    0.03941650672   -0.04975951938   -0.01583932602
v    0.03941650672   -0.04977074026   -0.01386082586
v    0.03941650672   -0.04978053792    -0.0118818598
v    0.03941650672   -0.04978888989  -0.009902458577
v    0.03941650672    -0.0497957737    -0.0079226529
v    0.03941650672   -0.04980116689  -0.005942473487
v    0.03941650672   -0.04980504699  -0.003961951054
v    0.03941650672   -0.04980739152   -0.00198111632
v    0.03941650672   -0.04980817803 -9.460646935e-20
v    0.03941650672   -0.04980739152    0.00198111632
v    0.03941650672   -0.04980504699   0.003961951054
v    0.03941650672   -0.04980116689   0.005942473487
v    0.03941650672    -0.0497957737     0.0079226529
v    0.03941650672   -0.04978888989   0.009902458577
v    0.03941650672   -0.04978053792     0.0118818598
v    0.03941650672   -0.04977074026    0.01386082586
v    0.03941650672   -0.04975951938    0.01583932602
v    0.03941650672   -0.04974689775    0.01781732959
v    0.03941650672   -0.04973289783    0.01979480583
v    0.03941650672    -0.0497175421    0.02177172403
v    0.03941650672   -0.04970085302    0.02374805348
v    0.03941650672   -0.04968285306    0.02572376345
v    0.03941650672   -0.04966356469    0.02769882324
v    0.03941650672   -0.04964301037    0.02967320212
v    0.03941650672   -0.04962121258    0.03164686938
v    0.03941650672   -0.04959819379     0.0336197943
v    0.03941650672   -0.04957397645    0.03559194616
v    0.03941650672   -0.04954858304    0.03756329424
v    0.03941650672   -0.04952203492    0.03953331271
v    0.03941650672   -0.04937384778    0.04109100388
v    0.03941650672   -0.04899081498    0.04259684461
v    0.03941650672   -0.04838388658    0.04402492041
v    0.03941650672   -0.04756401155     0.0453488217
v    0.03941650672   -0.04654213885    0.04654213885
v    0.03941650672    -0.0453488217    0.04756401155
v    0.03941650672   -0.04402492041    0.04838388658
v    0.03941650672   -0.04259684461    0.04899081498
v    0.03941650672   -0.04109100388    0.04937384778
v    0.03941650672   -0.03953331271    0.04952203492
v    0.03941650672   -0.03756329424    0.04954858304
v    0.03941650672   -0.03559194616    0.04957397645
v    0.03941650672    -0.0336197943    0.04959819379
v    0.03941650672   -0.03164686938    0.04962121258
v    0.03941650672   -0.02967320212    0.04964301037
v    0.03941650672   -0.02769882324    0.04966356469
v    0.03941650672   -0.02572376345    0.04968285306
v    0.03941650672   -0.02374805348    0.04970085302
v    0.03941650672   -0.02177172403     0.0497175421
v    0.03941650672   -0.01979480583    0.04973289783
v    0.03941650672   -0.01781732959    0.04974689775
v    0.03941650672   -0.01583932602    0.04975951938
v    0.03941650672   -0.01386082586    0.04977074026
v    0.03941650672    -0.0118818598    0.04978053792
v    0.03941650672  -0.009902458577    0.04978888989
v    0.03941650672    -0.0079226529     0.0497957737
v    0.03941650672  -0.005942473487    0.04980116689
v    0.03941650672  -0.003961951054    0.04980504699
v    0.03941650672   -0.00198111632    0.04980739152
v    0.03941650672 -1.901182638e-19    0.04980817803
v    0.03941650672    0.00198111632    0.04980739152
v    0.03941650672   0.003961951054    0.04980504699
v    0.03941650672   0.005942473487    0.04980116689
v    0.03941650672     0.0079226529     0.0497957737
v    0.03941650672   0.009902458577    0.04978888989
v    0.03941650672     0.0118818598    0.04978053792
v    0.03941650672    0.01386082586    0.04977074026
v    0.03941650672    0.01583932602    0.04975951938
v    0.03941650672    0.01781732959    0.04974689775
v    0.03941650672    0.01979480583    0.04973289783
v    0.03941650672    0.02177172403     0.0497175421
v    0.03941650672    0.02374805348    0.04970085302
v    0.03941650672    0.02572376345    0.04968285306
v    0.03941650672    0.02769882324    0.04966356469
v    0.03941650672    0.02967320212    0.04964301037
v    0.03941650672    0.03164686938    0.04962121258
v    0.03941650672     0.0336197943    0.04959819379
v    0.03941650672    0.03559194616    0.04957397645
v    0.03941650672    0.03756329424    0.04954858304
v    0.03941650672    0.03953331271    0.04952203492
v    0.03941650672    0.04109100388    0.04937384778
v    0.03941650672    0.04259684461    0.04899081498
v    0.03941650672    0.04402492041    0.04838388658
v    0.03941650672     0.0453488217    0.04756401155
v    0.03941650672    0.04654213885    0.04654213885
v    0.03941650672    0.04756401155     0.0453488217
v    0.03941650672    0.04838388658    0.04402492041
v    0.03941650672    0.04899081498    0.04259684461
v    0.03941650672    0.04937384778    0.04109100388
v    0.03941650672    0.04952203492    0.03953331271
v    0.03941650672    0.04954858304    0.03756329424
v    0.03941650672    0.04957397645    0.03559194616
v    0.03941650672    0.04959819379     0.0336197943
v    0.03941650672    0.04962121258    0.03164686938
v    0.03941650672    0.04964301037    0.02967320212
v    0.03941650672    0.04966356469    0.02769882324
v    0.03941650672    0.04968285306    0.02572376345
v    0.03941650672    0.04970085302    0.02374805348
v    0.03941650672     0.0497175421    0.02177172403
v    0.03941650672    0.04973289783    0.01979480583
v    0.03941650672    0.04974689775    0.01781732959
v    0.03941650672    0.04975951938    0.01583932602
v    0.03941650672    0.04977074026    0.01386082586
v    0.03941650672    0.04978053792     0.0118818598
v    0.03941650672    0.04978888989   0.009902458577
v    0.03941650672     0.0497957737     0.0079226529
v    0.03941650672    0.04980116689   0.005942473487
v    0.03941650672    0.04980504699   0.003961951054
v    0.03941650672    0.04980739152    0.00198111632
v    0.04080442673    0.04986939965                0
v    0.04080442673    0.04986885317  -0.001986983343
v    0.04080442673    0.04986722412  -0.003973771405
v    0.04080442673    0.04986452811  -0.005960342819
v    0.04080442673    0.04986078074  -0.007946676222
v    0.04080442673    0.04985599762  -0.009932750249
v    0.04080442673    0.04985019435   -0.01191854353
v    0.04080442673    0.04984338655   -0.01390403471
v    0.04080442673    0.04983558981   -0.01588920242
v    0.04080442673    0.04982681974   -0.01787402529
v    0.04080442673    0.04981709195   -0.01985848196
v    0.04080442673    0.04980642203   -0.02184255106
v    0.04080442673    0.04979482561   -0.02382621124
v    0.04080442673    0.04978231827   -0.02580944111
v    0.04080442673    0.04976891564   -0.02779221933
v    0.04080442673     0.0497546333   -0.02977452452
v    0.04080442673    0.04973948688   -0.03175633532
v    0.04080442673    0.04972349196   -0.03373763037
v    0.04080442673    0.04970666417   -0.03571838829
v    0.04080442673    0.04968901909   -0.03769858773
v    0.04080442673    0.04967057122   -0.03967770692
v    0.04080442673     0.0495295459    -0.0412403804
v    0.04080442673    0.04915152363   -0.04275093408
v    0.04080442673      0.048547564   -0.04418318714
v    0.04080442673    0.04772872549   -0.04551045838
v    0.04080442673    0.04670606658   -0.04670606658
v    0.04080442673    0.04551045838   -0.04772872549
v    0.04080442673    0.04418318714     -0.048547564
v    0.04080442673    0.04275093408   -0.04915152363
v    0.04080442673     0.0412403804    -0.0495295459
v    0.04080442673    0.03967770692   -0.04967057122
v    0.04080442673    0.03769858773   -0.04968901909
v    0.04080442673    0.03571838829   -0.04970666417
v    0.04080442673    0.03373763037   -0.04972349196
v    0.04080442673    0.03175633532   -0.04973948688
v    0.04080442673    0.02977452452    -0.0497546333
v    0.04080442673    0.02779221933   -0.04976891564
v    0.04080442673    0.02580944111   -0.04978231827
v    0.04080442673    0.02382621124   -0.04979482561
v    0.04080442673    0.02184255106   -0.04980642203
v    0.04080442673    0.01985848196   -0.04981709195
v    0.04080442673    0.01787402529   -0.04982681974
v    0.04080442673    0.01588920242   -0.04983558981
v    0.04080442673    0.01390403471   -0.04984338655
v    0.04080442673    0.01191854353   -0.04985019435
v    0.04080442673   0.009932750249   -0.04985599762
v    0.04080442673   0.007946676222   -0.04986078074
v    0.04080442673   0.005960342819   -0.04986452811
v    0.04080442673   0.003973771405   -0.04986722412
v    0.04080442673   0.001986983343   -0.04986885317
v    0.04080442673  1.548215157e-20   -0.04986939965
v    0.04080442673  -0.001986983343   -0.04986885317
v    0.04080442673  -0.003973771405   -0.04986722412
v    0.04080442673  -0.005960342819   -0.04986452811
v    0.04080442673  -0.007946676222   -0.04986078074
v    0.04080442673  -0.009932750249   -0.04985599762
v    0.04080442673   -0.01191854353   -0.04985019435
v    0.04080442673   -0.01390403471   -0.04984338655
v    0.04080442673   -0.01588920242   -0.04983558981
v    0.04080442673   -0.01787402529   -0.04982681974
v    0.04080442673   -0.01985848196   -0.04981709195
v    0.04080442673   -0.02184255106   -0.04980642203
v    0.04080442673   -0.02382621124   -0.04979482561
v    0.04080442673   -0.02580944111   -0.04978231827
v    0.04080442673   -0.02779221933   -0.04976891564
v    0.04080442673   -0.02977452452    -0.0497546333
v    0.04080442673   -0.03175633532   -0.04973948688
v    0.04080442673   -0.03373763037   -0.04972349196
v    0.04080442673   -0.03571838829   -0.04970666417
v    0.04080442673   -0.03769858773   -0.04968901909
v    0.04080442673   -0.03967770692   -0.04967057122
v    0.04080442673    -0.0412403804    -0.0495295459
v    0.04080442673   -0.04275093408   -0.04915152363
v    0.04080442673   -0.04418318714     -0.048547564
v    0.04080442673   -0.04551045838   -0.04772872549
v    0.04080442673   -0.04670606658   -0.04670606658
v    0.04080442673   -0.04772872549   -0.04551045838
v    0.04080442673     -0.048547564   -0.04418318714
v    0.04080442673   -0.04915152363   -0.04275093408
v    0.04080442673    -0.0495295459    -0.0412403804
v    0.04080442673   -0.04967057122   -0.03967770692
v    0.04080442673   -0.04968901909   -0.03769858773
v    0.04080442673   -0.04970666417   -0.03571838829
v    0.04080442673   -0.04972349196   -0.03373763037
v    0.04080442673   -0.04973948688   -0.03175633532
v    0.04080442673    -0.0497546333   -0.02977452452
v    0.04080442673   -0.04976891564   -0.02779221933
v    0.04080442673   -0.04978231827   -0.02580944111
v    0.04080442673   -0.04979482561   -0.02382621124
v    0.04080442673   -0.04980642203   -0.02184255106
v    0.04080442673   -0.04981709195   -0.01985848196
v    0.04080442673   -0.04982681974   -0.01787402529
v    0.04080442673   -0.04983558981   -0.01588920242
v    0.04080442673   -0.04984338655   -0.01390403471
v    0.04080442673   -0.04985019435   -0.01191854353
v    0.04080442673   -0.04985599762  -0.009932750249
v    0.04080442673   -0.04986078074  -0.007946676222
v    0.04080442673   -0.04986452811  -0.005960342819
v    0.04080442673   -0.04986722412  -0.003973771405
v    0.04080442673   -0.04986885317  -0.001986983343
v    0.04080442673   -0.04986939965 -6.605718002e-20
v    0.04080442673   -0.04986885317   0.001986983343
v    0.04080442673   -0.04986722412   0.003973771405
v    0.04080442673   -0.04986452811   0.005960342819
v    0.04080442673   -0.04986078074   0.007946676222
v    0.04080442673   -0.04985599762   0.009932750249
v    0.04080442673   -0.04985019435    0.01191854353
v    0.04080442673   -0.04984338655    0.01390403471
v    0.04080442673   -0.04983558981    0.01588920242
v    0.04080442673   -0.04982681974    0.01787402529
v    0.04080442673   -0.04981709195    0.01985848196
v    0.04080442673   -0.04980642203    0.02184255106
v    0.04080442673   -0.04979482561    0.02382621124
v    0.04080442673   -0.04978231827    0.02580944111
v    0.04080442673   -0.04976891564    0.02779221933
v    0.04080442673    -0.0497546333    0.02977452452
v    0.04080442673   -0.04973948688    0.03175633532
v    0.04080442673   -0.04972349196    0.03373763037
v    0.04080442673   -0.04970666417    0.03571838829
v    0.04080442673   -0.04968901909    0.03769858773
v    0.04080442673   -0.04967057122    0.03967770692
v    0.04080442673    -0.0495295459     0.0412403804
v    0.04080442673   -0.04915152363    0.04275093408
v    0.04080442673     -0.048547564    0.04418318714
v    0.04080442673   -0.04772872549    0.04551045838
v    0.04080442673   -0.04670606658    0.04670606658
v    0.04080442673   -0.04551045838    0.04772872549
v    0.04080442673   -0.04418318714      0.048547564
v    0.04080442673   -0.04275093408    0.04915152363
v    0.04080442673    -0.0412403804     0.0495295459
v    0.04080442673   -0.03967770692    0.04967057122
v    0.04080442673   -0.03769858773    0.04968901909
v    0.04080442673   -0.03571838829    0.04970666417
v    0.04080442673   -0.03373763037    0.04972349196
v    0.04080442673   -0.03175633532    0.04973948688
v    0.04080442673   -0.02977452452     0.0497546333
v    0.04080442673   -0.02779221933    0.04976891564
v    0.04080442673   -0.02580944111    0.04978231827
v    0.04080442673   -0.02382621124    0.04979482561
v    0.04080442673   -0.02184255106    0.04980642203
v    0.04080442673   -0.01985848196    0.04981709195
v    0.04080442673   -0.01787402529    0.04982681974
v    0.04080442673   -0.01588920242    0.04983558981
v    0.04080442673   -0.01390403471    0.04984338655
v    0.04080442673   -0.01191854353    0.04985019435
v    0.04080442673  -0.009932750249    0.04985599762
v    0.04080442673  -0.007946676222    0.04986078074
v    0.04080442673  -0.005960342819    0.04986452811
v    0.04080442673  -0.003973771405    0.04986722412
v    0.04080442673  -0.001986983343    0.04986885317
v    0.04080442673 -1.327464862e-19    0.04986939965
v    0.04080442673   0.001986983343    0.04986885317
v    0.04080442673   0.003973771405    0.04986722412
v    0.04080442673   0.005960342819    0.04986452811
v    0.04080442673   0.007946676222    0.04986078074
v    0.04080442673   0.009932750249    0.04985599762
v    0.04080442673    0.01191854353    0.04985019435
v    0.04080442673    0.01390403471    0.04984338655
v    0.04080442673    0.01588920242    0.04983558981
v    0.04080442673    0.01787402529    0.04982681974
v    0.04080442673    0.01985848196    0.04981709195
v    0.04080442673    0.02184255106    0.04980642203
v    0.04080442673    0.02382621124    0.04979482561
v    0.04080442673    0.02580944111    0.04978231827
v    0.04080442673    0.02779221933    0.04976891564
v    0.04080442673    0.02977452452     0.0497546333
v    0.04080442673    0.03175633532    0.04973948688
v    0.04080442673    0.03373763037    0.04972349196
v    0.04080442673    0.03571838829    0.04970666417
v    0.04080442673    0.03769858773    0.04968901909
v    0.04080442673    0.03967770692    0.04967057122
v    0.04080442673     0.0412403804     0.0495295459
v    0.04080442673    0.04275093408    0.04915152363
v    0.04080442673    0.04418318714      0.048547564
v    0.04080442673    0.04551045838    0.04772872549
v    0.04080442673    0.04670606658    0.04670606658
v    0.04080442673    0.04772872549    0.04551045838
v    0.04080442673      0.048547564    0.04418318714
v    0.04080442673    0.04915152363    0.04275093408
v    0.04080442673     0.0495295459     0.0412403804
v    0.04080442673    0.04967057122    0.03967770692
v    0.04080442673    0.04968901909    0.03769858773
v    0.04080442673    0.04970666417    0.03571838829
v    0.04080442673    0.04972349196    0.03373763037
v    0.04080442673    0.04973948688    0.03175633532
v    0.04080442673     0.0497546333    0.02977452452
v    0.04080442673    0.04976891564    0.02779221933
v    0.04080442673    0.04978231827    0.02580944111
v    0.04080442673    0.04979482561    0.02382621124
v    0.04080442673    0.04980642203    0.02184255106
v    0.04080442673    0.04981709195    0.01985848196
v    0.04080442673    0.04982681974    0.01787402529
v    0.04080442673    0.04983558981    0.01588920242
v    0.04080442673    0.04984338655    0.01390403471
v    0.04080442673    0.04985019435    0.01191854353
v    0.04080442673    0.04985599762   0.009932750249
v    0.04080442673    0.04986078074   0.007946676222
v    0.04080442673    0.04986452811   0.005960342819
v    0.04080442673    0.04986722412   0.003973771405
v    0.04080442673    0.04986885317   0.001986983343
v    0.04217054881    0.04991642553                0
v    0.04217054881    0.04991606881  -0.001991568517
v    0.04217054881    0.04991500546  -0.003983009797
v    0.04217054881    0.04991324565   -0.00597430988
v    0.04217054881    0.04991079956  -0.007965454807
v    0.04217054881    0.04990767738  -0.009956430618
v    0.04217054881    0.04990388929   -0.01194722335
v    0.04217054881    0.04989944547   -0.01393781906
v    0.04217054881     0.0498943561   -0.01592820377
v    0.04217054881    0.04988863138   -0.01791836352
v    0.04217054881    0.04988228147   -0.01990828436
v    0.04217054881    0.04987531656   -0.02189795233
v    0.04217054881    0.04986774683   -0.02388735347
v    0.04217054881    0.04985958247   -0.02587647382
v    0.04217054881    0.04985083366   -0.02786529942
v    0.04217054881    0.04984151058   -0.02985381631
v    0.04217054881    0.04983162342   -0.03184201053
v    0.04217054881    0.04982118234   -0.03382986812
v    0.04217054881    0.04981019755   -0.03581737512
v    0.04217054881    0.04979867922   -0.03780451758
v    0.04217054881    0.04978663638   -0.03979077697
v    0.04217054881    0.04965127757   -0.04135734596
v    0.04217054881    0.04927722748   -0.04287158364
v    0.04217054881    0.04867563203   -0.04430709935
v    0.04217054881    0.04785763597    -0.0456369979
v    0.04217054881    0.04683438406   -0.04683438406
v    0.04217054881     0.0456369979   -0.04785763597
v    0.04217054881    0.04430709935   -0.04867563203
v    0.04217054881    0.04287158364   -0.04927722748
v    0.04217054881    0.04135734596   -0.04965127757
v    0.04217054881    0.03979077697   -0.04978663638
v    0.04217054881    0.03780451758   -0.04979867922
v    0.04217054881    0.03581737512   -0.04981019755
v    0.04217054881    0.03382986812   -0.04982118234
v    0.04217054881    0.03184201053   -0.04983162342
v    0.04217054881    0.02985381631   -0.04984151058
v    0.04217054881    0.02786529942   -0.04985083366
v    0.04217054881    0.02587647382   -0.04985958247
v    0.04217054881    0.02388735347   -0.04986774683
v    0.04217054881    0.02189795233   -0.04987531656
v    0.04217054881    0.01990828436   -0.04988228147
v    0.04217054881    0.01791836352   -0.04988863138
v    0.04217054881    0.01592820377    -0.0498943561
v    0.04217054881    0.01393781906   -0.04989944547
v    0.04217054881    0.01194722335   -0.04990388929
v    0.04217054881   0.009956430618   -0.04990767738
v    0.04217054881   0.007965454807   -0.04991079956
v    0.04217054881    0.00597430988   -0.04991324565
v    0.04217054881   0.003983009797   -0.04991500546
v    0.04217054881   0.001991568517   -0.04991606881
v    0.04217054881  1.015294573e-20   -0.04991642553
v    0.04217054881  -0.001991568517   -0.04991606881
v    0.04217054881  -0.003983009797   -0.04991500546
v    0.04217054881   -0.00597430988   -0.04991324565
v    0.04217054881  -0.007965454807   -0.04991079956
v    0.04217054881  -0.009956430618   -0.04990767738
v    0.04217054881   -0.01194722335   -0.04990388929
v    0.04217054881   -0.01393781906   -0.04989944547
v    0.04217054881   -0.01592820377    -0.0498943561
v    0.04217054881   -0.01791836352   -0.04988863138
v    0.04217054881   -0.01990828436   -0.04988228147
v    0.04217054881   -0.02189795233   -0.04987531656
v    0.04217054881   -0.02388735347   -0.04986774683
v    0.04217054881   -0.02587647382   -0.04985958247
v    0.04217054881   -0.02786529942   -0.04985083366
v    0.04217054881   -0.02985381631   -0.04984151058
v    0.04217054881   -0.03184201053   -0.04983162342
v    0.04217054881   -0.03382986812   -0.04982118234
v    0.04217054881   -0.03581737512   -0.04981019755
v    0.04217054881   -0.03780451758   -0.04979867922
v    0.04217054881   -0.03979077697   -0.04978663638
v    0.04217054881   -0.04135734596   -0.04965127757
v    0.04217054881   -0.04287158364   -0.04927722748
v    0.04217054881   -0.04430709935   -0.04867563203
v    0.04217054881    -0.0456369979   -0.04785763597
v    0.04217054881   -0.04683438406   -0.04683438406
v    0.04217054881   -0.04785763597    -0.0456369979
v    0.04217054881   -0.04867563203   -0.04430709935
v    0.04217054881   -0.04927722748   -0.04287158364
v    0.04217054881   -0.04965127757   -0.04135734596
v    0.04217054881   -0.04978663638   -0.03979077697
v    0.04217054881   -0.04979867922   -0.03780451758
v    0.04217054881   -0.04981019755   -0.03581737512
v    0.04217054881   -0.04982118234   -0.03382986812
v    0.04217054881   -0.04983162342   -0.03184201053
v    0.04217054881   -0.04984151058   -0.02985381631
v    0.04217054881   -0.04985083366   -0.02786529942
v    0.04217054881   -0.04985958247   -0.02587647382
v    0.04217054881   -0.04986774683   -0.02388735347
v    0.04217054881   -0.04987531656   -0.02189795233
v    0.04217054881   -0.04988228147   -0.01990828436
v    0.04217054881   -0.04988863138   -0.01791836352
v    0.04217054881    -0.0498943561   -0.01592820377
v    0.04217054881   -0.04989944547   -0.01393781906
v    0.04217054881   -0.04990388929   -0.01194722335
v    0.04217054881   -0.04990767738  -0.009956430618
v    0.04217054881   -0.04991079956  -0.007965454807
v    0.04217054881   -0.04991324565   -0.00597430988
v    0.04217054881   -0.04991500546  -0.003983009797
v    0.04217054881   -0.04991606881  -0.001991568517
v    0.04217054881   -0.04991642553 -4.331923511e-20
v    0.04217054881   -0.04991606881   0.001991568517
v    0.04217054881   -0.04991500546   0.003983009797
v    0.04217054881   -0.04991324565    0.00597430988
v    0.04217054881   -0.04991079956   0.007965454807
v    0.04217054881   -0.04990767738   0.009956430618
v    0.04217054881   -0.04990388929    0.01194722335
v    0.04217054881   -0.04989944547    0.01393781906
v    0.04217054881    -0.0498943561    0.01592820377
v    0.04217054881   -0.04988863138    0.01791836352
v    0.04217054881   -0.04988228147    0.01990828436
v    0.04217054881   -0.04987531656    0.02189795233
v    0.04217054881   -0.04986774683    0.02388735347
v    0.04217054881   -0.04985958247    0.02587647382
v    0.04217054881   -0.04985083366    0.02786529942
v    0.04217054881   -0.04984151058    0.02985381631
v    0.04217054881   -0.04983162342    0.03184201053
v    0.04217054881   -0.04982118234    0.03382986812
v    0.04217054881   -0.04981019755    0.03581737512
v    0.04217054881   -0.04979867922    0.03780451758
v    0.04217054881   -0.04978663638    0.03979077697
v    0.04217054881   -0.04965127757    0.04135734596
v    0.04217054881   -0.04927722748    0.04287158364
v    0.04217054881   -0.04867563203    0.04430709935
v    0.04217054881   -0.04785763597     0.0456369979
v    0.04217054881   -0.04683438406    0.04683438406
v    0.04217054881    -0.0456369979    0.04785763597
v    0.04217054881   -0.04430709935    0.04867563203
v    0.04217054881   -0.04287158364    0.04927722748
v    0.04217054881   -0.04135734596    0.04965127757
v    0.04217054881   -0.03979077697    0.04978663638
v    0.04217054881   -0.03780451758    0.04979867922
v    0.04217054881   -0.03581737512    0.04981019755
v    0.04217054881   -0.03382986812    0.04982118234
v    0.04217054881   -0.03184201053    0.04983162342
v    0.04217054881   -0.02985381631    0.04984151058
v    0.04217054881   -0.02786529942    0.04985083366
v    0.04217054881   -0.02587647382    0.04985958247
v    0.04217054881   -0.02388735347    0.04986774683
v    0.04217054881   -0.02189795233    0.04987531656
v    0.04217054881   -0.01990828436    0.04988228147
v    0.04217054881   -0.01791836352    0.04988863138
v    0.04217054881   -0.01592820377     0.0498943561
v    0.04217054881   -0.01393781906    0.04989944547
v    0.04217054881   -0.01194722335    0.04990388929
v    0.04217054881  -0.009956430618    0.04990767738
v    0.04217054881  -0.007965454807    0.04991079956
v    0.04217054881   -0.00597430988    0.04991324565
v    0.04217054881  -0.003983009797    0.04991500546
v    0.04217054881  -0.001991568517    0.04991606881
v    0.04217054881 -8.705300835e-20    0.04991642553
v    0.04217054881   0.001991568517    0.04991606881
v    0.04217054881   0.003983009797    0.04991500546
v    0.04217054881    0.00597430988    0.04991324565
v    0.04217054881   0.007965454807    0.04991079956
v    0.04217054881   0.009956430618    0.04990767738
v    0.04217054881    0.01194722335    0.04990388929
v    0.04217054881    0.01393781906    0.04989944547
v    0.04217054881    0.01592820377     0.0498943561
v    0.04217054881    0.01791836352    0.04988863138
v    0.04217054881    0.01990828436    0.04988228147
v    0.04217054881    0.02189795233    0.04987531656
v    0.04217054881    0.02388735347    0.04986774683
v    0.04217054881    0.02587647382    0.04985958247
v    0.04217054881    0.02786529942    0.04985083366
v    0.04217054881    0.02985381631    0.04984151058
v    0.04217054881    0.03184201053    0.04983162342
v    0.04217054881    0.03382986812    0.04982118234
v    0.04217054881    0.03581737512    0.04981019755
v    0.04217054881    0.03780451758    0.04979867922
v    0.04217054881    0.03979077697    0.04978663638
v    0.04217054881    0.04135734596    0.04965127757
v    0.04217054881    0.04287158364    0.04927722748
v    0.04217054881    0.04430709935    0.04867563203
v    0.04217054881     0.0456369979    0.04785763597
v    0.04217054881    0.04683438406    0.04683438406
v    0.04217054881    0.04785763597     0.0456369979
v    0.04217054881    0.04867563203    0.04430709935
v    0.04217054881    0.04927722748    0.04287158364
v    0.04217054881    0.04965127757    0.04135734596
v    0.04217054881    0.04978663638    0.03979077697
v    0.04217054881    0.04979867922    0.03780451758
v    0.04217054881    0.04981019755    0.03581737512
v    0.04217054881    0.04982118234    0.03382986812
v    0.04217054881    0.04983162342    0.03184201053
v    0.04217054881    0.04984151058    0.02985381631
v    0.04217054881    0.04985083366    0.02786529942
v    0.04217054881    0.04985958247    0.02587647382
v    0.04217054881    0.04986774683    0.02388735347
v    0.04217054881    0.04987531656    0.02189795233
v    0.04217054881    0.04988228147    0.01990828436
v    0.04217054881    0.04988863138    0.01791836352
v    0.04217054881     0.0498943561    0.01592820377
v    0.04217054881    0.04989944547    0.01393781906
v    0.04217054881    0.04990388929    0.01194722335
v    0.04217054881    0.04990767738   0.009956430618
v    0.04217054881    0.04991079956   0.007965454807
v    0.04217054881    0.04991324565    0.00597430988
v    0.04217054881    0.04991500546   0.003983009797
v    0.04217054881    0.04991606881   0.001991568517
v    0.04351549824    0.04995085853                0
v    0.04351549824    0.04995064468  -0.001994982774
v    0.04351549824    0.04995000722  -0.003989889404
v    0.04351549824    0.04994895224  -0.005984711514
v    0.04351549824    0.04994748584  -0.007979440727
v    0.04351549824    0.04994561413  -0.009974068669
v    0.04351549824     0.0499433432   -0.01196858696
v    0.04351549824    0.04994067917   -0.01396298723
v    0.04351549824    0.04993762812    -0.0159572611
v    0.04351549824    0.04993419617   -0.01795140018
v    0.04351549824    0.04993038942   -0.01994539612
v    0.04351549824    0.04992621396   -0.02193924053
v    0.04351549824     0.0499216759   -0.02393292502
v    0.04351549824    0.04991678134   -0.02592644124
v    0.04351549824    0.04991153639    -0.0279197808
v    0.04351549824    0.04990594714   -0.02991293532
v    0.04351549824     0.0499000197   -0.03190589643
v    0.04351549824    0.04989376017   -0.03389865576
v    0.04351549824    0.04988717464   -0.03589120492
v    0.04351549824    0.04988026923   -0.03788353554
v    0.04351549824    0.04987304889   -0.03987513157
v    0.04351549824    0.04974195896   -0.04144460253
v    0.04351549824    0.04937090685   -0.04296158396
v    0.04351549824    0.04877110319   -0.04439952776
v    0.04351549824    0.04795375751   -0.04573137813
v    0.04351549824     0.0469300793    -0.0469300793
v    0.04351549824    0.04573137813   -0.04795375751
v    0.04351549824    0.04439952776   -0.04877110319
v    0.04351549824    0.04296158396   -0.04937090685
v    0.04351549824    0.04144460253   -0.04974195896
v    0.04351549824    0.03987513157   -0.04987304889
v    0.04351549824    0.03788353554   -0.04988026923
v    0.04351549824    0.03589120492   -0.04988717464
v    0.04351549824    0.03389865576   -0.04989376017
v    0.04351549824    0.03190589643    -0.0499000197
v    0.04351549824    0.02991293532   -0.04990594714
v    0.04351549824     0.0279197808   -0.04991153639
v    0.04351549824    0.02592644124   -0.04991678134
v    0.04351549824    0.02393292502    -0.0499216759
v    0.04351549824    0.02193924053   -0.04992621396
v    0.04351549824    0.01994539612   -0.04993038942
v    0.04351549824    0.01795140018   -0.04993419617
v    0.04351549824     0.0159572611   -0.04993762812
v    0.04351549824    0.01396298723   -0.04994067917
v    0.04351549824    0.01196858696    -0.0499433432
v    0.04351549824   0.009974068669   -0.04994561413
v    0.04351549824   0.007979440727   -0.04994748584
v    0.04351549824   0.005984711514   -0.04994895224
v    0.04351549824   0.003989889404   -0.04995000722
v    0.04351549824   0.001994982774   -0.04995064468
v    0.04351549824  6.113516942e-21   -0.04995085853
v    0.04351549824  -0.001994982774   -0.04995064468
v    0.04351549824  -0.003989889404   -0.04995000722
v    0.04351549824  -0.005984711514   -0.04994895224
v    0.04351549824  -0.007979440727   -0.04994748584
v    0.04351549824  -0.009974068669   -0.04994561413
v    0.04351549824   -0.01196858696    -0.0499433432
v    0.04351549824   -0.01396298723   -0.04994067917
v    0.04351549824    -0.0159572611   -0.04993762812
v    0.04351549824   -0.01795140018   -0.04993419617
v    0.04351549824   -0.01994539612   -0.04993038942
v    0.04351549824   -0.02193924053   -0.04992621396
v    0.04351549824   -0.02393292502    -0.0499216759
v    0.04351549824   -0.02592644124   -0.04991678134
v    0.04351549824    -0.0279197808   -0.04991153639
v    0.04351549824   -0.02991293532   -0.04990594714
v    0.04351549824   -0.03190589643    -0.0499000197
v    0.04351549824   -0.03389865576   -0.04989376017
v    0.04351549824   -0.03589120492   -0.04988717464
v    0.04351549824   -0.03788353554   -0.04988026923
v    0.04351549824   -0.03987513157   -0.04987304889
v    0.04351549824   -0.04144460253   -0.04974195896
v    0.04351549824   -0.04296158396   -0.04937090685
v    0.04351549824   -0.04439952776   -0.04877110319
v    0.04351549824   -0.04573137813   -0.04795375751
v    0.04351549824    -0.0469300793    -0.0469300793
v    0.04351549824   -0.04795375751   -0.04573137813
v    0.04351549824   -0.04877110319   -0.04439952776
v    0.04351549824   -0.04937090685   -0.04296158396
v    0.04351549824   -0.04974195896   -0.04144460253
v    0.04351549824   -0.04987304889   -0.03987513157
v    0.04351549824   -0.04988026923   -0.03788353554
v    0.04351549824   -0.04988717464   -0.03589120492
v    0.04351549824   -0.04989376017   -0.03389865576
v    0.04351549824    -0.0499000197   -0.03190589643
v    0.04351549824   -0.04990594714   -0.02991293532
v    0.04351549824   -0.04991153639    -0.0279197808
v    0.04351549824   -0.04991678134   -0.02592644124
v    0.04351549824    -0.0499216759   -0.02393292502
v    0.04351549824   -0.04992621396   -0.02193924053
v    0.04351549824   -0.04993038942   -0.01994539612
v    0.04351549824   -0.04993419617   -0.01795140018
v    0.04351549824   -0.04993762812    -0.0159572611
v    0.04351549824   -0.04994067917   -0.01396298723
v    0.04351549824    -0.0499433432   -0.01196858696
v    0.04351549824   -0.04994561413  -0.009974068669
v    0.04351549824   -0.04994748584  -0.007979440727
v    0.04351549824   -0.04994895224  -0.005984711514
v    0.04351549824   -0.04995000722  -0.003989889404
v    0.04351549824   -0.04995064468  -0.001994982774
v    0.04351549824   -0.04995085853 -2.608433895e-20
v    0.04351549824   -0.04995064468   0.001994982774
v    0.04351549824   -0.04995000722   0.003989889404
v    0.04351549824   -0.04994895224   0.005984711514
v    0.04351549824   -0.04994748584   0.007979440727
v    0.04351549824   -0.04994561413   0.009974068669
v    0.04351549824    -0.0499433432    0.01196858696
v    0.04351549824   -0.04994067917    0.01396298723
v    0.04351549824   -0.04993762812     0.0159572611
v    0.04351549824   -0.04993419617    0.01795140018
v    0.04351549824   -0.04993038942    0.01994539612
v    0.04351549824   -0.04992621396    0.02193924053
v    0.04351549824    -0.0499216759    0.02393292502
v    0.04351549824   -0.04991678134    0.02592644124
v    0.04351549824   -0.04991153639     0.0279197808
v    0.04351549824   -0.04990594714    0.02991293532
v    0.04351549824    -0.0499000197    0.03190589643
v    0.04351549824   -0.04989376017    0.03389865576
v    0.04351549824   -0.04988717464    0.03589120492
v    0.04351549824   -0.04988026923    0.03788353554
v    0.04351549824   -0.04987304889    0.03987513157
v    0.04351549824   -0.04974195896    0.04144460253
v    0.04351549824   -0.04937090685    0.04296158396
v    0.04351549824   -0.04877110319    0.04439952776
v    0.04351549824   -0.04795375751    0.04573137813
v    0.04351549824    -0.0469300793     0.0469300793
v    0.04351549824   -0.04573137813    0.04795375751
v    0.04351549824   -0.04439952776    0.04877110319
v    0.04351549824   -0.04296158396    0.04937090685
v    0.04351549824   -0.04144460253    0.04974195896
v    0.04351549824   -0.03987513157    0.04987304889
v    0.04351549824   -0.03788353554    0.04988026923
v    0.04351549824   -0.03589120492    0.04988717464
v    0.04351549824   -0.03389865576    0.04989376017
v    0.04351549824   -0.03190589643     0.0499000197
v    0.04351549824   -0.02991293532    0.04990594714
v    0.04351549824    -0.0279197808    0.04991153639
v    0.04351549824   -0.02592644124    0.04991678134
v    0.04351549824   -0.02393292502     0.0499216759
v    0.04351549824   -0.02193924053    0.04992621396
v    0.04351549824   -0.01994539612    0.04993038942
v    0.04351549824   -0.01795140018    0.04993419617
v    0.04351549824    -0.0159572611    0.04993762812
v    0.04351549824   -0.01396298723    0.04994067917
v    0.04351549824   -0.01196858696     0.0499433432
v    0.04351549824  -0.009974068669    0.04994561413
v    0.04351549824  -0.007979440727    0.04994748584
v    0.04351549824  -0.005984711514    0.04994895224
v    0.04351549824  -0.003989889404    0.04995000722
v    0.04351549824  -0.001994982774    0.04995064468
v    0.04351549824  -5.24182888e-20    0.04995085853
v    0.04351549824   0.001994982774    0.04995064468
v    0.04351549824   0.003989889404    0.04995000722
v    0.04351549824   0.005984711514    0.04994895224
v    0.04351549824   0.007979440727    0.04994748584
v    0.04351549824   0.009974068669    0.04994561413
v    0.04351549824    0.01196858696     0.0499433432
v    0.04351549824    0.01396298723    0.04994067917
v    0.04351549824     0.0159572611    0.04993762812
v    0.04351549824    0.01795140018    0.04993419617
v    0.04351549824    0.01994539612    0.04993038942
v    0.04351549824    0.02193924053    0.04992621396
v    0.04351549824    0.02393292502     0.0499216759
v    0.04351549824    0.02592644124    0.04991678134
v    0.04351549824     0.0279197808    0.04991153639
v    0.04351549824    0.02991293532    0.04990594714
v    0.04351549824    0.03190589643     0.0499000197
v    0.04351549824    0.03389865576    0.04989376017
v    0.04351549824    0.03589120492    0.04988717464
v    0.04351549824    0.03788353554    0.04988026923
v    0.04351549824    0.03987513157    0.04987304889
v    0.04351549824    0.04144460253    0.04974195896
v    0.04351549824    0.04296158396    0.04937090685
v    0.04351549824    0.04439952776    0.04877110319
v    0.04351549824    0.04573137813    0.04795375751
v    0.04351549824     0.0469300793     0.0469300793
v    0.04351549824    0.04795375751    0.04573137813
v    0.04351549824    0.04877110319    0.04439952776
v    0.04351549824    0.04937090685    0.04296158396
v    0.04351549824    0.04974195896    0.04144460253
v    0.04351549824    0.04987304889    0.03987513157
v    0.04351549824    0.04988026923    0.03788353554
v    0.04351549824    0.04988717464    0.03589120492
v    0.04351549824    0.04989376017    0.03389865576
v    0.04351549824     0.0499000197    0.03190589643
v    0.04351549824    0.04990594714    0.02991293532
v    0.04351549824    0.04991153639     0.0279197808
v    0.04351549824    0.04991678134    0.02592644124
v    0.04351549824     0.0499216759    0.02393292502
v    0.04351549824    0.04992621396    0.02193924053
v    0.04351549824    0.04993038942    0.01994539612
v    0.04351549824    0.04993419617    0.01795140018
v    0.04351549824    0.04993762812     0.0159572611
v    0.04351549824    0.04994067917    0.01396298723
v    0.04351549824     0.0499433432    0.01196858696
v    0.04351549824    0.04994561413   0.009974068669
v    0.04351549824    0.04994748584   0.007979440727
v    0.04351549824    0.04994895224   0.005984711514
v    0.04351549824    0.04995000722   0.003989889404
v    0.04351549824    0.04995064468   0.001994982774
v    0.04484065434    0.04997443854                0
v    0.04484065434    0.04997432519  -0.001997359428
v    0.04484065434    0.04997398728  -0.003994678562
v    0.04484065434    0.04997342806  -0.005991952957
v    0.04484065434    0.04997265076   -0.00798917817
v    0.04484065434     0.0499716586  -0.009986349756
v    0.04484065434    0.04997045483   -0.01198346327
v    0.04484065434    0.04996904267   -0.01398051427
v    0.04484065434    0.04996742536   -0.01597749832
v    0.04484065434    0.04996560613   -0.01797441096
v    0.04484065434    0.04996358822   -0.01997124775
v    0.04484065434    0.04996137486   -0.02196800426
v    0.04484065434    0.04995896929   -0.02396467603
v    0.04484065434    0.04995637473   -0.02596125862
v    0.04484065434    0.04995359441   -0.02795774759
v    0.04484065434    0.04995063158   -0.02995413849
v    0.04484065434    0.04994748947   -0.03195042688
v    0.04484065434    0.04994417131   -0.03394660832
v    0.04484065434    0.04994068033   -0.03594267836
v    0.04484065434    0.04993701976   -0.03793863255
v    0.04484065434    0.04993319169    -0.0399339566
v    0.04484065434    0.04980510624   -0.04150544845
v    0.04484065434    0.04943616773   -0.04302434016
v    0.04484065434    0.04883763222   -0.04446397322
v    0.04484065434    0.04802075462   -0.04579717923
v    0.04484065434    0.04699678983   -0.04699678983
v    0.04484065434    0.04579717923   -0.04802075462
v    0.04484065434    0.04446397322   -0.04883763222
v    0.04484065434    0.04302434016   -0.04943616773
v    0.04484065434    0.04150544845   -0.04980510624
v    0.04484065434     0.0399339566   -0.04993319169
v    0.04484065434    0.03793863255   -0.04993701976
v    0.04484065434    0.03594267836   -0.04994068033
v    0.04484065434    0.03394660832   -0.04994417131
v    0.04484065434    0.03195042688   -0.04994748947
v    0.04484065434    0.02995413849   -0.04995063158
v    0.04484065434    0.02795774759   -0.04995359441
v    0.04484065434    0.02596125862   -0.04995637473
v    0.04484065434    0.02396467603   -0.04995896929
v    0.04484065434    0.02196800426   -0.04996137486
v    0.04484065434    0.01997124775   -0.04996358822
v    0.04484065434    0.01797441096   -0.04996560613
v    0.04484065434    0.01597749832   -0.04996742536
v    0.04484065434    0.01398051427   -0.04996904267
v    0.04484065434    0.01198346327   -0.04997045483
v    0.04484065434   0.009986349756    -0.0499716586
v    0.04484065434    0.00798917817   -0.04997265076
v    0.04484065434   0.005991952957   -0.04997342806
v    0.04484065434   0.003994678562   -0.04997398728
v    0.04484065434   0.001997359428   -0.04997432519
v    0.04484065434  3.254319335e-21   -0.04997443854
v    0.04484065434  -0.001997359428   -0.04997432519
v    0.04484065434  -0.003994678562   -0.04997398728
v    0.04484065434  -0.005991952957   -0.04997342806
v    0.04484065434   -0.00798917817   -0.04997265076
v    0.04484065434  -0.009986349756    -0.0499716586
v    0.04484065434   -0.01198346327   -0.04997045483
v    0.04484065434   -0.01398051427   -0.04996904267
v    0.04484065434   -0.01597749832   -0.04996742536
v    0.04484065434   -0.01797441096   -0.04996560613
v    0.04484065434   -0.01997124775   -0.04996358822
v    0.04484065434   -0.02196800426   -0.04996137486
v    0.04484065434   -0.02396467603   -0.04995896929
v    0.04484065434   -0.02596125862   -0.04995637473
v    0.04484065434   -0.02795774759   -0.04995359441
v    0.04484065434   -0.02995413849   -0.04995063158
v    0.04484065434   -0.03195042688   -0.04994748947
v    0.04484065434   -0.03394660832   -0.04994417131
v    0.04484065434   -0.03594267836   -0.04994068033
v    0.04484065434   -0.03793863255   -0.04993701976
v    0.04484065434    -0.0399339566   -0.04993319169
v    0.04484065434   -0.04150544845   -0.04980510624
v    0.04484065434   -0.04302434016   -0.04943616773
v    0.04484065434   -0.04446397322   -0.04883763222
v    0.04484065434   -0.04579717923   -0.04802075462
v    0.04484065434   -0.04699678983   -0.04699678983
v    0.04484065434   -0.04802075462   -0.04579717923
v    0.04484065434   -0.04883763222   -0.04446397322
v    0.04484065434   -0.04943616773   -0.04302434016
v    0.04484065434   -0.04980510624   -0.04150544845
v    0.04484065434   -0.04993319169    -0.0399339566
v    0.04484065434   -0.04993701976   -0.03793863255
v    0.04484065434   -0.04994068033   -0.03594267836
v    0.04484065434   -0.04994417131   -0.03394660832
v    0.04484065434   -0.04994748947   -0.03195042688
v    0.04484065434   -0.04995063158   -0.02995413849
v    0.04484065434   -0.04995359441   -0.02795774759
v    0.04484065434   -0.04995637473   -0.02596125862
v    0.04484065434   -0.04995896929   -0.02396467603
v    0.04484065434   -0.04996137486   -0.02196800426
v    0.04484065434   -0.04996358822   -0.01997124775
v    0.04484065434   -0.04996560613   -0.01797441096
v    0.04484065434   -0.04996742536   -0.01597749832
v    0.04484065434   -0.04996904267   -0.01398051427
v    0.04484065434   -0.04997045483   -0.01198346327
v    0.04484065434    -0.0499716586  -0.009986349756
v    0.04484065434   -0.04997265076   -0.00798917817
v    0.04484065434   -0.04997342806  -0.005991952957
v    0.04484065434   -0.04997398728  -0.003994678562
v    0.04484065434   -0.04997432519  -0.001997359428
v    0.04484065434   -0.04997443854 -1.388509583e-20
v    0.04484065434   -0.04997432519   0.001997359428
v    0.04484065434   -0.04997398728   0.003994678562
v    0.04484065434   -0.04997342806   0.005991952957
v    0.04484065434   -0.04997265076    0.00798917817
v    0.04484065434    -0.0499716586   0.009986349756
v    0.04484065434   -0.04997045483    0.01198346327
v    0.04484065434   -0.04996904267    0.01398051427
v    0.04484065434   -0.04996742536    0.01597749832
v    0.04484065434   -0.04996560613    0.01797441096
v    0.04484065434   -0.04996358822    0.01997124775
v    0.04484065434   -0.04996137486    0.02196800426
v    0.04484065434   -0.04995896929    0.02396467603
v    0.04484065434   -0.04995637473    0.02596125862
v    0.04484065434   -0.04995359441    0.02795774759
v    0.04484065434   -0.04995063158    0.02995413849
v    0.04484065434   -0.04994748947    0.03195042688
v    0.04484065434   -0.04994417131    0.03394660832
v    0.04484065434   -0.04994068033    0.03594267836
v    0.04484065434   -0.04993701976    0.03793863255
v    0.04484065434   -0.04993319169     0.0399339566
v    0.04484065434   -0.04980510624    0.04150544845
v    0.04484065434   -0.04943616773    0.04302434016
v    0.04484065434   -0.04883763222    0.04446397322
v    0.04484065434   -0.04802075462    0.04579717923
v    0.04484065434   -0.04699678983    0.04699678983
v    0.04484065434   -0.04579717923    0.04802075462
v    0.04484065434   -0.04446397322    0.04883763222
v    0.04484065434   -0.04302434016    0.04943616773
v    0.04484065434   -0.04150544845    0.04980510624
v    0.04484065434    -0.0399339566    0.04993319169
v    0.04484065434   -0.03793863255    0.04993701976
v    0.04484065434   -0.03594267836    0.04994068033
v    0.04484065434   -0.03394660832    0.04994417131
v    0.04484065434   -0.03195042688    0.04994748947
v    0.04484065434   -0.02995413849    0.04995063158
v    0.04484065434   -0.02795774759    0.04995359441
v    0.04484065434   -0.02596125862    0.04995637473
v    0.04484065434   -0.02396467603    0.04995896929
v    0.04484065434   -0.02196800426    0.04996137486
v    0.04484065434   -0.01997124775    0.04996358822
v    0.04484065434   -0.01797441096    0.04996560613
v    0.04484065434   -0.01597749832    0.04996742536
v    0.04484065434   -0.01398051427    0.04996904267
v    0.04484065434   -0.01198346327    0.04997045483
v    0.04484065434  -0.009986349756     0.0499716586
v    0.04484065434   -0.00798917817    0.04997265076
v    0.04484065434  -0.005991952957    0.04997342806
v    0.04484065434  -0.003994678562    0.04997398728
v    0.04484065434  -0.001997359428    0.04997432519
v    0.04484065434 -2.790306339e-20    0.04997443854
v    0.04484065434   0.001997359428    0.04997432519
v    0.04484065434   0.003994678562    0.04997398728
v    0.04484065434   0.005991952957    0.04997342806
v    0.04484065434    0.00798917817    0.04997265076
v    0.04484065434   0.009986349756     0.0499716586
v    0.04484065434    0.01198346327    0.04997045483
v    0.04484065434    0.01398051427    0.04996904267
v    0.04484065434    0.01597749832    0.04996742536
v    0.04484065434    0.01797441096    0.04996560613
v    0.04484065434    0.01997124775    0.04996358822
v    0.04484065434    0.02196800426    0.04996137486
v    0.04484065434    0.02396467603    0.04995896929
v    0.04484065434    0.02596125862    0.04995637473
v    0.04484065434    0.02795774759    0.04995359441
v    0.04484065434    0.02995413849    0.04995063158
v    0.04484065434    0.03195042688    0.04994748947
v    0.04484065434    0.03394660832    0.04994417131
v    0.04484065434    0.03594267836    0.04994068033
v    0.04484065434    0.03793863255    0.04993701976
v    0.04484065434     0.0399339566    0.04993319169
v    0.04484065434    0.04150544845    0.04980510624
v    0.04484065434    0.04302434016    0.04943616773
v    0.04484065434    0.04446397322    0.04883763222
v    0.04484065434    0.04579717923    0.04802075462
v    0.04484065434    0.04699678983    0.04699678983
v    0.04484065434    0.04802075462    0.04579717923
v    0.04484065434    0.04883763222    0.04446397322
v    0.04484065434    0.04943616773    0.04302434016
v    0.04484065434    0.04980510624    0.04150544845
v    0.04484065434    0.04993319169     0.0399339566
v    0.04484065434    0.04993701976    0.03793863255
v    0.04484065434    0.04994068033    0.03594267836
v    0.04484065434    0.04994417131    0.03394660832
v    0.04484065434    0.04994748947    0.03195042688
v    0.04484065434    0.04995063158    0.02995413849
v    0.04484065434    0.04995359441    0.02795774759
v    0.04484065434    0.04995637473    0.02596125862
v    0.04484065434    0.04995896929    0.02396467603
v    0.04484065434    0.04996137486    0.02196800426
v    0.04484065434    0.04996358822    0.01997124775
v    0.04484065434    0.04996560613    0.01797441096
v    0.04484065434    0.04996742536    0.01597749832
v    0.04484065434    0.04996904267    0.01398051427
v    0.04484065434    0.04997045483    0.01198346327
v    0.04484065434     0.0499716586   0.009986349756
v    0.04484065434    0.04997265076    0.00798917817
v    0.04484065434    0.04997342806   0.005991952957
v    0.04484065434    0.04997398728   0.003994678562
v    0.04484065434    0.04997432519   0.001997359428
v    0.04614819828    0.04998904564                0
v    0.04614819828    0.04998899616  -0.001998855253
v    0.04614819828    0.04998884866  -0.003997692946
v    0.04614819828    0.04998860455  -0.005996511135
v    0.04614819828    0.04998826523  -0.007995307881
v    0.04614819828    0.04998783213   -0.00999408124
v    0.04614819828    0.04998730666   -0.01199282927
v    0.04614819828    0.04998669021   -0.01399155004
v    0.04614819828    0.04998598421   -0.01599024159
v    0.04614819828    0.04998519007   -0.01798890199
v    0.04614819828    0.04998430919    -0.0199875293
v    0.04614819828    0.04998334299   -0.02198612157
v    0.04614819828    0.04998229287   -0.02398467686
v    0.04614819828    0.04998116026   -0.02598319324
v    0.04614819828    0.04997994656   -0.02798166876
v    0.04614819828    0.04997865317   -0.02998010147
v    0.04614819828    0.04997728152   -0.03197848945
v    0.04614819828    0.04997583302   -0.03397683073
v    0.04614819828    0.04997430906    -0.0359751234
v    0.04614819828    0.04997271107   -0.03797336549
v    0.04614819828     0.0499710393   -0.03997104383
v    0.04614819828    0.04984486462   -0.04154380809
v    0.04614819828    0.04947727245   -0.04306390231
v    0.04614819828    0.04887954765   -0.04450459801
v    0.04614819828    0.04806297388   -0.04583865543
v    0.04614819828    0.04703883482   -0.04703883482
v    0.04614819828    0.04583865543   -0.04806297388
v    0.04614819828    0.04450459801   -0.04887954765
v    0.04614819828    0.04306390231   -0.04947727245
v    0.04614819828    0.04154380809   -0.04984486462
v    0.04614819828    0.03997104383    -0.0499710393
v    0.04614819828    0.03797336549   -0.04997271107
v    0.04614819828     0.0359751234   -0.04997430906
v    0.04614819828    0.03397683073   -0.04997583302
v    0.04614819828    0.03197848945   -0.04997728152
v    0.04614819828    0.02998010147   -0.04997865317
v    0.04614819828    0.02798166876   -0.04997994656
v    0.04614819828    0.02598319324   -0.04998116026
v    0.04614819828    0.02398467686   -0.04998229287
v    0.04614819828    0.02198612157   -0.04998334299
v    0.04614819828     0.0199875293   -0.04998430919
v    0.04614819828    0.01798890199   -0.04998519007
v    0.04614819828    0.01599024159   -0.04998598421
v    0.04614819828    0.01399155004   -0.04998669021
v    0.04614819828    0.01199282927   -0.04998730666
v    0.04614819828    0.00999408124   -0.04998783213
v    0.04614819828   0.007995307881   -0.04998826523
v    0.04614819828   0.005996511135   -0.04998860455
v    0.04614819828   0.003997692946   -0.04998884866
v    0.04614819828   0.001998855253   -0.04998899616
v    0.04614819828  1.426307146e-21   -0.04998904564
v    0.04614819828  -0.001998855253   -0.04998899616
v    0.04614819828  -0.003997692946   -0.04998884866
v    0.04614819828  -0.005996511135   -0.04998860455
v    0.04614819828  -0.007995307881   -0.04998826523
v    0.04614819828   -0.00999408124   -0.04998783213
v    0.04614819828   -0.01199282927   -0.04998730666
v    0.04614819828   -0.01399155004   -0.04998669021
v    0.04614819828   -0.01599024159   -0.04998598421
v    0.04614819828   -0.01798890199   -0.04998519007
v    0.04614819828    -0.0199875293   -0.04998430919
v    0.04614819828   -0.02198612157   -0.04998334299
v    0.04614819828   -0.02398467686   -0.04998229287
v    0.04614819828   -0.02598319324   -0.04998116026
v    0.04614819828   -0.02798166876   -0.04997994656
v    0.04614819828   -0.02998010147   -0.04997865317
v    0.04614819828   -0.03197848945   -0.04997728152
v    0.04614819828   -0.03397683073   -0.04997583302
v    0.04614819828    -0.0359751234   -0.04997430906
v    0.04614819828   -0.03797336549   -0.04997271107
v    0.04614819828   -0.03997104383    -0.0499710393
v    0.04614819828   -0.04154380809   -0.04984486462
v    0.04614819828   -0.04306390231   -0.04947727245
v    0.04614819828   -0.04450459801   -0.04887954765
v    0.04614819828   -0.04583865543   -0.04806297388
v    0.04614819828   -0.04703883482   -0.04703883482
v    0.04614819828   -0.04806297388   -0.04583865543
v    0.04614819828   -0.04887954765   -0.04450459801
v    0.04614819828   -0.04947727245   -0.04306390231
v    0.04614819828   -0.04984486462   -0.04154380809
v    0.04614819828    -0.0499710393   -0.03997104383
v    0.04614819828   -0.04997271107   -0.03797336549
v    0.04614819828   -0.04997430906    -0.0359751234
v    0.04614819828   -0.04997583302   -0.03397683073
v    0.04614819828   -0.04997728152   -0.03197848945
v    0.04614819828   -0.04997865317   -0.02998010147
v    0.04614819828   -0.04997994656   -0.02798166876
v    0.04614819828   -0.04998116026   -0.02598319324
v    0.04614819828   -0.04998229287   -0.02398467686
v    0.04614819828   -0.04998334299   -0.02198612157
v    0.04614819828   -0.04998430919    -0.0199875293
v    0.04614819828   -0.04998519007   -0.01798890199
v    0.04614819828   -0.04998598421   -0.01599024159
v    0.04614819828   -0.04998669021   -0.01399155004
v    0.04614819828   -0.04998730666   -0.01199282927
v    0.04614819828   -0.04998783213   -0.00999408124
v    0.04614819828   -0.04998826523  -0.007995307881
v    0.04614819828   -0.04998860455  -0.005996511135
v    0.04614819828   -0.04998884866  -0.003997692946
v    0.04614819828   -0.04998899616  -0.001998855253
v    0.04614819828   -0.04998904564 -6.085577156e-21
v    0.04614819828   -0.04998899616   0.001998855253
v    0.04614819828   -0.04998884866   0.003997692946
v    0.04614819828   -0.04998860455   0.005996511135
v    0.04614819828   -0.04998826523   0.007995307881
v    0.04614819828   -0.04998783213    0.00999408124
v    0.04614819828   -0.04998730666    0.01199282927
v    0.04614819828   -0.04998669021    0.01399155004
v    0.04614819828   -0.04998598421    0.01599024159
v    0.04614819828   -0.04998519007    0.01798890199
v    0.04614819828   -0.04998430919     0.0199875293
v    0.04614819828   -0.04998334299    0.02198612157
v    0.04614819828   -0.04998229287    0.02398467686
v    0.04614819828   -0.04998116026    0.02598319324
v    0.04614819828   -0.04997994656    0.02798166876
v    0.04614819828   -0.04997865317    0.02998010147
v    0.04614819828   -0.04997728152    0.03197848945
v    0.04614819828   -0.04997583302    0.03397683073
v    0.04614819828   -0.04997430906     0.0359751234
v    0.04614819828   -0.04997271107    0.03797336549
v    0.04614819828    -0.0499710393    0.03997104383
v    0.04614819828   -0.04984486462    0.04154380809
v    0.04614819828   -0.04947727245    0.04306390231
v    0.04614819828   -0.04887954765    0.04450459801
v    0.04614819828   -0.04806297388    0.04583865543
v    0.04614819828   -0.04703883482    0.04703883482
v    0.04614819828   -0.04583865543    0.04806297388
v    0.04614819828   -0.04450459801    0.04887954765
v    0.04614819828   -0.04306390231    0.04947727245
v    0.04614819828   -0.04154380809    0.04984486462
v    0.04614819828   -0.03997104383     0.0499710393
v    0.04614819828   -0.03797336549    0.04997271107
v    0.04614819828    -0.0359751234    0.04997430906
v    0.04614819828   -0.03397683073    0.04997583302
v    0.04614819828   -0.03197848945    0.04997728152
v    0.04614819828   -0.02998010147    0.04997865317
v    0.04614819828   -0.02798166876    0.04997994656
v    0.04614819828   -0.02598319324    0.04998116026
v    0.04614819828   -0.02398467686    0.04998229287
v    0.04614819828   -0.02198612157    0.04998334299
v    0.04614819828    -0.0199875293    0.04998430919
v    0.04614819828   -0.01798890199    0.04998519007
v    0.04614819828   -0.01599024159    0.04998598421
v    0.04614819828   -0.01399155004    0.04998669021
v    0.04614819828   -0.01199282927    0.04998730666
v    0.04614819828   -0.00999408124    0.04998783213
v    0.04614819828  -0.007995307881    0.04998826523
v    0.04614819828  -0.005996511135    0.04998860455
v    0.04614819828  -0.003997692946    0.04998884866
v    0.04614819828  -0.001998855253    0.04998899616
v    0.04614819828  -1.22293895e-20    0.04998904564
v    0.04614819828   0.001998855253    0.04998899616
v    0.04614819828   0.003997692946    0.04998884866
v    0.04614819828   0.005996511135    0.04998860455
v    0.04614819828   0.007995307881    0.04998826523
v    0.04614819828    0.00999408124    0.04998783213
v    0.04614819828    0.01199282927    0.04998730666
v    0.04614819828    0.01399155004    0.04998669021
v    0.04614819828    0.01599024159    0.04998598421
v    0.04614819828    0.01798890199    0.04998519007
v    0.04614819828     0.0199875293    0.04998430919
v    0.04614819828    0.02198612157    0.04998334299
v    0.04614819828    0.02398467686    0.04998229287
v    0.04614819828    0.02598319324    0.04998116026
v    0.04614819828    0.02798166876    0.04997994656
v    0.04614819828    0.02998010147    0.04997865317
v    0.04614819828    0.03197848945    0.04997728152
v    0.04614819828    0.03397683073    0.04997583302
v    0.04614819828     0.0359751234    0.04997430906
v    0.04614819828    0.03797336549    0.04997271107
v    0.04614819828    0.03997104383     0.0499710393
v    0.04614819828    0.04154380809    0.04984486462
v    0.04614819828    0.04306390231    0.04947727245
v    0.04614819828    0.04450459801    0.04887954765
v    0.04614819828    0.04583865543    0.04806297388
v    0.04614819828    0.04703883482    0.04703883482
v    0.04614819828    0.04806297388    0.04583865543
v    0.04614819828    0.04887954765    0.04450459801
v    0.04614819828    0.04947727245    0.04306390231
v    0.04614819828    0.04984486462    0.04154380809
v    0.04614819828     0.0499710393    0.03997104383
v    0.04614819828    0.04997271107    0.03797336549
v    0.04614819828    0.04997430906     0.0359751234
v    0.04614819828    0.04997583302    0.03397683073
v    0.04614819828    0.04997728152    0.03197848945
v    0.04614819828    0.04997865317    0.02998010147
v    0.04614819828    0.04997994656    0.02798166876
v    0.04614819828    0.04998116026    0.02598319324
v    0.04614819828    0.04998229287    0.02398467686
v    0.04614819828    0.04998334299    0.02198612157
v    0.04614819828    0.04998430919     0.0199875293
v    0.04614819828    0.04998519007    0.01798890199
v    0.04614819828    0.04998598421    0.01599024159
v    0.04614819828    0.04998669021    0.01399155004
v    0.04614819828    0.04998730666    0.01199282927
v    0.04614819828    0.04998783213    0.00999408124
v    0.04614819828    0.04998826523   0.007995307881
v    0.04614819828    0.04998860455   0.005996511135
v    0.04614819828    0.04998884866   0.003997692946
v    0.04614819828    0.04998899616   0.001998855253
v    0.04744116085    0.04999670329                0
v    0.04744116085    0.04999668812  -0.001999651559
v    0.04744116085    0.04999664293  -0.003999297746
v    0.04744116085    0.04999656813  -0.005998937965
v    0.04744116085    0.04999646416   -0.00799857162
v    0.04744116085    0.04999633145  -0.009998198116
v    0.04744116085    0.04999617043   -0.01199781686
v    0.04744116085    0.04999598154   -0.01399742725
v    0.04744116085    0.04999576521    -0.0159970287
v    0.04744116085    0.04999552187    -0.0179966206
v    0.04744116085    0.04999525195   -0.01999620237
v    0.04744116085    0.04999495589   -0.02199577341
v    0.04744116085    0.04999463411   -0.02399533313
v    0.04744116085    0.04999428705   -0.02599488092
v    0.04744116085    0.04999391514   -0.02799441619
v    0.04744116085    0.04999351882   -0.02999393835
v    0.04744116085    0.04999309851    -0.0319934468
v    0.04744116085    0.04999265465   -0.03399294095
v    0.04744116085    0.04999218767    -0.0359924202
v    0.04744116085      0.049991698   -0.03799188395
v    0.04744116085    0.04999118491   -0.03999081962
v    0.04744116085    0.04986603746    -0.0415642615
v    0.04744116085    0.04949917017     -0.043084996
v    0.04744116085    0.04890188331   -0.04452625711
v    0.04744116085    0.04808547597   -0.04586076686
v    0.04744116085    0.04706124725   -0.04706124725
v    0.04744116085    0.04586076686   -0.04808547597
v    0.04744116085    0.04452625711   -0.04890188331
v    0.04744116085      0.043084996   -0.04949917017
v    0.04744116085     0.0415642615   -0.04986603746
v    0.04744116085    0.03999081962   -0.04999118491
v    0.04744116085    0.03799188395     -0.049991698
v    0.04744116085     0.0359924202   -0.04999218767
v    0.04744116085    0.03399294095   -0.04999265465
v    0.04744116085     0.0319934468   -0.04999309851
v    0.04744116085    0.02999393835   -0.04999351882
v    0.04744116085    0.02799441619   -0.04999391514
v    0.04744116085    0.02599488092   -0.04999428705
v    0.04744116085    0.02399533313   -0.04999463411
v    0.04744116085    0.02199577341   -0.04999495589
v    0.04744116085    0.01999620237   -0.04999525195
v    0.04744116085     0.0179966206   -0.04999552187
v    0.04744116085     0.0159970287   -0.04999576521
v    0.04744116085    0.01399742725   -0.04999598154
v    0.04744116085    0.01199781686   -0.04999617043
v    0.04744116085   0.009998198116   -0.04999633145
v    0.04744116085    0.00799857162   -0.04999646416
v    0.04744116085   0.005998937965   -0.04999656813
v    0.04744116085   0.003999297746   -0.04999664293
v    0.04744116085   0.001999651559   -0.04999668812
v    0.04744116085  4.387239079e-22   -0.04999670329
v    0.04744116085  -0.001999651559   -0.04999668812
v    0.04744116085  -0.003999297746   -0.04999664293
v    0.04744116085  -0.005998937965   -0.04999656813
v    0.04744116085   -0.00799857162   -0.04999646416
v    0.04744116085  -0.009998198116   -0.04999633145
v    0.04744116085   -0.01199781686   -0.04999617043
v    0.04744116085   -0.01399742725   -0.04999598154
v    0.04744116085    -0.0159970287   -0.04999576521
v    0.04744116085    -0.0179966206   -0.04999552187
v    0.04744116085   -0.01999620237   -0.04999525195
v    0.04744116085   -0.02199577341   -0.04999495589
v    0.04744116085   -0.02399533313   -0.04999463411
v    0.04744116085   -0.02599488092   -0.04999428705
v    0.04744116085   -0.02799441619   -0.04999391514
v    0.04744116085   -0.02999393835   -0.04999351882
v    0.04744116085    -0.0319934468   -0.04999309851
v    0.04744116085   -0.03399294095   -0.04999265465
v    0.04744116085    -0.0359924202   -0.04999218767
v    0.04744116085   -0.03799188395     -0.049991698
v    0.04744116085   -0.03999081962   -0.04999118491
v    0.04744116085    -0.0415642615   -0.04986603746
v    0.04744116085     -0.043084996   -0.04949917017
v    0.04744116085   -0.04452625711   -0.04890188331
v    0.04744116085   -0.04586076686   -0.04808547597
v    0.04744116085   -0.04706124725   -0.04706124725
v    0.04744116085   -0.04808547597   -0.04586076686
v    0.04744116085   -0.04890188331   -0.04452625711
v    0.04744116085   -0.04949917017     -0.043084996
v    0.04744116085   -0.04986603746    -0.0415642615
v    0.04744116085   -0.04999118491   -0.03999081962
v    0.04744116085     -0.049991698   -0.03799188395
v    0.04744116085   -0.04999218767    -0.0359924202
v    0.04744116085   -0.04999265465   -0.03399294095
v    0.04744116085   -0.04999309851    -0.0319934468
v    0.04744116085   -0.04999351882   -0.02999393835
v    0.04744116085   -0.04999391514   -0.02799441619
v    0.04744116085   -0.04999428705   -0.02599488092
v    0.04744116085   -0.04999463411   -0.02399533313
v    0.04744116085   -0.04999495589   -0.02199577341
v    0.04744116085   -0.04999525195   -0.01999620237
v    0.04744116085   -0.04999552187    -0.0179966206
v    0.04744116085   -0.04999576521    -0.0159970287
v    0.04744116085   -0.04999598154   -0.01399742725
v    0.04744116085   -0.04999617043   -0.01199781686
v    0.04744116085   -0.04999633145  -0.009998198116
v    0.04744116085   -0.04999646416   -0.00799857162
v    0.04744116085   -0.04999656813  -0.005998937965
v    0.04744116085   -0.04999664293  -0.003999297746
v    0.04744116085   -0.04999668812  -0.001999651559
v    0.04744116085   -0.04999670329 -1.871888674e-21
v    0.04744116085   -0.04999668812   0.001999651559
v    0.04744116085   -0.04999664293   0.003999297746
v    0.04744116085   -0.04999656813   0.005998937965
v    0.04744116085   -0.04999646416    0.00799857162
v    0.04744116085   -0.04999633145   0.009998198116
v    0.04744116085   -0.04999617043    0.01199781686
v    0.04744116085   -0.04999598154    0.01399742725
v    0.04744116085   -0.04999576521     0.0159970287
v    0.04744116085   -0.04999552187     0.0179966206
v    0.04744116085   -0.04999525195    0.01999620237
v    0.04744116085   -0.04999495589    0.02199577341
v    0.04744116085   -0.04999463411    0.02399533313
v    0.04744116085   -0.04999428705    0.02599488092
v    0.04744116085   -0.04999391514    0.02799441619
v    0.04744116085   -0.04999351882    0.02999393835
v    0.04744116085   -0.04999309851     0.0319934468
v    0.04744116085   -0.04999265465    0.03399294095
v    0.04744116085   -0.04999218767     0.0359924202
v    0.04744116085     -0.049991698    0.03799188395
v    0.04744116085   -0.04999118491    0.03999081962
v    0.04744116085   -0.04986603746     0.0415642615
v    0.04744116085   -0.04949917017      0.043084996
v    0.04744116085   -0.04890188331    0.04452625711
v    0.04744116085   -0.04808547597    0.04586076686
v    0.04744116085   -0.04706124725    0.04706124725
v    0.04744116085   -0.04586076686    0.04808547597
v    0.04744116085   -0.04452625711    0.04890188331
v    0.04744116085     -0.043084996    0.04949917017
v    0.04744116085    -0.0415642615    0.04986603746
v    0.04744116085   -0.03999081962    0.04999118491
v    0.04744116085   -0.03799188395      0.049991698
v    0.04744116085    -0.0359924202    0.04999218767
v    0.04744116085   -0.03399294095    0.04999265465
v    0.04744116085    -0.0319934468    0.04999309851
v    0.04744116085   -0.02999393835    0.04999351882
v    0.04744116085   -0.02799441619    0.04999391514
v    0.04744116085   -0.02599488092    0.04999428705
v    0.04744116085   -0.02399533313    0.04999463411
v    0.04744116085   -0.02199577341    0.04999495589
v    0.04744116085   -0.01999620237    0.04999525195
v    0.04744116085    -0.0179966206    0.04999552187
v    0.04744116085    -0.0159970287    0.04999576521
v    0.04744116085   -0.01399742725    0.04999598154
v    0.04744116085   -0.01199781686    0.04999617043
v    0.04744116085  -0.009998198116    0.04999633145
v    0.04744116085   -0.00799857162    0.04999646416
v    0.04744116085  -0.005998937965    0.04999656813
v    0.04744116085  -0.003999297746    0.04999664293
v    0.04744116085  -0.001999651559    0.04999668812
v    0.04744116085 -3.761690158e-21    0.04999670329
v    0.04744116085   0.001999651559    0.04999668812
v    0.04744116085   0.003999297746    0.04999664293
v    0.04744116085   0.005998937965    0.04999656813
v    0.04744116085    0.00799857162    0.04999646416
v    0.04744116085   0.009998198116    0.04999633145
v    0.04744116085    0.01199781686    0.04999617043
v    0.04744116085    0.01399742725    0.04999598154
v    0.04744116085     0.0159970287    0.04999576521
v    0.04744116085     0.0179966206    0.04999552187
v    0.04744116085    0.01999620237    0.04999525195
v    0.04744116085    0.02199577341    0.04999495589
v    0.04744116085    0.02399533313    0.04999463411
v    0.04744116085    0.02599488092    0.04999428705
v    0.04744116085    0.02799441619    0.04999391514
v    0.04744116085    0.02999393835    0.04999351882
v    0.04744116085     0.0319934468    0.04999309851
v    0.04744116085    0.03399294095    0.04999265465
v    0.04744116085     0.0359924202    0.04999218767
v    0.04744116085    0.03799188395      0.049991698
v    0.04744116085    0.03999081962    0.04999118491
v    0.04744116085     0.0415642615    0.04986603746
v    0.04744116085      0.043084996    0.04949917017
v    0.04744116085    0.04452625711    0.04890188331
v    0.04744116085    0.04586076686    0.04808547597
v    0.04744116085    0.04706124725    0.04706124725
v    0.04744116085    0.04808547597    0.04586076686
v    0.04744116085    0.04890188331    0.04452625711
v    0.04744116085    0.04949917017      0.043084996
v    0.04744116085    0.04986603746     0.0415642615
v    0.04744116085    0.04999118491    0.03999081962
v    0.04744116085      0.049991698    0.03799188395
v    0.04744116085    0.04999218767     0.0359924202
v    0.04744116085    0.04999265465    0.03399294095
v    0.04744116085    0.04999309851     0.0319934468
v    0.04744116085    0.04999351882    0.02999393835
v    0.04744116085    0.04999391514    0.02799441619
v    0.04744116085    0.04999428705    0.02599488092
v    0.04744116085    0.04999463411    0.02399533313
v    0.04744116085    0.04999495589    0.02199577341
v    0.04744116085    0.04999525195    0.01999620237
v    0.04744116085    0.04999552187     0.0179966206
v    0.04744116085    0.04999576521     0.0159970287
v    0.04744116085    0.04999598154    0.01399742725
v    0.04744116085    0.04999617043    0.01199781686
v    0.04744116085    0.04999633145   0.009998198116
v    0.04744116085    0.04999646416    0.00799857162
v    0.04744116085    0.04999656813   0.005998937965
v    0.04744116085    0.04999664293   0.003999297746
v    0.04744116085    0.04999668812   0.001999651559
v    0.04872347028    0.04999958149                0
v    0.04872347028    0.04999957953   -0.00199995527
v    0.04872347028    0.04999957369  -0.003999909847
v    0.04872347028    0.04999956402  -0.005999863653
v    0.04872347028    0.04999955059  -0.007999816613
v    0.04872347028    0.04999953344  -0.009999768649
v    0.04872347028    0.04999951264   -0.01199971968
v    0.04872347028    0.04999948824   -0.01399966964
v    0.04872347028    0.04999946029   -0.01599961844
v    0.04872347028    0.04999942884   -0.01799956601
v    0.04872347028    0.04999939397   -0.01999951227
v    0.04872347028    0.04999935572   -0.02199945714
v    0.04872347028    0.04999931414   -0.02399940056
v    0.04872347028     0.0499992693   -0.02599934243
v    0.04872347028    0.04999922125   -0.02799928268
v    0.04872347028    0.04999917004   -0.02999922124
v    0.04872347028    0.04999911574   -0.03199915803
v    0.04872347028    0.04999905839   -0.03399909297
v    0.04872347028    0.04999899805   -0.03599902599
v    0.04872347028    0.04999893479     -0.037998957
v    0.04872347028    0.04999886748   -0.03999837366
v    0.04872347028    0.04987411541   -0.04157207408
v    0.04872347028    0.04950752751   -0.04309305282
v    0.04872347028    0.04891040995   -0.04453452948
v    0.04872347028    0.04809406776   -0.04586921141
v    0.04872347028    0.04706980595   -0.04706980595
v    0.04872347028    0.04586921141   -0.04809406776
v    0.04872347028    0.04453452948   -0.04891040995
v    0.04872347028    0.04309305282   -0.04950752751
v    0.04872347028    0.04157207408   -0.04987411541
v    0.04872347028    0.03999837366   -0.04999886748
v    0.04872347028      0.037998957   -0.04999893479
v    0.04872347028    0.03599902599   -0.04999899805
v    0.04872347028    0.03399909297   -0.04999905839
v    0.04872347028    0.03199915803   -0.04999911574
v    0.04872347028    0.02999922124   -0.04999917004
v    0.04872347028    0.02799928268   -0.04999922125
v    0.04872347028    0.02599934243    -0.0499992693
v    0.04872347028    0.02399940056   -0.04999931414
v    0.04872347028    0.02199945714   -0.04999935572
v    0.04872347028    0.01999951227   -0.04999939397
v    0.04872347028    0.01799956601   -0.04999942884
v    0.04872347028    0.01599961844   -0.04999946029
v    0.04872347028    0.01399966964   -0.04999948824
v    0.04872347028    0.01199971968   -0.04999951264
v    0.04872347028   0.009999768649   -0.04999953344
v    0.04872347028   0.007999816613   -0.04999955059
v    0.04872347028   0.005999863653   -0.04999956402
v    0.04872347028   0.003999909847   -0.04999957369
v    0.04872347028    0.00199995527   -0.04999957953
v    0.04872347028   5.68916333e-23   -0.04999958149
v    0.04872347028   -0.00199995527   -0.04999957953
v    0.04872347028  -0.003999909847   -0.04999957369
v    0.04872347028  -0.005999863653   -0.04999956402
v    0.04872347028  -0.007999816613   -0.04999955059
v    0.04872347028  -0.009999768649   -0.04999953344
v    0.04872347028   -0.01199971968   -0.04999951264
v    0.04872347028   -0.01399966964   -0.04999948824
v    0.04872347028   -0.01599961844   -0.04999946029
v    0.04872347028   -0.01799956601   -0.04999942884
v    0.04872347028   -0.01999951227   -0.04999939397
v    0.04872347028   -0.02199945714   -0.04999935572
v    0.04872347028   -0.02399940056   -0.04999931414
v    0.04872347028   -0.02599934243    -0.0499992693
v    0.04872347028   -0.02799928268   -0.04999922125
v    0.04872347028   -0.02999922124   -0.04999917004
v    0.04872347028   -0.03199915803   -0.04999911574
v    0.04872347028   -0.03399909297   -0.04999905839
v    0.04872347028   -0.03599902599   -0.04999899805
v    0.04872347028     -0.037998957   -0.04999893479
v    0.04872347028   -0.03999837366   -0.04999886748
v    0.04872347028   -0.04157207408   -0.04987411541
v    0.04872347028   -0.04309305282   -0.04950752751
v    0.04872347028   -0.04453452948   -0.04891040995
v    0.04872347028   -0.04586921141   -0.04809406776
v    0.04872347028   -0.04706980595   -0.04706980595
v    0.04872347028   -0.04809406776   -0.04586921141
v    0.04872347028   -0.04891040995   -0.04453452948
v    0.04872347028   -0.04950752751   -0.04309305282
v    0.04872347028   -0.04987411541   -0.04157207408
v    0.04872347028   -0.04999886748   -0.03999837366
v    0.04872347028   -0.04999893479     -0.037998957
v    0.04872347028   -0.04999899805   -0.03599902599
v    0.04872347028   -0.04999905839   -0.03399909297
v    0.04872347028   -0.04999911574   -0.03199915803
v    0.04872347028   -0.04999917004   -0.02999922124
v    0.04872347028   -0.04999922125   -0.02799928268
v    0.04872347028    -0.0499992693   -0.02599934243
v    0.04872347028   -0.04999931414   -0.02399940056
v    0.04872347028   -0.04999935572   -0.02199945714
v    0.04872347028   -0.04999939397   -0.01999951227
v    0.04872347028   -0.04999942884   -0.01799956601
v    0.04872347028   -0.04999946029   -0.01599961844
v    0.04872347028   -0.04999948824   -0.01399966964
v    0.04872347028   -0.04999951264   -0.01199971968
v    0.04872347028   -0.04999953344  -0.009999768649
v    0.04872347028   -0.04999955059  -0.007999816613
v    0.04872347028   -0.04999956402  -0.005999863653
v    0.04872347028   -0.04999957369  -0.003999909847
v    0.04872347028   -0.04999957953   -0.00199995527
v    0.04872347028   -0.04999958149 -2.427376354e-22
v    0.04872347028   -0.04999957953    0.00199995527
v    0.04872347028   -0.04999957369   0.003999909847
v    0.04872347028   -0.04999956402   0.005999863653
v    0.04872347028   -0.04999955059   0.007999816613
v    0.04872347028   -0.04999953344   0.009999768649
v    0.04872347028   -0.04999951264    0.01199971968
v    0.04872347028   -0.04999948824    0.01399966964
v    0.04872347028   -0.04999946029    0.01599961844
v    0.04872347028   -0.04999942884    0.01799956601
v    0.04872347028   -0.04999939397    0.01999951227
v    0.04872347028   -0.04999935572    0.02199945714
v    0.04872347028   -0.04999931414    0.02399940056
v    0.04872347028    -0.0499992693    0.02599934243
v    0.04872347028   -0.04999922125    0.02799928268
v    0.04872347028   -0.04999917004    0.02999922124
v    0.04872347028   -0.04999911574    0.03199915803
v    0.04872347028   -0.04999905839    0.03399909297
v    0.04872347028   -0.04999899805    0.03599902599
v    0.04872347028   -0.04999893479      0.037998957
v    0.04872347028   -0.04999886748    0.03999837366
v    0.04872347028   -0.04987411541    0.04157207408
v    0.04872347028   -0.04950752751    0.04309305282
v    0.04872347028   -0.04891040995    0.04453452948
v    0.04872347028   -0.04809406776    0.04586921141
v    0.04872347028   -0.04706980595    0.04706980595
v    0.04872347028   -0.04586921141    0.04809406776
v    0.04872347028   -0.04453452948    0.04891040995
v    0.04872347028   -0.04309305282    0.04950752751
v    0.04872347028   -0.04157207408    0.04987411541
v    0.04872347028   -0.03999837366    0.04999886748
v    0.04872347028     -0.037998957    0.04999893479
v    0.04872347028   -0.03599902599    0.04999899805
v    0.04872347028   -0.03399909297    0.04999905839
v    0.04872347028   -0.03199915803    0.04999911574
v    0.04872347028   -0.02999922124    0.04999917004
v    0.04872347028   -0.02799928268    0.04999922125
v    0.04872347028   -0.02599934243     0.0499992693
v    0.04872347028   -0.02399940056    0.04999931414
v    0.04872347028   -0.02199945714    0.04999935572
v    0.04872347028   -0.01999951227    0.04999939397
v    0.04872347028   -0.01799956601    0.04999942884
v    0.04872347028   -0.01599961844    0.04999946029
v    0.04872347028   -0.01399966964    0.04999948824
v    0.04872347028   -0.01199971968    0.04999951264
v    0.04872347028  -0.009999768649    0.04999953344
v    0.04872347028  -0.007999816613    0.04999955059
v    0.04872347028  -0.005999863653    0.04999956402
v    0.04872347028  -0.003999909847    0.04999957369
v    0.04872347028   -0.00199995527    0.04999957953
v    0.04872347028  -4.87798119e-22    0.04999958149
v    0.04872347028    0.00199995527    0.04999957953
v    0.04872347028   0.003999909847    0.04999957369
v    0.04872347028   0.005999863653    0.04999956402
v    0.04872347028   0.007999816613    0.04999955059
v    0.04872347028   0.009999768649    0.04999953344
v    0.04872347028    0.01199971968    0.04999951264
v    0.04872347028    0.01399966964    0.04999948824
v    0.04872347028    0.01599961844    0.04999946029
v    0.04872347028    0.01799956601    0.04999942884
v    0.04872347028    0.01999951227    0.04999939397
v    0.04872347028    0.02199945714    0.04999935572
v    0.04872347028    0.02399940056    0.04999931414
v    0.04872347028    0.02599934243     0.0499992693
v    0.04872347028    0.02799928268    0.04999922125
v    0.04872347028    0.02999922124    0.04999917004
v    0.04872347028    0.03199915803    0.04999911574
v    0.04872347028    0.03399909297    0.04999905839
v    0.04872347028    0.03599902599    0.04999899805
v    0.04872347028      0.037998957    0.04999893479
v    0.04872347028    0.03999837366    0.04999886748
v    0.04872347028    0.04157207408    0.04987411541
v    0.04872347028    0.04309305282    0.04950752751
v    0.04872347028    0.04453452948    0.04891040995
v    0.04872347028    0.04586921141    0.04809406776
v    0.04872347028    0.04706980595    0.04706980595
v    0.04872347028    0.04809406776    0.04586921141
v    0.04872347028    0.04891040995    0.04453452948
v    0.04872347028    0.04950752751    0.04309305282
v    0.04872347028    0.04987411541    0.04157207408
v    0.04872347028    0.04999886748    0.03999837366
v    0.04872347028    0.04999893479      0.037998957
v    0.04872347028    0.04999899805    0.03599902599
v    0.04872347028    0.04999905839    0.03399909297
v    0.04872347028    0.04999911574    0.03199915803
v    0.04872347028    0.04999917004    0.02999922124
v    0.04872347028    0.04999922125    0.02799928268
v    0.04872347028     0.0499992693    0.02599934243
v    0.04872347028    0.04999931414    0.02399940056
v    0.04872347028    0.04999935572    0.02199945714
v    0.04872347028    0.04999939397    0.01999951227
v    0.04872347028    0.04999942884    0.01799956601
v    0.04872347028    0.04999946029    0.01599961844
v    0.04872347028    0.04999948824    0.01399966964
v    0.04872347028    0.04999951264    0.01199971968
v    0.04872347028    0.04999953344   0.009999768649
v    0.04872347028    0.04999955059   0.007999816613
v    0.04872347028    0.04999956402   0.005999863653
v    0.04872347028    0.04999957369   0.003999909847
v    0.04872347028    0.04999957953    0.00199995527
v             0.05             0.05                0
v             0.05             0.05           -0.002
v             0.05             0.05           -0.004
v             0.05             0.05           -0.006
v             0.05             0.05           -0.008
v             0.05             0.05            -0.01
v             0.05             0.05           -0.012
v             0.05             0.05           -0.014
v             0.05             0.05           -0.016
v             0.05             0.05           -0.018
v             0.05             0.05            -0.02
v             0.05             0.05           -0.022
v             0.05             0.05           -0.024
v             0.05             0.05           -0.026
v             0.05             0.05           -0.028
v             0.05             0.05            -0.03
v             0.05             0.05           -0.032
v             0.05             0.05           -0.034
v             0.05             0.05           -0.036
v             0.05             0.05           -0.038
v             0.05    0.04999999884   -0.03999948768
v             0.05    0.04987530545   -0.04157322619
v             0.05    0.04950875907    -0.0430942409
v             0.05    0.04891166674    -0.0445357493
v             0.05    0.04809533436   -0.04587045655
v             0.05    0.04707106781   -0.04707106781
v             0.05    0.04587045655   -0.04809533436
v             0.05     0.0445357493   -0.04891166674
v             0.05     0.0430942409   -0.04950875907
v             0.05    0.04157322619   -0.04987530545
v             0.05    0.03999948768   -0.04999999884
v             0.05            0.038            -0.05
v             0.05            0.036            -0.05
v             0.05            0.034            -0.05
v             0.05            0.032            -0.05
v             0.05             0.03            -0.05
v             0.05            0.028            -0.05
v             0.05            0.026            -0.05
v             0.05            0.024            -0.05
v             0.05            0.022            -0.05
v             0.05             0.02            -0.05
v             0.05            0.018            -0.05
v             0.05            0.016            -0.05
v             0.05            0.014            -0.05
v             0.05            0.012            -0.05
v             0.05             0.01            -0.05
v             0.05            0.008            -0.05
v             0.05            0.006            -0.05
v             0.05            0.004            -0.05
v             0.05            0.002            -0.05
v             0.05                0            -0.05
v             0.05           -0.002            -0.05
v             0.05           -0.004            -0.05
v             0.05           -0.006            -0.05
v             0.05           -0.008            -0.05
v             0.05            -0.01            -0.05
v             0.05           -0.012            -0.05
v             0.05           -0.014            -0.05
v             0.05           -0.016            -0.05
v             0.05           -0.018            -0.05
v             0.05            -0.02            -0.05
v             0.05           -0.022            -0.05
v             0.05           -0.024            -0.05
v             0.05           -0.026            -0.05
v             0.05           -0.028            -0.05
v             0.05            -0.03            -0.05
v             0.05           -0.032            -0.05
v             0.05           -0.034            -0.05
v             0.05           -0.036            -0.05
v             0.05           -0.038            -0.05
v             0.05   -0.03999948768   -0.04999999884
v             0.05   -0.04157322619   -0.04987530545
v             0.05    -0.0430942409   -0.04950875907
v             0.05    -0.0445357493   -0.04891166674
v             0.05   -0.04587045655   -0.04809533436
v             0.05   -0.04707106781   -0.04707106781
v             0.05   -0.04809533436   -0.04587045655
v             0.05   -0.04891166674    -0.0445357493
v             0.05   -0.04950875907    -0.0430942409
v             0.05   -0.04987530545   -0.04157322619
v             0.05   -0.04999999884   -0.03999948768
v             0.05            -0.05           -0.038
v             0.05            -0.05           -0.036
v             0.05            -0.05           -0.034
v             0.05            -0.05           -0.032
v             0.05            -0.05            -0.03
v             0.05            -0.05           -0.028
v             0.05            -0.05           -0.026
v             0.05            -0.05           -0.024
v             0.05            -0.05           -0.022
v             0.05            -0.05            -0.02
v             0.05            -0.05           -0.018
v             0.05            -0.05           -0.016
v             0.05            -0.05           -0.014
v             0.05            -0.05           -0.012
v             0.05            -0.05            -0.01
v             0.05            -0.05           -0.008
v             0.05            -0.05           -0.006
v             0.05            -0.05           -0.004
v             0.05            -0.05           -0.002
v             0.05            -0.05                0
v             0.05            -0.05            0.002
v             0.05            -0.05            0.004
v             0.05            -0.05            0.006
v             0.05            -0.05            0.008
v             0.05            -0.05             0.01
v             0.05            -0.05            0.012
v             0.05            -0.05            0.014
v             0.05            -0.05            0.016
v             0.05            -0.05            0.018
v             0.05            -0.05             0.02
v             0.05            -0.05            0.022
v             0.05            -0.05            0.024
v             0.05            -0.05            0.026
v             0.05            -0.05            0.028
v             0.05            -0.05             0.03
v             0.05            -0.05            0.032
v             0.05            -0.05            0.034
v             0.05            -0.05            0.036
v             0.05            -0.05            0.038
v             0.05   -0.04999999884    0.03999948768
v             0.05   -0.04987530545    0.04157322619
v             0.05   -0.04950875907     0.0430942409
v             0.05   -0.04891166674     0.0445357493
v             0.05   -0.04809533436    0.04587045655
v             0.05   -0.04707106781    0.04707106781
v             0.05   -0.04587045655    0.04809533436
v             0.05    -0.0445357493    0.04891166674
v             0.05    -0.0430942409    0.04950875907
v             0.05   -0.04157322619    0.04987530545
v             0.05   -0.03999948768    0.04999999884
v             0.05           -0.038             0.05
v             0.05           -0.036             0.05
v             0.05           -0.034             0.05
v             0.05           -0.032             0.05
v             0.05            -0.03             0.05
v             0.05           -0.028             0.05
v             0.05           -0.026             0.05
v             0.05           -0.024             0.05
v             0.05           -0.022             0.05
v             0.05            -0.02             0.05
v             0.05           -0.018             0.05
v             0.05           -0.016             0.05
v             0.05           -0.014             0.05
v             0.05           -0.012             0.05
v             0.05            -0.01             0.05
v             0.05           -0.008             0.05
v             0.05           -0.006             0.05
v             0.05           -0.004             0.05
v             0.05           -0.002             0.05
v             0.05                0             0.05
v             0.05            0.002             0.05
v             0.05            0.004             0.05
v             0.05            0.006             0.05
v             0.05            0.008             0.05
v             0.05             0.01             0.05
v             0.05            0.012             0.05
v             0.05            0.014             0.05
v             0.05            0.016             0.05
v             0.05            0.018             0.05
v             0.05             0.02             0.05
v             0.05            0.022             0.05
v             0.05            0.024             0.05
v             0.05            0.026             0.05
v             0.05            0.028             0.05
v             0.05             0.03             0.05
v             0.05            0.032             0.05
v             0.05            0.034             0.05
v             0.05            0.036             0.05
v             0.05            0.038             0.05
v             0.05    0.03999948768    0.04999999884
v             0.05    0.04157322619    0.04987530545
v             0.05     0.0430942409    0.04950875907
v             0.05     0.0445357493    0.04891166674
v             0.05    0.04587045655    0.04809533436
v             0.05    0.04707106781    0.04707106781
v             0.05    0.04809533436    0.04587045655
v             0.05    0.04891166674     0.0445357493
v             0.05    0.04950875907     0.0430942409
v             0.05    0.04987530545    0.04157322619
v             0.05    0.04999999884    0.03999948768
v             0.05             0.05            0.038
v             0.05             0.05            0.036
v             0.05             0.05            0.034
v             0.05             0.05            0.032
v             0.05             0.05             0.03
v             0.05             0.05            0.028
v             0.05             0.05            0.026
v             0.05             0.05            0.024
v             0.05             0.05            0.022
v             0.05             0.05             0.02
v             0.05             0.05            0.018
v             0.05             0.05            0.016
v             0.05             0.05            0.014
v             0.05             0.05            0.012
v             0.05             0.05             0.01
v             0.05             0.05            0.008
v             0.05             0.05            0.006
v             0.05             0.05            0.004
v             0.05             0.05            0.002
v              0.1             0.05                0
v              0.1             0.05           -0.002
v              0.1             0.05           -0.004
v              0.1             0.05           -0.006
v              0.1             0.05           -0.008
v              0.1             0.05            -0.01
v              0.1             0.05           -0.012
v              0.1             0.05           -0.014
v              0.1             0.05           -0.016
v              0.1             0.05           -0.018
v              0.1             0.05            -0.02
v              0.1             0.05           -0.022
v              0.1             0.05           -0.024
v              0.1             0.05           -0.026
v              0.1             0.05           -0.028
v              0.1             0.05            -0.03
v              0.1             0.05           -0.032
v              0.1             0.05           -0.034
v              0.1             0.05           -0.036
v              0.1             0.05           -0.038
v              0.1    0.04999999884   -0.03999948768
v              0.1    0.04987530545   -0.04157322619
v              0.1    0.04950875907    -0.0430942409
v              0.1    0.04891166674    -0.0445357493
v              0.1    0.04809533436   -0.04587045655
v              0.1    0.04707106781   -0.04707106781
v              0.1    0.04587045655   -0.04809533436
v              0.1     0.0445357493   -0.04891166674
v              0.1     0.0430942409   -0.04950875907
v              0.1    0.04157322619   -0.04987530545
v              0.1    0.03999948768   -0.04999999884
v              0.1            0.038            -0.05
v              0.1            0.036            -0.05
v              0.1            0.034            -0.05
v              0.1            0.032            -0.05
v              0.1             0.03            -0.05
v              0.1            0.028            -0.05
v              0.1            0.026            -0.05
v              0.1            0.024            -0.05
v              0.1            0.022            -0.05
v              0.1             0.02            -0.05
v              0.1            0.018            -0.05
v              0.1            0.016            -0.05
v              0.1            0.014            -0.05
v              0.1            0.012            -0.05
v              0.1             0.01            -0.05
v              0.1            0.008            -0.05
v              0.1            0.006            -0.05
v              0.1            0.004            -0.05
v              0.1            0.002            -0.05
v              0.1 -7.703719778e-35            -0.05
v              0.1           -0.002            -0.05
v              0.1           -0.004            -0.05
v              0.1           -0.006            -0.05
v              0.1           -0.008            -0.05
v              0.1            -0.01            -0.05
v              0.1           -0.012            -0.05
v              0.1           -0.014            -0.05
v              0.1           -0.016            -0.05
v              0.1           -0.018            -0.05
v              0.1            -0.02            -0.05
v              0.1           -0.022            -0.05
v              0.1           -0.024            -0.05
v              0.1           -0.026            -0.05
v              0.1           -0.028            -0.05
v              0.1            -0.03            -0.05
v              0.1           -0.032            -0.05
v              0.1           -0.034            -0.05
v              0.1           -0.036            -0.05
v              0.1           -0.038            -0.05
v              0.1   -0.03999948768   -0.04999999884
v              0.1   -0.04157322619   -0.04987530545
v              0.1    -0.0430942409   -0.04950875907
v              0.1    -0.0445357493   -0.04891166674
v              0.1   -0.04587045655   -0.04809533436
v              0.1   -0.04707106781   -0.04707106781
v              0.1   -0.04809533436   -0.04587045655
v              0.1   -0.04891166674    -0.0445357493
v              0.1   -0.04950875907    -0.0430942409
v              0.1   -0.04987530545   -0.04157322619
v              0.1   -0.04999999884   -0.03999948768
v              0.1            -0.05           -0.038
v              0.1            -0.05           -0.036
v              0.1            -0.05           -0.034
v              0.1            -0.05           -0.032
v              0.1            -0.05            -0.03
v              0.1            -0.05           -0.028
v              0.1            -0.05           -0.026
v              0.1            -0.05           -0.024
v              0.1            -0.05           -0.022
v              0.1            -0.05            -0.02
v              0.1            -0.05           -0.018
v              0.1            -0.05           -0.016
v              0.1            -0.05           -0.014
v              0.1            -0.05           -0.012
v              0.1            -0.05            -0.01
v              0.1            -0.05           -0.008
v              0.1            -0.05           -0.006
v              0.1            -0.05           -0.004
v              0.1            -0.05           -0.002
v              0.1            -0.05  1.540743956e-34
v              0.1            -0.05            0.002
v              0.1            -0.05            0.004
v              0.1            -0.05            0.006
v              0.1            -0.05            0.008
v              0.1            -0.05             0.01
v              0.1            -0.05            0.012
v              0.1            -0.05            0.014
v              0.1            -0.05            0.016
v              0.1            -0.05            0.018
v              0.1            -0.05             0.02
v              0.1            -0.05            0.022
v              0.1            -0.05            0.024
v              0.1            -0.05            0.026
v              0.1            -0.05            0.028
v              0.1            -0.05             0.03
v              0.1            -0.05            0.032
v              0.1            -0.05            0.034
v              0.1            -0.05            0.036
v              0.1            -0.05            0.038
v              0.1   -0.04999999884    0.03999948768
v              0.1   -0.04987530545    0.04157322619
v              0.1   -0.04950875907     0.0430942409
v              0.1   -0.04891166674     0.0445357493
v              0.1   -0.04809533436    0.04587045655
v              0.1   -0.04707106781    0.04707106781
v              0.1   -0.04587045655    0.04809533436
v              0.1    -0.0445357493    0.04891166674
v              0.1    -0.0430942409    0.04950875907
v              0.1   -0.04157322619    0.04987530545
v              0.1   -0.03999948768    0.04999999884
v              0.1           -0.038             0.05
v              0.1           -0.036             0.05
v              0.1           -0.034             0.05
v              0.1           -0.032             0.05
v              0.1            -0.03             0.05
v              0.1           -0.028             0.05
v              0.1           -0.026             0.05
v              0.1           -0.024             0.05
v              0.1           -0.022             0.05
v              0.1            -0.02             0.05
v              0.1           -0.018             0.05
v              0.1           -0.016             0.05
v              0.1           -0.014             0.05
v              0.1           -0.012             0.05
v              0.1            -0.01             0.05
v              0.1           -0.008             0.05
v              0.1           -0.006             0.05
v              0.1           -0.004             0.05
v              0.1           -0.002             0.05
v              0.1                0             0.05
v              0.1            0.002             0.05
v              0.1            0.004             0.05
v              0.1            0.006             0.05
v              0.1            0.008             0.05
v              0.1             0.01             0.05
v              0.1            0.012             0.05
v              0.1            0.014             0.05
v              0.1            0.016             0.05
v              0.1            0.018             0.05
v              0.1             0.02             0.05
v              0.1            0.022             0.05
v              0.1            0.024             0.05
v              0.1            0.026             0.05
v              0.1            0.028             0.05
v              0.1             0.03             0.05
v              0.1            0.032             0.05
v              0.1            0.034             0.05
v              0.1            0.036             0.05
v              0.1            0.038             0.05
v              0.1    0.03999948768    0.04999999884
v              0.1    0.04157322619    0.04987530545
v              0.1     0.0430942409    0.04950875907
v              0.1     0.0445357493    0.04891166674
v              0.1    0.04587045655    0.04809533436
v              0.1    0.04707106781    0.04707106781
v              0.1    0.04809533436    0.04587045655
v              0.1    0.04891166674     0.0445357493
v              0.1    0.04950875907     0.0430942409
v              0.1    0.04987530545    0.04157322619
v              0.1    0.04999999884    0.03999948768
v              0.1             0.05            0.038
v              0.1             0.05            0.036
v              0.1             0.05            0.034
v              0.1             0.05            0.032
v              0.1             0.05             0.03
v              0.1             0.05            0.028
v              0.1             0.05            0.026
v              0.1             0.05            0.024
v              0.1             0.05            0.022
v              0.1             0.05             0.02
v              0.1             0.05            0.018
v              0.1             0.05            0.016
v              0.1             0.05            0.014
v              0.1             0.05            0.012
v              0.1             0.05             0.01
v              0.1             0.05            0.008
v              0.1             0.05            0.006
v              0.1             0.05            0.004
v              0.1             0.05            0.002
v              0.1                0                0
g MeshGeom
f 1 2 3
f 1 3 4
f 1 4 5
f 1 5 6
f 1 6 7
f 1 7 8
f 1 8 9
f 1 9 10
f 1 10 11
f 1 11 12
f 1 12 13
f 1 13 14
f 1 14 15
f 1 15 16
f 1 16 17
f 1 17 18
f 1 18 19
f 1 19 20
f 1 20 21
f 1 21 22
f 1 22 23
f 1 23 24
f 1 24 25
f 1 25 26
f 1 26 27
f 1 27 28
f 1 28 29
f 1 29 30
f 1 30 31
f 1 31 32
f 1 32 33
f 1 33 34
f 1 34 35
f 1 35 36
f 1 36 37
f 1 37 38
f 1 38 39
f 1 39 40
f 1 40 41
f 1 41 42
f 1 42 43
f 1 43 44
f 1 44 45
f 1 45 46
f 1 46 47
f 1 47 48
f 1 48 49
f 1 49 50
f 1 50 51
f 1 51 52
f 52 53 1
f 53 54 1
f 54 55 1
f 55 56 1
f 56 57 1
f 57 58 1
f 58 59 1
f 59 60 1
f 60 61 1
f 61 62 1
f 62 63 1
f 63 64 1
f 64 65 1
f 65 66 1
f 66 67 1
f 67 68 1
f 68 69 1
f 69 70 1
f 70 71 1
f 71 72 1
f 72 73 1
f 73 74 1
f 74 75 1
f 75 76 1
f 76 77 1
f 77 78 1
f 78 79 1
f 79 80 1
f 80 81 1
f 81 82 1
f 82 83 1
f 83 84 1
f 84 85 1
f 85 86 1
f 86 87 1
f 87 88 1
f 88 89 1
f 89 90 1
f 90 91 1
f 91 92 1
f 92 93 1
f 93 94 1
f 94 95 1
f 95 96 1
f 96 97 1
f 97 98 1
f 98 99 1
f 99 100 1
f 100 101 1
f 101 102 1
f 1 102 103
f 1 103 104
f 1 104 105
f 1 105 106
f 1 106 107
f 1 107 108
f 1 108 109
f 1 109 110
f 1 110 111
f 1 111 112
f 1 112 113
f 1 113 114
f 1 114 115
f 1 115 116
f 1 116 117
f 1 117 118
f 1 118 119
f 1 119 120
f 1 120 121
f 1 121 122
f 1 122 123
f 1 123 124
f 1 124 125
f 1 125 126
f 1 126 127
f 1 127 128
f 1 128 129
f 1 129 130
f 1 130 131
f 1 131 132
f 1 132 133
f 1 133 134
f 1 134 135
f 1 135 136
f 1 136 137
f 1 137 138
f 1 138 139
f 1 139 140
f 1 140 141
f 1 141 142
f 1 142 143
f 1 143 144
f 1 144 145
f 1 145 146
f 1 146 147
f 1 147 148
f 1 148 149
f 1 149 150
f 1 150 151
f 1 151 152
f 152 153 1
f 153 154 1
f 154 155 1
f 155 156 1
f 156 157 1
f 157 158 1
f 158 159 1
f 159 160 1
f 160 161 1
f 161 162 1
f 162 163 1
f 163 164 1
f 164 165 1
f 165 166 1
f 166 167 1
f 167 168 1
f 168 169 1
f 169 170 1
f 170 171 1
f 171 172 1
f 172 173 1
f 173 174 1
f 174 175 1
f 175 176 1
f 176 177 1
f 177 178 1
f 178 179 1
f 179 180 1
f 180 181 1
f 181 182 1
f 182 183 1
f 183 184 1
f 184 185 1
f 185 186 1
f 186 187 1
f 187 188 1
f 188 189 1
f 189 190 1
f 190 191 1
f 191 192 1
f 192 193 1
f 193 194 1
f 194 195 1
f 195 196 1
f 196 197 1
f 197 198 1
f 198 199 1
f 199 200 1
f 200 201 1
f 201 2 1
f 2 202 203
f 2 203 3
f 3 203 204
f 3 204 4
f 4 204 205
f 4 205 5
f 5 205 206
f 5 206 6
f 6 206 207
f 6 207 7
f 7 207 208
f 7 208 8
f 8 208 209
f 8 209 9
f 9 209 210
f 9 210 10
f 10 210 211
f 10 211 11
f 11 211 212
f 11 212 12
f 12 212 213
f 12 213 13
f 13 213 214
f 13 214 14
f 14 214 215
f 14 215 15
f 15 215 216
f 15 216 16
f 16 216 217
f 16 217 17
f 17 217 218
f 17 218 18
f 18 218 219
f 18 219 19
f 19 219 220
f 19 220 20
f 20 220 221
f 20 221 21
f 21 221 222
f 21 222 22
f 22 222 223
f 22 223 23
f 23 223 224
f 23 224 24
f 24 224 225
f 24 225 25
f 25 225 226
f 25 226 26
f 26 226 227
f 26 227 27
f 27 227 228
f 27 228 28
f 28 228 229
f 28 229 29
f 29 229 230
f 29 230 30
f 30 230 231
f 30 231 31
f 31 231 232
f 31 232 32
f 32 232 233
f 32 233 33
f 33 233 234
f 33 234 34
f 34 234 235
f 34 235 35
f 35 235 236
f 35 236 36
f 36 236 237
f 36 237 37
f 37 237 238
f 37 238 38
f 38 238 239
f 38 239 39
f 39 239 240
f 39 240 40
f 40 240 241
f 40 241 41
f 41 241 242
f 41 242 42
f 42 242 243
f 42 243 43
f 43 243 244
f 43 244 44
f 44 244 245
f 44 245 45
f 45 245 246
f 45 246 46
f 46 246 247
f 46 247 47
f 47 247 248
f 47 248 48
f 48 248 249
f 48 249 49
f 49 249 250
f 49 250 50
f 50 250 251
f 50 251 51
f 51 251 252
f 51 252 52
f 52 252 53
f 252 253 53
f 53 253 54
f 253 254 54
f 54 254 55
f 254 255 55
f 55 255 56
f 255 256 56
f 56 256 57
f 256 257 57
f 57 257 58
f 257 258 58
f 58 258 59
f 258 259 59
f 59 259 60
f 259 260 60
f 60 260 61
f 260 261 61
f 61 261 62
f 261 262 62
f 62 262 63
f 262 263 63
f 63 263 64
f 263 264 64
f 64 264 65
f 264 265 65
f 65 265 66
f 265 266 66
f 66 266 67
f 266 267 67
f 67 267 68
f 267 268 68
f 68 268 69
f 268 269 69
f 69 269 70
f 269 270 70
f 70 270 71
f 270 271 71
f 71 271 72
f 271 272 72
f 72 272 73
f 272 273 73
f 73 273 74
f 273 274 74
f 74 274 75
f 274 275 75
f 75 275 76
f 275 276 76
f 76 276 77
f 276 277 77
f 77 277 78
f 277 278 78
f 78 278 79
f 278 279 79
f 79 279 80
f 279 280 80
f 80 280 81
f 280 281 81
f 81 281 82
f 281 282 82
f 82 282 83
f 282 283 83
f 83 283 84
f 283 284 84
f 84 284 85
f 284 285 85
f 85 285 86
f 285 286 86
f 86 286 87
f 286 287 87
f 87 287 88
f 287 288 88
f 88 288 89
f 288 289 89
f 89 289 90
f 289 290 90
f 90 290 91
f 290 291 91
f 91 291 92
f 291 292 92
f 92 292 93
f 292 293 93
f 93 293 94
f 293 294 94
f 94 294 95
f 294 295 95
f 95 295 96
f 295 296 96
f 96 296 97
f 296 297 97
f 97 297 98
f 297 298 98
f 98 298 99
f 298 299 99
f 99 299 100
f 299 300 100
f 100 300 101
f 300 301 101
f 101 301 102
f 301 302 102
f 102 302 303
f 102 303 103
f 103 303 304
f 103 304 104
f 104 304 305
f 104 305 105
f 105 305 306
f 105 306 106
f 106 306 307
f 106 307 107
f 107 307 308
f 107 308 108
f 108 308 309
f 108 309 109
f 109 309 310
f 109 310 110
f 110 310 311
f 110 311 111
f 111 311 312
f 111 312 112
f 112 312 313
f 112 313 113
f 113 313 314
f 113 314 114
f 114 314 315
f 114 315 115
f 115 315 316
f 115 316 116
f 116 316 317
f 116 317 117
f 117 317 318
f 117 318 118
f 118 318 319
f 118 319 119
f 119 319 320
f 119 320 120
f 120 320 321
f 120 321 121
f 121 321 322
f 121 322 122
f 122 322 323
f 122 323 123
f 123 323 324
f 123 324 124
f 124 324 325
f 124 325 125
f 125 325 326
f 125 326 126
f 126 326 327
f 126 327 127
f 127 327 328
f 127 328 128
f 128 328 329
f 128 329 129
f 129 329 330
f 129 330 130
f 130 330 331
f 130 331 131
f 131 331 332
f 131 332 132
f 132 332 333
f 132 333 133
f 133 333 334
f 133 334 134
f 134 334 335
f 134 335 135
f 135 335 336
f 135 336 136
f 136 336 337
f 136 337 137
f 137 337 338
f 137 338 138
f 138 338 339
f 138 339 139
f 139 339 340
f 139 340 140
f 140 340 341
f 140 341 141
f 141 341 342
f 141 342 142
f 142 342 343
f 142 343 143
f 143 343 344
f 143 344 144
f 144 344 345
f 144 345 145
f 145 345 346
f 145 346 146
f 146 346 347
f 146 347 147
f 147 347 348
f 147 348 148
f 148 348 349
f 148 349 149
f 149 349 350
f 149 350 150
f 150 350 351
f 150 351 151
f 151 351 352
f 151 352 152
f 152 352 153
f 352 353 153
f 153 353 154
f 353 354 154
f 154 354 155
f 354 355 155
f 155 355 156
f 355 356 156
f 156 356 157
f 356 357 157
f 157 357 158
f 357 358 158
f 158 358 159
f 358 359 159
f 159 359 160
f 359 360 160
f 160 360 161
f 360 361 161
f 161 361 162
f 361 362 162
f 162 362 163
f 362 363 163
f 163 363 164
f 363 364 164
f 164 364 165
f 364 365 165
f 165 365 166
f 365 366 166
f 166 366 167
f 366 367 167
f 167 367 168
f 367 368 168
f 168 368 169
f 368 369 169
f 169 369 170
f 369 370 170
f 170 370 171
f 370 371 171
f 171 371 172
f 371 372 172
f 172 372 173
f 372 373 173
f 173 373 174
f 373 374 174
f 174 374 175
f 374 375 175
f 175 375 176
f 375 376 176
f 176 376 177
f 376 377 177
f 177 377 178
f 377 378 178
f 178 378 179
f 378 379 179
f 179 379 180
f 379 380 180
f 180 380 181
f 380 381 181
f 181 381 182
f 381 382 182
f 182 382 183
f 382 383 183
f 183 383 184
f 383 384 184
f 184 384 185
f 384 385 185
f 185 385 186
f 385 386 186
f 186 386 187
f 386 387 187
f 187 387 188
f 387 388 188
f 188 388 189
f 388 389 189
f 189 389 190
f 389 390 190
f 190 390 191
f 390 391 191
f 191 391 192
f 391 392 192
f 192 392 193
f 392 393 193
f 193 393 194
f 393 394 194
f 194 394 195
f 394 395 195
f 195 395 196
f 395 396 196
f 196 396 197
f 396 397 197
f 197 397 198
f 397 398 198
f 198 398 199
f 398 399 199
f 199 399 200
f 399 400 200
f 200 400 201
f 400 401 201
f 201 401 2
f 401 202 2
f 202 402 403
f 202 403 203
f 203 403 404
f 203 404 204
f 204 404 405
f 204 405 205
f 205 405 406
f 205 406 206
f 206 406 407
f 206 407 207
f 207 407 408
f 207 408 208
f 208 408 409
f 208 409 209
f 209 409 410
f 209 410 210
f 210 410 411
f 210 411 211
f 211 411 412
f 211 412 212
f 212 412 413
f 212 413 213
f 213 413 414
f 213 414 214
f 214 414 415
f 214 415 215
f 215 415 416
f 215 416 216
f 216 416 417
f 216 417 217
f 217 417 418
f 217 418 218
f 218 418 419
f 218 419 219
f 219 419 420
f 219 420 220
f 220 420 421
f 220 421 221
f 221 421 422
f 221 422 222
f 222 422 423
f 222 423 223
f 223 423 424
f 223 424 224
f 224 424 425
f 224 425 225
f 225 425 426
f 225 426 226
f 226 426 427
f 226 427 227
f 227 427 428
f 227 428 228
f 228 428 429
f 228 429 229
f 229 429 430
f 229 430 230
f 230 430 431
f 230 431 231
f 231 431 432
f 231 432 232
f 232 432 433
f 232 433 233
f 233 433 434
f 233 434 234
f 234 434 435
f 234 435 235
f 235 435 436
f 235 436 236
f 236 436 437
f 236 437 237
f 237 437 438
f 237 438 238
f 238 438 439
f 238 439 239
f 239 439 440
f 239 440 240
f 240 440 441
f 240 441 241
f 241 441 442
f 241 442 242
f 242 442 443
f 242 443 243
f 243 443 444
f 243 444 244
f 244 444 445
f 244 445 245
f 245 445 446
f 245 446 246
f 246 446 447
f 246 447 247
f 247 447 448
f 247 448 248
f 248 448 449
f 248 449 249
f 249 449 450
f 249 450 250
f 250 450 451
f 250 451 251
f 251 451 452
f 251 452 252
f 252 452 253
f 452 453 253
f 253 453 254
f 453 454 254
f 254 454 255
f 454 455 255
f 255 455 256
f 455 456 256
f 256 456 257
f 456 457 257
f 257 457 258
f 457 458 258
f 258 458 259
f 458 459 259
f 259 459 260
f 459 460 260
f 260 460 261
f 460 461 261
f 261 461 262
f 461 462 262
f 262 462 263
f 462 463 263
f 263 463 264
f 463 464 264
f 264 464 265
f 464 465 265
f 265 465 266
f 465 466 266
f 266 466 267
f 466 467 267
f 267 467 268
f 467 468 268
f 268 468 269
f 468 469 269
f 269 469 270
f 469 470 270
f 270 470 271
f 470 471 271
f 271 471 272
f 471 472 272
f 272 472 273
f 472 473 273
f 273 473 274
f 473 474 274
f 274 474 275
f 474 475 275
f 275 475 276
f 475 476 276
f 276 476 277
f 476 477 277
f 277 477 278
f 477 478 278
f 278 478 279
f 478 479 279
f 279 479 280
f 479 480 280
f 280 480 281
f 480 481 281
f 281 481 282
f 481 482 282
f 282 482 283
f 482 483 283
f 283 483 284
f 483 484 284
f 284 484 285
f 484 485 285
f 285 485 286
f 485 486 286
f 286 486 287
f 486 487 287
f 287 487 288
f 487 488 288
f 288 488 289
f 488 489 289
f 289 489 290
f 489 490 290
f 290 490 291
f 490 491 291
f 291 491 292
f 491 492 292
f 292 492 293
f 492 493 293
f 293 493 294
f 493 494 294
f 294 494 295
f 494 495 295
f 295 495 296
f 495 496 296
f 296 496 297
f 496 497 297
f 297 497 298
f 497 498 298
f 298 498 299
f 498 499 299
f 299 499 300
f 499 500 300
f 300 500 301
f 500 501 301
f 301 501 302
f 501 502 302
f 302 502 503
f 302 503 303
f 303 503 504
f 303 504 304
f 304 504 505
f 304 505 305
f 305 505 506
f 305 506 306
f 306 506 507
f 306 507 307
f 307 507 508
f 307 508 308
f 308 508 509
f 308 509 309
f 309 509 510
f 309 510 310
f 310 510 511
f 310 511 311
f 311 511 512
f 311 512 312
f 312 512 513
f 312 513 313
f 313 513 514
f 313 514 314
f 314 514 515
f 314 515 315
f 315 515 516
f 315 516 316
f 316 516 517
f 316 517 317
f 317 517 518
f 317 518 318
f 318 518 519
f 318 519 319
f 319 519 520
f 319 520 320
f 320 520 521
f 320 521 321
f 321 521 522
f 321 522 322
f 322 522 523
f 322 523 323
f 323 523 524
f 323 524 324
f 324 524 525
f 324 525 325
f 325 525 526
f 325 526 326
f 326 526 527
f 326 527 327
f 327 527 528
f 327 528 328
f 328 528 529
f 328 529 329
f 329 529 530
f 329 530 330
f 330 530 531
f 330 531 331
f 331 531 532
f 331 532 332
f 332 532 533
f 332 533 333
f 333 533 534
f 333 534 334
f 334 534 535
f 334 535 335
f 335 535 536
f 335 536 336
f 336 536 537
f 336 537 337
f 337 537 538
f 337 538 338
f 338 538 539
f 338 539 339
f 339 539 540
f 339 540 340
f 340 540 541
f 340 541 341
f 341 541 542
f 341 542 342
f 342 542 543
f 342 543 343
f 343 543 544
f 343 544 344
f 344 544 545
f 344 545 345
f 345 545 546
f 345 546 346
f 346 546 547
f 346 547 347
f 347 547 548
f 347 548 348
f 348 548 549
f 348 549 349
f 349 549 550
f 349 550 350
f 350 550 551
f 350 551 351
f 351 551 552
f 351 552 352
f 352 552 353
f 552 553 353
f 353 553 354
f 553 554 354
f 354 554 355
f 554 555 355
f 355 555 356
f 555 556 356
f 356 556 357
f 556 557 357
f 357 557 358
f 557 558 358
f 358 558 359
f 558 559 359
f 359 559 360
f 559 560 360
f 360 560 361
f 560 561 361
f 361 561 362
f 561 562 362
f 362 562 363
f 562 563 363
f 363 563 364
f 563 564 364
f 364 564 365
f 564 565 365
f 365 565 366
f 565 566 366
f 366 566 367
f 566 567 367
f 367 567 368
f 567 568 368
f 368 568 369
f 568 569 369
f 369 569 370
f 569 570 370
f 370 570 371
f 570 571 371
f 371 571 372
f 571 572 372
f 372 572 373
f 572 573 373
f 373 573 374
f 573 574 374
f 374 574 375
f 574 575 375
f 375 575 376
f 575 576 376
f 376 576 377
f 576 577 377
f 377 577 378
f 577 578 378
f 378 578 379
f 578 579 379
f 379 579 380
f 579 580 380
f 380 580 381
f 580 581 381
f 381 581 382
f 581 582 382
f 382 582 383
f 582 583 383
f 383 583 384
f 583 584 384
f 384 584 385
f 584 585 385
f 385 585 386
f 585 586 386
f 386 586 387
f 586 587 387
f 387 587 388
f 587 588 388
f 388 588 389
f 588 589 389
f 389 589 390
f 589 590 390
f 390 590 391
f 590 591 391
f 391 591 392
f 591 592 392
f 392 592 393
f 592 593 393
f 393 593 394
f 593 594 394
f 394 594 395
f 594 595 395
f 395 595 396
f 595 596 396
f 396 596 397
f 596 597 397
f 397 597 398
f 597 598 398
f 398 598 399
f 598 599 399
f 399 599 400
f 599 600 400
f 400 600 401
f 600 601 401
f 401 601 202
f 601 402 202
f 402 602 603
f 402 603 403
f 403 603 604
f 403 604 404
f 404 604 605
f 404 605 405
f 405 605 606
f 405 606 406
f 406 606 607
f 406 607 407
f 407 607 608
f 407 608 408
f 408 608 609
f 408 609 409
f 409 609 610
f 409 610 410
f 410 610 611
f 410 611 411
f 411 611 612
f 411 612 412
f 412 612 613
f 412 613 413
f 413 613 614
f 413 614 414
f 414 614 615
f 414 615 415
f 415 615 616
f 415 616 416
f 416 616 617
f 416 617 417
f 417 617 618
f 417 618 418
f 418 618 619
f 418 619 419
f 419 619 620
f 419 620 420
f 420 620 621
f 420 621 421
f 421 621 622
f 421 622 422
f 422 622 623
f 422 623 423
f 423 623 624
f 423 624 424
f 424 624 625
f 424 625 425
f 425 625 626
f 425 626 426
f 426 626 627
f 426 627 427
f 427 627 628
f 427 628 428
f 428 628 629
f 428 629 429
f 429 629 630
f 429 630 430
f 430 630 631
f 430 631 431
f 431 631 632
f 431 632 432
f 432 632 633
f 432 633 433
f 433 633 634
f 433 634 434
f 434 634 635
f 434 635 435
f 435 635 636
f 435 636 436
f 436 636 637
f 436 637 437
f 437 637 638
f 437 638 438
f 438 638 639
f 438 639 439
f 439 639 640
f 439 640 440
f 440 640 641
f 440 641 441
f 441 641 642
f 441 642 442
f 442 642 643
f 442 643 443
f 443 643 644
f 443 644 444
f 444 644 645
f 444 645 445
f 445 645 646
f 445 646 446
f 446 646 647
f 446 647 447
f 447 647 648
f 447 648 448
f 448 648 649
f 448 649 449
f 449 649 650
f 449 650 450
f 450 650 651
f 450 651 451
f 451 651 652
f 451 652 452
f 452 652 453
f 652 653 453
f 453 653 454
f 653 654 454
f 454 654 455
f 654 655 455
f 455 655 456
f 655 656 456
f 456 656 457
f 656 657 457
f 457 657 458
f 657 658 458
f 458 658 459
f 658 659 459
f 459 659 460
f 659 660 460
f 460 660 461
f 660 661 461
f 461 661 462
f 661 662 462
f 462 662 463
f 662 663 463
f 463 663 464
f 663 664 464
f 464 664 465
f 664 665 465
f 465 665 466
f 665 666 466
f 466 666 467
f 666 667 467
f 467 667 468
f 667 668 468
f 468 668 469
f 668 669 469
f 469 669 470
f 669 670 470
f 470 670 471
f 670 671 471
f 471 671 472
f 671 672 472
f 472 672 473
f 672 673 473
f 473 673 474
f 673 674 474
f 474 674 475
f 674 675 475
f 475 675 476
f 675 676 476
f 476 676 477
f 676 677 477
f 477 677 478
f 677 678 478
f 478 678 479
f 678 679 479
f 479 679 480
f 679 680 480
f 480 680 481
f 680 681 481
f 481 681 482
f 681 682 482
f 482 682 483
f 682 683 483
f 483 683 484
f 683 684 484
f 484 684 485
f 684 685 485
f 485 685 486
f 685 686 486
f 486 686 487
f 686 687 487
f 487 687 488
f 687 688 488
f 488 688 489
f 688 689 489
f 489 689 490
f 689 690 490
f 490 690 491
f 690 691 491
f 491 691 492
f 691 692 492
f 492 692 493
f 692 693 493
f 493 693 494
f 693 694 494
f 494 694 495
f 694 695 495
f 495 695 496
f 695 696 496
f 496 696 497
f 696 697 497
f 497 697 498
f 697 698 498
f 498 698 499
f 698 699 499
f 499 699 500
f 699 700 500
f 500 700 501
f 700 701 501
f 501 701 502
f 701 702 502
f 502 702 703
f 502 703 503
f 503 703 704
f 503 704 504
f 504 704 705
f 504 705 505
f 505 705 706
f 505 706 506
f 506 706 707
f 506 707 507
f 507 707 708
f 507 708 508
f 508 708 709
f 508 709 509
f 509 709 710
f 509 710 510
f 510 710 711
f 510 711 511
f 511 711 712
f 511 712 512
f 512 712 713
f 512 713 513
f 513 713 714
f 513 714 514
f 514 714 715
f 514 715 515
f 515 715 716
f 515 716 516
f 516 716 717
f 516 717 517
f 517 717 718
f 517 718 518
f 518 718 719
f 518 719 519
f 519 719 720
f 519 720 520
f 520 720 721
f 520 721 521
f 521 721 722
f 521 722 522
f 522 722 723
f 522 723 523
f 523 723 724
f 523 724 524
f 524 724 725
f 524 725 525
f 525 725 726
f 525 726 526
f 526 726 727
f 526 727 527
f 527 727 728
f 527 728 528
f 528 728 729
f 528 729 529
f 529 729 730
f 529 730 530
f 530 730 731
f 530 731 531
f 531 731 732
f 531 732 532
f 532 732 733
f 532 733 533
f 533 733 734
f 533 734 534
f 534 734 735
f 534 735 535
f 535 735 736
f 535 736 536
f 536 736 737
f 536 737 537
f 537 737 738
f 537 738 538
f 538 738 739
f 538 739 539
f 539 739 740
f 539 740 540
f 540 740 741
f 540 741 541
f 541 741 742
f 541 742 542
f 542 742 743
f 542 743 543
f 543 743 744
f 543 744 544
f 544 744 745
f 544 745 545
f 545 745 746
f 545 746 546
f 546 746 747
f 546 747 547
f 547 747 748
f 547 748 548
f 548 748 749
f 548 749 549
f 549 749 750
f 549 750 550
f 550 750 751
f 550 751 551
f 551 751 752
f 551 752 552
f 552 752 553
f 752 753 553
f 553 753 554
f 753 754 554
f 554 754 555
f 754 755 555
f 555 755 556
f 755 756 556
f 556 756 557
f 756 757 557
f 557 757 558
f 757 758 558
f 558 758 559
f 758 759 559
f 559 759 560
f 759 760 560
f 560 760 561
f 760 761 561
f 561 761 562
f 761 762 562
f 562 762 563
f 762 763 563
f 563 763 564
f 763 764 564
f 564 764 565
f 764 765 565
f 565 765 566
f 765 766 566
f 566 766 567
f 766 767 567
f 567 767 568
f 767 768 568
f 568 768 569
f 768 769 569
f 569 769 570
f 769 770 570
f 570 770 571
f 770 771 571
f 571 771 572
f 771 772 572
f 572 772 573
f 772 773 573
f 573 773 574
f 773 774 574
f 574 774 575
f 774 775 575
f 575 775 576
f 775 776 576
f 576 776 577
f 776 777 577
f 577 777 578
f 777 778 578
f 578 778 579
f 778 779 579
f 579 779 580
f 779 780 580
f 580 780 581
f 780 781 581
f 581 781 582
f 781 782 582
f 582 782 583
f 782 783 583
f 583 783 584
f 783 784 584
f 584 784 585
f 784 785 585
f 585 785 586
f 785 786 586
f 586 786 587
f 786 787 587
f 587 787 588
f 787 788 588
f 588 788 589
f 788 789 589
f 589 789 590
f 789 790 590
f 590 790 591
f 790 791 591
f 591 791 592
f 791 792 592
f 592 792 593
f 792 793 593
f 593 793 594
f 793 794 594
f 594 794 595
f 794 795 595
f 595 795 596
f 795 796 596
f 596 796 597
f 796 797 597
f 597 797 598
f 797 798 598
f 598 798 599
f 798 799 599
f 599 799 600
f 799 800 600
f 600 800 601
f 800 801 601
f 601 801 402
f 801 602 402
f 602 802 803
f 602 803 603
f 603 803 804
f 603 804 604
f 604 804 805
f 604 805 605
f 605 805 806
f 605 806 606
f 606 806 807
f 606 807 607
f 607 807 808
f 607 808 608
f 608 808 809
f 608 809 609
f 609 809 810
f 609 810 610
f 610 810 811
f 610 811 611
f 611 811 812
f 611 812 612
f 612 812 813
f 612 813 613
f 613 813 814
f 613 814 614
f 614 814 815
f 614 815 615
f 615 815 816
f 615 816 616
f 616 816 817
f 616 817 617
f 617 817 818
f 617 818 618
f 618 818 819
f 618 819 619
f 619 819 820
f 619 820 620
f 620 820 821
f 620 821 621
f 621 821 822
f 621 822 622
f 622 822 823
f 622 823 623
f 623 823 824
f 623 824 624
f 624 824 825
f 624 825 625
f 625 825 826
f 625 826 626
f 626 826 827
f 626 827 627
f 627 827 828
f 627 828 628
f 628 828 829
f 628 829 629
f 629 829 830
f 629 830 630
f 630 830 831
f 630 831 631
f 631 831 832
f 631 832 632
f 632 832 833
f 632 833 633
f 633 833 834
f 633 834 634
f 634 834 835
f 634 835 635
f 635 835 836
f 635 836 636
f 636 836 837
f 636 837 637
f 637 837 838
f 637 838 638
f 638 838 839
f 638 839 639
f 639 839 840
f 639 840 640
f 640 840 841
f 640 841 641
f 641 841 842
f 641 842 642
f 642 842 843
f 642 843 643
f 643 843 844
f 643 844 644
f 644 844 845
f 644 845 645
f 645 845 846
f 645 846 646
f 646 846 847
f 646 847 647
f 647 847 848
f 647 848 648
f 648 848 849
f 648 849 649
f 649 849 850
f 649 850 650
f 650 850 851
f 650 851 651
f 651 851 852
f 651 852 652
f 652 852 653
f 852 853 653
f 653 853 654
f 853 854 654
f 654 854 655
f 854 855 655
f 655 855 656
f 855 856 656
f 656 856 657
f 856 857 657
f 657 857 658
f 857 858 658
f 658 858 659
f 858 859 659
f 659 859 660
f 859 860 660
f 660 860 661
f 860 861 661
f 661 861 662
f 861 862 662
f 662 862 663
f 862 863 663
f 663 863 664
f 863 864 664
f 664 864 665
f 864 865 665
f 665 865 666
f 865 866 666
f 666 866 667
f 866 867 667
f 667 867 668
f 867 868 668
f 668 868 669
f 868 869 669
f 669 869 670
f 869 870 670
f 670 870 671
f 870 871 671
f 671 871 672
f 871 872 672
f 672 872 673
f 872 873 673
f 673 873 674
f 873 874 674
f 674 874 675
f 874 875 675
f 675 875 676
f 875 876 676
f 676 876 677
f 876 877 677
f 677 877 678
f 877 878 678
f 678 878 679
f 878 879 679
f 679 879 680
f 879 880 680
f 680 880 681
f 880 881 681
f 681 881 682
f 881 882 682
f 682 882 683
f 882 883 683
f 683 883 684
f 883 884 684
f 684 884 685
f 884 885 685
f 685 885 686
f 885 886 686
f 686 886 687
f 886 887 687
f 687 887 688
f 887 888 688
f 688 888 689
f 888 889 689
f 689 889 690
f 889 890 690
f 690 890 691
f 890 891 691
f 691 891 692
f 891 892 692
f 692 892 693
f 892 893 693
f 693 893 694
f 893 894 694
f 694 894 695
f 894 895 695
f 695 895 696
f 895 896 696
f 696 896 697
f 896 897 697
f 697 897 698
f 897 898 698
f 698 898 699
f 898 899 699
f 699 899 700
f 899 900 700
f 700 900 701
f 900 901 701
f 701 901 702
f 901 902 702
f 702 902 903
f 702 903 703
f 703 903 904
f 703 904 704
f 704 904 905
f 704 905 705
f 705 905 906
f 705 906 706
f 706 906 907
f 706 907 707
f 707 907 908
f 707 908 708
f 708 908 909
f 708 909 709
f 709 909 910
f 709 910 710
f 710 910 911
f 710 911 711
f 711 911 912
f 711 912 712
f 712 912 913
f 712 913 713
f 713 913 914
f 713 914 714
f 714 914 915
f 714 915 715
f 715 915 916
f 715 916 716
f 716 916 917
f 716 917 717
f 717 917 918
f 717 918 718
f 718 918 919
f 718 919 719
f 719 919 920
f 719 920 720
f 720 920 921
f 720 921 721
f 721 921 922
f 721 922 722
f 722 922 923
f 722 923 723
f 723 923 924
f 723 924 724
f 724 924 925
f 724 925 725
f 725 925 926
f 725 926 726
f 726 926 927
f 726 927 727
f 727 927 928
f 727 928 728
f 728 928 929
f 728 929 729
f 729 929 930
f 729 930 730
f 730 930 931
f 730 931 731
f 731 931 932
f 731 932 732
f 732 932 933
f 732 933 733
f 733 933 934
f 733 934 734
f 734 934 935
f 734 935 735
f 735 935 936
f 735 936 736
f 736 936 937
f 736 937 737
f 737 937 938
f 737 938 738
f 738 938 939
f 738 939 739
f 739 939 940
f 739 940 740
f 740 940 941
f 740 941 741
f 741 941 942
f 741 942 742
f 742 942 943
f 742 943 743
f 743 943 944
f 743 944 744
f 744 944 945
f 744 945 745
f 745 945 946
f 745 946 746
f 746 946 947
f 746 947 747
f 747 947 948
f 747 948 748
f 748 948 949
f 748 949 749
f 749 949 950
f 749 950 750
f 750 950 951
f 750 951 751
f 751 951 952
f 751 952 752
f 752 952 753
f 952 953 753
f 753 953 754
f 953 954 754
f 754 954 755
f 954 955 755
f 755 955 756
f 955 956 756
f 756 956 757
f 956 957 757
f 757 957 758
f 957 958 758
f 758 958 759
f 958 959 759
f 759 959 760
f 959 960 760
f 760 960 761
f 960 961 761
f 761 961 762
f 961 962 762
f 762 962 763
f 962 963 763
f 763 963 764
f 963 964 764
f 764 964 765
f 964 965 765
f 765 965 766
f 965 966 766
f 766 966 767
f 966 967 767
f 767 967 768
f 967 968 768
f 768 968 769
f 968 969 769
f 769 969 770
f 969 970 770
f 770 970 771
f 970 971 771
f 771 971 772
f 971 972 772
f 772 972 773
f 972 973 773
f 773 973 774
f 973 974 774
f 774 974 775
f 974 975 775
f 775 975 776
f 975 976 776
f 776 976 777
f 976 977 777
f 777 977 778
f 977 978 778
f 778 978 779
f 978 979 779
f 779 979 780
f 979 980 780
f 780 980 781
f 980 981 781
f 781 981 782
f 981 982 782
f 782 982 783
f 982 983 783
f 783 983 784
f 983 984 784
f 784 984 785
f 984 985 785
f 785 985 786
f 985 986 786
f 786 986 787
f 986 987 787
f 787 987 788
f 987 988 788
f 788 988 789
f 988 989 789
f 789 989 790
f 989 990 790
f 790 990 791
f 990 991 791
f 791 991 792
f 991 992 792
f 792 992 793
f 992 993 793
f 793 993 794
f 993 994 794
f 794 994 795
f 994 995 795
f 795 995 796
f 995 996 796
f 796 996 797
f 996 997 797
f 797 997 798
f 997 998 798
f 798 998 799
f 998 999 799
f 799 999 800
f 999 1000 800
f 800 1000 801
f 1000 1001 801
f 801 1001 602
f 1001 802 602
f 802 1002 1003
f 802 1003 803
f 803 1003 1004
f 803 1004 804
f 804 1004 1005
f 804 1005 805
f 805 1005 1006
f 805 1006 806
f 806 1006 1007
f 806 1007 807
f 807 1007 1008
f 807 1008 808
f 808 1008 1009
f 808 1009 809
f 809 1009 1010
f 809 1010 810
f 810 1010 1011
f 810 1011 811
f 811 1011 1012
f 811 1012 812
f 812 1012 1013
f 812 1013 813
f 813 1013 1014
f 813 1014 814
f 814 1014 1015
f 814 1015 815
f 815 1015 1016
f 815 1016 816
f 816 1016 1017
f 816 1017 817
f 817 1017 1018
f 817 1018 818
f 818 1018 1019
f 818 1019 819
f 819 1019 1020
f 819 1020 820
f 820 1020 1021
f 820 1021 821
f 821 1021 1022
f 821 1022 822
f 822 1022 1023
f 822 1023 823
f 823 1023 1024
f 823 1024 824
f 824 1024 1025
f 824 1025 825
f 825 1025 1026
f 825 1026 826
f 826 1026 1027
f 826 1027 827
f 827 1027 1028
f 827 1028 828
f 828 1028 1029
f 828 1029 829
f 829 1029 1030
f 829 1030 830
f 830 1030 1031
f 830 1031 831
f 831 1031 1032
f 831 1032 832
f 832 1032 1033
f 832 1033 833
f 833 1033 1034
f 833 1034 834
f 834 1034 1035
f 834 1035 835
f 835 1035 1036
f 835 1036 836
f 836 1036 1037
f 836 1037 837
f 837 1037 1038
f 837 1038 838
f 838 1038 1039
f 838 1039 839
f 839 1039 1040
f 839 1040 840
f 840 1040 1041
f 840 1041 841
f 841 1041 1042
f 841 1042 842
f 842 1042 1043
f 842 1043 843
f 843 1043 1044
f 843 1044 844
f 844 1044 1045
f 844 1045 845
f 845 1045 1046
f 845 1046 846
f 846 1046 1047
f 846 1047 847
f 847 1047 1048
f 847 1048 848
f 848 1048 1049
f 848 1049 849
f 849 1049 1050
f 849 1050 850
f 850 1050 1051
f 850 1051 851
f 851 1051 1052
f 851 1052 852
f 852 1052 853
f 1052 1053 853
f 853 1053 854
f 1053 1054 854
f 854 1054 855
f 1054 1055 855
f 855 1055 856
f 1055 1056 856
f 856 1056 857
f 1056 1057 857
f 857 1057 858
f 1057 1058 858
f 858 1058 859
f 1058 1059 859
f 859 1059 860
f 1059 1060 860
f 860 1060 861
f 1060 1061 861
f 861 1061 862
f 1061 1062 862
f 862 1062 863
f 1062 1063 863
f 863 1063 864
f 1063 1064 864
f 864 1064 865
f 1064 1065 865
f 865 1065 866
f 1065 1066 866
f 866 1066 867
f 1066 1067 867
f 867 1067 868
f 1067 1068 868
f 868 1068 869
f 1068 1069 869
f 869 1069 870
f 1069 1070 870
f 870 1070 871
f 1070 1071 871
f 871 1071 872
f 1071 1072 872
f 872 1072 873
f 1072 1073 873
f 873 1073 874
f 1073 1074 874
f 874 1074 875
f 1074 1075 875
f 875 1075 876
f 1075 1076 876
f 876 1076 877
f 1076 1077 877
f 877 1077 878
f 1077 1078 878
f 878 1078 879
f 1078 1079 879
f 879 1079 880
f 1079 1080 880
f 880 1080 881
f 1080 1081 881
f 881 1081 882
f 1081 1082 882
f 882 1082 883
f 1082 1083 883
f 883 1083 884
f 1083 1084 884
f 884 1084 885
f 1084 1085 885
f 885 1085 886
f 1085 1086 886
f 886 1086 887
f 1086 1087 887
f 887 1087 888
f 1087 1088 888
f 888 1088 889
f 1088 1089 889
f 889 1089 890
f 1089 1090 890
f 890 1090 891
f 1090 1091 891
f 891 1091 892
f 1091 1092 892
f 892 1092 893
f 1092 1093 893
f 893 1093 894
f 1093 1094 894
f 894 1094 895
f 1094 1095 895
f 895 1095 896
f 1095 1096 896
f 896 1096 897
f 1096 1097 897
f 897 1097 898
f 1097 1098 898
f 898 1098 899
f 1098 1099 899
f 899 1099 900
f 1099 1100 900
f 900 1100 901
f 1100 1101 901
f 901 1101 902
f 1101 1102 902
f 902 1102 1103
f 902 1103 903
f 903 1103 1104
f 903 1104 904
f 904 1104 1105
f 904 1105 905
f 905 1105 1106
f 905 1106 906
f 906 1106 1107
f 906 1107 907
f 907 1107 1108
f 907 1108 908
f 908 1108 1109
f 908 1109 909
f 909 1109 1110
f 909 1110 910
f 910 1110 1111
f 910 1111 911
f 911 1111 1112
f 911 1112 912
f 912 1112 1113
f 912 1113 913
f 913 1113 1114
f 913 1114 914
f 914 1114 1115
f 914 1115 915
f 915 1115 1116
f 915 1116 916
f 916 1116 1117
f 916 1117 917
f 917 1117 1118
f 917 1118 918
f 918 1118 1119
f 918 1119 919
f 919 1119 1120
f 919 1120 920
f 920 1120 1121
f 920 1121 921
f 921 1121 1122
f 921 1122 922
f 922 1122 1123
f 922 1123 923
f 923 1123 1124
f 923 1124 924
f 924 1124 1125
f 924 1125 925
f 925 1125 1126
f 925 1126 926
f 926 1126 1127
f 926 1127 927
f 927 1127 1128
f 927 1128 928
f 928 1128 1129
f 928 1129 929
f 929 1129 1130
f 929 1130 930
f 930 1130 1131
f 930 1131 931
f 931 1131 1132
f 931 1132 932
f 932 1132 1133
f 932 1133 933
f 933 1133 1134
f 933 1134 934
f 934 1134 1135
f 934 1135 935
f 935 1135 1136
f 935 1136 936
f 936 1136 1137
f 936 1137 937
f 937 1137 1138
f 937 1138 938
f 938 1138 1139
f 938 1139 939
f 939 1139 1140
f 939 1140 940
f 940 1140 1141
f 940 1141 941
f 941 1141 1142
f 941 1142 942
f 942 1142 1143
f 942 1143 943
f 943 1143 1144
f 943 1144 944
f 944 1144 1145
f 944 1145 945
f 945 1145 1146
f 945 1146 946
f 946 1146 1147
f 946 1147 947
f 947 1147 1148
f 947 1148 948
f 948 1148 1149
f 948 1149 949
f 949 1149 1150
f 949 1150 950
f 950 1150 1151
f 950 1151 951
f 951 1151 1152
f 951 1152 952
f 952 1152 953
f 1152 1153 953
f 953 1153 954
f 1153 1154 954
f 954 1154 955
f 1154 1155 955
f 955 1155 956
f 1155 1156 956
f 956 1156 957
f 1156 1157 957
f 957 1157 958
f 1157 1158 958
f 958 1158 959
f 1158 1159 959
f 959 1159 960
f 1159 1160 960
f 960 1160 961
f 1160 1161 961
f 961 1161 962
f 1161 1162 962
f 962 1162 963
f 1162 1163 963
f 963 1163 964
f 1163 1164 964
f 964 1164 965
f 1164 1165 965
f 965 1165 966
f 1165 1166 966
f 966 1166 967
f 1166 1167 967
f 967 1167 968
f 1167 1168 968
f 968 1168 969
f 1168 1169 969
f 969 1169 970
f 1169 1170 970
f 970 1170 971
f 1170 1171 971
f 971 1171 972
f 1171 1172 972
f 972 1172 973
f 1172 1173 973
f 973 1173 974
f 1173 1174 974
f 974 1174 975
f 1174 1175 975
f 975 1175 976
f 1175 1176 976
f 976 1176 977
f 1176 1177 977
f 977 1177 978
f 1177 1178 978
f 978 1178 979
f 1178 1179 979
f 979 1179 980
f 1179 1180 980
f 980 1180 981
f 1180 1181 981
f 981 1181 982
f 1181 1182 982
f 982 1182 983
f 1182 1183 983
f 983 1183 984
f 1183 1184 984
f 984 1184 985
f 1184 1185 985
f 985 1185 986
f 1185 1186 986
f 986 1186 987
f 1186 1187 987
f 987 1187 988
f 1187 1188 988
f 988 1188 989
f 1188 1189 989
f 989 1189 990
f 1189 1190 990
f 990 1190 991
f 1190 1191 991
f 991 1191 992
f 1191 1192 992
f 992 1192 993
f 1192 1193 993
f 993 1193 994
f 1193 1194 994
f 994 1194 995
f 1194 1195 995
f 995 1195 996
f 1195 1196 996
f 996 1196 997
f 1196 1197 997
f 997 1197 998
f 1197 1198 998
f 998 1198 999
f 1198 1199 999
f 999 1199 1000
f 1199 1200 1000
f 1000 1200 1001
f 1200 1201 1001
f 1001 1201 802
f 1201 1002 802
f 1002 1202 1203
f 1002 1203 1003
f 1003 1203 1204
f 1003 1204 1004
f 1004 1204 1205
f 1004 1205 1005
f 1005 1205 1206
f 1005 1206 1006
f 1006 1206 1207
f 1006 1207 1007
f 1007 1207 1208
f 1007 1208 1008
f 1008 1208 1209
f 1008 1209 1009
f 1009 1209 1210
f 1009 1210 1010
f 1010 1210 1211
f 1010 1211 1011
f 1011 1211 1212
f 1011 1212 1012
f 1012 1212 1213
f 1012 1213 1013
f 1013 1213 1214
f 1013 1214 1014
f 1014 1214 1215
f 1014 1215 1015
f 1015 1215 1216
f 1015 1216 1016
f 1016 1216 1217
f 1016 1217 1017
f 1017 1217 1218
f 1017 1218 1018
f 1018 1218 1219
f 1018 1219 1019
f 1019 1219 1220
f 1019 1220 1020
f 1020 1220 1221
f 1020 1221 1021
f 1021 1221 1222
f 1021 1222 1022
f 1022 1222 1223
f 1022 1223 1023
f 1023 1223 1224
f 1023 1224 1024
f 1024 1224 1225
f 1024 1225 1025
f 1025 1225 1226
f 1025 1226 1026
f 1026 1226 1227
f 1026 1227 1027
f 1027 1227 1228
f 1027 1228 1028
f 1028 1228 1229
f 1028 1229 1029
f 1029 1229 1230
f 1029 1230 1030
f 1030 1230 1231
f 1030 1231 1031
f 1031 1231 1232
f 1031 1232 1032
f 1032 1232 1233
f 1032 1233 1033
f 1033 1233 1234
f 1033 1234 1034
f 1034 1234 1235
f 1034 1235 1035
f 1035 1235 1236
f 1035 1236 1036
f 1036 1236 1237
f 1036 1237 1037
f 1037 1237 1238
f 1037 1238 1038
f 1038 1238 1239
f 1038 1239 1039
f 1039 1239 1240
f 1039 1240 1040
f 1040 1240 1241
f 1040 1241 1041
f 1041 1241 1242
f 1041 1242 1042
f 1042 1242 1243
f 1042 1243 1043
f 1043 1243 1244
f 1043 1244 1044
f 1044 1244 1245
f 1044 1245 1045
f 1045 1245 1246
f 1045 1246 1046
f 1046 1246 1247
f 1046 1247 1047
f 1047 1247 1248
f 1047 1248 1048
f 1048 1248 1249
f 1048 1249 1049
f 1049 1249 1250
f 1049 1250 1050
f 1050 1250 1251
f 1050 1251 1051
f 1051 1251 1252
f 1051 1252 1052
f 1052 1252 1053
f 1252 1253 1053
f 1053 1253 1054
f 1253 1254 1054
f 1054 1254 1055
f 1254 1255 1055
f 1055 1255 1056
f 1255 1256 1056
f 1056 1256 1057
f 1256 1257 1057
f 1057 1257 1058
f 1257 1258 1058
f 1058 1258 1059
f 1258 1259 1059
f 1059 1259 1060
f 1259 1260 1060
f 1060 1260 1061
f 1260 1261 1061
f 1061 1261 1062
f 1261 1262 1062
f 1062 1262 1063
f 1262 1263 1063
f 1063 1263 1064
f 1263 1264 1064
f 1064 1264 1065
f 1264 1265 1065
f 1065 1265 1066
f 1265 1266 1066
f 1066 1266 1067
f 1266 1267 1067
f 1067 1267 1068
f 1267 1268 1068
f 1068 1268 1069
f 1268 1269 1069
f 1069 1269 1070
f 1269 1270 1070
f 1070 1270 1071
f 1270 1271 1071
f 1071 1271 1072
f 1271 1272 1072
f 1072 1272 1073
f 1272 1273 1073
f 1073 1273 1074
f 1273 1274 1074
f 1074 1274 1075
f 1274 1275 1075
f 1075 1275 1076
f 1275 1276 1076
f 1076 1276 1077
f 1276 1277 1077
f 1077 1277 1078
f 1277 1278 1078
f 1078 1278 1079
f 1278 1279 1079
f 1079 1279 1080
f 1279 1280 1080
f 1080 1280 1081
f 1280 1281 1081
f 1081 1281 1082
f 1281 1282 1082
f 1082 1282 1083
f 1282 1283 1083
f 1083 1283 1084
f 1283 1284 1084
f 1084 1284 1085
f 1284 1285 1085
f 1085 1285 1086
f 1285 1286 1086
f 1086 1286 1087
f 1286 1287 1087
f 1087 1287 1088
f 1287 1288 1088
f 1088 1288 1089
f 1288 1289 1089
f 1089 1289 1090
f 1289 1290 1090
f 1090 1290 1091
f 1290 1291 1091
f 1091 1291 1092
f 1291 1292 1092
f 1092 1292 1093
f 1292 1293 1093
f 1093 1293 1094
f 1293 1294 1094
f 1094 1294 1095
f 1294 1295 1095
f 1095 1295 1096
f 1295 1296 1096
f 1096 1296 1097
f 1296 1297 1097
f 1097 1297 1098
f 1297 1298 1098
f 1098 1298 1099
f 1298 1299 1099
f 1099 1299 1100
f 1299 1300 1100
f 1100 1300 1101
f 1300 1301 1101
f 1101 1301 1102
f 1301 1302 1102
f 1102 1302 1303
f 1102 1303 1103
f 1103 1303 1304
f 1103 1304 1104
f 1104 1304 1305
f 1104 1305 1105
f 1105 1305 1306
f 1105 1306 1106
f 1106 1306 1307
f 1106 1307 1107
f 1107 1307 1308
f 1107 1308 1108
f 1108 1308 1309
f 1108 1309 1109
f 1109 1309 1310
f 1109 1310 1110
f 1110 1310 1311
f 1110 1311 1111
f 1111 1311 1312
f 1111 1312 1112
f 1112 1312 1313
f 1112 1313 1113
f 1113 1313 1314
f 1113 1314 1114
f 1114 1314 1315
f 1114 1315 1115
f 1115 1315 1316
f 1115 1316 1116
f 1116 1316 1317
f 1116 1317 1117
f 1117 1317 1318
f 1117 1318 1118
f 1118 1318 1319
f 1118 1319 1119
f 1119 1319 1320
f 1119 1320 1120
f 1120 1320 1321
f 1120 1321 1121
f 1121 1321 1322
f 1121 1322 1122
f 1122 1322 1323
f 1122 1323 1123
f 1123 1323 1324
f 1123 1324 1124
f 1124 1324 1325
f 1124 1325 1125
f 1125 1325 1326
f 1125 1326 1126
f 1126 1326 1327
f 1126 1327 1127
f 1127 1327 1328
f 1127 1328 1128
f 1128 1328 1329
f 1128 1329 1129
f 1129 1329 1330
f 1129 1330 1130
f 1130 1330 1331
f 1130 1331 1131
f 1131 1331 1332
f 1131 1332 1132
f 1132 1332 1333
f 1132 1333 1133
f 1133 1333 1334
f 1133 1334 1134
f 1134 1334 1335
f 1134 1335 1135
f 1135 1335 1336
f 1135 1336 1136
f 1136 1336 1337
f 1136 1337 1137
f 1137 1337 1338
f 1137 1338 1138
f 1138 1338 1339
f 1138 1339 1139
f 1139 1339 1340
f 1139 1340 1140
f 1140 1340 1341
f 1140 1341 1141
f 1141 1341 1342
f 1141 1342 1142
f 1142 1342 1343
f 1142 1343 1143
f 1143 1343 1344
f 1143 1344 1144
f 1144 1344 1345
f 1144 1345 1145
f 1145 1345 1346
f 1145 1346 1146
f 1146 1346 1347
f 1146 1347 1147
f 1147 1347 1348
f 1147 1348 1148
f 1148 1348 1349
f 1148 1349 1149
f 1149 1349 1350
f 1149 1350 1150
f 1150 1350 1351
f 1150 1351 1151
f 1151 1351 1352
f 1151 1352 1152
f 1152 1352 1153
f 1352 1353 1153
f 1153 1353 1154
f 1353 1354 1154
f 1154 1354 1155
f 1354 1355 1155
f 1155 1355 1156
f 1355 1356 1156
f 1156 1356 1157
f 1356 1357 1157
f 1157 1357 1158
f 1357 1358 1158
f 1158 1358 1159
f 1358 1359 1159
f 1159 1359 1160
f 1359 1360 1160
f 1160 1360 1161
f 1360 1361 1161
f 1161 1361 1162
f 1361 1362 1162
f 1162 1362 1163
f 1362 1363 1163
f 1163 1363 1164
f 1363 1364 1164
f 1164 1364 1165
f 1364 1365 1165
f 1165 1365 1166
f 1365 1366 1166
f 1166 1366 1167
f 1366 1367 1167
f 1167 1367 1168
f 1367 1368 1168
f 1168 1368 1169
f 1368 1369 1169
f 1169 1369 1170
f 1369 1370 1170
f 1170 1370 1171
f 1370 1371 1171
f 1171 1371 1172
f 1371 1372 1172
f 1172 1372 1173
f 1372 1373 1173
f 1173 1373 1174
f 1373 1374 1174
f 1174 1374 1175
f 1374 1375 1175
f 1175 1375 1176
f 1375 1376 1176
f 1176 1376 1177
f 1376 1377 1177
f 1177 1377 1178
f 1377 1378 1178
f 1178 1378 1179
f 1378 1379 1179
f 1179 1379 1180
f 1379 1380 1180
f 1180 1380 1181
f 1380 1381 1181
f 1181 1381 1182
f 1381 1382 1182
f 1182 1382 1183
f 1382 1383 1183
f 1183 1383 1184
f 1383 1384 1184
f 1184 1384 1185
f 1384 1385 1185
f 1185 1385 1186
f 1385 1386 1186
f 1186 1386 1187
f 1386 1387 1187
f 1187 1387 1188
f 1387 1388 1188
f 1188 1388 1189
f 1388 1389 1189
f 1189 1389 1190
f 1389 1390 1190
f 1190 1390 1191
f 1390 1391 1191
f 1191 1391 1192
f 1391 1392 1192
f 1192 1392 1193
f 1392 1393 1193
f 1193 1393 1194
f 1393 1394 1194
f 1194 1394 1195
f 1394 1395 1195
f 1195 1395 1196
f 1395 1396 1196
f 1196 1396 1197
f 1396 1397 1197
f 1197 1397 1198
f 1397 1398 1198
f 1198 1398 1199
f 1398 1399 1199
f 1199 1399 1200
f 1399 1400 1200
f 1200 1400 1201
f 1400 1401 1201
f 1201 1401 1002
f 1401 1202 1002
f 1202 1402 1403
f 1202 1403 1203
f 1203 1403 1404
f 1203 1404 1204
f 1204 1404 1405
f 1204 1405 1205
f 1205 1405 1406
f 1205 1406 1206
f 1206 1406 1407
f 1206 1407 1207
f 1207 1407 1408
f 1207 1408 1208
f 1208 1408 1409
f 1208 1409 1209
f 1209 1409 1410
f 1209 1410 1210
f 1210 1410 1411
f 1210 1411 1211
f 1211 1411 1412
f 1211 1412 1212
f 1212 1412 1413
f 1212 1413 1213
f 1213 1413 1414
f 1213 1414 1214
f 1214 1414 1415
f 1214 1415 1215
f 1215 1415 1416
f 1215 1416 1216
f 1216 1416 1417
f 1216 1417 1217
f 1217 1417 1418
f 1217 1418 1218
f 1218 1418 1419
f 1218 1419 1219
f 1219 1419 1420
f 1219 1420 1220
f 1220 1420 1421
f 1220 1421 1221
f 1221 1421 1422
f 1221 1422 1222
f 1222 1422 1423
f 1222 1423 1223
f 1223 1423 1424
f 1223 1424 1224
f 1224 1424 1425
f 1224 1425 1225
f 1225 1425 1426
f 1225 1426 1226
f 1226 1426 1427
f 1226 1427 1227
f 1227 1427 1428
f 1227 1428 1228
f 1228 1428 1429
f 1228 1429 1229
f 1229 1429 1430
f 1229 1430 1230
f 1230 1430 1431
f 1230 1431 1231
f 1231 1431 1432
f 1231 1432 1232
f 1232 1432 1433
f 1232 1433 1233
f 1233 1433 1434
f 1233 1434 1234
f 1234 1434 1435
f 1234 1435 1235
f 1235 1435 1436
f 1235 1436 1236
f 1236 1436 1437
f 1236 1437 1237
f 1237 1437 1438
f 1237 1438 1238
f 1238 1438 1439
f 1238 1439 1239
f 1239 1439 1440
f 1239 1440 1240
f 1240 1440 1441
f 1240 1441 1241
f 1241 1441 1442
f 1241 1442 1242
f 1242 1442 1443
f 1242 1443 1243
f 1243 1443 1444
f 1243 1444 1244
f 1244 1444 1445
f 1244 1445 1245
f 1245 1445 1446
f 1245 1446 1246
f 1246 1446 1447
f 1246 1447 1247
f 1247 1447 1448
f 1247 1448 1248
f 1248 1448 1449
f 1248 1449 1249
f 1249 1449 1450
f 1249 1450 1250
f 1250 1450 1451
f 1250 1451 1251
f 1251 1451 1452
f 1251 1452 1252
f 1252 1452 1253
f 1452 1453 1253
f 1253 1453 1254
f 1453 1454 1254
f 1254 1454 1255
f 1454 1455 1255
f 1255 1455 1256
f 1455 1456 1256
f 1256 1456 1257
f 1456 1457 1257
f 1257 1457 1258
f 1457 1458 1258
f 1258 1458 1259
f 1458 1459 1259
f 1259 1459 1260
f 1459 1460 1260
f 1260 1460 1261
f 1460 1461 1261
f 1261 1461 1262
f 1461 1462 1262
f 1262 1462 1263
f 1462 1463 1263
f 1263 1463 1264
f 1463 1464 1264
f 1264 1464 1265
f 1464 1465 1265
f 1265 1465 1266
f 1465 1466 1266
f 1266 1466 1267
f 1466 1467 1267
f 1267 1467 1268
f 1467 1468 1268
f 1268 1468 1269
f 1468 1469 1269
f 1269 1469 1270
f 1469 1470 1270
f 1270 1470 1271
f 1470 1471 1271
f 1271 1471 1272
f 1471 1472 1272
f 1272 1472 1273
f 1472 1473 1273
f 1273 1473 1274
f 1473 1474 1274
f 1274 1474 1275
f 1474 1475 1275
f 1275 1475 1276
f 1475 1476 1276
f 1276 1476 1277
f 1476 1477 1277
f 1277 1477 1278
f 1477 1478 1278
f 1278 1478 1279
f 1478 1479 1279
f 1279 1479 1280
f 1479 1480 1280
f 1280 1480 1281
f 1480 1481 1281
f 1281 1481 1282
f 1481 1482 1282
f 1282 1482 1283
f 1482 1483 1283
f 1283 1483 1284
f 1483 1484 1284
f 1284 1484 1285
f 1484 1485 1285
f 1285 1485 1286
f 1485 1486 1286
f 1286 1486 1287
f 1486 1487 1287
f 1287 1487 1288
f 1487 1488 1288
f 1288 1488 1289
f 1488 1489 1289
f 1289 1489 1290
f 1489 1490 1290
f 1290 1490 1291
f 1490 1491 1291
f 1291 1491 1292
f 1491 1492 1292
f 1292 1492 1293
f 1492 1493 1293
f 1293 1493 1294
f 1493 1494 1294
f 1294 1494 1295
f 1494 1495 1295
f 1295 1495 1296
f 1495 1496 1296
f 1296 1496 1297
f 1496 1497 1297
f 1297 1497 1298
f 1497 1498 1298
f 1298 1498 1299
f 1498 1499 1299
f 1299 1499 1300
f 1499 1500 1300
f 1300 1500 1301
f 1500 1501 1301
f 1301 1501 1302
f 1501 1502 1302
f 1302 1502 1503
f 1302 1503 1303
f 1303 1503 1504
f 1303 1504 1304
f 1304 1504 1505
f 1304 1505 1305
f 1305 1505 1506
f 1305 1506 1306
f 1306 1506 1507
f 1306 1507 1307
f 1307 1507 1508
f 1307 1508 1308
f 1308 1508 1509
f 1308 1509 1309
f 1309 1509 1510
f 1309 1510 1310
f 1310 1510 1511
f 1310 1511 1311
f 1311 1511 1512
f 1311 1512 1312
f 1312 1512 1513
f 1312 1513 1313
f 1313 1513 1514
f 1313 1514 1314
f 1314 1514 1515
f 1314 1515 1315
f 1315 1515 1516
f 1315 1516 1316
f 1316 1516 1517
f 1316 1517 1317
f 1317 1517 1518
f 1317 1518 1318
f 1318 1518 1519
f 1318 1519 1319
f 1319 1519 1520
f 1319 1520 1320
f 1320 1520 1521
f 1320 1521 1321
f 1321 1521 1522
f 1321 1522 1322
f 1322 1522 1523
f 1322 1523 1323
f 1323 1523 1524
f 1323 1524 1324
f 1324 1524 1525
f 1324 1525 1325
f 1325 1525 1526
f 1325 1526 1326
f 1326 1526 1527
f 1326 1527 1327
f 1327 1527 1528
f 1327 1528 1328
f 1328 1528 1529
f 1328 1529 1329
f 1329 1529 1530
f 1329 1530 1330
f 1330 1530 1531
f 1330 1531 1331
f 1331 1531 1532
f 1331 1532 1332
f 1332 1532 1533
f 1332 1533 1333
f 1333 1533 1534
f 1333 1534 1334
f 1334 1534 1535
f 1334 1535 1335
f 1335 1535 1536
f 1335 1536 1336
f 1336 1536 1537
f 1336 1537 1337
f 1337 1537 1538
f 1337 1538 1338
f 1338 1538 1539
f 1338 1539 1339
f 1339 1539 1540
f 1339 1540 1340
f 1340 1540 1541
f 1340 1541 1341
f 1341 1541 1542
f 1341 1542 1342
f 1342 1542 1543
f 1342 1543 1343
f 1343 1543 1544
f 1343 1544 1344
f 1344 1544 1545
f 1344 1545 1345
f 1345 1545 1546
f 1345 1546 1346
f 1346 1546 1547
f 1346 1547 1347
f 1347 1547 1548
f 1347 1548 1348
f 1348 1548 1549
f 1348 1549 1349
f 1349 1549 1550
f 1349 1550 1350
f 1350 1550 1551
f 1350 1551 1351
f 1351 1551 1552
f 1351 1552 1352
f 1352 1552 1353
f 1552 1553 1353
f 1353 1553 1354
f 1553 1554 1354
f 1354 1554 1355
f 1554 1555 1355
f 1355 1555 1356
f 1555 1556 1356
f 1356 1556 1357
f 1556 1557 1357
f 1357 1557 1358
f 1557 1558 1358
f 1358 1558 1359
f 1558 1559 1359
f 1359 1559 1360
f 1559 1560 1360
f 1360 1560 1361
f 1560 1561 1361
f 1361 1561 1362
f 1561 1562 1362
f 1362 1562 1363
f 1562 1563 1363
f 1363 1563 1364
f 1563 1564 1364
f 1364 1564 1365
f 1564 1565 1365
f 1365 1565 1366
f 1565 1566 1366
f 1366 1566 1367
f 1566 1567 1367
f 1367 1567 1368
f 1567 1568 1368
f 1368 1568 1369
f 1568 1569 1369
f 1369 1569 1370
f 1569 1570 1370
f 1370 1570 1371
f 1570 1571 1371
f 1371 1571 1372
f 1571 1572 1372
f 1372 1572 1373
f 1572 1573 1373
f 1373 1573 1374
f 1573 1574 1374
f 1374 1574 1375
f 1574 1575 1375
f 1375 1575 1376
f 1575 1576 1376
f 1376 1576 1377
f 1576 1577 1377
f 1377 1577 1378
f 1577 1578 1378
f 1378 1578 1379
f 1578 1579 1379
f 1379 1579 1380
f 1579 1580 1380
f 1380 1580 1381
f 1580 1581 1381
f 1381 1581 1382
f 1581 1582 1382
f 1382 1582 1383
f 1582 1583 1383
f 1383 1583 1384
f 1583 1584 1384
f 1384 1584 1385
f 1584 1585 1385
f 1385 1585 1386
f 1585 1586 1386
f 1386 1586 1387
f 1586 1587 1387
f 1387 1587 1388
f 1587 1588 1388
f 1388 1588 1389
f 1588 1589 1389
f 1389 1589 1390
f 1589 1590 1390
f 1390 1590 1391
f 1590 1591 1391
f 1391 1591 1392
f 1591 1592 1392
f 1392 1592 1393
f 1592 1593 1393
f 1393 1593 1394
f 1593 1594 1394
f 1394 1594 1395
f 1594 1595 1395
f 1395 1595 1396
f 1595 1596 1396
f 1396 1596 1397
f 1596 1597 1397
f 1397 1597 1398
f 1597 1598 1398
f 1398 1598 1399
f 1598 1599 1399
f 1399 1599 1400
f 1599 1600 1400
f 1400 1600 1401
f 1600 1601 1401
f 1401 1601 1202
f 1601 1402 1202
f 1402 1602 1603
f 1402 1603 1403
f 1403 1603 1604
f 1403 1604 1404
f 1404 1604 1605
f 1404 1605 1405
f 1405 1605 1606
f 1405 1606 1406
f 1406 1606 1607
f 1406 1607 1407
f 1407 1607 1608
f 1407 1608 1408
f 1408 1608 1609
f 1408 1609 1409
f 1409 1609 1610
f 1409 1610 1410
f 1410 1610 1611
f 1410 1611 1411
f 1411 1611 1612
f 1411 1612 1412
f 1412 1612 1613
f 1412 1613 1413
f 1413 1613 1614
f 1413 1614 1414
f 1414 1614 1615
f 1414 1615 1415
f 1415 1615 1616
f 1415 1616 1416
f 1416 1616 1617
f 1416 1617 1417
f 1417 1617 1618
f 1417 1618 1418
f 1418 1618 1619
f 1418 1619 1419
f 1419 1619 1620
f 1419 1620 1420
f 1420 1620 1621
f 1420 1621 1421
f 1421 1621 1622
f 1421 1622 1422
f 1422 1622 1623
f 1422 1623 1423
f 1423 1623 1624
f 1423 1624 1424
f 1424 1624 1625
f 1424 1625 1425
f 1425 1625 1626
f 1425 1626 1426
f 1426 1626 1627
f 1426 1627 1427
f 1427 1627 1628
f 1427 1628 1428
f 1428 1628 1629
f 1428 1629 1429
f 1429 1629 1630
f 1429 1630 1430
f 1430 1630 1631
f 1430 1631 1431
f 1431 1631 1632
f 1431 1632 1432
f 1432 1632 1633
f 1432 1633 1433
f 1433 1633 1634
f 1433 1634 1434
f 1434 1634 1635
f 1434 1635 1435
f 1435 1635 1636
f 1435 1636 1436
f 1436 1636 1637
f 1436 1637 1437
f 1437 1637 1638
f 1437 1638 1438
f 1438 1638 1639
f 1438 1639 1439
f 1439 1639 1640
f 1439 1640 1440
f 1440 1640 1641
f 1440 1641 1441
f 1441 1641 1642
f 1441 1642 1442
f 1442 1642 1643
f 1442 1643 1443
f 1443 1643 1644
f 1443 1644 1444
f 1444 1644 1645
f 1444 1645 1445
f 1445 1645 1646
f 1445 1646 1446
f 1446 1646 1647
f 1446 1647 1447
f 1447 1647 1648
f 1447 1648 1448
f 1448 1648 1649
f 1448 1649 1449
f 1449 1649 1650
f 1449 1650 1450
f 1450 1650 1651
f 1450 1651 1451
f 1451 1651 1652
f 1451 1652 1452
f 1452 1652 1453
f 1652 1653 1453
f 1453 1653 1454
f 1653 1654 1454
f 1454 1654 1455
f 1654 1655 1455
f 1455 1655 1456
f 1655 1656 1456
f 1456 1656 1457
f 1656 1657 1457
f 1457 1657 1458
f 1657 1658 1458
f 1458 1658 1459
f 1658 1659 1459
f 1459 1659 1460
f 1659 1660 1460
f 1460 1660 1461
f 1660 1661 1461
f 1461 1661 1462
f 1661 1662 1462
f 1462 1662 1463
f 1662 1663 1463
f 1463 1663 1464
f 1663 1664 1464
f 1464 1664 1465
f 1664 1665 1465
f 1465 1665 1466
f 1665 1666 1466
f 1466 1666 1467
f 1666 1667 1467
f 1467 1667 1468
f 1667 1668 1468
f 1468 1668 1469
f 1668 1669 1469
f 1469 1669 1470
f 1669 1670 1470
f 1470 1670 1471
f 1670 1671 1471
f 1471 1671 1472
f 1671 1672 1472
f 1472 1672 1473
f 1672 1673 1473
f 1473 1673 1474
f 1673 1674 1474
f 1474 1674 1475
f 1674 1675 1475
f 1475 1675 1476
f 1675 1676 1476
f 1476 1676 1477
f 1676 1677 1477
f 1477 1677 1478
f 1677 1678 1478
f 1478 1678 1479
f 1678 1679 1479
f 1479 1679 1480
f 1679 1680 1480
f 1480 1680 1481
f 1680 1681 1481
f 1481 1681 1482
f 1681 1682 1482
f 1482 1682 1483
f 1682 1683 1483
f 1483 1683 1484
f 1683 1684 1484
f 1484 1684 1485
f 1684 1685 1485
f 1485 1685 1486
f 1685 1686 1486
f 1486 1686 1487
f 1686 1687 1487
f 1487 1687 1488
f 1687 1688 1488
f 1488 1688 1489
f 1688 1689 1489
f 1489 1689 1490
f 1689 1690 1490
f 1490 1690 1491
f 1690 1691 1491
f 1491 1691 1492
f 1691 1692 1492
f 1492 1692 1493
f 1692 1693 1493
f 1493 1693 1494
f 1693 1694 1494
f 1494 1694 1495
f 1694 1695 1495
f 1495 1695 1496
f 1695 1696 1496
f 1496 1696 1497
f 1696 1697 1497
f 1497 1697 1498
f 1697 1698 1498
f 1498 1698 1499
f 1698 1699 1499
f 1499 1699 1500
f 1699 1700 1500
f 1500 1700 1501
f 1700 1701 1501
f 1501 1701 1502
f 1701 1702 1502
f 1502 1702 1703
f 1502 1703 1503
f 1503 1703 1704
f 1503 1704 1504
f 1504 1704 1705
f 1504 1705 1505
f 1505 1705 1706
f 1505 1706 1506
f 1506 1706 1707
f 1506 1707 1507
f 1507 1707 1708
f 1507 1708 1508
f 1508 1708 1709
f 1508 1709 1509
f 1509 1709 1710
f 1509 1710 1510
f 1510 1710 1711
f 1510 1711 1511
f 1511 1711 1712
f 1511 1712 1512
f 1512 1712 1713
f 1512 1713 1513
f 1513 1713 1714
f 1513 1714 1514
f 1514 1714 1715
f 1514 1715 1515
f 1515 1715 1716
f 1515 1716 1516
f 1516 1716 1717
f 1516 1717 1517
f 1517 1717 1718
f 1517 1718 1518
f 1518 1718 1719
f 1518 1719 1519
f 1519 1719 1720
f 1519 1720 1520
f 1520 1720 1721
f 1520 1721 1521
f 1521 1721 1722
f 1521 1722 1522
f 1522 1722 1723
f 1522 1723 1523
f 1523 1723 1724
f 1523 1724 1524
f 1524 1724 1725
f 1524 1725 1525
f 1525 1725 1726
f 1525 1726 1526
f 1526 1726 1727
f 1526 1727 1527
f 1527 1727 1728
f 1527 1728 1528
f 1528 1728 1729
f 1528 1729 1529
f 1529 1729 1730
f 1529 1730 1530
f 1530 1730 1731
f 1530 1731 1531
f 1531 1731 1732
f 1531 1732 1532
f 1532 1732 1733
f 1532 1733 1533
f 1533 1733 1734
f 1533 1734 1534
f 1534 1734 1735
f 1534 1735 1535
f 1535 1735 1736
f 1535 1736 1536
f 1536 1736 1737
f 1536 1737 1537
f 1537 1737 1738
f 1537 1738 1538
f 1538 1738 1739
f 1538 1739 1539
f 1539 1739 1740
f 1539 1740 1540
f 1540 1740 1741
f 1540 1741 1541
f 1541 1741 1742
f 1541 1742 1542
f 1542 1742 1743
f 1542 1743 1543
f 1543 1743 1744
f 1543 1744 1544
f 1544 1744 1745
f 1544 1745 1545
f 1545 1745 1746
f 1545 1746 1546
f 1546 1746 1747
f 1546 1747 1547
f 1547 1747 1748
f 1547 1748 1548
f 1548 1748 1749
f 1548 1749 1549
f 1549 1749 1750
f 1549 1750 1550
f 1550 1750 1751
f 1550 1751 1551
f 1551 1751 1752
f 1551 1752 1552
f 1552 1752 1553
f 1752 1753 1553
f 1553 1753 1554
f 1753 1754 1554
f 1554 1754 1555
f 1754 1755 1555
f 1555 1755 1556
f 1755 1756 1556
f 1556 1756 1557
f 1756 1757 1557
f 1557 1757 1558
f 1757 1758 1558
f 1558 1758 1559
f 1758 1759 1559
f 1559 1759 1560
f 1759 1760 1560
f 1560 1760 1561
f 1760 1761 1561
f 1561 1761 1562
f 1761 1762 1562
f 1562 1762 1563
f 1762 1763 1563
f 1563 1763 1564
f 1763 1764 1564
f 1564 1764 1565
f 1764 1765 1565
f 1565 1765 1566
f 1765 1766 1566
f 1566 1766 1567
f 1766 1767 1567
f 1567 1767 1568
f 1767 1768 1568
f 1568 1768 1569
f 1768 1769 1569
f 1569 1769 1570
f 1769 1770 1570
f 1570 1770 1571
f 1770 1771 1571
f 1571 1771 1572
f 1771 1772 1572
f 1572 1772 1573
f 1772 1773 1573
f 1573 1773 1574
f 1773 1774 1574
f 1574 1774 1575
f 1774 1775 1575
f 1575 1775 1576
f 1775 1776 1576
f 1576 1776 1577
f 1776 1777 1577
f 1577 1777 1578
f 1777 1778 1578
f 1578 1778 1579
f 1778 1779 1579
f 1579 1779 1580
f 1779 1780 1580
f 1580 1780 1581
f 1780 1781 1581
f 1581 1781 1582
f 1781 1782 1582
f 1582 1782 1583
f 1782 1783 1583
f 1583 1783 1584
f 1783 1784 1584
f 1584 1784 1585
f 1784 1785 1585
f 1585 1785 1586
f 1785 1786 1586
f 1586 1786 1587
f 1786 1787 1587
f 1587 1787 1588
f 1787 1788 1588
f 1588 1788 1589
f 1788 1789 1589
f 1589 1789 1590
f 1789 1790 1590
f 1590 1790 1591
f 1790 1791 1591
f 1591 1791 1592
f 1791 1792 1592
f 1592 1792 1593
f 1792 1793 1593
f 1593 1793 1594
f 1793 1794 1594
f 1594 1794 1595
f 1794 1795 1595
f 1595 1795 1596
f 1795 1796 1596
f 1596 1796 1597
f 1796 1797 1597
f 1597 1797 1598
f 1797 1798 1598
f 1598 1798 1599
f 1798 1799 1599
f 1599 1799 1600
f 1799 1800 1600
f 1600 1800 1601
f 1800 1801 1601
f 1601 1801 1402
f 1801 1602 1402
f 1602 1802 1803
f 1602 1803 1603
f 1603 1803 1804
f 1603 1804 1604
f 1604 1804 1805
f 1604 1805 1605
f 1605 1805 1806
f 1605 1806 1606
f 1606 1806 1807
f 1606 1807 1607
f 1607 1807 1808
f 1607 1808 1608
f 1608 1808 1809
f 1608 1809 1609
f 1609 1809 1810
f 1609 1810 1610
f 1610 1810 1811
f 1610 1811 1611
f 1611 1811 1812
f 1611 1812 1612
f 1612 1812 1813
f 1612 1813 1613
f 1613 1813 1814
f 1613 1814 1614
f 1614 1814 1815
f 1614 1815 1615
f 1615 1815 1816
f 1615 1816 1616
f 1616 1816 1817
f 1616 1817 1617
f 1617 1817 1818
f 1617 1818 1618
f 1618 1818 1819
f 1618 1819 1619
f 1619 1819 1820
f 1619 1820 1620
f 1620 1820 1821
f 1620 1821 1621
f 1621 1821 1822
f 1621 1822 1622
f 1622 1822 1823
f 1622 1823 1623
f 1623 1823 1824
f 1623 1824 1624
f 1624 1824 1825
f 1624 1825 1625
f 1625 1825 1826
f 1625 1826 1626
f 1626 1826 1827
f 1626 1827 1627
f 1627 1827 1828
f 1627 1828 1628
f 1628 1828 1829
f 1628 1829 1629
f 1629 1829 1830
f 1629 1830 1630
f 1630 1830 1831
f 1630 1831 1631
f 1631 1831 1832
f 1631 1832 1632
f 1632 1832 1833
f 1632 1833 1633
f 1633 1833 1834
f 1633 1834 1634
f 1634 1834 1835
f 1634 1835 1635
f 1635 1835 1836
f 1635 1836 1636
f 1636 1836 1837
f 1636 1837 1637
f 1637 1837 1838
f 1637 1838 1638
f 1638 1838 1839
f 1638 1839 1639
f 1639 1839 1840
f 1639 1840 1640
f 1640 1840 1841
f 1640 1841 1641
f 1641 1841 1842
f 1641 1842 1642
f 1642 1842 1843
f 1642 1843 1643
f 1643 1843 1844
f 1643 1844 1644
f 1644 1844 1845
f 1644 1845 1645
f 1645 1845 1846
f 1645 1846 1646
f 1646 1846 1847
f 1646 1847 1647
f 1647 1847 1848
f 1647 1848 1648
f 1648 1848 1849
f 1648 1849 1649
f 1649 1849 1850
f 1649 1850 1650
f 1650 1850 1851
f 1650 1851 1651
f 1651 1851 1852
f 1651 1852 1652
f 1652 1852 1653
f 1852 1853 1653
f 1653 1853 1654
f 1853 1854 1654
f 1654 1854 1655
f 1854 1855 1655
f 1655 1855 1656
f 1855 1856 1656
f 1656 1856 1657
f 1856 1857 1657
f 1657 1857 1658
f 1857 1858 1658
f 1658 1858 1659
f 1858 1859 1659
f 1659 1859 1660
f 1859 1860 1660
f 1660 1860 1661
f 1860 1861 1661
f 1661 1861 1662
f 1861 1862 1662
f 1662 1862 1663
f 1862 1863 1663
f 1663 1863 1664
f 1863 1864 1664
f 1664 1864 1665
f 1864 1865 1665
f 1665 1865 1666
f 1865 1866 1666
f 1666 1866 1667
f 1866 1867 1667
f 1667 1867 1668
f 1867 1868 1668
f 1668 1868 1669
f 1868 1869 1669
f 1669 1869 1670
f 1869 1870 1670
f 1670 1870 1671
f 1870 1871 1671
f 1671 1871 1672
f 1871 1872 1672
f 1672 1872 1673
f 1872 1873 1673
f 1673 1873 1674
f 1873 1874 1674
f 1674 1874 1675
f 1874 1875 1675
f 1675 1875 1676
f 1875 1876 1676
f 1676 1876 1677
f 1876 1877 1677
f 1677 1877 1678
f 1877 1878 1678
f 1678 1878 1679
f 1878 1879 1679
f 1679 1879 1680
f 1879 1880 1680
f 1680 1880 1681
f 1880 1881 1681
f 1681 1881 1682
f 1881 1882 1682
f 1682 1882 1683
f 1882 1883 1683
f 1683 1883 1684
f 1883 1884 1684
f 1684 1884 1685
f 1884 1885 1685
f 1685 1885 1686
f 1885 1886 1686
f 1686 1886 1687
f 1886 1887 1687
f 1687 1887 1688
f 1887 1888 1688
f 1688 1888 1689
f 1888 1889 1689
f 1689 1889 1690
f 1889 1890 1690
f 1690 1890 1691
f 1890 1891 1691
f 1691 1891 1692
f 1891 1892 1692
f 1692 1892 1693
f 1892 1893 1693
f 1693 1893 1694
f 1893 1894 1694
f 1694 1894 1695
f 1894 1895 1695
f 1695 1895 1696
f 1895 1896 1696
f 1696 1896 1697
f 1896 1897 1697
f 1697 1897 1698
f 1897 1898 1698
f 1698 1898 1699
f 1898 1899 1699
f 1699 1899 1700
f 1899 1900 1700
f 1700 1900 1701
f 1900 1901 1701
f 1701 1901 1702
f 1901 1902 1702
f 1702 1902 1903
f 1702 1903 1703
f 1703 1903 1904
f 1703 1904 1704
f 1704 1904 1905
f 1704 1905 1705
f 1705 1905 1906
f 1705 1906 1706
f 1706 1906 1907
f 1706 1907 1707
f 1707 1907 1908
f 1707 1908 1708
f 1708 1908 1909
f 1708 1909 1709
f 1709 1909 1910
f 1709 1910 1710
f 1710 1910 1911
f 1710 1911 1711
f 1711 1911 1912
f 1711 1912 1712
f 1712 1912 1913
f 1712 1913 1713
f 1713 1913 1914
f 1713 1914 1714
f 1714 1914 1915
f 1714 1915 1715
f 1715 1915 1916
f 1715 1916 1716
f 1716 1916 1917
f 1716 1917 1717
f 1717 1917 1918
f 1717 1918 1718
f 1718 1918 1919
f 1718 1919 1719
f 1719 1919 1920
f 1719 1920 1720
f 1720 1920 1921
f 1720 1921 1721
f 1721 1921 1922
f 1721 1922 1722
f 1722 1922 1923
f 1722 1923 1723
f 1723 1923 1924
f 1723 1924 1724
f 1724 1924 1925
f 1724 1925 1725
f 1725 1925 1926
f 1725 1926 1726
f 1726 1926 1927
f 1726 1927 1727
f 1727 1927 1928
f 1727 1928 1728
f 1728 1928 1929
f 1728 1929 1729
f 1729 1929 1930
f 1729 1930 1730
f 1730 1930 1931
f 1730 1931 1731
f 1731 1931 1932
f 1731 1932 1732
f 1732 1932 1933
f 1732 1933 1733
f 1733 1933 1934
f 1733 1934 1734
f 1734 1934 1935
f 1734 1935 1735
f 1735 1935 1936
f 1735 1936 1736
f 1736 1936 1937
f 1736 1937 1737
f 1737 1937 1938
f 1737 1938 1738
f 1738 1938 1939
f 1738 1939 1739
f 1739 1939 1940
f 1739 1940 1740
f 1740 1940 1941
f 1740 1941 1741
f 1741 1941 1942
f 1741 1942 1742
f 1742 1942 1943
f 1742 1943 1743
f 1743 1943 1944
f 1743 1944 1744
f 1744 1944 1945
f 1744 1945 1745
f 1745 1945 1946
f 1745 1946 1746
f 1746 1946 1947
f 1746 1947 1747
f 1747 1947 1948
f 1747 1948 1748
f 1748 1948 1949
f 1748 1949 1749
f 1749 1949 1950
f 1749 1950 1750
f 1750 1950 1951
f 1750 1951 1751
f 1751 1951 1952
f 1751 1952 1752
f 1752 1952 1753
f 1952 1953 1753
f 1753 1953 1754
f 1953 1954 1754
f 1754 1954 1755
f 1954 1955 1755
f 1755 1955 1756
f 1955 1956 1756
f 1756 1956 1757
f 1956 1957 1757
f 1757 1957 1758
f 1957 1958 1758
f 1758 1958 1759
f 1958 1959 1759
f 1759 1959 1760
f 1959 1960 1760
f 1760 1960 1761
f 1960 1961 1761
f 1761 1961 1762
f 1961 1962 1762
f 1762 1962 1763
f 1962 1963 1763
f 1763 1963 1764
f 1963 1964 1764
f 1764 1964 1765
f 1964 1965 1765
f 1765 1965 1766
f 1965 1966 1766
f 1766 1966 1767
f 1966 1967 1767
f 1767 1967 1768
f 1967 1968 1768
f 1768 1968 1769
f 1968 1969 1769
f 1769 1969 1770
f 1969 1970 1770
f 1770 1970 1771
f 1970 1971 1771
f 1771 1971 1772
f 1971 1972 1772
f 1772 1972 1773
f 1972 1973 1773
f 1773 1973 1774
f 1973 1974 1774
f 1774 1974 1775
f 1974 1975 1775
f 1775 1975 1776
f 1975 1976 1776
f 1776 1976 1777
f 1976 1977 1777
f 1777 1977 1778
f 1977 1978 1778
f 1778 1978 1779
f 1978 1979 1779
f 1779 1979 1780
f 1979 1980 1780
f 1780 1980 1781
f 1980 1981 1781
f 1781 1981 1782
f 1981 1982 1782
f 1782 1982 1783
f 1982 1983 1783
f 1783 1983 1784
f 1983 1984 1784
f 1784 1984 1785
f 1984 1985 1785
f 1785 1985 1786
f 1985 1986 1786
f 1786 1986 1787
f 1986 1987 1787
f 1787 1987 1788
f 1987 1988 1788
f 1788 1988 1789
f 1988 1989 1789
f 1789 1989 1790
f 1989 1990 1790
f 1790 1990 1791
f 1990 1991 1791
f 1791 1991 1792
f 1991 1992 1792
f 1792 1992 1793
f 1992 1993 1793
f 1793 1993 1794
f 1993 1994 1794
f 1794 1994 1795
f 1994 1995 1795
f 1795 1995 1796
f 1995 1996 1796
f 1796 1996 1797
f 1996 1997 1797
f 1797 1997 1798
f 1997 1998 1798
f 1798 1998 1799
f 1998 1999 1799
f 1799 1999 1800
f 1999 2000 1800
f 1800 2000 1801
f 2000 2001 1801
f 1801 2001 1602
f 2001 1802 1602
f 1802 2002 2003
f 1802 2003 1803
f 1803 2003 2004
f 1803 2004 1804
f 1804 2004 2005
f 1804 2005 1805
f 1805 2005 2006
f 1805 2006 1806
f 1806 2006 2007
f 1806 2007 1807
f 1807 2007 2008
f 1807 2008 1808
f 1808 2008 2009
f 1808 2009 1809
f 1809 2009 2010
f 1809 2010 1810
f 1810 2010 2011
f 1810 2011 1811
f 1811 2011 2012
f 1811 2012 1812
f 1812 2012 2013
f 1812 2013 1813
f 1813 2013 2014
f 1813 2014 1814
f 1814 2014 2015
f 1814 2015 1815
f 1815 2015 2016
f 1815 2016 1816
f 1816 2016 2017
f 1816 2017 1817
f 1817 2017 2018
f 1817 2018 1818
f 1818 2018 2019
f 1818 2019 1819
f 1819 2019 2020
f 1819 2020 1820
f 1820 2020 2021
f 1820 2021 1821
f 1821 2021 2022
f 1821 2022 1822
f 1822 2022 2023
f 1822 2023 1823
f 1823 2023 2024
f 1823 2024 1824
f 1824 2024 2025
f 1824 2025 1825
f 1825 2025 2026
f 1825 2026 1826
f 1826 2026 2027
f 1826 2027 1827
f 1827 2027 2028
f 1827 2028 1828
f 1828 2028 2029
f 1828 2029 1829
f 1829 2029 2030
f 1829 2030 1830
f 1830 2030 2031
f 1830 2031 1831
f 1831 2031 2032
f 1831 2032 1832
f 1832 2032 2033
f 1832 2033 1833
f 1833 2033 2034
f 1833 2034 1834
f 1834 2034 2035
f 1834 2035 1835
f 1835 2035 2036
f 1835 2036 1836
f 1836 2036 2037
f 1836 2037 1837
f 1837 2037 2038
f 1837 2038 1838
f 1838 2038 2039
f 1838 2039 1839
f 1839 2039 2040
f 1839 2040 1840
f 1840 2040 2041
f 1840 2041 1841
f 1841 2041 2042
f 1841 2042 1842
f 1842 2042 2043
f 1842 2043 1843
f 1843 2043 2044
f 1843 2044 1844
f 1844 2044 2045
f 1844 2045 1845
f 1845 2045 2046
f 1845 2046 1846
f 1846 2046 2047
f 1846 2047 1847
f 1847 2047 2048
f 1847 2048 1848
f 1848 2048 2049
f 1848 2049 1849
f 1849 2049 2050
f 1849 2050 1850
f 1850 2050 2051
f 1850 2051 1851
f 1851 2051 2052
f 1851 2052 1852
f 1852 2052 1853
f 2052 2053 1853
f 1853 2053 1854
f 2053 2054 1854
f 1854 2054 1855
f 2054 2055 1855
f 1855 2055 1856
f 2055 2056 1856
f 1856 2056 1857
f 2056 2057 1857
f 1857 2057 1858
f 2057 2058 1858
f 1858 2058 1859
f 2058 2059 1859
f 1859 2059 1860
f 2059 2060 1860
f 1860 2060 1861
f 2060 2061 1861
f 1861 2061 1862
f 2061 2062 1862
f 1862 2062 1863
f 2062 2063 1863
f 1863 2063 1864
f 2063 2064 1864
f 1864 2064 1865
f 2064 2065 1865
f 1865 2065 1866
f 2065 2066 1866
f 1866 2066 1867
f 2066 2067 1867
f 1867 2067 1868
f 2067 2068 1868
f 1868 2068 1869
f 2068 2069 1869
f 1869 2069 1870
f 2069 2070 1870
f 1870 2070 1871
f 2070 2071 1871
f 1871 2071 1872
f 2071 2072 1872
f 1872 2072 1873
f 2072 2073 1873
f 1873 2073 1874
f 2073 2074 1874
f 1874 2074 1875
f 2074 2075 1875
f 1875 2075 1876
f 2075 2076 1876
f 1876 2076 1877
f 2076 2077 1877
f 1877 2077 1878
f 2077 2078 1878
f 1878 2078 1879
f 2078 2079 1879
f 1879 2079 1880
f 2079 2080 1880
f 1880 2080 1881
f 2080 2081 1881
f 1881 2081 1882
f 2081 2082 1882
f 1882 2082 1883
f 2082 2083 1883
f 1883 2083 1884
f 2083 2084 1884
f 1884 2084 1885
f 2084 2085 1885
f 1885 2085 1886
f 2085 2086 1886
f 1886 2086 1887
f 2086 2087 1887
f 1887 2087 1888
f 2087 2088 1888
f 1888 2088 1889
f 2088 2089 1889
f 1889 2089 1890
f 2089 2090 1890
f 1890 2090 1891
f 2090 2091 1891
f 1891 2091 1892
f 2091 2092 1892
f 1892 2092 1893
f 2092 2093 1893
f 1893 2093 1894
f 2093 2094 1894
f 1894 2094 1895
f 2094 2095 1895
f 1895 2095 1896
f 2095 2096 1896
f 1896 2096 1897
f 2096 2097 1897
f 1897 2097 1898
f 2097 2098 1898
f 1898 2098 1899
f 2098 2099 1899
f 1899 2099 1900
f 2099 2100 1900
f 1900 2100 1901
f 2100 2101 1901
f 1901 2101 1902
f 2101 2102 1902
f 1902 2102 2103
f 1902 2103 1903
f 1903 2103 2104
f 1903 2104 1904
f 1904 2104 2105
f 1904 2105 1905
f 1905 2105 2106
f 1905 2106 1906
f 1906 2106 2107
f 1906 2107 1907
f 1907 2107 2108
f 1907 2108 1908
f 1908 2108 2109
f 1908 2109 1909
f 1909 2109 2110
f 1909 2110 1910
f 1910 2110 2111
f 1910 2111 1911
f 1911 2111 2112
f 1911 2112 1912
f 1912 2112 2113
f 1912 2113 1913
f 1913 2113 2114
f 1913 2114 1914
f 1914 2114 2115
f 1914 2115 1915
f 1915 2115 2116
f 1915 2116 1916
f 1916 2116 2117
f 1916 2117 1917
f 1917 2117 2118
f 1917 2118 1918
f 1918 2118 2119
f 1918 2119 1919
f 1919 2119 2120
f 1919 2120 1920
f 1920 2120 2121
f 1920 2121 1921
f 1921 2121 2122
f 1921 2122 1922
f 1922 2122 2123
f 1922 2123 1923
f 1923 2123 2124
f 1923 2124 1924
f 1924 2124 2125
f 1924 2125 1925
f 1925 2125 2126
f 1925 2126 1926
f 1926 2126 2127
f 1926 2127 1927
f 1927 2127 2128
f 1927 2128 1928
f 1928 2128 2129
f 1928 2129 1929
f 1929 2129 2130
f 1929 2130 1930
f 1930 2130 2131
f 1930 2131 1931
f 1931 2131 2132
f 1931 2132 1932
f 1932 2132 2133
f 1932 2133 1933
f 1933 2133 2134
f 1933 2134 1934
f 1934 2134 2135
f 1934 2135 1935
f 1935 2135 2136
f 1935 2136 1936
f 1936 2136 2137
f 1936 2137 1937
f 1937 2137 2138
f 1937 2138 1938
f 1938 2138 2139
f 1938 2139 1939
f 1939 2139 2140
f 1939 2140 1940
f 1940 2140 2141
f 1940 2141 1941
f 1941 2141 2142
f 1941 2142 1942
f 1942 2142 2143
f 1942 2143 1943
f 1943 2143 2144
f 1943 2144 1944
f 1944 2144 2145
f 1944 2145 1945
f 1945 2145 2146
f 1945 2146 1946
f 1946 2146 2147
f 1946 2147 1947
f 1947 2147 2148
f 1947 2148 1948
f 1948 2148 2149
f 1948 2149 1949
f 1949 2149 2150
f 1949 2150 1950
f 1950 2150 2151
f 1950 2151 1951
f 1951 2151 2152
f 1951 2152 1952
f 1952 2152 1953
f 2152 2153 1953
f 1953 2153 1954
f 2153 2154 1954
f 1954 2154 1955
f 2154 2155 1955
f 1955 2155 1956
f 2155 2156 1956
f 1956 2156 1957
f 2156 2157 1957
f 1957 2157 1958
f 2157 2158 1958
f 1958 2158 1959
f 2158 2159 1959
f 1959 2159 1960
f 2159 2160 1960
f 1960 2160 1961
f 2160 2161 1961
f 1961 2161 1962
f 2161 2162 1962
f 1962 2162 1963
f 2162 2163 1963
f 1963 2163 1964
f 2163 2164 1964
f 1964 2164 1965
f 2164 2165 1965
f 1965 2165 1966
f 2165 2166 1966
f 1966 2166 1967
f 2166 2167 1967
f 1967 2167 1968
f 2167 2168 1968
f 1968 2168 1969
f 2168 2169 1969
f 1969 2169 1970
f 2169 2170 1970
f 1970 2170 1971
f 2170 2171 1971
f 1971 2171 1972
f 2171 2172 1972
f 1972 2172 1973
f 2172 2173 1973
f 1973 2173 1974
f 2173 2174 1974
f 1974 2174 1975
f 2174 2175 1975
f 1975 2175 1976
f 2175 2176 1976
f 1976 2176 1977
f 2176 2177 1977
f 1977 2177 1978
f 2177 2178 1978
f 1978 2178 1979
f 2178 2179 1979
f 1979 2179 1980
f 2179 2180 1980
f 1980 2180 1981
f 2180 2181 1981
f 1981 2181 1982
f 2181 2182 1982
f 1982 2182 1983
f 2182 2183 1983
f 1983 2183 1984
f 2183 2184 1984
f 1984 2184 1985
f 2184 2185 1985
f 1985 2185 1986
f 2185 2186 1986
f 1986 2186 1987
f 2186 2187 1987
f 1987 2187 1988
f 2187 2188 1988
f 1988 2188 1989
f 2188 2189 1989
f 1989 2189 1990
f 2189 2190 1990
f 1990 2190 1991
f 2190 2191 1991
f 1991 2191 1992
f 2191 2192 1992
f 1992 2192 1993
f 2192 2193 1993
f 1993 2193 1994
f 2193 2194 1994
f 1994 2194 1995
f 2194 2195 1995
f 1995 2195 1996
f 2195 2196 1996
f 1996 2196 1997
f 2196 2197 1997
f 1997 2197 1998
f 2197 2198 1998
f 1998 2198 1999
f 2198 2199 1999
f 1999 2199 2000
f 2199 2200 2000
f 2000 2200 2001
f 2200 2201 2001
f 2001 2201 1802
f 2201 2002 1802
f 2002 2202 2203
f 2002 2203 2003
f 2003 2203 2204
f 2003 2204 2004
f 2004 2204 2205
f 2004 2205 2005
f 2005 2205 2206
f 2005 2206 2006
f 2006 2206 2207
f 2006 2207 2007
f 2007 2207 2208
f 2007 2208 2008
f 2008 2208 2209
f 2008 2209 2009
f 2009 2209 2210
f 2009 2210 2010
f 2010 2210 2211
f 2010 2211 2011
f 2011 2211 2212
f 2011 2212 2012
f 2012 2212 2213
f 2012 2213 2013
f 2013 2213 2214
f 2013 2214 2014
f 2014 2214 2215
f 2014 2215 2015
f 2015 2215 2216
f 2015 2216 2016
f 2016 2216 2217
f 2016 2217 2017
f 2017 2217 2218
f 2017 2218 2018
f 2018 2218 2219
f 2018 2219 2019
f 2019 2219 2220
f 2019 2220 2020
f 2020 2220 2221
f 2020 2221 2021
f 2021 2221 2222
f 2021 2222 2022
f 2022 2222 2223
f 2022 2223 2023
f 2023 2223 2224
f 2023 2224 2024
f 2024 2224 2225
f 2024 2225 2025
f 2025 2225 2226
f 2025 2226 2026
f 2026 2226 2227
f 2026 2227 2027
f 2027 2227 2228
f 2027 2228 2028
f 2028 2228 2229
f 2028 2229 2029
f 2029 2229 2230
f 2029 2230 2030
f 2030 2230 2231
f 2030 2231 2031
f 2031 2231 2232
f 2031 2232 2032
f 2032 2232 2233
f 2032 2233 2033
f 2033 2233 2234
f 2033 2234 2034
f 2034 2234 2235
f 2034 2235 2035
f 2035 2235 2236
f 2035 2236 2036
f 2036 2236 2237
f 2036 2237 2037
f 2037 2237 2238
f 2037 2238 2038
f 2038 2238 2239
f 2038 2239 2039
f 2039 2239 2240
f 2039 2240 2040
f 2040 2240 2241
f 2040 2241 2041
f 2041 2241 2242
f 2041 2242 2042
f 2042 2242 2243
f 2042 2243 2043
f 2043 2243 2244
f 2043 2244 2044
f 2044 2244 2245
f 2044 2245 2045
f 2045 2245 2246
f 2045 2246 2046
f 2046 2246 2247
f 2046 2247 2047
f 2047 2247 2248
f 2047 2248 2048
f 2048 2248 2249
f 2048 2249 2049
f 2049 2249 2250
f 2049 2250 2050
f 2050 2250 2251
f 2050 2251 2051
f 2051 2251 2252
f 2051 2252 2052
f 2052 2252 2053
f 2252 2253 2053
f 2053 2253 2054
f 2253 2254 2054
f 2054 2254 2055
f 2254 2255 2055
f 2055 2255 2056
f 2255 2256 2056
f 2056 2256 2057
f 2256 2257 2057
f 2057 2257 2058
f 2257 2258 2058
f 2058 2258 2059
f 2258 2259 2059
f 2059 2259 2060
f 2259 2260 2060
f 2060 2260 2061
f 2260 2261 2061
f 2061 2261 2062
f 2261 2262 2062
f 2062 2262 2063
f 2262 2263 2063
f 2063 2263 2064
f 2263 2264 2064
f 2064 2264 2065
f 2264 2265 2065
f 2065 2265 2066
f 2265 2266 2066
f 2066 2266 2067
f 2266 2267 2067
f 2067 2267 2068
f 2267 2268 2068
f 2068 2268 2069
f 2268 2269 2069
f 2069 2269 2070
f 2269 2270 2070
f 2070 2270 2071
f 2270 2271 2071
f 2071 2271 2072
f 2271 2272 2072
f 2072 2272 2073
f 2272 2273 2073
f 2073 2273 2074
f 2273 2274 2074
f 2074 2274 2075
f 2274 2275 2075
f 2075 2275 2076
f 2275 2276 2076
f 2076 2276 2077
f 2276 2277 2077
f 2077 2277 2078
f 2277 2278 2078
f 2078 2278 2079
f 2278 2279 2079
f 2079 2279 2080
f 2279 2280 2080
f 2080 2280 2081
f 2280 2281 2081
f 2081 2281 2082
f 2281 2282 2082
f 2082 2282 2083
f 2282 2283 2083
f 2083 2283 2084
f 2283 2284 2084
f 2084 2284 2085
f 2284 2285 2085
f 2085 2285 2086
f 2285 2286 2086
f 2086 2286 2087
f 2286 2287 2087
f 2087 2287 2088
f 2287 2288 2088
f 2088 2288 2089
f 2288 2289 2089
f 2089 2289 2090
f 2289 2290 2090
f 2090 2290 2091
f 2290 2291 2091
f 2091 2291 2092
f 2291 2292 2092
f 2092 2292 2093
f 2292 2293 2093
f 2093 2293 2094
f 2293 2294 2094
f 2094 2294 2095
f 2294 2295 2095
f 2095 2295 2096
f 2295 2296 2096
f 2096 2296 2097
f 2296 2297 2097
f 2097 2297 2098
f 2297 2298 2098
f 2098 2298 2099
f 2298 2299 2099
f 2099 2299 2100
f 2299 2300 2100
f 2100 2300 2101
f 2300 2301 2101
f 2101 2301 2102
f 2301 2302 2102
f 2102 2302 2303
f 2102 2303 2103
f 2103 2303 2304
f 2103 2304 2104
f 2104 2304 2305
f 2104 2305 2105
f 2105 2305 2306
f 2105 2306 2106
f 2106 2306 2307
f 2106 2307 2107
f 2107 2307 2308
f 2107 2308 2108
f 2108 2308 2309
f 2108 2309 2109
f 2109 2309 2310
f 2109 2310 2110
f 2110 2310 2311
f 2110 2311 2111
f 2111 2311 2312
f 2111 2312 2112
f 2112 2312 2313
f 2112 2313 2113
f 2113 2313 2314
f 2113 2314 2114
f 2114 2314 2315
f 2114 2315 2115
f 2115 2315 2316
f 2115 2316 2116
f 2116 2316 2317
f 2116 2317 2117
f 2117 2317 2318
f 2117 2318 2118
f 2118 2318 2319
f 2118 2319 2119
f 2119 2319 2320
f 2119 2320 2120
f 2120 2320 2321
f 2120 2321 2121
f 2121 2321 2322
f 2121 2322 2122
f 2122 2322 2323
f 2122 2323 2123
f 2123 2323 2324
f 2123 2324 2124
f 2124 2324 2325
f 2124 2325 2125
f 2125 2325 2326
f 2125 2326 2126
f 2126 2326 2327
f 2126 2327 2127
f 2127 2327 2328
f 2127 2328 2128
f 2128 2328 2329
f 2128 2329 2129
f 2129 2329 2330
f 2129 2330 2130
f 2130 2330 2331
f 2130 2331 2131
f 2131 2331 2332
f 2131 2332 2132
f 2132 2332 2333
f 2132 2333 2133
f 2133 2333 2334
f 2133 2334 2134
f 2134 2334 2335
f 2134 2335 2135
f 2135 2335 2336
f 2135 2336 2136
f 2136 2336 2337
f 2136 2337 2137
f 2137 2337 2338
f 2137 2338 2138
f 2138 2338 2339
f 2138 2339 2139
f 2139 2339 2340
f 2139 2340 2140
f 2140 2340 2341
f 2140 2341 2141
f 2141 2341 2342
f 2141 2342 2142
f 2142 2342 2343
f 2142 2343 2143
f 2143 2343 2344
f 2143 2344 2144
f 2144 2344 2345
f 2144 2345 2145
f 2145 2345 2346
f 2145 2346 2146
f 2146 2346 2347
f 2146 2347 2147
f 2147 2347 2348
f 2147 2348 2148
f 2148 2348 2349
f 2148 2349 2149
f 2149 2349 2350
f 2149 2350 2150
f 2150 2350 2351
f 2150 2351 2151
f 2151 2351 2352
f 2151 2352 2152
f 2152 2352 2153
f 2352 2353 2153
f 2153 2353 2154
f 2353 2354 2154
f 2154 2354 2155
f 2354 2355 2155
f 2155 2355 2156
f 2355 2356 2156
f 2156 2356 2157
f 2356 2357 2157
f 2157 2357 2158
f 2357 2358 2158
f 2158 2358 2159
f 2358 2359 2159
f 2159 2359 2160
f 2359 2360 2160
f 2160 2360 2161
f 2360 2361 2161
f 2161 2361 2162
f 2361 2362 2162
f 2162 2362 2163
f 2362 2363 2163
f 2163 2363 2164
f 2363 2364 2164
f 2164 2364 2165
f 2364 2365 2165
f 2165 2365 2166
f 2365 2366 2166
f 2166 2366 2167
f 2366 2367 2167
f 2167 2367 2168
f 2367 2368 2168
f 2168 2368 2169
f 2368 2369 2169
f 2169 2369 2170
f 2369 2370 2170
f 2170 2370 2171
f 2370 2371 2171
f 2171 2371 2172
f 2371 2372 2172
f 2172 2372 2173
f 2372 2373 2173
f 2173 2373 2174
f 2373 2374 2174
f 2174 2374 2175
f 2374 2375 2175
f 2175 2375 2176
f 2375 2376 2176
f 2176 2376 2177
f 2376 2377 2177
f 2177 2377 2178
f 2377 2378 2178
f 2178 2378 2179
f 2378 2379 2179
f 2179 2379 2180
f 2379 2380 2180
f 2180 2380 2181
f 2380 2381 2181
f 2181 2381 2182
f 2381 2382 2182
f 2182 2382 2183
f 2382 2383 2183
f 2183 2383 2184
f 2383 2384 2184
f 2184 2384 2185
f 2384 2385 2185
f 2185 2385 2186
f 2385 2386 2186
f 2186 2386 2187
f 2386 2387 2187
f 2187 2387 2188
f 2387 2388 2188
f 2188 2388 2189
f 2388 2389 2189
f 2189 2389 2190
f 2389 2390 2190
f 2190 2390 2191
f 2390 2391 2191
f 2191 2391 2192
f 2391 2392 2192
f 2192 2392 2193
f 2392 2393 2193
f 2193 2393 2194
f 2393 2394 2194
f 2194 2394 2195
f 2394 2395 2195
f 2195 2395 2196
f 2395 2396 2196
f 2196 2396 2197
f 2396 2397 2197
f 2197 2397 2198
f 2397 2398 2198
f 2198 2398 2199
f 2398 2399 2199
f 2199 2399 2200
f 2399 2400 2200
f 2200 2400 2201
f 2400 2401 2201
f 2201 2401 2002
f 2401 2202 2002
f 2202 2402 2403
f 2202 2403 2203
f 2203 2403 2404
f 2203 2404 2204
f 2204 2404 2405
f 2204 2405 2205
f 2205 2405 2406
f 2205 2406 2206
f 2206 2406 2407
f 2206 2407 2207
f 2207 2407 2408
f 2207 2408 2208
f 2208 2408 2409
f 2208 2409 2209
f 2209 2409 2410
f 2209 2410 2210
f 2210 2410 2411
f 2210 2411 2211
f 2211 2411 2412
f 2211 2412 2212
f 2212 2412 2413
f 2212 2413 2213
f 2213 2413 2414
f 2213 2414 2214
f 2214 2414 2415
f 2214 2415 2215
f 2215 2415 2416
f 2215 2416 2216
f 2216 2416 2417
f 2216 2417 2217
f 2217 2417 2418
f 2217 2418 2218
f 2218 2418 2419
f 2218 2419 2219
f 2219 2419 2420
f 2219 2420 2220
f 2220 2420 2421
f 2220 2421 2221
f 2221 2421 2422
f 2221 2422 2222
f 2222 2422 2423
f 2222 2423 2223
f 2223 2423 2424
f 2223 2424 2224
f 2224 2424 2425
f 2224 2425 2225
f 2225 2425 2426
f 2225 2426 2226
f 2226 2426 2427
f 2226 2427 2227
f 2227 2427 2428
f 2227 2428 2228
f 2228 2428 2429
f 2228 2429 2229
f 2229 2429 2430
f 2229 2430 2230
f 2230 2430 2431
f 2230 2431 2231
f 2231 2431 2432
f 2231 2432 2232
f 2232 2432 2433
f 2232 2433 2233
f 2233 2433 2434
f 2233 2434 2234
f 2234 2434 2435
f 2234 2435 2235
f 2235 2435 2436
f 2235 2436 2236
f 2236 2436 2437
f 2236 2437 2237
f 2237 2437 2438
f 2237 2438 2238
f 2238 2438 2439
f 2238 2439 2239
f 2239 2439 2440
f 2239 2440 2240
f 2240 2440 2441
f 2240 2441 2241
f 2241 2441 2442
f 2241 2442 2242
f 2242 2442 2443
f 2242 2443 2243
f 2243 2443 2444
f 2243 2444 2244
f 2244 2444 2445
f 2244 2445 2245
f 2245 2445 2446
f 2245 2446 2246
f 2246 2446 2447
f 2246 2447 2247
f 2247 2447 2448
f 2247 2448 2248
f 2248 2448 2449
f 2248 2449 2249
f 2249 2449 2450
f 2249 2450 2250
f 2250 2450 2451
f 2250 2451 2251
f 2251 2451 2452
f 2251 2452 2252
f 2252 2452 2253
f 2452 2453 2253
f 2253 2453 2254
f 2453 2454 2254
f 2254 2454 2255
f 2454 2455 2255
f 2255 2455 2256
f 2455 2456 2256
f 2256 2456 2257
f 2456 2457 2257
f 2257 2457 2258
f 2457 2458 2258
f 2258 2458 2259
f 2458 2459 2259
f 2259 2459 2260
f 2459 2460 2260
f 2260 2460 2261
f 2460 2461 2261
f 2261 2461 2262
f 2461 2462 2262
f 2262 2462 2263
f 2462 2463 2263
f 2263 2463 2264
f 2463 2464 2264
f 2264 2464 2265
f 2464 2465 2265
f 2265 2465 2266
f 2465 2466 2266
f 2266 2466 2267
f 2466 2467 2267
f 2267 2467 2268
f 2467 2468 2268
f 2268 2468 2269
f 2468 2469 2269
f 2269 2469 2270
f 2469 2470 2270
f 2270 2470 2271
f 2470 2471 2271
f 2271 2471 2272
f 2471 2472 2272
f 2272 2472 2273
f 2472 2473 2273
f 2273 2473 2274
f 2473 2474 2274
f 2274 2474 2275
f 2474 2475 2275
f 2275 2475 2276
f 2475 2476 2276
f 2276 2476 2277
f 2476 2477 2277
f 2277 2477 2278
f 2477 2478 2278
f 2278 2478 2279
f 2478 2479 2279
f 2279 2479 2280
f 2479 2480 2280
f 2280 2480 2281
f 2480 2481 2281
f 2281 2481 2282
f 2481 2482 2282
f 2282 2482 2283
f 2482 2483 2283
f 2283 2483 2284
f 2483 2484 2284
f 2284 2484 2285
f 2484 2485 2285
f 2285 2485 2286
f 2485 2486 2286
f 2286 2486 2287
f 2486 2487 2287
f 2287 2487 2288
f 2487 2488 2288
f 2288 2488 2289
f 2488 2489 2289
f 2289 2489 2290
f 2489 2490 2290
f 2290 2490 2291
f 2490 2491 2291
f 2291 2491 2292
f 2491 2492 2292
f 2292 2492 2293
f 2492 2493 2293
f 2293 2493 2294
f 2493 2494 2294
f 2294 2494 2295
f 2494 2495 2295
f 2295 2495 2296
f 2495 2496 2296
f 2296 2496 2297
f 2496 2497 2297
f 2297 2497 2298
f 2497 2498 2298
f 2298 2498 2299
f 2498 2499 2299
f 2299 2499 2300
f 2499 2500 2300
f 2300 2500 2301
f 2500 2501 2301
f 2301 2501 2302
f 2501 2502 2302
f 2302 2502 2503
f 2302 2503 2303
f 2303 2503 2504
f 2303 2504 2304
f 2304 2504 2505
f 2304 2505 2305
f 2305 2505 2506
f 2305 2506 2306
f 2306 2506 2507
f 2306 2507 2307
f 2307 2507 2508
f 2307 2508 2308
f 2308 2508 2509
f 2308 2509 2309
f 2309 2509 2510
f 2309 2510 2310
f 2310 2510 2511
f 2310 2511 2311
f 2311 2511 2512
f 2311 2512 2312
f 2312 2512 2513
f 2312 2513 2313
f 2313 2513 2514
f 2313 2514 2314
f 2314 2514 2515
f 2314 2515 2315
f 2315 2515 2516
f 2315 2516 2316
f 2316 2516 2517
f 2316 2517 2317
f 2317 2517 2518
f 2317 2518 2318
f 2318 2518 2519
f 2318 2519 2319
f 2319 2519 2520
f 2319 2520 2320
f 2320 2520 2521
f 2320 2521 2321
f 2321 2521 2522
f 2321 2522 2322
f 2322 2522 2523
f 2322 2523 2323
f 2323 2523 2524
f 2323 2524 2324
f 2324 2524 2525
f 2324 2525 2325
f 2325 2525 2526
f 2325 2526 2326
f 2326 2526 2527
f 2326 2527 2327
f 2327 2527 2528
f 2327 2528 2328
f 2328 2528 2529
f 2328 2529 2329
f 2329 2529 2530
f 2329 2530 2330
f 2330 2530 2531
f 2330 2531 2331
f 2331 2531 2532
f 2331 2532 2332
f 2332 2532 2533
f 2332 2533 2333
f 2333 2533 2534
f 2333 2534 2334
f 2334 2534 2535
f 2334 2535 2335
f 2335 2535 2536
f 2335 2536 2336
f 2336 2536 2537
f 2336 2537 2337
f 2337 2537 2538
f 2337 2538 2338
f 2338 2538 2539
f 2338 2539 2339
f 2339 2539 2540
f 2339 2540 2340
f 2340 2540 2541
f 2340 2541 2341
f 2341 2541 2542
f 2341 2542 2342
f 2342 2542 2543
f 2342 2543 2343
f 2343 2543 2544
f 2343 2544 2344
f 2344 2544 2545
f 2344 2545 2345
f 2345 2545 2546
f 2345 2546 2346
f 2346 2546 2547
f 2346 2547 2347
f 2347 2547 2548
f 2347 2548 2348
f 2348 2548 2549
f 2348 2549 2349
f 2349 2549 2550
f 2349 2550 2350
f 2350 2550 2551
f 2350 2551 2351
f 2351 2551 2552
f 2351 2552 2352
f 2352 2552 2353
f 2552 2553 2353
f 2353 2553 2354
f 2553 2554 2354
f 2354 2554 2355
f 2554 2555 2355
f 2355 2555 2356
f 2555 2556 2356
f 2356 2556 2357
f 2556 2557 2357
f 2357 2557 2358
f 2557 2558 2358
f 2358 2558 2359
f 2558 2559 2359
f 2359 2559 2360
f 2559 2560 2360
f 2360 2560 2361
f 2560 2561 2361
f 2361 2561 2362
f 2561 2562 2362
f 2362 2562 2363
f 2562 2563 2363
f 2363 2563 2364
f 2563 2564 2364
f 2364 2564 2365
f 2564 2565 2365
f 2365 2565 2366
f 2565 2566 2366
f 2366 2566 2367
f 2566 2567 2367
f 2367 2567 2368
f 2567 2568 2368
f 2368 2568 2369
f 2568 2569 2369
f 2369 2569 2370
f 2569 2570 2370
f 2370 2570 2371
f 2570 2571 2371
f 2371 2571 2372
f 2571 2572 2372
f 2372 2572 2373
f 2572 2573 2373
f 2373 2573 2374
f 2573 2574 2374
f 2374 2574 2375
f 2574 2575 2375
f 2375 2575 2376
f 2575 2576 2376
f 2376 2576 2377
f 2576 2577 2377
f 2377 2577 2378
f 2577 2578 2378
f 2378 2578 2379
f 2578 2579 2379
f 2379 2579 2380
f 2579 2580 2380
f 2380 2580 2381
f 2580 2581 2381
f 2381 2581 2382
f 2581 2582 2382
f 2382 2582 2383
f 2582 2583 2383
f 2383 2583 2384
f 2583 2584 2384
f 2384 2584 2385
f 2584 2585 2385
f 2385 2585 2386
f 2585 2586 2386
f 2386 2586 2387
f 2586 2587 2387
f 2387 2587 2388
f 2587 2588 2388
f 2388 2588 2389
f 2588 2589 2389
f 2389 2589 2390
f 2589 2590 2390
f 2390 2590 2391
f 2590 2591 2391
f 2391 2591 2392
f 2591 2592 2392
f 2392 2592 2393
f 2592 2593 2393
f 2393 2593 2394
f 2593 2594 2394
f 2394 2594 2395
f 2594 2595 2395
f 2395 2595 2396
f 2595 2596 2396
f 2396 2596 2397
f 2596 2597 2397
f 2397 2597 2398
f 2597 2598 2398
f 2398 2598 2399
f 2598 2599 2399
f 2399 2599 2400
f 2599 2600 2400
f 2400 2600 2401
f 2600 2601 2401
f 2401 2601 2202
f 2601 2402 2202
f 2402 2602 2603
f 2402 2603 2403
f 2403 2603 2604
f 2403 2604 2404
f 2404 2604 2605
f 2404 2605 2405
f 2405 2605 2606
f 2405 2606 2406
f 2406 2606 2607
f 2406 2607 2407
f 2407 2607 2608
f 2407 2608 2408
f 2408 2608 2609
f 2408 2609 2409
f 2409 2609 2610
f 2409 2610 2410
f 2410 2610 2611
f 2410 2611 2411
f 2411 2611 2612
f 2411 2612 2412
f 2412 2612 2613
f 2412 2613 2413
f 2413 2613 2614
f 2413 2614 2414
f 2414 2614 2615
f 2414 2615 2415
f 2415 2615 2616
f 2415 2616 2416
f 2416 2616 2617
f 2416 2617 2417
f 2417 2617 2618
f 2417 2618 2418
f 2418 2618 2619
f 2418 2619 2419
f 2419 2619 2620
f 2419 2620 2420
f 2420 2620 2621
f 2420 2621 2421
f 2421 2621 2622
f 2421 2622 2422
f 2422 2622 2623
f 2422 2623 2423
f 2423 2623 2624
f 2423 2624 2424
f 2424 2624 2625
f 2424 2625 2425
f 2425 2625 2626
f 2425 2626 2426
f 2426 2626 2627
f 2426 2627 2427
f 2427 2627 2628
f 2427 2628 2428
f 2428 2628 2629
f 2428 2629 2429
f 2429 2629 2630
f 2429 2630 2430
f 2430 2630 2631
f 2430 2631 2431
f 2431 2631 2632
f 2431 2632 2432
f 2432 2632 2633
f 2432 2633 2433
f 2433 2633 2634
f 2433 2634 2434
f 2434 2634 2635
f 2434 2635 2435
f 2435 2635 2636
f 2435 2636 2436
f 2436 2636 2637
f 2436 2637 2437
f 2437 2637 2638
f 2437 2638 2438
f 2438 2638 2639
f 2438 2639 2439
f 2439 2639 2640
f 2439 2640 2440
f 2440 2640 2641
f 2440 2641 2441
f 2441 2641 2642
f 2441 2642 2442
f 2442 2642 2643
f 2442 2643 2443
f 2443 2643 2644
f 2443 2644 2444
f 2444 2644 2645
f 2444 2645 2445
f 2445 2645 2646
f 2445 2646 2446
f 2446 2646 2647
f 2446 2647 2447
f 2447 2647 2648
f 2447 2648 2448
f 2448 2648 2649
f 2448 2649 2449
f 2449 2649 2650
f 2449 2650 2450
f 2450 2650 2651
f 2450 2651 2451
f 2451 2651 2652
f 2451 2652 2452
f 2452 2652 2453
f 2652 2653 2453
f 2453 2653 2454
f 2653 2654 2454
f 2454 2654 2455
f 2654 2655 2455
f 2455 2655 2456
f 2655 2656 2456
f 2456 2656 2457
f 2656 2657 2457
f 2457 2657 2458
f 2657 2658 2458
f 2458 2658 2459
f 2658 2659 2459
f 2459 2659 2460
f 2659 2660 2460
f 2460 2660 2461
f 2660 2661 2461
f 2461 2661 2462
f 2661 2662 2462
f 2462 2662 2463
f 2662 2663 2463
f 2463 2663 2464
f 2663 2664 2464
f 2464 2664 2465
f 2664 2665 2465
f 2465 2665 2466
f 2665 2666 2466
f 2466 2666 2467
f 2666 2667 2467
f 2467 2667 2468
f 2667 2668 2468
f 2468 2668 2469
f 2668 2669 2469
f 2469 2669 2470
f 2669 2670 2470
f 2470 2670 2471
f 2670 2671 2471
f 2471 2671 2472
f 2671 2672 2472
f 2472 2672 2473
f 2672 2673 2473
f 2473 2673 2474
f 2673 2674 2474
f 2474 2674 2475
f 2674 2675 2475
f 2475 2675 2476
f 2675 2676 2476
f 2476 2676 2477
f 2676 2677 2477
f 2477 2677 2478
f 2677 2678 2478
f 2478 2678 2479
f 2678 2679 2479
f 2479 2679 2480
f 2679 2680 2480
f 2480 2680 2481
f 2680 2681 2481
f 2481 2681 2482
f 2681 2682 2482
f 2482 2682 2483
f 2682 2683 2483
f 2483 2683 2484
f 2683 2684 2484
f 2484 2684 2485
f 2684 2685 2485
f 2485 2685 2486
f 2685 2686 2486
f 2486 2686 2487
f 2686 2687 2487
f 2487 2687 2488
f 2687 2688 2488
f 2488 2688 2489
f 2688 2689 2489
f 2489 2689 2490
f 2689 2690 2490
f 2490 2690 2491
f 2690 2691 2491
f 2491 2691 2492
f 2691 2692 2492
f 2492 2692 2493
f 2692 2693 2493
f 2493 2693 2494
f 2693 2694 2494
f 2494 2694 2495
f 2694 2695 2495
f 2495 2695 2496
f 2695 2696 2496
f 2496 2696 2497
f 2696 2697 2497
f 2497 2697 2498
f 2697 2698 2498
f 2498 2698 2499
f 2698 2699 2499
f 2499 2699 2500
f 2699 2700 2500
f 2500 2700 2501
f 2700 2701 2501
f 2501 2701 2502
f 2701 2702 2502
f 2502 2702 2703
f 2502 2703 2503
f 2503 2703 2704
f 2503 2704 2504
f 2504 2704 2705
f 2504 2705 2505
f 2505 2705 2706
f 2505 2706 2506
f 2506 2706 2707
f 2506 2707 2507
f 2507 2707 2708
f 2507 2708 2508
f 2508 2708 2709
f 2508 2709 2509
f 2509 2709 2710
f 2509 2710 2510
f 2510 2710 2711
f 2510 2711 2511
f 2511 2711 2712
f 2511 2712 2512
f 2512 2712 2713
f 2512 2713 2513
f 2513 2713 2714
f 2513 2714 2514
f 2514 2714 2715
f 2514 2715 2515
f 2515 2715 2716
f 2515 2716 2516
f 2516 2716 2717
f 2516 2717 2517
f 2517 2717 2718
f 2517 2718 2518
f 2518 2718 2719
f 2518 2719 2519
f 2519 2719 2720
f 2519 2720 2520
f 2520 2720 2721
f 2520 2721 2521
f 2521 2721 2722
f 2521 2722 2522
f 2522 2722 2723
f 2522 2723 2523
f 2523 2723 2724
f 2523 2724 2524
f 2524 2724 2725
f 2524 2725 2525
f 2525 2725 2726
f 2525 2726 2526
f 2526 2726 2727
f 2526 2727 2527
f 2527 2727 2728
f 2527 2728 2528
f 2528 2728 2729
f 2528 2729 2529
f 2529 2729 2730
f 2529 2730 2530
f 2530 2730 2731
f 2530 2731 2531
f 2531 2731 2732
f 2531 2732 2532
f 2532 2732 2733
f 2532 2733 2533
f 2533 2733 2734
f 2533 2734 2534
f 2534 2734 2735
f 2534 2735 2535
f 2535 2735 2736
f 2535 2736 2536
f 2536 2736 2737
f 2536 2737 2537
f 2537 2737 2738
f 2537 2738 2538
f 2538 2738 2739
f 2538 2739 2539
f 2539 2739 2740
f 2539 2740 2540
f 2540 2740 2741
f 2540 2741 2541
f 2541 2741 2742
f 2541 2742 2542
f 2542 2742 2743
f 2542 2743 2543
f 2543 2743 2744
f 2543 2744 2544
f 2544 2744 2745
f 2544 2745 2545
f 2545 2745 2746
f 2545 2746 2546
f 2546 2746 2747
f 2546 2747 2547
f 2547 2747 2748
f 2547 2748 2548
f 2548 2748 2749
f 2548 2749 2549
f 2549 2749 2750
f 2549 2750 2550
f 2550 2750 2751
f 2550 2751 2551
f 2551 2751 2752
f 2551 2752 2552
f 2552 2752 2553
f 2752 2753 2553
f 2553 2753 2554
f 2753 2754 2554
f 2554 2754 2555
f 2754 2755 2555
f 2555 2755 2556
f 2755 2756 2556
f 2556 2756 2557
f 2756 2757 2557
f 2557 2757 2558
f 2757 2758 2558
f 2558 2758 2559
f 2758 2759 2559
f 2559 2759 2560
f 2759 2760 2560
f 2560 2760 2561
f 2760 2761 2561
f 2561 2761 2562
f 2761 2762 2562
f 2562 2762 2563
f 2762 2763 2563
f 2563 2763 2564
f 2763 2764 2564
f 2564 2764 2565
f 2764 2765 2565
f 2565 2765 2566
f 2765 2766 2566
f 2566 2766 2567
f 2766 2767 2567
f 2567 2767 2568
f 2767 2768 2568
f 2568 2768 2569
f 2768 2769 2569
f 2569 2769 2570
f 2769 2770 2570
f 2570 2770 2571
f 2770 2771 2571
f 2571 2771 2572
f 2771 2772 2572
f 2572 2772 2573
f 2772 2773 2573
f 2573 2773 2574
f 2773 2774 2574
f 2574 2774 2575
f 2774 2775 2575
f 2575 2775 2576
f 2775 2776 2576
f 2576 2776 2577
f 2776 2777 2577
f 2577 2777 2578
f 2777 2778 2578
f 2578 2778 2579
f 2778 2779 2579
f 2579 2779 2580
f 2779 2780 2580
f 2580 2780 2581
f 2780 2781 2581
f 2581 2781 2582
f 2781 2782 2582
f 2582 2782 2583
f 2782 2783 2583
f 2583 2783 2584
f 2783 2784 2584
f 2584 2784 2585
f 2784 2785 2585
f 2585 2785 2586
f 2785 2786 2586
f 2586 2786 2587
f 2786 2787 2587
f 2587 2787 2588
f 2787 2788 2588
f 2588 2788 2589
f 2788 2789 2589
f 2589 2789 2590
f 2789 2790 2590
f 2590 2790 2591
f 2790 2791 2591
f 2591 2791 2592
f 2791 2792 2592
f 2592 2792 2593
f 2792 2793 2593
f 2593 2793 2594
f 2793 2794 2594
f 2594 2794 2595
f 2794 2795 2595
f 2595 2795 2596
f 2795 2796 2596
f 2596 2796 2597
f 2796 2797 2597
f 2597 2797 2598
f 2797 2798 2598
f 2598 2798 2599
f 2798 2799 2599
f 2599 2799 2600
f 2799 2800 2600
f 2600 2800 2601
f 2800 2801 2601
f 2601 2801 2402
f 2801 2602 2402
f 2602 2802 2803
f 2602 2803 2603
f 2603 2803 2804
f 2603 2804 2604
f 2604 2804 2805
f 2604 2805 2605
f 2605 2805 2806
f 2605 2806 2606
f 2606 2806 2807
f 2606 2807 2607
f 2607 2807 2808
f 2607 2808 2608
f 2608 2808 2809
f 2608 2809 2609
f 2609 2809 2810
f 2609 2810 2610
f 2610 2810 2811
f 2610 2811 2611
f 2611 2811 2812
f 2611 2812 2612
f 2612 2812 2813
f 2612 2813 2613
f 2613 2813 2814
f 2613 2814 2614
f 2614 2814 2815
f 2614 2815 2615
f 2615 2815 2816
f 2615 2816 2616
f 2616 2816 2817
f 2616 2817 2617
f 2617 2817 2818
f 2617 2818 2618
f 2618 2818 2819
f 2618 2819 2619
f 2619 2819 2820
f 2619 2820 2620
f 2620 2820 2821
f 2620 2821 2621
f 2621 2821 2822
f 2621 2822 2622
f 2622 2822 2823
f 2622 2823 2623
f 2623 2823 2824
f 2623 2824 2624
f 2624 2824 2825
f 2624 2825 2625
f 2625 2825 2826
f 2625 2826 2626
f 2626 2826 2827
f 2626 2827 2627
f 2627 2827 2828
f 2627 2828 2628
f 2628 2828 2829
f 2628 2829 2629
f 2629 2829 2830
f 2629 2830 2630
f 2630 2830 2831
f 2630 2831 2631
f 2631 2831 2832
f 2631 2832 2632
f 2632 2832 2833
f 2632 2833 2633
f 2633 2833 2834
f 2633 2834 2634
f 2634 2834 2835
f 2634 2835 2635
f 2635 2835 2836
f 2635 2836 2636
f 2636 2836 2837
f 2636 2837 2637
f 2637 2837 2838
f 2637 2838 2638
f 2638 2838 2839
f 2638 2839 2639
f 2639 2839 2840
f 2639 2840 2640
f 2640 2840 2841
f 2640 2841 2641
f 2641 2841 2842
f 2641 2842 2642
f 2642 2842 2843
f 2642 2843 2643
f 2643 2843 2844
f 2643 2844 2644
f 2644 2844 2845
f 2644 2845 2645
f 2645 2845 2846
f 2645 2846 2646
f 2646 2846 2847
f 2646 2847 2647
f 2647 2847 2848
f 2647 2848 2648
f 2648 2848 2849
f 2648 2849 2649
f 2649 2849 2850
f 2649 2850 2650
f 2650 2850 2851
f 2650 2851 2651
f 2651 2851 2852
f 2651 2852 2652
f 2652 2852 2653
f 2852 2853 2653
f 2653 2853 2654
f 2853 2854 2654
f 2654 2854 2655
f 2854 2855 2655
f 2655 2855 2656
f 2855 2856 2656
f 2656 2856 2657
f 2856 2857 2657
f 2657 2857 2658
f 2857 2858 2658
f 2658 2858 2659
f 2858 2859 2659
f 2659 2859 2660
f 2859 2860 2660
f 2660 2860 2661
f 2860 2861 2661
f 2661 2861 2662
f 2861 2862 2662
f 2662 2862 2663
f 2862 2863 2663
f 2663 2863 2664
f 2863 2864 2664
f 2664 2864 2665
f 2864 2865 2665
f 2665 2865 2666
f 2865 2866 2666
f 2666 2866 2667
f 2866 2867 2667
f 2667 2867 2668
f 2867 2868 2668
f 2668 2868 2669
f 2868 2869 2669
f 2669 2869 2670
f 2869 2870 2670
f 2670 2870 2671
f 2870 2871 2671
f 2671 2871 2672
f 2871 2872 2672
f 2672 2872 2673
f 2872 2873 2673
f 2673 2873 2674
f 2873 2874 2674
f 2674 2874 2675
f 2874 2875 2675
f 2675 2875 2676
f 2875 2876 2676
f 2676 2876 2677
f 2876 2877 2677
f 2677 2877 2678
f 2877 2878 2678
f 2678 2878 2679
f 2878 2879 2679
f 2679 2879 2680
f 2879 2880 2680
f 2680 2880 2681
f 2880 2881 2681
f 2681 2881 2682
f 2881 2882 2682
f 2682 2882 2683
f 2882 2883 2683
f 2683 2883 2684
f 2883 2884 2684
f 2684 2884 2685
f 2884 2885 2685
f 2685 2885 2686
f 2885 2886 2686
f 2686 2886 2687
f 2886 2887 2687
f 2687 2887 2688
f 2887 2888 2688
f 2688 2888 2689
f 2888 2889 2689
f 2689 2889 2690
f 2889 2890 2690
f 2690 2890 2691
f 2890 2891 2691
f 2691 2891 2692
f 2891 2892 2692
f 2692 2892 2693
f 2892 2893 2693
f 2693 2893 2694
f 2893 2894 2694
f 2694 2894 2695
f 2894 2895 2695
f 2695 2895 2696
f 2895 2896 2696
f 2696 2896 2697
f 2896 2897 2697
f 2697 2897 2698
f 2897 2898 2698
f 2698 2898 2699
f 2898 2899 2699
f 2699 2899 2700
f 2899 2900 2700
f 2700 2900 2701
f 2900 2901 2701
f 2701 2901 2702
f 2901 2902 2702
f 2702 2902 2903
f 2702 2903 2703
f 2703 2903 2904
f 2703 2904 2704
f 2704 2904 2905
f 2704 2905 2705
f 2705 2905 2906
f 2705 2906 2706
f 2706 2906 2907
f 2706 2907 2707
f 2707 2907 2908
f 2707 2908 2708
f 2708 2908 2909
f 2708 2909 2709
f 2709 2909 2910
f 2709 2910 2710
f 2710 2910 2911
f 2710 2911 2711
f 2711 2911 2912
f 2711 2912 2712
f 2712 2912 2913
f 2712 2913 2713
f 2713 2913 2914
f 2713 2914 2714
f 2714 2914 2915
f 2714 2915 2715
f 2715 2915 2916
f 2715 2916 2716
f 2716 2916 2917
f 2716 2917 2717
f 2717 2917 2918
f 2717 2918 2718
f 2718 2918 2919
f 2718 2919 2719
f 2719 2919 2920
f 2719 2920 2720
f 2720 2920 2921
f 2720 2921 2721
f 2721 2921 2922
f 2721 2922 2722
f 2722 2922 2923
f 2722 2923 2723
f 2723 2923 2924
f 2723 2924 2724
f 2724 2924 2925
f 2724 2925 2725
f 2725 2925 2926
f 2725 2926 2726
f 2726 2926 2927
f 2726 2927 2727
f 2727 2927 2928
f 2727 2928 2728
f 2728 2928 2929
f 2728 2929 2729
f 2729 2929 2930
f 2729 2930 2730
f 2730 2930 2931
f 2730 2931 2731
f 2731 2931 2932
f 2731 2932 2732
f 2732 2932 2933
f 2732 2933 2733
f 2733 2933 2934
f 2733 2934 2734
f 2734 2934 2935
f 2734 2935 2735
f 2735 2935 2936
f 2735 2936 2736
f 2736 2936 2937
f 2736 2937 2737
f 2737 2937 2938
f 2737 2938 2738
f 2738 2938 2939
f 2738 2939 2739
f 2739 2939 2940
f 2739 2940 2740
f 2740 2940 2941
f 2740 2941 2741
f 2741 2941 2942
f 2741 2942 2742
f 2742 2942 2943
f 2742 2943 2743
f 2743 2943 2944
f 2743 2944 2744
f 2744 2944 2945
f 2744 2945 2745
f 2745 2945 2946
f 2745 2946 2746
f 2746 2946 2947
f 2746 2947 2747
f 2747 2947 2948
f 2747 2948 2748
f 2748 2948 2949
f 2748 2949 2749
f 2749 2949 2950
f 2749 2950 2750
f 2750 2950 2951
f 2750 2951 2751
f 2751 2951 2952
f 2751 2952 2752
f 2752 2952 2753
f 2952 2953 2753
f 2753 2953 2754
f 2953 2954 2754
f 2754 2954 2755
f 2954 2955 2755
f 2755 2955 2756
f 2955 2956 2756
f 2756 2956 2757
f 2956 2957 2757
f 2757 2957 2758
f 2957 2958 2758
f 2758 2958 2759
f 2958 2959 2759
f 2759 2959 2760
f 2959 2960 2760
f 2760 2960 2761
f 2960 2961 2761
f 2761 2961 2762
f 2961 2962 2762
f 2762 2962 2763
f 2962 2963 2763
f 2763 2963 2764
f 2963 2964 2764
f 2764 2964 2765
f 2964 2965 2765
f 2765 2965 2766
f 2965 2966 2766
f 2766 2966 2767
f 2966 2967 2767
f 2767 2967 2768
f 2967 2968 2768
f 2768 2968 2769
f 2968 2969 2769
f 2769 2969 2770
f 2969 2970 2770
f 2770 2970 2771
f 2970 2971 2771
f 2771 2971 2772
f 2971 2972 2772
f 2772 2972 2773
f 2972 2973 2773
f 2773 2973 2774
f 2973 2974 2774
f 2774 2974 2775
f 2974 2975 2775
f 2775 2975 2776
f 2975 2976 2776
f 2776 2976 2777
f 2976 2977 2777
f 2777 2977 2778
f 2977 2978 2778
f 2778 2978 2779
f 2978 2979 2779
f 2779 2979 2780
f 2979 2980 2780
f 2780 2980 2781
f 2980 2981 2781
f 2781 2981 2782
f 2981 2982 2782
f 2782 2982 2783
f 2982 2983 2783
f 2783 2983 2784
f 2983 2984 2784
f 2784 2984 2785
f 2984 2985 2785
f 2785 2985 2786
f 2985 2986 2786
f 2786 2986 2787
f 2986 2987 2787
f 2787 2987 2788
f 2987 2988 2788
f 2788 2988 2789
f 2988 2989 2789
f 2789 2989 2790
f 2989 2990 2790
f 2790 2990 2791
f 2990 2991 2791
f 2791 2991 2792
f 2991 2992 2792
f 2792 2992 2793
f 2992 2993 2793
f 2793 2993 2794
f 2993 2994 2794
f 2794 2994 2795
f 2994 2995 2795
f 2795 2995 2796
f 2995 2996 2796
f 2796 2996 2797
f 2996 2997 2797
f 2797 2997 2798
f 2997 2998 2798
f 2798 2998 2799
f 2998 2999 2799
f 2799 2999 2800
f 2999 3000 2800
f 2800 3000 2801
f 3000 3001 2801
f 2801 3001 2602
f 3001 2802 2602
f 2802 3002 3003
f 2802 3003 2803
f 2803 3003 3004
f 2803 3004 2804
f 2804 3004 3005
f 2804 3005 2805
f 2805 3005 3006
f 2805 3006 2806
f 2806 3006 3007
f 2806 3007 2807
f 2807 3007 3008
f 2807 3008 2808
f 2808 3008 3009
f 2808 3009 2809
f 2809 3009 3010
f 2809 3010 2810
f 2810 3010 3011
f 2810 3011 2811
f 2811 3011 3012
f 2811 3012 2812
f 2812 3012 3013
f 2812 3013 2813
f 2813 3013 3014
f 2813 3014 2814
f 2814 3014 3015
f 2814 3015 2815
f 2815 3015 3016
f 2815 3016 2816
f 2816 3016 3017
f 2816 3017 2817
f 2817 3017 3018
f 2817 3018 2818
f 2818 3018 3019
f 2818 3019 2819
f 2819 3019 3020
f 2819 3020 2820
f 2820 3020 3021
f 2820 3021 2821
f 2821 3021 3022
f 2821 3022 2822
f 2822 3022 3023
f 2822 3023 2823
f 2823 3023 3024
f 2823 3024 2824
f 2824 3024 3025
f 2824 3025 2825
f 2825 3025 3026
f 2825 3026 2826
f 2826 3026 3027
f 2826 3027 2827
f 2827 3027 3028
f 2827 3028 2828
f 2828 3028 3029
f 2828 3029 2829
f 2829 3029 3030
f 2829 3030 2830
f 2830 3030 3031
f 2830 3031 2831
f 2831 3031 3032
f 2831 3032 2832
f 2832 3032 3033
f 2832 3033 2833
f 2833 3033 3034
f 2833 3034 2834
f 2834 3034 3035
f 2834 3035 2835
f 2835 3035 3036
f 2835 3036 2836
f 2836 3036 3037
f 2836 3037 2837
f 2837 3037 3038
f 2837 3038 2838
f 2838 3038 3039
f 2838 3039 2839
f 2839 3039 3040
f 2839 3040 2840
f 2840 3040 3041
f 2840 3041 2841
f 2841 3041 3042
f 2841 3042 2842
f 2842 3042 3043
f 2842 3043 2843
f 2843 3043 3044
f 2843 3044 2844
f 2844 3044 3045
f 2844 3045 2845
f 2845 3045 3046
f 2845 3046 2846
f 2846 3046 3047
f 2846 3047 2847
f 2847 3047 3048
f 2847 3048 2848
f 2848 3048 3049
f 2848 3049 2849
f 2849 3049 3050
f 2849 3050 2850
f 2850 3050 3051
f 2850 3051 2851
f 2851 3051 3052
f 2851 3052 2852
f 2852 3052 2853
f 3052 3053 2853
f 2853 3053 2854
f 3053 3054 2854
f 2854 3054 2855
f 3054 3055 2855
f 2855 3055 2856
f 3055 3056 2856
f 2856 3056 2857
f 3056 3057 2857
f 2857 3057 2858
f 3057 3058 2858
f 2858 3058 2859
f 3058 3059 2859
f 2859 3059 2860
f 3059 3060 2860
f 2860 3060 2861
f 3060 3061 2861
f 2861 3061 2862
f 3061 3062 2862
f 2862 3062 2863
f 3062 3063 2863
f 2863 3063 2864
f 3063 3064 2864
f 2864 3064 2865
f 3064 3065 2865
f 2865 3065 2866
f 3065 3066 2866
f 2866 3066 2867
f 3066 3067 2867
f 2867 3067 2868
f 3067 3068 2868
f 2868 3068 2869
f 3068 3069 2869
f 2869 3069 2870
f 3069 3070 2870
f 2870 3070 2871
f 3070 3071 2871
f 2871 3071 2872
f 3071 3072 2872
f 2872 3072 2873
f 3072 3073 2873
f 2873 3073 2874
f 3073 3074 2874
f 2874 3074 2875
f 3074 3075 2875
f 2875 3075 2876
f 3075 3076 2876
f 2876 3076 2877
f 3076 3077 2877
f 2877 3077 2878
f 3077 3078 2878
f 2878 3078 2879
f 3078 3079 2879
f 2879 3079 2880
f 3079 3080 2880
f 2880 3080 2881
f 3080 3081 2881
f 2881 3081 2882
f 3081 3082 2882
f 2882 3082 2883
f 3082 3083 2883
f 2883 3083 2884
f 3083 3084 2884
f 2884 3084 2885
f 3084 3085 2885
f 2885 3085 2886
f 3085 3086 2886
f 2886 3086 2887
f 3086 3087 2887
f 2887 3087 2888
f 3087 3088 2888
f 2888 3088 2889
f 3088 3089 2889
f 2889 3089 2890
f 3089 3090 2890
f 2890 3090 2891
f 3090 3091 2891
f 2891 3091 2892
f 3091 3092 2892
f 2892 3092 2893
f 3092 3093 2893
f 2893 3093 2894
f 3093 3094 2894
f 2894 3094 2895
f 3094 3095 2895
f 2895 3095 2896
f 3095 3096 2896
f 2896 3096 2897
f 3096 3097 2897
f 2897 3097 2898
f 3097 3098 2898
f 2898 3098 2899
f 3098 3099 2899
f 2899 3099 2900
f 3099 3100 2900
f 2900 3100 2901
f 3100 3101 2901
f 2901 3101 2902
f 3101 3102 2902
f 2902 3102 3103
f 2902 3103 2903
f 2903 3103 3104
f 2903 3104 2904
f 2904 3104 3105
f 2904 3105 2905
f 2905 3105 3106
f 2905 3106 2906
f 2906 3106 3107
f 2906 3107 2907
f 2907 3107 3108
f 2907 3108 2908
f 2908 3108 3109
f 2908 3109 2909
f 2909 3109 3110
f 2909 3110 2910
f 2910 3110 3111
f 2910 3111 2911
f 2911 3111 3112
f 2911 3112 2912
f 2912 3112 3113
f 2912 3113 2913
f 2913 3113 3114
f 2913 3114 2914
f 2914 3114 3115
f 2914 3115 2915
f 2915 3115 3116
f 2915 3116 2916
f 2916 3116 3117
f 2916 3117 2917
f 2917 3117 3118
f 2917 3118 2918
f 2918 3118 3119
f 2918 3119 2919
f 2919 3119 3120
f 2919 3120 2920
f 2920 3120 3121
f 2920 3121 2921
f 2921 3121 3122
f 2921 3122 2922
f 2922 3122 3123
f 2922 3123 2923
f 2923 3123 3124
f 2923 3124 2924
f 2924 3124 3125
f 2924 3125 2925
f 2925 3125 3126
f 2925 3126 2926
f 2926 3126 3127
f 2926 3127 2927
f 2927 3127 3128
f 2927 3128 2928
f 2928 3128 3129
f 2928 3129 2929
f 2929 3129 3130
f 2929 3130 2930
f 2930 3130 3131
f 2930 3131 2931
f 2931 3131 3132
f 2931 3132 2932
f 2932 3132 3133
f 2932 3133 2933
f 2933 3133 3134
f 2933 3134 2934
f 2934 3134 3135
f 2934 3135 2935
f 2935 3135 3136
f 2935 3136 2936
f 2936 3136 3137
f 2936 3137 2937
f 2937 3137 3138
f 2937 3138 2938
f 2938 3138 3139
f 2938 3139 2939
f 2939 3139 3140
f 2939 3140 2940
f 2940 3140 3141
f 2940 3141 2941
f 2941 3141 3142
f 2941 3142 2942
f 2942 3142 3143
f 2942 3143 2943
f 2943 3143 3144
f 2943 3144 2944
f 2944 3144 3145
f 2944 3145 2945
f 2945 3145 3146
f 2945 3146 2946
f 2946 3146 3147
f 2946 3147 2947
f 2947 3147 3148
f 2947 3148 2948
f 2948 3148 3149
f 2948 3149 2949
f 2949 3149 3150
f 2949 3150 2950
f 2950 3150 3151
f 2950 3151 2951
f 2951 3151 3152
f 2951 3152 2952
f 2952 3152 2953
f 3152 3153 2953
f 2953 3153 2954
f 3153 3154 2954
f 2954 3154 2955
f 3154 3155 2955
f 2955 3155 2956
f 3155 3156 2956
f 2956 3156 2957
f 3156 3157 2957
f 2957 3157 2958
f 3157 3158 2958
f 2958 3158 2959
f 3158 3159 2959
f 2959 3159 2960
f 3159 3160 2960
f 2960 3160 2961
f 3160 3161 2961
f 2961 3161 2962
f 3161 3162 2962
f 2962 3162 2963
f 3162 3163 2963
f 2963 3163 2964
f 3163 3164 2964
f 2964 3164 2965
f 3164 3165 2965
f 2965 3165 2966
f 3165 3166 2966
f 2966 3166 2967
f 3166 3167 2967
f 2967 3167 2968
f 3167 3168 2968
f 2968 3168 2969
f 3168 3169 2969
f 2969 3169 2970
f 3169 3170 2970
f 2970 3170 2971
f 3170 3171 2971
f 2971 3171 2972
f 3171 3172 2972
f 2972 3172 2973
f 3172 3173 2973
f 2973 3173 2974
f 3173 3174 2974
f 2974 3174 2975
f 3174 3175 2975
f 2975 3175 2976
f 3175 3176 2976
f 2976 3176 2977
f 3176 3177 2977
f 2977 3177 2978
f 3177 3178 2978
f 2978 3178 2979
f 3178 3179 2979
f 2979 3179 2980
f 3179 3180 2980
f 2980 3180 2981
f 3180 3181 2981
f 2981 3181 2982
f 3181 3182 2982
f 2982 3182 2983
f 3182 3183 2983
f 2983 3183 2984
f 3183 3184 2984
f 2984 3184 2985
f 3184 3185 2985
f 2985 3185 2986
f 3185 3186 2986
f 2986 3186 2987
f 3186 3187 2987
f 2987 3187 2988
f 3187 3188 2988
f 2988 3188 2989
f 3188 3189 2989
f 2989 3189 2990
f 3189 3190 2990
f 2990 3190 2991
f 3190 3191 2991
f 2991 3191 2992
f 3191 3192 2992
f 2992 3192 2993
f 3192 3193 2993
f 2993 3193 2994
f 3193 3194 2994
f 2994 3194 2995
f 3194 3195 2995
f 2995 3195 2996
f 3195 3196 2996
f 2996 3196 2997
f 3196 3197 2997
f 2997 3197 2998
f 3197 3198 2998
f 2998 3198 2999
f 3198 3199 2999
f 2999 3199 3000
f 3199 3200 3000
f 3000 3200 3001
f 3200 3201 3001
f 3001 3201 2802
f 3201 3002 2802
f 3002 3202 3203
f 3002 3203 3003
f 3003 3203 3204
f 3003 3204 3004
f 3004 3204 3205
f 3004 3205 3005
f 3005 3205 3206
f 3005 3206 3006
f 3006 3206 3207
f 3006 3207 3007
f 3007 3207 3208
f 3007 3208 3008
f 3008 3208 3209
f 3008 3209 3009
f 3009 3209 3210
f 3009 3210 3010
f 3010 3210 3211
f 3010 3211 3011
f 3011 3211 3212
f 3011 3212 3012
f 3012 3212 3213
f 3012 3213 3013
f 3013 3213 3214
f 3013 3214 3014
f 3014 3214 3215
f 3014 3215 3015
f 3015 3215 3216
f 3015 3216 3016
f 3016 3216 3217
f 3016 3217 3017
f 3017 3217 3218
f 3017 3218 3018
f 3018 3218 3219
f 3018 3219 3019
f 3019 3219 3220
f 3019 3220 3020
f 3020 3220 3221
f 3020 3221 3021
f 3021 3221 3222
f 3021 3222 3022
f 3022 3222 3223
f 3022 3223 3023
f 3023 3223 3224
f 3023 3224 3024
f 3024 3224 3225
f 3024 3225 3025
f 3025 3225 3226
f 3025 3226 3026
f 3026 3226 3227
f 3026 3227 3027
f 3027 3227 3228
f 3027 3228 3028
f 3028 3228 3229
f 3028 3229 3029
f 3029 3229 3230
f 3029 3230 3030
f 3030 3230 3231
f 3030 3231 3031
f 3031 3231 3232
f 3031 3232 3032
f 3032 3232 3233
f 3032 3233 3033
f 3033 3233 3234
f 3033 3234 3034
f 3034 3234 3235
f 3034 3235 3035
f 3035 3235 3236
f 3035 3236 3036
f 3036 3236 3237
f 3036 3237 3037
f 3037 3237 3238
f 3037 3238 3038
f 3038 3238 3239
f 3038 3239 3039
f 3039 3239 3240
f 3039 3240 3040
f 3040 3240 3241
f 3040 3241 3041
f 3041 3241 3242
f 3041 3242 3042
f 3042 3242 3243
f 3042 3243 3043
f 3043 3243 3244
f 3043 3244 3044
f 3044 3244 3245
f 3044 3245 3045
f 3045 3245 3246
f 3045 3246 3046
f 3046 3246 3247
f 3046 3247 3047
f 3047 3247 3248
f 3047 3248 3048
f 3048 3248 3249
f 3048 3249 3049
f 3049 3249 3250
f 3049 3250 3050
f 3050 3250 3251
f 3050 3251 3051
f 3051 3251 3252
f 3051 3252 3052
f 3052 3252 3053
f 3252 3253 3053
f 3053 3253 3054
f 3253 3254 3054
f 3054 3254 3055
f 3254 3255 3055
f 3055 3255 3056
f 3255 3256 3056
f 3056 3256 3057
f 3256 3257 3057
f 3057 3257 3058
f 3257 3258 3058
f 3058 3258 3059
f 3258 3259 3059
f 3059 3259 3060
f 3259 3260 3060
f 3060 3260 3061
f 3260 3261 3061
f 3061 3261 3062
f 3261 3262 3062
f 3062 3262 3063
f 3262 3263 3063
f 3063 3263 3064
f 3263 3264 3064
f 3064 3264 3065
f 3264 3265 3065
f 3065 3265 3066
f 3265 3266 3066
f 3066 3266 3067
f 3266 3267 3067
f 3067 3267 3068
f 3267 3268 3068
f 3068 3268 3069
f 3268 3269 3069
f 3069 3269 3070
f 3269 3270 3070
f 3070 3270 3071
f 3270 3271 3071
f 3071 3271 3072
f 3271 3272 3072
f 3072 3272 3073
f 3272 3273 3073
f 3073 3273 3074
f 3273 3274 3074
f 3074 3274 3075
f 3274 3275 3075
f 3075 3275 3076
f 3275 3276 3076
f 3076 3276 3077
f 3276 3277 3077
f 3077 3277 3078
f 3277 3278 3078
f 3078 3278 3079
f 3278 3279 3079
f 3079 3279 3080
f 3279 3280 3080
f 3080 3280 3081
f 3280 3281 3081
f 3081 3281 3082
f 3281 3282 3082
f 3082 3282 3083
f 3282 3283 3083
f 3083 3283 3084
f 3283 3284 3084
f 3084 3284 3085
f 3284 3285 3085
f 3085 3285 3086
f 3285 3286 3086
f 3086 3286 3087
f 3286 3287 3087
f 3087 3287 3088
f 3287 3288 3088
f 3088 3288 3089
f 3288 3289 3089
f 3089 3289 3090
f 3289 3290 3090
f 3090 3290 3091
f 3290 3291 3091
f 3091 3291 3092
f 3291 3292 3092
f 3092 3292 3093
f 3292 3293 3093
f 3093 3293 3094
f 3293 3294 3094
f 3094 3294 3095
f 3294 3295 3095
f 3095 3295 3096
f 3295 3296 3096
f 3096 3296 3097
f 3296 3297 3097
f 3097 3297 3098
f 3297 3298 3098
f 3098 3298 3099
f 3298 3299 3099
f 3099 3299 3100
f 3299 3300 3100
f 3100 3300 3101
f 3300 3301 3101
f 3101 3301 3102
f 3301 3302 3102
f 3102 3302 3303
f 3102 3303 3103
f 3103 3303 3304
f 3103 3304 3104
f 3104 3304 3305
f 3104 3305 3105
f 3105 3305 3306
f 3105 3306 3106
f 3106 3306 3307
f 3106 3307 3107
f 3107 3307 3308
f 3107 3308 3108
f 3108 3308 3309
f 3108 3309 3109
f 3109 3309 3310
f 3109 3310 3110
f 3110 3310 3311
f 3110 3311 3111
f 3111 3311 3312
f 3111 3312 3112
f 3112 3312 3313
f 3112 3313 3113
f 3113 3313 3314
f 3113 3314 3114
f 3114 3314 3315
f 3114 3315 3115
f 3115 3315 3316
f 3115 3316 3116
f 3116 3316 3317
f 3116 3317 3117
f 3117 3317 3318
f 3117 3318 3118
f 3118 3318 3319
f 3118 3319 3119
f 3119 3319 3320
f 3119 3320 3120
f 3120 3320 3321
f 3120 3321 3121
f 3121 3321 3322
f 3121 3322 3122
f 3122 3322 3323
f 3122 3323 3123
f 3123 3323 3324
f 3123 3324 3124
f 3124 3324 3325
f 3124 3325 3125
f 3125 3325 3326
f 3125 3326 3126
f 3126 3326 3327
f 3126 3327 3127
f 3127 3327 3328
f 3127 3328 3128
f 3128 3328 3329
f 3128 3329 3129
f 3129 3329 3330
f 3129 3330 3130
f 3130 3330 3331
f 3130 3331 3131
f 3131 3331 3332
f 3131 3332 3132
f 3132 3332 3333
f 3132 3333 3133
f 3133 3333 3334
f 3133 3334 3134
f 3134 3334 3335
f 3134 3335 3135
f 3135 3335 3336
f 3135 3336 3136
f 3136 3336 3337
f 3136 3337 3137
f 3137 3337 3338
f 3137 3338 3138
f 3138 3338 3339
f 3138 3339 3139
f 3139 3339 3340
f 3139 3340 3140
f 3140 3340 3341
f 3140 3341 3141
f 3141 3341 3342
f 3141 3342 3142
f 3142 3342 3343
f 3142 3343 3143
f 3143 3343 3344
f 3143 3344 3144
f 3144 3344 3345
f 3144 3345 3145
f 3145 3345 3346
f 3145 3346 3146
f 3146 3346 3347
f 3146 3347 3147
f 3147 3347 3348
f 3147 3348 3148
f 3148 3348 3349
f 3148 3349 3149
f 3149 3349 3350
f 3149 3350 3150
f 3150 3350 3351
f 3150 3351 3151
f 3151 3351 3352
f 3151 3352 3152
f 3152 3352 3153
f 3352 3353 3153
f 3153 3353 3154
f 3353 3354 3154
f 3154 3354 3155
f 3354 3355 3155
f 3155 3355 3156
f 3355 3356 3156
f 3156 3356 3157
f 3356 3357 3157
f 3157 3357 3158
f 3357 3358 3158
f 3158 3358 3159
f 3358 3359 3159
f 3159 3359 3160
f 3359 3360 3160
f 3160 3360 3161
f 3360 3361 3161
f 3161 3361 3162
f 3361 3362 3162
f 3162 3362 3163
f 3362 3363 3163
f 3163 3363 3164
f 3363 3364 3164
f 3164 3364 3165
f 3364 3365 3165
f 3165 3365 3166
f 3365 3366 3166
f 3166 3366 3167
f 3366 3367 3167
f 3167 3367 3168
f 3367 3368 3168
f 3168 3368 3169
f 3368 3369 3169
f 3169 3369 3170
f 3369 3370 3170
f 3170 3370 3171
f 3370 3371 3171
f 3171 3371 3172
f 3371 3372 3172
f 3172 3372 3173
f 3372 3373 3173
f 3173 3373 3174
f 3373 3374 3174
f 3174 3374 3175
f 3374 3375 3175
f 3175 3375 3176
f 3375 3376 3176
f 3176 3376 3177
f 3376 3377 3177
f 3177 3377 3178
f 3377 3378 3178
f 3178 3378 3179
f 3378 3379 3179
f 3179 3379 3180
f 3379 3380 3180
f 3180 3380 3181
f 3380 3381 3181
f 3181 3381 3182
f 3381 3382 3182
f 3182 3382 3183
f 3382 3383 3183
f 3183 3383 3184
f 3383 3384 3184
f 3184 3384 3185
f 3384 3385 3185
f 3185 3385 3186
f 3385 3386 3186
f 3186 3386 3187
f 3386 3387 3187
f 3187 3387 3188
f 3387 3388 3188
f 3188 3388 3189
f 3388 3389 3189
f 3189 3389 3190
f 3389 3390 3190
f 3190 3390 3191
f 3390 3391 3191
f 3191 3391 3192
f 3391 3392 3192
f 3192 3392 3193
f 3392 3393 3193
f 3193 3393 3194
f 3393 3394 3194
f 3194 3394 3195
f 3394 3395 3195
f 3195 3395 3196
f 3395 3396 3196
f 3196 3396 3197
f 3396 3397 3197
f 3197 3397 3198
f 3397 3398 3198
f 3198 3398 3199
f 3398 3399 3199
f 3199 3399 3200
f 3399 3400 3200
f 3200 3400 3201
f 3400 3401 3201
f 3201 3401 3002
f 3401 3202 3002
f 3202 3402 3403
f 3202 3403 3203
f 3203 3403 3404
f 3203 3404 3204
f 3204 3404 3405
f 3204 3405 3205
f 3205 3405 3406
f 3205 3406 3206
f 3206 3406 3407
f 3206 3407 3207
f 3207 3407 3408
f 3207 3408 3208
f 3208 3408 3409
f 3208 3409 3209
f 3209 3409 3410
f 3209 3410 3210
f 3210 3410 3411
f 3210 3411 3211
f 3211 3411 3412
f 3211 3412 3212
f 3212 3412 3413
f 3212 3413 3213
f 3213 3413 3414
f 3213 3414 3214
f 3214 3414 3415
f 3214 3415 3215
f 3215 3415 3416
f 3215 3416 3216
f 3216 3416 3417
f 3216 3417 3217
f 3217 3417 3418
f 3217 3418 3218
f 3218 3418 3419
f 3218 3419 3219
f 3219 3419 3420
f 3219 3420 3220
f 3220 3420 3421
f 3220 3421 3221
f 3221 3421 3422
f 3221 3422 3222
f 3222 3422 3423
f 3222 3423 3223
f 3223 3423 3424
f 3223 3424 3224
f 3224 3424 3425
f 3224 3425 3225
f 3225 3425 3426
f 3225 3426 3226
f 3226 3426 3427
f 3226 3427 3227
f 3227 3427 3428
f 3227 3428 3228
f 3228 3428 3429
f 3228 3429 3229
f 3229 3429 3430
f 3229 3430 3230
f 3230 3430 3431
f 3230 3431 3231
f 3231 3431 3432
f 3231 3432 3232
f 3232 3432 3433
f 3232 3433 3233
f 3233 3433 3434
f 3233 3434 3234
f 3234 3434 3435
f 3234 3435 3235
f 3235 3435 3436
f 3235 3436 3236
f 3236 3436 3437
f 3236 3437 3237
f 3237 3437 3438
f 3237 3438 3238
f 3238 3438 3439
f 3238 3439 3239
f 3239 3439 3440
f 3239 3440 3240
f 3240 3440 3441
f 3240 3441 3241
f 3241 3441 3442
f 3241 3442 3242
f 3242 3442 3443
f 3242 3443 3243
f 3243 3443 3444
f 3243 3444 3244
f 3244 3444 3445
f 3244 3445 3245
f 3245 3445 3446
f 3245 3446 3246
f 3246 3446 3447
f 3246 3447 3247
f 3247 3447 3448
f 3247 3448 3248
f 3248 3448 3449
f 3248 3449 3249
f 3249 3449 3450
f 3249 3450 3250
f 3250 3450 3451
f 3250 3451 3251
f 3251 3451 3452
f 3251 3452 3252
f 3252 3452 3253
f 3452 3453 3253
f 3253 3453 3254
f 3453 3454 3254
f 3254 3454 3255
f 3454 3455 3255
f 3255 3455 3256
f 3455 3456 3256
f 3256 3456 3257
f 3456 3457 3257
f 3257 3457 3258
f 3457 3458 3258
f 3258 3458 3259
f 3458 3459 3259
f 3259 3459 3260
f 3459 3460 3260
f 3260 3460 3261
f 3460 3461 3261
f 3261 3461 3262
f 3461 3462 3262
f 3262 3462 3263
f 3462 3463 3263
f 3263 3463 3264
f 3463 3464 3264
f 3264 3464 3265
f 3464 3465 3265
f 3265 3465 3266
f 3465 3466 3266
f 3266 3466 3267
f 3466 3467 3267
f 3267 3467 3268
f 3467 3468 3268
f 3268 3468 3269
f 3468 3469 3269
f 3269 3469 3270
f 3469 3470 3270
f 3270 3470 3271
f 3470 3471 3271
f 3271 3471 3272
f 3471 3472 3272
f 3272 3472 3273
f 3472 3473 3273
f 3273 3473 3274
f 3473 3474 3274
f 3274 3474 3275
f 3474 3475 3275
f 3275 3475 3276
f 3475 3476 3276
f 3276 3476 3277
f 3476 3477 3277
f 3277 3477 3278
f 3477 3478 3278
f 3278 3478 3279
f 3478 3479 3279
f 3279 3479 3280
f 3479 3480 3280
f 3280 3480 3281
f 3480 3481 3281
f 3281 3481 3282
f 3481 3482 3282
f 3282 3482 3283
f 3482 3483 3283
f 3283 3483 3284
f 3483 3484 3284
f 3284 3484 3285
f 3484 3485 3285
f 3285 3485 3286
f 3485 3486 3286
f 3286 3486 3287
f 3486 3487 3287
f 3287 3487 3288
f 3487 3488 3288
f 3288 3488 3289
f 3488 3489 3289
f 3289 3489 3290
f 3489 3490 3290
f 3290 3490 3291
f 3490 3491 3291
f 3291 3491 3292
f 3491 3492 3292
f 3292 3492 3293
f 3492 3493 3293
f 3293 3493 3294
f 3493 3494 3294
f 3294 3494 3295
f 3494 3495 3295
f 3295 3495 3296
f 3495 3496 3296
f 3296 3496 3297
f 3496 3497 3297
f 3297 3497 3298
f 3497 3498 3298
f 3298 3498 3299
f 3498 3499 3299
f 3299 3499 3300
f 3499 3500 3300
f 3300 3500 3301
f 3500 3501 3301
f 3301 3501 3302
f 3501 3502 3302
f 3302 3502 3503
f 3302 3503 3303
f 3303 3503 3504
f 3303 3504 3304
f 3304 3504 3505
f 3304 3505 3305
f 3305 3505 3506
f 3305 3506 3306
f 3306 3506 3507
f 3306 3507 3307
f 3307 3507 3508
f 3307 3508 3308
f 3308 3508 3509
f 3308 3509 3309
f 3309 3509 3510
f 3309 3510 3310
f 3310 3510 3511
f 3310 3511 3311
f 3311 3511 3512
f 3311 3512 3312
f 3312 3512 3513
f 3312 3513 3313
f 3313 3513 3514
f 3313 3514 3314
f 3314 3514 3515
f 3314 3515 3315
f 3315 3515 3516
f 3315 3516 3316
f 3316 3516 3517
f 3316 3517 3317
f 3317 3517 3518
f 3317 3518 3318
f 3318 3518 3519
f 3318 3519 3319
f 3319 3519 3520
f 3319 3520 3320
f 3320 3520 3521
f 3320 3521 3321
f 3321 3521 3522
f 3321 3522 3322
f 3322 3522 3523
f 3322 3523 3323
f 3323 3523 3524
f 3323 3524 3324
f 3324 3524 3525
f 3324 3525 3325
f 3325 3525 3526
f 3325 3526 3326
f 3326 3526 3527
f 3326 3527 3327
f 3327 3527 3528
f 3327 3528 3328
f 3328 3528 3529
f 3328 3529 3329
f 3329 3529 3530
f 3329 3530 3330
f 3330 3530 3531
f 3330 3531 3331
f 3331 3531 3532
f 3331 3532 3332
f 3332 3532 3533
f 3332 3533 3333
f 3333 3533 3534
f 3333 3534 3334
f 3334 3534 3535
f 3334 3535 3335
f 3335 3535 3536
f 3335 3536 3336
f 3336 3536 3537
f 3336 3537 3337
f 3337 3537 3538
f 3337 3538 3338
f 3338 3538 3539
f 3338 3539 3339
f 3339 3539 3540
f 3339 3540 3340
f 3340 3540 3541
f 3340 3541 3341
f 3341 3541 3542
f 3341 3542 3342
f 3342 3542 3543
f 3342 3543 3343
f 3343 3543 3544
f 3343 3544 3344
f 3344 3544 3545
f 3344 3545 3345
f 3345 3545 3546
f 3345 3546 3346
f 3346 3546 3547
f 3346 3547 3347
f 3347 3547 3548
f 3347 3548 3348
f 3348 3548 3549
f 3348 3549 3349
f 3349 3549 3550
f 3349 3550 3350
f 3350 3550 3551
f 3350 3551 3351
f 3351 3551 3552
f 3351 3552 3352
f 3352 3552 3353
f 3552 3553 3353
f 3353 3553 3354
f 3553 3554 3354
f 3354 3554 3355
f 3554 3555 3355
f 3355 3555 3356
f 3555 3556 3356
f 3356 3556 3357
f 3556 3557 3357
f 3357 3557 3358
f 3557 3558 3358
f 3358 3558 3359
f 3558 3559 3359
f 3359 3559 3360
f 3559 3560 3360
f 3360 3560 3361
f 3560 3561 3361
f 3361 3561 3362
f 3561 3562 3362
f 3362 3562 3363
f 3562 3563 3363
f 3363 3563 3364
f 3563 3564 3364
f 3364 3564 3365
f 3564 3565 3365
f 3365 3565 3366
f 3565 3566 3366
f 3366 3566 3367
f 3566 3567 3367
f 3367 3567 3368
f 3567 3568 3368
f 3368 3568 3369
f 3568 3569 3369
f 3369 3569 3370
f 3569 3570 3370
f 3370 3570 3371
f 3570 3571 3371
f 3371 3571 3372
f 3571 3572 3372
f 3372 3572 3373
f 3572 3573 3373
f 3373 3573 3374
f 3573 3574 3374
f 3374 3574 3375
f 3574 3575 3375
f 3375 3575 3376
f 3575 3576 3376
f 3376 3576 3377
f 3576 3577 3377
f 3377 3577 3378
f 3577 3578 3378
f 3378 3578 3379
f 3578 3579 3379
f 3379 3579 3380
f 3579 3580 3380
f 3380 3580 3381
f 3580 3581 3381
f 3381 3581 3382
f 3581 3582 3382
f 3382 3582 3383
f 3582 3583 3383
f 3383 3583 3384
f 3583 3584 3384
f 3384 3584 3385
f 3584 3585 3385
f 3385 3585 3386
f 3585 3586 3386
f 3386 3586 3387
f 3586 3587 3387
f 3387 3587 3388
f 3587 3588 3388
f 3388 3588 3389
f 3588 3589 3389
f 3389 3589 3390
f 3589 3590 3390
f 3390 3590 3391
f 3590 3591 3391
f 3391 3591 3392
f 3591 3592 3392
f 3392 3592 3393
f 3592 3593 3393
f 3393 3593 3394
f 3593 3594 3394
f 3394 3594 3395
f 3594 3595 3395
f 3395 3595 3396
f 3595 3596 3396
f 3396 3596 3397
f 3596 3597 3397
f 3397 3597 3398
f 3597 3598 3398
f 3398 3598 3399
f 3598 3599 3399
f 3399 3599 3400
f 3599 3600 3400
f 3400 3600 3401
f 3600 3601 3401
f 3401 3601 3202
f 3601 3402 3202
f 3402 3602 3603
f 3402 3603 3403
f 3403 3603 3604
f 3403 3604 3404
f 3404 3604 3605
f 3404 3605 3405
f 3405 3605 3606
f 3405 3606 3406
f 3406 3606 3607
f 3406 3607 3407
f 3407 3607 3608
f 3407 3608 3408
f 3408 3608 3609
f 3408 3609 3409
f 3409 3609 3610
f 3409 3610 3410
f 3410 3610 3611
f 3410 3611 3411
f 3411 3611 3612
f 3411 3612 3412
f 3412 3612 3613
f 3412 3613 3413
f 3413 3613 3614
f 3413 3614 3414
f 3414 3614 3615
f 3414 3615 3415
f 3415 3615 3616
f 3415 3616 3416
f 3416 3616 3617
f 3416 3617 3417
f 3417 3617 3618
f 3417 3618 3418
f 3418 3618 3619
f 3418 3619 3419
f 3419 3619 3620
f 3419 3620 3420
f 3420 3620 3621
f 3420 3621 3421
f 3421 3621 3622
f 3421 3622 3422
f 3422 3622 3623
f 3422 3623 3423
f 3423 3623 3624
f 3423 3624 3424
f 3424 3624 3625
f 3424 3625 3425
f 3425 3625 3626
f 3425 3626 3426
f 3426 3626 3627
f 3426 3627 3427
f 3427 3627 3628
f 3427 3628 3428
f 3428 3628 3629
f 3428 3629 3429
f 3429 3629 3630
f 3429 3630 3430
f 3430 3630 3631
f 3430 3631 3431
f 3431 3631 3632
f 3431 3632 3432
f 3432 3632 3633
f 3432 3633 3433
f 3433 3633 3634
f 3433 3634 3434
f 3434 3634 3635
f 3434 3635 3435
f 3435 3635 3636
f 3435 3636 3436
f 3436 3636 3637
f 3436 3637 3437
f 3437 3637 3638
f 3437 3638 3438
f 3438 3638 3639
f 3438 3639 3439
f 3439 3639 3640
f 3439 3640 3440
f 3440 3640 3641
f 3440 3641 3441
f 3441 3641 3642
f 3441 3642 3442
f 3442 3642 3643
f 3442 3643 3443
f 3443 3643 3644
f 3443 3644 3444
f 3444 3644 3645
f 3444 3645 3445
f 3445 3645 3646
f 3445 3646 3446
f 3446 3646 3647
f 3446 3647 3447
f 3447 3647 3648
f 3447 3648 3448
f 3448 3648 3649
f 3448 3649 3449
f 3449 3649 3650
f 3449 3650 3450
f 3450 3650 3651
f 3450 3651 3451
f 3451 3651 3652
f 3451 3652 3452
f 3452 3652 3453
f 3652 3653 3453
f 3453 3653 3454
f 3653 3654 3454
f 3454 3654 3455
f 3654 3655 3455
f 3455 3655 3456
f 3655 3656 3456
f 3456 3656 3457
f 3656 3657 3457
f 3457 3657 3458
f 3657 3658 3458
f 3458 3658 3459
f 3658 3659 3459
f 3459 3659 3460
f 3659 3660 3460
f 3460 3660 3461
f 3660 3661 3461
f 3461 3661 3462
f 3661 3662 3462
f 3462 3662 3463
f 3662 3663 3463
f 3463 3663 3464
f 3663 3664 3464
f 3464 3664 3465
f 3664 3665 3465
f 3465 3665 3466
f 3665 3666 3466
f 3466 3666 3467
f 3666 3667 3467
f 3467 3667 3468
f 3667 3668 3468
f 3468 3668 3469
f 3668 3669 3469
f 3469 3669 3470
f 3669 3670 3470
f 3470 3670 3471
f 3670 3671 3471
f 3471 3671 3472
f 3671 3672 3472
f 3472 3672 3473
f 3672 3673 3473
f 3473 3673 3474
f 3673 3674 3474
f 3474 3674 3475
f 3674 3675 3475
f 3475 3675 3476
f 3675 3676 3476
f 3476 3676 3477
f 3676 3677 3477
f 3477 3677 3478
f 3677 3678 3478
f 3478 3678 3479
f 3678 3679 3479
f 3479 3679 3480
f 3679 3680 3480
f 3480 3680 3481
f 3680 3681 3481
f 3481 3681 3482
f 3681 3682 3482
f 3482 3682 3483
f 3682 3683 3483
f 3483 3683 3484
f 3683 3684 3484
f 3484 3684 3485
f 3684 3685 3485
f 3485 3685 3486
f 3685 3686 3486
f 3486 3686 3487
f 3686 3687 3487
f 3487 3687 3488
f 3687 3688 3488
f 3488 3688 3489
f 3688 3689 3489
f 3489 3689 3490
f 3689 3690 3490
f 3490 3690 3491
f 3690 3691 3491
f 3491 3691 3492
f 3691 3692 3492
f 3492 3692 3493
f 3692 3693 3493
f 3493 3693 3494
f 3693 3694 3494
f 3494 3694 3495
f 3694 3695 3495
f 3495 3695 3496
f 3695 3696 3496
f 3496 3696 3497
f 3696 3697 3497
f 3497 3697 3498
f 3697 3698 3498
f 3498 3698 3499
f 3698 3699 3499
f 3499 3699 3500
f 3699 3700 3500
f 3500 3700 3501
f 3700 3701 3501
f 3501 3701 3502
f 3701 3702 3502
f 3502 3702 3703
f 3502 3703 3503
f 3503 3703 3704
f 3503 3704 3504
f 3504 3704 3705
f 3504 3705 3505
f 3505 3705 3706
f 3505 3706 3506
f 3506 3706 3707
f 3506 3707 3507
f 3507 3707 3708
f 3507 3708 3508
f 3508 3708 3709
f 3508 3709 3509
f 3509 3709 3710
f 3509 3710 3510
f 3510 3710 3711
f 3510 3711 3511
f 3511 3711 3712
f 3511 3712 3512
f 3512 3712 3713
f 3512 3713 3513
f 3513 3713 3714
f 3513 3714 3514
f 3514 3714 3715
f 3514 3715 3515
f 3515 3715 3716
f 3515 3716 3516
f 3516 3716 3717
f 3516 3717 3517
f 3517 3717 3718
f 3517 3718 3518
f 3518 3718 3719
f 3518 3719 3519
f 3519 3719 3720
f 3519 3720 3520
f 3520 3720 3721
f 3520 3721 3521
f 3521 3721 3722
f 3521 3722 3522
f 3522 3722 3723
f 3522 3723 3523
f 3523 3723 3724
f 3523 3724 3524
f 3524 3724 3725
f 3524 3725 3525
f 3525 3725 3726
f 3525 3726 3526
f 3526 3726 3727
f 3526 3727 3527
f 3527 3727 3728
f 3527 3728 3528
f 3528 3728 3729
f 3528 3729 3529
f 3529 3729 3730
f 3529 3730 3530
f 3530 3730 3731
f 3530 3731 3531
f 3531 3731 3732
f 3531 3732 3532
f 3532 3732 3733
f 3532 3733 3533
f 3533 3733 3734
f 3533 3734 3534
f 3534 3734 3735
f 3534 3735 3535
f 3535 3735 3736
f 3535 3736 3536
f 3536 3736 3737
f 3536 3737 3537
f 3537 3737 3738
f 3537 3738 3538
f 3538 3738 3739
f 3538 3739 3539
f 3539 3739 3740
f 3539 3740 3540
f 3540 3740 3741
f 3540 3741 3541
f 3541 3741 3742
f 3541 3742 3542
f 3542 3742 3743
f 3542 3743 3543
f 3543 3743 3744
f 3543 3744 3544
f 3544 3744 3745
f 3544 3745 3545
f 3545 3745 3746
f 3545 3746 3546
f 3546 3746 3747
f 3546 3747 3547
f 3547 3747 3748
f 3547 3748 3548
f 3548 3748 3749
f 3548 3749 3549
f 3549 3749 3750
f 3549 3750 3550
f 3550 3750 3751
f 3550 3751 3551
f 3551 3751 3752
f 3551 3752 3552
f 3552 3752 3553
f 3752 3753 3553
f 3553 3753 3554
f 3753 3754 3554
f 3554 3754 3555
f 3754 3755 3555
f 3555 3755 3556
f 3755 3756 3556
f 3556 3756 3557
f 3756 3757 3557
f 3557 3757 3558
f 3757 3758 3558
f 3558 3758 3559
f 3758 3759 3559
f 3559 3759 3560
f 3759 3760 3560
f 3560 3760 3561
f 3760 3761 3561
f 3561 3761 3562
f 3761 3762 3562
f 3562 3762 3563
f 3762 3763 3563
f 3563 3763 3564
f 3763 3764 3564
f 3564 3764 3565
f 3764 3765 3565
f 3565 3765 3566
f 3765 3766 3566
f 3566 3766 3567
f 3766 3767 3567
f 3567 3767 3568
f 3767 3768 3568
f 3568 3768 3569
f 3768 3769 3569
f 3569 3769 3570
f 3769 3770 3570
f 3570 3770 3571
f 3770 3771 3571
f 3571 3771 3572
f 3771 3772 3572
f 3572 3772 3573
f 3772 3773 3573
f 3573 3773 3574
f 3773 3774 3574
f 3574 3774 3575
f 3774 3775 3575
f 3575 3775 3576
f 3775 3776 3576
f 3576 3776 3577
f 3776 3777 3577
f 3577 3777 3578
f 3777 3778 3578
f 3578 3778 3579
f 3778 3779 3579
f 3579 3779 3580
f 3779 3780 3580
f 3580 3780 3581
f 3780 3781 3581
f 3581 3781 3582
f 3781 3782 3582
f 3582 3782 3583
f 3782 3783 3583
f 3583 3783 3584
f 3783 3784 3584
f 3584 3784 3585
f 3784 3785 3585
f 3585 3785 3586
f 3785 3786 3586
f 3586 3786 3587
f 3786 3787 3587
f 3587 3787 3588
f 3787 3788 3588
f 3588 3788 3589
f 3788 3789 3589
f 3589 3789 3590
f 3789 3790 3590
f 3590 3790 3591
f 3790 3791 3591
f 3591 3791 3592
f 3791 3792 3592
f 3592 3792 3593
f 3792 3793 3593
f 3593 3793 3594
f 3793 3794 3594
f 3594 3794 3595
f 3794 3795 3595
f 3595 3795 3596
f 3795 3796 3596
f 3596 3796 3597
f 3796 3797 3597
f 3597 3797 3598
f 3797 3798 3598
f 3598 3798 3599
f 3798 3799 3599
f 3599 3799 3600
f 3799 3800 3600
f 3600 3800 3601
f 3800 3801 3601
f 3601 3801 3402
f 3801 3602 3402
f 3602 3802 3803
f 3602 3803 3603
f 3603 3803 3804
f 3603 3804 3604
f 3604 3804 3805
f 3604 3805 3605
f 3605 3805 3806
f 3605 3806 3606
f 3606 3806 3807
f 3606 3807 3607
f 3607 3807 3808
f 3607 3808 3608
f 3608 3808 3809
f 3608 3809 3609
f 3609 3809 3810
f 3609 3810 3610
f 3610 3810 3811
f 3610 3811 3611
f 3611 3811 3812
f 3611 3812 3612
f 3612 3812 3813
f 3612 3813 3613
f 3613 3813 3814
f 3613 3814 3614
f 3614 3814 3815
f 3614 3815 3615
f 3615 3815 3816
f 3615 3816 3616
f 3616 3816 3817
f 3616 3817 3617
f 3617 3817 3818
f 3617 3818 3618
f 3618 3818 3819
f 3618 3819 3619
f 3619 3819 3820
f 3619 3820 3620
f 3620 3820 3821
f 3620 3821 3621
f 3621 3821 3822
f 3621 3822 3622
f 3622 3822 3823
f 3622 3823 3623
f 3623 3823 3824
f 3623 3824 3624
f 3624 3824 3825
f 3624 3825 3625
f 3625 3825 3826
f 3625 3826 3626
f 3626 3826 3827
f 3626 3827 3627
f 3627 3827 3828
f 3627 3828 3628
f 3628 3828 3829
f 3628 3829 3629
f 3629 3829 3830
f 3629 3830 3630
f 3630 3830 3831
f 3630 3831 3631
f 3631 3831 3832
f 3631 3832 3632
f 3632 3832 3833
f 3632 3833 3633
f 3633 3833 3834
f 3633 3834 3634
f 3634 3834 3835
f 3634 3835 3635
f 3635 3835 3836
f 3635 3836 3636
f 3636 3836 3837
f 3636 3837 3637
f 3637 3837 3838
f 3637 3838 3638
f 3638 3838 3839
f 3638 3839 3639
f 3639 3839 3840
f 3639 3840 3640
f 3640 3840 3841
f 3640 3841 3641
f 3641 3841 3842
f 3641 3842 3642
f 3642 3842 3843
f 3642 3843 3643
f 3643 3843 3844
f 3643 3844 3644
f 3644 3844 3845
f 3644 3845 3645
f 3645 3845 3846
f 3645 3846 3646
f 3646 3846 3847
f 3646 3847 3647
f 3647 3847 3848
f 3647 3848 3648
f 3648 3848 3849
f 3648 3849 3649
f 3649 3849 3850
f 3649 3850 3650
f 3650 3850 3851
f 3650 3851 3651
f 3651 3851 3852
f 3651 3852 3652
f 3652 3852 3653
f 3852 3853 3653
f 3653 3853 3654
f 3853 3854 3654
f 3654 3854 3655
f 3854 3855 3655
f 3655 3855 3656
f 3855 3856 3656
f 3656 3856 3657
f 3856 3857 3657
f 3657 3857 3658
f 3857 3858 3658
f 3658 3858 3659
f 3858 3859 3659
f 3659 3859 3660
f 3859 3860 3660
f 3660 3860 3661
f 3860 3861 3661
f 3661 3861 3662
f 3861 3862 3662
f 3662 3862 3663
f 3862 3863 3663
f 3663 3863 3664
f 3863 3864 3664
f 3664 3864 3665
f 3864 3865 3665
f 3665 3865 3666
f 3865 3866 3666
f 3666 3866 3667
f 3866 3867 3667
f 3667 3867 3668
f 3867 3868 3668
f 3668 3868 3669
f 3868 3869 3669
f 3669 3869 3670
f 3869 3870 3670
f 3670 3870 3671
f 3870 3871 3671
f 3671 3871 3672
f 3871 3872 3672
f 3672 3872 3673
f 3872 3873 3673
f 3673 3873 3674
f 3873 3874 3674
f 3674 3874 3675
f 3874 3875 3675
f 3675 3875 3676
f 3875 3876 3676
f 3676 3876 3677
f 3876 3877 3677
f 3677 3877 3678
f 3877 3878 3678
f 3678 3878 3679
f 3878 3879 3679
f 3679 3879 3680
f 3879 3880 3680
f 3680 3880 3681
f 3880 3881 3681
f 3681 3881 3682
f 3881 3882 3682
f 3682 3882 3683
f 3882 3883 3683
f 3683 3883 3684
f 3883 3884 3684
f 3684 3884 3685
f 3884 3885 3685
f 3685 3885 3686
f 3885 3886 3686
f 3686 3886 3687
f 3886 3887 3687
f 3687 3887 3688
f 3887 3888 3688
f 3688 3888 3689
f 3888 3889 3689
f 3689 3889 3690
f 3889 3890 3690
f 3690 3890 3691
f 3890 3891 3691
f 3691 3891 3692
f 3891 3892 3692
f 3692 3892 3693
f 3892 3893 3693
f 3693 3893 3694
f 3893 3894 3694
f 3694 3894 3695
f 3894 3895 3695
f 3695 3895 3696
f 3895 3896 3696
f 3696 3896 3697
f 3896 3897 3697
f 3697 3897 3698
f 3897 3898 3698
f 3698 3898 3699
f 3898 3899 3699
f 3699 3899 3700
f 3899 3900 3700
f 3700 3900 3701
f 3900 3901 3701
f 3701 3901 3702
f 3901 3902 3702
f 3702 3902 3903
f 3702 3903 3703
f 3703 3903 3904
f 3703 3904 3704
f 3704 3904 3905
f 3704 3905 3705
f 3705 3905 3906
f 3705 3906 3706
f 3706 3906 3907
f 3706 3907 3707
f 3707 3907 3908
f 3707 3908 3708
f 3708 3908 3909
f 3708 3909 3709
f 3709 3909 3910
f 3709 3910 3710
f 3710 3910 3911
f 3710 3911 3711
f 3711 3911 3912
f 3711 3912 3712
f 3712 3912 3913
f 3712 3913 3713
f 3713 3913 3914
f 3713 3914 3714
f 3714 3914 3915
f 3714 3915 3715
f 3715 3915 3916
f 3715 3916 3716
f 3716 3916 3917
f 3716 3917 3717
f 3717 3917 3918
f 3717 3918 3718
f 3718 3918 3919
f 3718 3919 3719
f 3719 3919 3920
f 3719 3920 3720
f 3720 3920 3921
f 3720 3921 3721
f 3721 3921 3922
f 3721 3922 3722
f 3722 3922 3923
f 3722 3923 3723
f 3723 3923 3924
f 3723 3924 3724
f 3724 3924 3925
f 3724 3925 3725
f 3725 3925 3926
f 3725 3926 3726
f 3726 3926 3927
f 3726 3927 3727
f 3727 3927 3928
f 3727 3928 3728
f 3728 3928 3929
f 3728 3929 3729
f 3729 3929 3930
f 3729 3930 3730
f 3730 3930 3931
f 3730 3931 3731
f 3731 3931 3932
f 3731 3932 3732
f 3732 3932 3933
f 3732 3933 3733
f 3733 3933 3934
f 3733 3934 3734
f 3734 3934 3935
f 3734 3935 3735
f 3735 3935 3936
f 3735 3936 3736
f 3736 3936 3937
f 3736 3937 3737
f 3737 3937 3938
f 3737 3938 3738
f 3738 3938 3939
f 3738 3939 3739
f 3739 3939 3940
f 3739 3940 3740
f 3740 3940 3941
f 3740 3941 3741
f 3741 3941 3942
f 3741 3942 3742
f 3742 3942 3943
f 3742 3943 3743
f 3743 3943 3944
f 3743 3944 3744
f 3744 3944 3945
f 3744 3945 3745
f 3745 3945 3946
f 3745 3946 3746
f 3746 3946 3947
f 3746 3947 3747
f 3747 3947 3948
f 3747 3948 3748
f 3748 3948 3949
f 3748 3949 3749
f 3749 3949 3950
f 3749 3950 3750
f 3750 3950 3951
f 3750 3951 3751
f 3751 3951 3952
f 3751 3952 3752
f 3752 3952 3753
f 3952 3953 3753
f 3753 3953 3754
f 3953 3954 3754
f 3754 3954 3755
f 3954 3955 3755
f 3755 3955 3756
f 3955 3956 3756
f 3756 3956 3757
f 3956 3957 3757
f 3757 3957 3758
f 3957 3958 3758
f 3758 3958 3759
f 3958 3959 3759
f 3759 3959 3760
f 3959 3960 3760
f 3760 3960 3761
f 3960 3961 3761
f 3761 3961 3762
f 3961 3962 3762
f 3762 3962 3763
f 3962 3963 3763
f 3763 3963 3764
f 3963 3964 3764
f 3764 3964 3765
f 3964 3965 3765
f 3765 3965 3766
f 3965 3966 3766
f 3766 3966 3767
f 3966 3967 3767
f 3767 3967 3768
f 3967 3968 3768
f 3768 3968 3769
f 3968 3969 3769
f 3769 3969 3770
f 3969 3970 3770
f 3770 3970 3771
f 3970 3971 3771
f 3771 3971 3772
f 3971 3972 3772
f 3772 3972 3773
f 3972 3973 3773
f 3773 3973 3774
f 3973 3974 3774
f 3774 3974 3775
f 3974 3975 3775
f 3775 3975 3776
f 3975 3976 3776
f 3776 3976 3777
f 3976 3977 3777
f 3777 3977 3778
f 3977 3978 3778
f 3778 3978 3779
f 3978 3979 3779
f 3779 3979 3780
f 3979 3980 3780
f 3780 3980 3781
f 3980 3981 3781
f 3781 3981 3782
f 3981 3982 3782
f 3782 3982 3783
f 3982 3983 3783
f 3783 3983 3784
f 3983 3984 3784
f 3784 3984 3785
f 3984 3985 3785
f 3785 3985 3786
f 3985 3986 3786
f 3786 3986 3787
f 3986 3987 3787
f 3787 3987 3788
f 3987 3988 3788
f 3788 3988 3789
f 3988 3989 3789
f 3789 3989 3790
f 3989 3990 3790
f 3790 3990 3791
f 3990 3991 3791
f 3791 3991 3792
f 3991 3992 3792
f 3792 3992 3793
f 3992 3993 3793
f 3793 3993 3794
f 3993 3994 3794
f 3794 3994 3795
f 3994 3995 3795
f 3795 3995 3796
f 3995 3996 3796
f 3796 3996 3797
f 3996 3997 3797
f 3797 3997 3798
f 3997 3998 3798
f 3798 3998 3799
f 3998 3999 3799
f 3799 3999 3800
f 3999 4000 3800
f 3800 4000 3801
f 4000 4001 3801
f 3801 4001 3602
f 4001 3802 3602
f 3802 4002 4003
f 3802 4003 3803
f 3803 4003 4004
f 3803 4004 3804
f 3804 4004 4005
f 3804 4005 3805
f 3805 4005 4006
f 3805 4006 3806
f 3806 4006 4007
f 3806 4007 3807
f 3807 4007 4008
f 3807 4008 3808
f 3808 4008 4009
f 3808 4009 3809
f 3809 4009 4010
f 3809 4010 3810
f 3810 4010 4011
f 3810 4011 3811
f 3811 4011 4012
f 3811 4012 3812
f 3812 4012 4013
f 3812 4013 3813
f 3813 4013 4014
f 3813 4014 3814
f 3814 4014 4015
f 3814 4015 3815
f 3815 4015 4016
f 3815 4016 3816
f 3816 4016 4017
f 3816 4017 3817
f 3817 4017 4018
f 3817 4018 3818
f 3818 4018 4019
f 3818 4019 3819
f 3819 4019 4020
f 3819 4020 3820
f 3820 4020 4021
f 3820 4021 3821
f 3821 4021 4022
f 3821 4022 3822
f 3822 4022 4023
f 3822 4023 3823
f 3823 4023 4024
f 3823 4024 3824
f 3824 4024 4025
f 3824 4025 3825
f 3825 4025 4026
f 3825 4026 3826
f 3826 4026 4027
f 3826 4027 3827
f 3827 4027 4028
f 3827 4028 3828
f 3828 4028 4029
f 3828 4029 3829
f 3829 4029 4030
f 3829 4030 3830
f 3830 4030 4031
f 3830 4031 3831
f 3831 4031 4032
f 3831 4032 3832
f 3832 4032 4033
f 3832 4033 3833
f 3833 4033 4034
f 3833 4034 3834
f 3834 4034 4035
f 3834 4035 3835
f 3835 4035 4036
f 3835 4036 3836
f 3836 4036 4037
f 3836 4037 3837
f 3837 4037 4038
f 3837 4038 3838
f 3838 4038 4039
f 3838 4039 3839
f 3839 4039 4040
f 3839 4040 3840
f 3840 4040 4041
f 3840 4041 3841
f 3841 4041 4042
f 3841 4042 3842
f 3842 4042 4043
f 3842 4043 3843
f 3843 4043 4044
f 3843 4044 3844
f 3844 4044 4045
f 3844 4045 3845
f 3845 4045 4046
f 3845 4046 3846
f 3846 4046 4047
f 3846 4047 3847
f 3847 4047 4048
f 3847 4048 3848
f 3848 4048 4049
f 3848 4049 3849
f 3849 4049 4050
f 3849 4050 3850
f 3850 4050 4051
f 3850 4051 3851
f 3851 4051 4052
f 3851 4052 3852
f 3852 4052 3853
f 4052 4053 3853
f 3853 4053 3854
f 4053 4054 3854
f 3854 4054 3855
f 4054 4055 3855
f 3855 4055 3856
f 4055 4056 3856
f 3856 4056 3857
f 4056 4057 3857
f 3857 4057 3858
f 4057 4058 3858
f 3858 4058 3859
f 4058 4059 3859
f 3859 4059 3860
f 4059 4060 3860
f 3860 4060 3861
f 4060 4061 3861
f 3861 4061 3862
f 4061 4062 3862
f 3862 4062 3863
f 4062 4063 3863
f 3863 4063 3864
f 4063 4064 3864
f 3864 4064 3865
f 4064 4065 3865
f 3865 4065 3866
f 4065 4066 3866
f 3866 4066 3867
f 4066 4067 3867
f 3867 4067 3868
f 4067 4068 3868
f 3868 4068 3869
f 4068 4069 3869
f 3869 4069 3870
f 4069 4070 3870
f 3870 4070 3871
f 4070 4071 3871
f 3871 4071 3872
f 4071 4072 3872
f 3872 4072 3873
f 4072 4073 3873
f 3873 4073 3874
f 4073 4074 3874
f 3874 4074 3875
f 4074 4075 3875
f 3875 4075 3876
f 4075 4076 3876
f 3876 4076 3877
f 4076 4077 3877
f 3877 4077 3878
f 4077 4078 3878
f 3878 4078 3879
f 4078 4079 3879
f 3879 4079 3880
f 4079 4080 3880
f 3880 4080 3881
f 4080 4081 3881
f 3881 4081 3882
f 4081 4082 3882
f 3882 4082 3883
f 4082 4083 3883
f 3883 4083 3884
f 4083 4084 3884
f 3884 4084 3885
f 4084 4085 3885
f 3885 4085 3886
f 4085 4086 3886
f 3886 4086 3887
f 4086 4087 3887
f 3887 4087 3888
f 4087 4088 3888
f 3888 4088 3889
f 4088 4089 3889
f 3889 4089 3890
f 4089 4090 3890
f 3890 4090 3891
f 4090 4091 3891
f 3891 4091 3892
f 4091 4092 3892
f 3892 4092 3893
f 4092 4093 3893
f 3893 4093 3894
f 4093 4094 3894
f 3894 4094 3895
f 4094 4095 3895
f 3895 4095 3896
f 4095 4096 3896
f 3896 4096 3897
f 4096 4097 3897
f 3897 4097 3898
f 4097 4098 3898
f 3898 4098 3899
f 4098 4099 3899
f 3899 4099 3900
f 4099 4100 3900
f 3900 4100 3901
f 4100 4101 3901
f 3901 4101 3902
f 4101 4102 3902
f 3902 4102 4103
f 3902 4103 3903
f 3903 4103 4104
f 3903 4104 3904
f 3904 4104 4105
f 3904 4105 3905
f 3905 4105 4106
f 3905 4106 3906
f 3906 4106 4107
f 3906 4107 3907
f 3907 4107 4108
f 3907 4108 3908
f 3908 4108 4109
f 3908 4109 3909
f 3909 4109 4110
f 3909 4110 3910
f 3910 4110 4111
f 3910 4111 3911
f 3911 4111 4112
f 3911 4112 3912
f 3912 4112 4113
f 3912 4113 3913
f 3913 4113 4114
f 3913 4114 3914
f 3914 4114 4115
f 3914 4115 3915
f 3915 4115 4116
f 3915 4116 3916
f 3916 4116 4117
f 3916 4117 3917
f 3917 4117 4118
f 3917 4118 3918
f 3918 4118 4119
f 3918 4119 3919
f 3919 4119 4120
f 3919 4120 3920
f 3920 4120 4121
f 3920 4121 3921
f 3921 4121 4122
f 3921 4122 3922
f 3922 4122 4123
f 3922 4123 3923
f 3923 4123 4124
f 3923 4124 3924
f 3924 4124 4125
f 3924 4125 3925
f 3925 4125 4126
f 3925 4126 3926
f 3926 4126 4127
f 3926 4127 3927
f 3927 4127 4128
f 3927 4128 3928
f 3928 4128 4129
f 3928 4129 3929
f 3929 4129 4130
f 3929 4130 3930
f 3930 4130 4131
f 3930 4131 3931
f 3931 4131 4132
f 3931 4132 3932
f 3932 4132 4133
f 3932 4133 3933
f 3933 4133 4134
f 3933 4134 3934
f 3934 4134 4135
f 3934 4135 3935
f 3935 4135 4136
f 3935 4136 3936
f 3936 4136 4137
f 3936 4137 3937
f 3937 4137 4138
f 3937 4138 3938
f 3938 4138 4139
f 3938 4139 3939
f 3939 4139 4140
f 3939 4140 3940
f 3940 4140 4141
f 3940 4141 3941
f 3941 4141 4142
f 3941 4142 3942
f 3942 4142 4143
f 3942 4143 3943
f 3943 4143 4144
f 3943 4144 3944
f 3944 4144 4145
f 3944 4145 3945
f 3945 4145 4146
f 3945 4146 3946
f 3946 4146 4147
f 3946 4147 3947
f 3947 4147 4148
f 3947 4148 3948
f 3948 4148 4149
f 3948 4149 3949
f 3949 4149 4150
f 3949 4150 3950
f 3950 4150 4151
f 3950 4151 3951
f 3951 4151 4152
f 3951 4152 3952
f 3952 4152 3953
f 4152 4153 3953
f 3953 4153 3954
f 4153 4154 3954
f 3954 4154 3955
f 4154 4155 3955
f 3955 4155 3956
f 4155 4156 3956
f 3956 4156 3957
f 4156 4157 3957
f 3957 4157 3958
f 4157 4158 3958
f 3958 4158 3959
f 4158 4159 3959
f 3959 4159 3960
f 4159 4160 3960
f 3960 4160 3961
f 4160 4161 3961
f 3961 4161 3962
f 4161 4162 3962
f 3962 4162 3963
f 4162 4163 3963
f 3963 4163 3964
f 4163 4164 3964
f 3964 4164 3965
f 4164 4165 3965
f 3965 4165 3966
f 4165 4166 3966
f 3966 4166 3967
f 4166 4167 3967
f 3967 4167 3968
f 4167 4168 3968
f 3968 4168 3969
f 4168 4169 3969
f 3969 4169 3970
f 4169 4170 3970
f 3970 4170 3971
f 4170 4171 3971
f 3971 4171 3972
f 4171 4172 3972
f 3972 4172 3973
f 4172 4173 3973
f 3973 4173 3974
f 4173 4174 3974
f 3974 4174 3975
f 4174 4175 3975
f 3975 4175 3976
f 4175 4176 3976
f 3976 4176 3977
f 4176 4177 3977
f 3977 4177 3978
f 4177 4178 3978
f 3978 4178 3979
f 4178 4179 3979
f 3979 4179 3980
f 4179 4180 3980
f 3980 4180 3981
f 4180 4181 3981
f 3981 4181 3982
f 4181 4182 3982
f 3982 4182 3983
f 4182 4183 3983
f 3983 4183 3984
f 4183 4184 3984
f 3984 4184 3985
f 4184 4185 3985
f 3985 4185 3986
f 4185 4186 3986
f 3986 4186 3987
f 4186 4187 3987
f 3987 4187 3988
f 4187 4188 3988
f 3988 4188 3989
f 4188 4189 3989
f 3989 4189 3990
f 4189 4190 3990
f 3990 4190 3991
f 4190 4191 3991
f 3991 4191 3992
f 4191 4192 3992
f 3992 4192 3993
f 4192 4193 3993
f 3993 4193 3994
f 4193 4194 3994
f 3994 4194 3995
f 4194 4195 3995
f 3995 4195 3996
f 4195 4196 3996
f 3996 4196 3997
f 4196 4197 3997
f 3997 4197 3998
f 4197 4198 3998
f 3998 4198 3999
f 4198 4199 3999
f 3999 4199 4000
f 4199 4200 4000
f 4000 4200 4001
f 4200 4201 4001
f 4001 4201 3802
f 4201 4002 3802
f 4002 4202 4203
f 4002 4203 4003
f 4003 4203 4204
f 4003 4204 4004
f 4004 4204 4205
f 4004 4205 4005
f 4005 4205 4206
f 4005 4206 4006
f 4006 4206 4207
f 4006 4207 4007
f 4007 4207 4208
f 4007 4208 4008
f 4008 4208 4209
f 4008 4209 4009
f 4009 4209 4210
f 4009 4210 4010
f 4010 4210 4211
f 4010 4211 4011
f 4011 4211 4212
f 4011 4212 4012
f 4012 4212 4213
f 4012 4213 4013
f 4013 4213 4214
f 4013 4214 4014
f 4014 4214 4215
f 4014 4215 4015
f 4015 4215 4216
f 4015 4216 4016
f 4016 4216 4217
f 4016 4217 4017
f 4017 4217 4218
f 4017 4218 4018
f 4018 4218 4219
f 4018 4219 4019
f 4019 4219 4220
f 4019 4220 4020
f 4020 4220 4221
f 4020 4221 4021
f 4021 4221 4222
f 4021 4222 4022
f 4022 4222 4223
f 4022 4223 4023
f 4023 4223 4224
f 4023 4224 4024
f 4024 4224 4225
f 4024 4225 4025
f 4025 4225 4226
f 4025 4226 4026
f 4026 4226 4227
f 4026 4227 4027
f 4027 4227 4228
f 4027 4228 4028
f 4028 4228 4229
f 4028 4229 4029
f 4029 4229 4230
f 4029 4230 4030
f 4030 4230 4231
f 4030 4231 4031
f 4031 4231 4232
f 4031 4232 4032
f 4032 4232 4233
f 4032 4233 4033
f 4033 4233 4234
f 4033 4234 4034
f 4034 4234 4235
f 4034 4235 4035
f 4035 4235 4236
f 4035 4236 4036
f 4036 4236 4237
f 4036 4237 4037
f 4037 4237 4238
f 4037 4238 4038
f 4038 4238 4239
f 4038 4239 4039
f 4039 4239 4240
f 4039 4240 4040
f 4040 4240 4241
f 4040 4241 4041
f 4041 4241 4242
f 4041 4242 4042
f 4042 4242 4243
f 4042 4243 4043
f 4043 4243 4244
f 4043 4244 4044
f 4044 4244 4245
f 4044 4245 4045
f 4045 4245 4246
f 4045 4246 4046
f 4046 4246 4247
f 4046 4247 4047
f 4047 4247 4248
f 4047 4248 4048
f 4048 4248 4249
f 4048 4249 4049
f 4049 4249 4250
f 4049 4250 4050
f 4050 4250 4251
f 4050 4251 4051
f 4051 4251 4252
f 4051 4252 4052
f 4052 4252 4053
f 4252 4253 4053
f 4053 4253 4054
f 4253 4254 4054
f 4054 4254 4055
f 4254 4255 4055
f 4055 4255 4056
f 4255 4256 4056
f 4056 4256 4057
f 4256 4257 4057
f 4057 4257 4058
f 4257 4258 4058
f 4058 4258 4059
f 4258 4259 4059
f 4059 4259 4060
f 4259 4260 4060
f 4060 4260 4061
f 4260 4261 4061
f 4061 4261 4062
f 4261 4262 4062
f 4062 4262 4063
f 4262 4263 4063
f 4063 4263 4064
f 4263 4264 4064
f 4064 4264 4065
f 4264 4265 4065
f 4065 4265 4066
f 4265 4266 4066
f 4066 4266 4067
f 4266 4267 4067
f 4067 4267 4068
f 4267 4268 4068
f 4068 4268 4069
f 4268 4269 4069
f 4069 4269 4070
f 4269 4270 4070
f 4070 4270 4071
f 4270 4271 4071
f 4071 4271 4072
f 4271 4272 4072
f 4072 4272 4073
f 4272 4273 4073
f 4073 4273 4074
f 4273 4274 4074
f 4074 4274 4075
f 4274 4275 4075
f 4075 4275 4076
f 4275 4276 4076
f 4076 4276 4077
f 4276 4277 4077
f 4077 4277 4078
f 4277 4278 4078
f 4078 4278 4079
f 4278 4279 4079
f 4079 4279 4080
f 4279 4280 4080
f 4080 4280 4081
f 4280 4281 4081
f 4081 4281 4082
f 4281 4282 4082
f 4082 4282 4083
f 4282 4283 4083
f 4083 4283 4084
f 4283 4284 4084
f 4084 4284 4085
f 4284 4285 4085
f 4085 4285 4086
f 4285 4286 4086
f 4086 4286 4087
f 4286 4287 4087
f 4087 4287 4088
f 4287 4288 4088
f 4088 4288 4089
f 4288 4289 4089
f 4089 4289 4090
f 4289 4290 4090
f 4090 4290 4091
f 4290 4291 4091
f 4091 4291 4092
f 4291 4292 4092
f 4092 4292 4093
f 4292 4293 4093
f 4093 4293 4094
f 4293 4294 4094
f 4094 4294 4095
f 4294 4295 4095
f 4095 4295 4096
f 4295 4296 4096
f 4096 4296 4097
f 4296 4297 4097
f 4097 4297 4098
f 4297 4298 4098
f 4098 4298 4099
f 4298 4299 4099
f 4099 4299 4100
f 4299 4300 4100
f 4100 4300 4101
f 4300 4301 4101
f 4101 4301 4102
f 4301 4302 4102
f 4102 4302 4303
f 4102 4303 4103
f 4103 4303 4304
f 4103 4304 4104
f 4104 4304 4305
f 4104 4305 4105
f 4105 4305 4306
f 4105 4306 4106
f 4106 4306 4307
f 4106 4307 4107
f 4107 4307 4308
f 4107 4308 4108
f 4108 4308 4309
f 4108 4309 4109
f 4109 4309 4310
f 4109 4310 4110
f 4110 4310 4311
f 4110 4311 4111
f 4111 4311 4312
f 4111 4312 4112
f 4112 4312 4313
f 4112 4313 4113
f 4113 4313 4314
f 4113 4314 4114
f 4114 4314 4315
f 4114 4315 4115
f 4115 4315 4316
f 4115 4316 4116
f 4116 4316 4317
f 4116 4317 4117
f 4117 4317 4318
f 4117 4318 4118
f 4118 4318 4319
f 4118 4319 4119
f 4119 4319 4320
f 4119 4320 4120
f 4120 4320 4321
f 4120 4321 4121
f 4121 4321 4322
f 4121 4322 4122
f 4122 4322 4323
f 4122 4323 4123
f 4123 4323 4324
f 4123 4324 4124
f 4124 4324 4325
f 4124 4325 4125
f 4125 4325 4326
f 4125 4326 4126
f 4126 4326 4327
f 4126 4327 4127
f 4127 4327 4328
f 4127 4328 4128
f 4128 4328 4329
f 4128 4329 4129
f 4129 4329 4330
f 4129 4330 4130
f 4130 4330 4331
f 4130 4331 4131
f 4131 4331 4332
f 4131 4332 4132
f 4132 4332 4333
f 4132 4333 4133
f 4133 4333 4334
f 4133 4334 4134
f 4134 4334 4335
f 4134 4335 4135
f 4135 4335 4336
f 4135 4336 4136
f 4136 4336 4337
f 4136 4337 4137
f 4137 4337 4338
f 4137 4338 4138
f 4138 4338 4339
f 4138 4339 4139
f 4139 4339 4340
f 4139 4340 4140
f 4140 4340 4341
f 4140 4341 4141
f 4141 4341 4342
f 4141 4342 4142
f 4142 4342 4343
f 4142 4343 4143
f 4143 4343 4344
f 4143 4344 4144
f 4144 4344 4345
f 4144 4345 4145
f 4145 4345 4346
f 4145 4346 4146
f 4146 4346 4347
f 4146 4347 4147
f 4147 4347 4348
f 4147 4348 4148
f 4148 4348 4349
f 4148 4349 4149
f 4149 4349 4350
f 4149 4350 4150
f 4150 4350 4351
f 4150 4351 4151
f 4151 4351 4352
f 4151 4352 4152
f 4152 4352 4153
f 4352 4353 4153
f 4153 4353 4154
f 4353 4354 4154
f 4154 4354 4155
f 4354 4355 4155
f 4155 4355 4156
f 4355 4356 4156
f 4156 4356 4157
f 4356 4357 4157
f 4157 4357 4158
f 4357 4358 4158
f 4158 4358 4159
f 4358 4359 4159
f 4159 4359 4160
f 4359 4360 4160
f 4160 4360 4161
f 4360 4361 4161
f 4161 4361 4162
f 4361 4362 4162
f 4162 4362 4163
f 4362 4363 4163
f 4163 4363 4164
f 4363 4364 4164
f 4164 4364 4165
f 4364 4365 4165
f 4165 4365 4166
f 4365 4366 4166
f 4166 4366 4167
f 4366 4367 4167
f 4167 4367 4168
f 4367 4368 4168
f 4168 4368 4169
f 4368 4369 4169
f 4169 4369 4170
f 4369 4370 4170
f 4170 4370 4171
f 4370 4371 4171
f 4171 4371 4172
f 4371 4372 4172
f 4172 4372 4173
f 4372 4373 4173
f 4173 4373 4174
f 4373 4374 4174
f 4174 4374 4175
f 4374 4375 4175
f 4175 4375 4176
f 4375 4376 4176
f 4176 4376 4177
f 4376 4377 4177
f 4177 4377 4178
f 4377 4378 4178
f 4178 4378 4179
f 4378 4379 4179
f 4179 4379 4180
f 4379 4380 4180
f 4180 4380 4181
f 4380 4381 4181
f 4181 4381 4182
f 4381 4382 4182
f 4182 4382 4183
f 4382 4383 4183
f 4183 4383 4184
f 4383 4384 4184
f 4184 4384 4185
f 4384 4385 4185
f 4185 4385 4186
f 4385 4386 4186
f 4186 4386 4187
f 4386 4387 4187
f 4187 4387 4188
f 4387 4388 4188
f 4188 4388 4189
f 4388 4389 4189
f 4189 4389 4190
f 4389 4390 4190
f 4190 4390 4191
f 4390 4391 4191
f 4191 4391 4192
f 4391 4392 4192
f 4192 4392 4193
f 4392 4393 4193
f 4193 4393 4194
f 4393 4394 4194
f 4194 4394 4195
f 4394 4395 4195
f 4195 4395 4196
f 4395 4396 4196
f 4196 4396 4197
f 4396 4397 4197
f 4197 4397 4198
f 4397 4398 4198
f 4198 4398 4199
f 4398 4399 4199
f 4199 4399 4200
f 4399 4400 4200
f 4200 4400 4201
f 4400 4401 4201
f 4201 4401 4002
f 4401 4202 4002
f 4202 4402 4403
f 4202 4403 4203
f 4203 4403 4404
f 4203 4404 4204
f 4204 4404 4405
f 4204 4405 4205
f 4205 4405 4406
f 4205 4406 4206
f 4206 4406 4407
f 4206 4407 4207
f 4207 4407 4408
f 4207 4408 4208
f 4208 4408 4409
f 4208 4409 4209
f 4209 4409 4410
f 4209 4410 4210
f 4210 4410 4411
f 4210 4411 4211
f 4211 4411 4412
f 4211 4412 4212
f 4212 4412 4413
f 4212 4413 4213
f 4213 4413 4414
f 4213 4414 4214
f 4214 4414 4415
f 4214 4415 4215
f 4215 4415 4416
f 4215 4416 4216
f 4216 4416 4417
f 4216 4417 4217
f 4217 4417 4418
f 4217 4418 4218
f 4218 4418 4419
f 4218 4419 4219
f 4219 4419 4420
f 4219 4420 4220
f 4220 4420 4421
f 4220 4421 4221
f 4221 4421 4422
f 4221 4422 4222
f 4222 4422 4423
f 4222 4423 4223
f 4223 4423 4424
f 4223 4424 4224
f 4224 4424 4425
f 4224 4425 4225
f 4225 4425 4426
f 4225 4426 4226
f 4226 4426 4427
f 4226 4427 4227
f 4227 4427 4428
f 4227 4428 4228
f 4228 4428 4429
f 4228 4429 4229
f 4229 4429 4430
f 4229 4430 4230
f 4230 4430 4431
f 4230 4431 4231
f 4231 4431 4432
f 4231 4432 4232
f 4232 4432 4433
f 4232 4433 4233
f 4233 4433 4434
f 4233 4434 4234
f 4234 4434 4435
f 4234 4435 4235
f 4235 4435 4436
f 4235 4436 4236
f 4236 4436 4437
f 4236 4437 4237
f 4237 4437 4438
f 4237 4438 4238
f 4238 4438 4439
f 4238 4439 4239
f 4239 4439 4440
f 4239 4440 4240
f 4240 4440 4441
f 4240 4441 4241
f 4241 4441 4442
f 4241 4442 4242
f 4242 4442 4443
f 4242 4443 4243
f 4243 4443 4444
f 4243 4444 4244
f 4244 4444 4445
f 4244 4445 4245
f 4245 4445 4446
f 4245 4446 4246
f 4246 4446 4447
f 4246 4447 4247
f 4247 4447 4448
f 4247 4448 4248
f 4248 4448 4449
f 4248 4449 4249
f 4249 4449 4450
f 4249 4450 4250
f 4250 4450 4451
f 4250 4451 4251
f 4251 4451 4452
f 4251 4452 4252
f 4252 4452 4253
f 4452 4453 4253
f 4253 4453 4254
f 4453 4454 4254
f 4254 4454 4255
f 4454 4455 4255
f 4255 4455 4256
f 4455 4456 4256
f 4256 4456 4257
f 4456 4457 4257
f 4257 4457 4258
f 4457 4458 4258
f 4258 4458 4259
f 4458 4459 4259
f 4259 4459 4260
f 4459 4460 4260
f 4260 4460 4261
f 4460 4461 4261
f 4261 4461 4262
f 4461 4462 4262
f 4262 4462 4263
f 4462 4463 4263
f 4263 4463 4264
f 4463 4464 4264
f 4264 4464 4265
f 4464 4465 4265
f 4265 4465 4266
f 4465 4466 4266
f 4266 4466 4267
f 4466 4467 4267
f 4267 4467 4268
f 4467 4468 4268
f 4268 4468 4269
f 4468 4469 4269
f 4269 4469 4270
f 4469 4470 4270
f 4270 4470 4271
f 4470 4471 4271
f 4271 4471 4272
f 4471 4472 4272
f 4272 4472 4273
f 4472 4473 4273
f 4273 4473 4274
f 4473 4474 4274
f 4274 4474 4275
f 4474 4475 4275
f 4275 4475 4276
f 4475 4476 4276
f 4276 4476 4277
f 4476 4477 4277
f 4277 4477 4278
f 4477 4478 4278
f 4278 4478 4279
f 4478 4479 4279
f 4279 4479 4280
f 4479 4480 4280
f 4280 4480 4281
f 4480 4481 4281
f 4281 4481 4282
f 4481 4482 4282
f 4282 4482 4283
f 4482 4483 4283
f 4283 4483 4284
f 4483 4484 4284
f 4284 4484 4285
f 4484 4485 4285
f 4285 4485 4286
f 4485 4486 4286
f 4286 4486 4287
f 4486 4487 4287
f 4287 4487 4288
f 4487 4488 4288
f 4288 4488 4289
f 4488 4489 4289
f 4289 4489 4290
f 4489 4490 4290
f 4290 4490 4291
f 4490 4491 4291
f 4291 4491 4292
f 4491 4492 4292
f 4292 4492 4293
f 4492 4493 4293
f 4293 4493 4294
f 4493 4494 4294
f 4294 4494 4295
f 4494 4495 4295
f 4295 4495 4296
f 4495 4496 4296
f 4296 4496 4297
f 4496 4497 4297
f 4297 4497 4298
f 4497 4498 4298
f 4298 4498 4299
f 4498 4499 4299
f 4299 4499 4300
f 4499 4500 4300
f 4300 4500 4301
f 4500 4501 4301
f 4301 4501 4302
f 4501 4502 4302
f 4302 4502 4503
f 4302 4503 4303
f 4303 4503 4504
f 4303 4504 4304
f 4304 4504 4505
f 4304 4505 4305
f 4305 4505 4506
f 4305 4506 4306
f 4306 4506 4507
f 4306 4507 4307
f 4307 4507 4508
f 4307 4508 4308
f 4308 4508 4509
f 4308 4509 4309
f 4309 4509 4510
f 4309 4510 4310
f 4310 4510 4511
f 4310 4511 4311
f 4311 4511 4512
f 4311 4512 4312
f 4312 4512 4513
f 4312 4513 4313
f 4313 4513 4514
f 4313 4514 4314
f 4314 4514 4515
f 4314 4515 4315
f 4315 4515 4516
f 4315 4516 4316
f 4316 4516 4517
f 4316 4517 4317
f 4317 4517 4518
f 4317 4518 4318
f 4318 4518 4519
f 4318 4519 4319
f 4319 4519 4520
f 4319 4520 4320
f 4320 4520 4521
f 4320 4521 4321
f 4321 4521 4522
f 4321 4522 4322
f 4322 4522 4523
f 4322 4523 4323
f 4323 4523 4524
f 4323 4524 4324
f 4324 4524 4525
f 4324 4525 4325
f 4325 4525 4526
f 4325 4526 4326
f 4326 4526 4527
f 4326 4527 4327
f 4327 4527 4528
f 4327 4528 4328
f 4328 4528 4529
f 4328 4529 4329
f 4329 4529 4530
f 4329 4530 4330
f 4330 4530 4531
f 4330 4531 4331
f 4331 4531 4532
f 4331 4532 4332
f 4332 4532 4533
f 4332 4533 4333
f 4333 4533 4534
f 4333 4534 4334
f 4334 4534 4535
f 4334 4535 4335
f 4335 4535 4536
f 4335 4536 4336
f 4336 4536 4537
f 4336 4537 4337
f 4337 4537 4538
f 4337 4538 4338
f 4338 4538 4539
f 4338 4539 4339
f 4339 4539 4540
f 4339 4540 4340
f 4340 4540 4541
f 4340 4541 4341
f 4341 4541 4542
f 4341 4542 4342
f 4342 4542 4543
f 4342 4543 4343
f 4343 4543 4544
f 4343 4544 4344
f 4344 4544 4545
f 4344 4545 4345
f 4345 4545 4546
f 4345 4546 4346
f 4346 4546 4547
f 4346 4547 4347
f 4347 4547 4548
f 4347 4548 4348
f 4348 4548 4549
f 4348 4549 4349
f 4349 4549 4550
f 4349 4550 4350
f 4350 4550 4551
f 4350 4551 4351
f 4351 4551 4552
f 4351 4552 4352
f 4352 4552 4353
f 4552 4553 4353
f 4353 4553 4354
f 4553 4554 4354
f 4354 4554 4355
f 4554 4555 4355
f 4355 4555 4356
f 4555 4556 4356
f 4356 4556 4357
f 4556 4557 4357
f 4357 4557 4358
f 4557 4558 4358
f 4358 4558 4359
f 4558 4559 4359
f 4359 4559 4360
f 4559 4560 4360
f 4360 4560 4361
f 4560 4561 4361
f 4361 4561 4362
f 4561 4562 4362
f 4362 4562 4363
f 4562 4563 4363
f 4363 4563 4364
f 4563 4564 4364
f 4364 4564 4365
f 4564 4565 4365
f 4365 4565 4366
f 4565 4566 4366
f 4366 4566 4367
f 4566 4567 4367
f 4367 4567 4368
f 4567 4568 4368
f 4368 4568 4369
f 4568 4569 4369
f 4369 4569 4370
f 4569 4570 4370
f 4370 4570 4371
f 4570 4571 4371
f 4371 4571 4372
f 4571 4572 4372
f 4372 4572 4373
f 4572 4573 4373
f 4373 4573 4374
f 4573 4574 4374
f 4374 4574 4375
f 4574 4575 4375
f 4375 4575 4376
f 4575 4576 4376
f 4376 4576 4377
f 4576 4577 4377
f 4377 4577 4378
f 4577 4578 4378
f 4378 4578 4379
f 4578 4579 4379
f 4379 4579 4380
f 4579 4580 4380
f 4380 4580 4381
f 4580 4581 4381
f 4381 4581 4382
f 4581 4582 4382
f 4382 4582 4383
f 4582 4583 4383
f 4383 4583 4384
f 4583 4584 4384
f 4384 4584 4385
f 4584 4585 4385
f 4385 4585 4386
f 4585 4586 4386
f 4386 4586 4387
f 4586 4587 4387
f 4387 4587 4388
f 4587 4588 4388
f 4388 4588 4389
f 4588 4589 4389
f 4389 4589 4390
f 4589 4590 4390
f 4390 4590 4391
f 4590 4591 4391
f 4391 4591 4392
f 4591 4592 4392
f 4392 4592 4393
f 4592 4593 4393
f 4393 4593 4394
f 4593 4594 4394
f 4394 4594 4395
f 4594 4595 4395
f 4395 4595 4396
f 4595 4596 4396
f 4396 4596 4397
f 4596 4597 4397
f 4397 4597 4398
f 4597 4598 4398
f 4398 4598 4399
f 4598 4599 4399
f 4399 4599 4400
f 4599 4600 4400
f 4400 4600 4401
f 4600 4601 4401
f 4401 4601 4202
f 4601 4402 4202
f 4402 4602 4603
f 4402 4603 4403
f 4403 4603 4604
f 4403 4604 4404
f 4404 4604 4605
f 4404 4605 4405
f 4405 4605 4606
f 4405 4606 4406
f 4406 4606 4607
f 4406 4607 4407
f 4407 4607 4608
f 4407 4608 4408
f 4408 4608 4609
f 4408 4609 4409
f 4409 4609 4610
f 4409 4610 4410
f 4410 4610 4611
f 4410 4611 4411
f 4411 4611 4612
f 4411 4612 4412
f 4412 4612 4613
f 4412 4613 4413
f 4413 4613 4614
f 4413 4614 4414
f 4414 4614 4615
f 4414 4615 4415
f 4415 4615 4616
f 4415 4616 4416
f 4416 4616 4617
f 4416 4617 4417
f 4417 4617 4618
f 4417 4618 4418
f 4418 4618 4619
f 4418 4619 4419
f 4419 4619 4620
f 4419 4620 4420
f 4420 4620 4621
f 4420 4621 4421
f 4421 4621 4622
f 4421 4622 4422
f 4422 4622 4623
f 4422 4623 4423
f 4423 4623 4624
f 4423 4624 4424
f 4424 4624 4625
f 4424 4625 4425
f 4425 4625 4626
f 4425 4626 4426
f 4426 4626 4627
f 4426 4627 4427
f 4427 4627 4628
f 4427 4628 4428
f 4428 4628 4629
f 4428 4629 4429
f 4429 4629 4630
f 4429 4630 4430
f 4430 4630 4631
f 4430 4631 4431
f 4431 4631 4632
f 4431 4632 4432
f 4432 4632 4633
f 4432 4633 4433
f 4433 4633 4634
f 4433 4634 4434
f 4434 4634 4635
f 4434 4635 4435
f 4435 4635 4636
f 4435 4636 4436
f 4436 4636 4637
f 4436 4637 4437
f 4437 4637 4638
f 4437 4638 4438
f 4438 4638 4639
f 4438 4639 4439
f 4439 4639 4640
f 4439 4640 4440
f 4440 4640 4641
f 4440 4641 4441
f 4441 4641 4642
f 4441 4642 4442
f 4442 4642 4643
f 4442 4643 4443
f 4443 4643 4644
f 4443 4644 4444
f 4444 4644 4645
f 4444 4645 4445
f 4445 4645 4646
f 4445 4646 4446
f 4446 4646 4647
f 4446 4647 4447
f 4447 4647 4648
f 4447 4648 4448
f 4448 4648 4649
f 4448 4649 4449
f 4449 4649 4650
f 4449 4650 4450
f 4450 4650 4651
f 4450 4651 4451
f 4451 4651 4652
f 4451 4652 4452
f 4452 4652 4453
f 4652 4653 4453
f 4453 4653 4454
f 4653 4654 4454
f 4454 4654 4455
f 4654 4655 4455
f 4455 4655 4456
f 4655 4656 4456
f 4456 4656 4457
f 4656 4657 4457
f 4457 4657 4458
f 4657 4658 4458
f 4458 4658 4459
f 4658 4659 4459
f 4459 4659 4460
f 4659 4660 4460
f 4460 4660 4461
f 4660 4661 4461
f 4461 4661 4462
f 4661 4662 4462
f 4462 4662 4463
f 4662 4663 4463
f 4463 4663 4464
f 4663 4664 4464
f 4464 4664 4465
f 4664 4665 4465
f 4465 4665 4466
f 4665 4666 4466
f 4466 4666 4467
f 4666 4667 4467
f 4467 4667 4468
f 4667 4668 4468
f 4468 4668 4469
f 4668 4669 4469
f 4469 4669 4470
f 4669 4670 4470
f 4470 4670 4471
f 4670 4671 4471
f 4471 4671 4472
f 4671 4672 4472
f 4472 4672 4473
f 4672 4673 4473
f 4473 4673 4474
f 4673 4674 4474
f 4474 4674 4475
f 4674 4675 4475
f 4475 4675 4476
f 4675 4676 4476
f 4476 4676 4477
f 4676 4677 4477
f 4477 4677 4478
f 4677 4678 4478
f 4478 4678 4479
f 4678 4679 4479
f 4479 4679 4480
f 4679 4680 4480
f 4480 4680 4481
f 4680 4681 4481
f 4481 4681 4482
f 4681 4682 4482
f 4482 4682 4483
f 4682 4683 4483
f 4483 4683 4484
f 4683 4684 4484
f 4484 4684 4485
f 4684 4685 4485
f 4485 4685 4486
f 4685 4686 4486
f 4486 4686 4487
f 4686 4687 4487
f 4487 4687 4488
f 4687 4688 4488
f 4488 4688 4489
f 4688 4689 4489
f 4489 4689 4490
f 4689 4690 4490
f 4490 4690 4491
f 4690 4691 4491
f 4491 4691 4492
f 4691 4692 4492
f 4492 4692 4493
f 4692 4693 4493
f 4493 4693 4494
f 4693 4694 4494
f 4494 4694 4495
f 4694 4695 4495
f 4495 4695 4496
f 4695 4696 4496
f 4496 4696 4497
f 4696 4697 4497
f 4497 4697 4498
f 4697 4698 4498
f 4498 4698 4499
f 4698 4699 4499
f 4499 4699 4500
f 4699 4700 4500
f 4500 4700 4501
f 4700 4701 4501
f 4501 4701 4502
f 4701 4702 4502
f 4502 4702 4703
f 4502 4703 4503
f 4503 4703 4704
f 4503 4704 4504
f 4504 4704 4705
f 4504 4705 4505
f 4505 4705 4706
f 4505 4706 4506
f 4506 4706 4707
f 4506 4707 4507
f 4507 4707 4708
f 4507 4708 4508
f 4508 4708 4709
f 4508 4709 4509
f 4509 4709 4710
f 4509 4710 4510
f 4510 4710 4711
f 4510 4711 4511
f 4511 4711 4712
f 4511 4712 4512
f 4512 4712 4713
f 4512 4713 4513
f 4513 4713 4714
f 4513 4714 4514
f 4514 4714 4715
f 4514 4715 4515
f 4515 4715 4716
f 4515 4716 4516
f 4516 4716 4717
f 4516 4717 4517
f 4517 4717 4718
f 4517 4718 4518
f 4518 4718 4719
f 4518 4719 4519
f 4519 4719 4720
f 4519 4720 4520
f 4520 4720 4721
f 4520 4721 4521
f 4521 4721 4722
f 4521 4722 4522
f 4522 4722 4723
f 4522 4723 4523
f 4523 4723 4724
f 4523 4724 4524
f 4524 4724 4725
f 4524 4725 4525
f 4525 4725 4726
f 4525 4726 4526
f 4526 4726 4727
f 4526 4727 4527
f 4527 4727 4728
f 4527 4728 4528
f 4528 4728 4729
f 4528 4729 4529
f 4529 4729 4730
f 4529 4730 4530
f 4530 4730 4731
f 4530 4731 4531
f 4531 4731 4732
f 4531 4732 4532
f 4532 4732 4733
f 4532 4733 4533
f 4533 4733 4734
f 4533 4734 4534
f 4534 4734 4735
f 4534 4735 4535
f 4535 4735 4736
f 4535 4736 4536
f 4536 4736 4737
f 4536 4737 4537
f 4537 4737 4738
f 4537 4738 4538
f 4538 4738 4739
f 4538 4739 4539
f 4539 4739 4740
f 4539 4740 4540
f 4540 4740 4741
f 4540 4741 4541
f 4541 4741 4742
f 4541 4742 4542
f 4542 4742 4743
f 4542 4743 4543
f 4543 4743 4744
f 4543 4744 4544
f 4544 4744 4745
f 4544 4745 4545
f 4545 4745 4746
f 4545 4746 4546
f 4546 4746 4747
f 4546 4747 4547
f 4547 4747 4748
f 4547 4748 4548
f 4548 4748 4749
f 4548 4749 4549
f 4549 4749 4750
f 4549 4750 4550
f 4550 4750 4751
f 4550 4751 4551
f 4551 4751 4752
f 4551 4752 4552
f 4552 4752 4553
f 4752 4753 4553
f 4553 4753 4554
f 4753 4754 4554
f 4554 4754 4555
f 4754 4755 4555
f 4555 4755 4556
f 4755 4756 4556
f 4556 4756 4557
f 4756 4757 4557
f 4557 4757 4558
f 4757 4758 4558
f 4558 4758 4559
f 4758 4759 4559
f 4559 4759 4560
f 4759 4760 4560
f 4560 4760 4561
f 4760 4761 4561
f 4561 4761 4562
f 4761 4762 4562
f 4562 4762 4563
f 4762 4763 4563
f 4563 4763 4564
f 4763 4764 4564
f 4564 4764 4565
f 4764 4765 4565
f 4565 4765 4566
f 4765 4766 4566
f 4566 4766 4567
f 4766 4767 4567
f 4567 4767 4568
f 4767 4768 4568
f 4568 4768 4569
f 4768 4769 4569
f 4569 4769 4570
f 4769 4770 4570
f 4570 4770 4571
f 4770 4771 4571
f 4571 4771 4572
f 4771 4772 4572
f 4572 4772 4573
f 4772 4773 4573
f 4573 4773 4574
f 4773 4774 4574
f 4574 4774 4575
f 4774 4775 4575
f 4575 4775 4576
f 4775 4776 4576
f 4576 4776 4577
f 4776 4777 4577
f 4577 4777 4578
f 4777 4778 4578
f 4578 4778 4579
f 4778 4779 4579
f 4579 4779 4580
f 4779 4780 4580
f 4580 4780 4581
f 4780 4781 4581
f 4581 4781 4582
f 4781 4782 4582
f 4582 4782 4583
f 4782 4783 4583
f 4583 4783 4584
f 4783 4784 4584
f 4584 4784 4585
f 4784 4785 4585
f 4585 4785 4586
f 4785 4786 4586
f 4586 4786 4587
f 4786 4787 4587
f 4587 4787 4588
f 4787 4788 4588
f 4588 4788 4589
f 4788 4789 4589
f 4589 4789 4590
f 4789 4790 4590
f 4590 4790 4591
f 4790 4791 4591
f 4591 4791 4592
f 4791 4792 4592
f 4592 4792 4593
f 4792 4793 4593
f 4593 4793 4594
f 4793 4794 4594
f 4594 4794 4595
f 4794 4795 4595
f 4595 4795 4596
f 4795 4796 4596
f 4596 4796 4597
f 4796 4797 4597
f 4597 4797 4598
f 4797 4798 4598
f 4598 4798 4599
f 4798 4799 4599
f 4599 4799 4600
f 4799 4800 4600
f 4600 4800 4601
f 4800 4801 4601
f 4601 4801 4402
f 4801 4602 4402
f 4602 4802 4803
f 4602 4803 4603
f 4603 4803 4804
f 4603 4804 4604
f 4604 4804 4805
f 4604 4805 4605
f 4605 4805 4806
f 4605 4806 4606
f 4606 4806 4807
f 4606 4807 4607
f 4607 4807 4808
f 4607 4808 4608
f 4608 4808 4809
f 4608 4809 4609
f 4609 4809 4810
f 4609 4810 4610
f 4610 4810 4811
f 4610 4811 4611
f 4611 4811 4812
f 4611 4812 4612
f 4612 4812 4813
f 4612 4813 4613
f 4613 4813 4814
f 4613 4814 4614
f 4614 4814 4815
f 4614 4815 4615
f 4615 4815 4816
f 4615 4816 4616
f 4616 4816 4817
f 4616 4817 4617
f 4617 4817 4818
f 4617 4818 4618
f 4618 4818 4819
f 4618 4819 4619
f 4619 4819 4820
f 4619 4820 4620
f 4620 4820 4821
f 4620 4821 4621
f 4621 4821 4822
f 4621 4822 4622
f 4622 4822 4823
f 4622 4823 4623
f 4623 4823 4824
f 4623 4824 4624
f 4624 4824 4825
f 4624 4825 4625
f 4625 4825 4826
f 4625 4826 4626
f 4626 4826 4827
f 4626 4827 4627
f 4627 4827 4828
f 4627 4828 4628
f 4628 4828 4829
f 4628 4829 4629
f 4629 4829 4830
f 4629 4830 4630
f 4630 4830 4831
f 4630 4831 4631
f 4631 4831 4832
f 4631 4832 4632
f 4632 4832 4833
f 4632 4833 4633
f 4633 4833 4834
f 4633 4834 4634
f 4634 4834 4835
f 4634 4835 4635
f 4635 4835 4836
f 4635 4836 4636
f 4636 4836 4837
f 4636 4837 4637
f 4637 4837 4838
f 4637 4838 4638
f 4638 4838 4839
f 4638 4839 4639
f 4639 4839 4840
f 4639 4840 4640
f 4640 4840 4841
f 4640 4841 4641
f 4641 4841 4842
f 4641 4842 4642
f 4642 4842 4843
f 4642 4843 4643
f 4643 4843 4844
f 4643 4844 4644
f 4644 4844 4845
f 4644 4845 4645
f 4645 4845 4846
f 4645 4846 4646
f 4646 4846 4847
f 4646 4847 4647
f 4647 4847 4848
f 4647 4848 4648
f 4648 4848 4849
f 4648 4849 4649
f 4649 4849 4850
f 4649 4850 4650
f 4650 4850 4851
f 4650 4851 4651
f 4651 4851 4852
f 4651 4852 4652
f 4652 4852 4653
f 4852 4853 4653
f 4653 4853 4654
f 4853 4854 4654
f 4654 4854 4655
f 4854 4855 4655
f 4655 4855 4656
f 4855 4856 4656
f 4656 4856 4657
f 4856 4857 4657
f 4657 4857 4658
f 4857 4858 4658
f 4658 4858 4659
f 4858 4859 4659
f 4659 4859 4660
f 4859 4860 4660
f 4660 4860 4661
f 4860 4861 4661
f 4661 4861 4662
f 4861 4862 4662
f 4662 4862 4663
f 4862 4863 4663
f 4663 4863 4664
f 4863 4864 4664
f 4664 4864 4665
f 4864 4865 4665
f 4665 4865 4666
f 4865 4866 4666
f 4666 4866 4667
f 4866 4867 4667
f 4667 4867 4668
f 4867 4868 4668
f 4668 4868 4669
f 4868 4869 4669
f 4669 4869 4670
f 4869 4870 4670
f 4670 4870 4671
f 4870 4871 4671
f 4671 4871 4672
f 4871 4872 4672
f 4672 4872 4673
f 4872 4873 4673
f 4673 4873 4674
f 4873 4874 4674
f 4674 4874 4675
f 4874 4875 4675
f 4675 4875 4676
f 4875 4876 4676
f 4676 4876 4677
f 4876 4877 4677
f 4677 4877 4678
f 4877 4878 4678
f 4678 4878 4679
f 4878 4879 4679
f 4679 4879 4680
f 4879 4880 4680
f 4680 4880 4681
f 4880 4881 4681
f 4681 4881 4682
f 4881 4882 4682
f 4682 4882 4683
f 4882 4883 4683
f 4683 4883 4684
f 4883 4884 4684
f 4684 4884 4685
f 4884 4885 4685
f 4685 4885 4686
f 4885 4886 4686
f 4686 4886 4687
f 4886 4887 4687
f 4687 4887 4688
f 4887 4888 4688
f 4688 4888 4689
f 4888 4889 4689
f 4689 4889 4690
f 4889 4890 4690
f 4690 4890 4691
f 4890 4891 4691
f 4691 4891 4692
f 4891 4892 4692
f 4692 4892 4693
f 4892 4893 4693
f 4693 4893 4694
f 4893 4894 4694
f 4694 4894 4695
f 4894 4895 4695
f 4695 4895 4696
f 4895 4896 4696
f 4696 4896 4697
f 4896 4897 4697
f 4697 4897 4698
f 4897 4898 4698
f 4698 4898 4699
f 4898 4899 4699
f 4699 4899 4700
f 4899 4900 4700
f 4700 4900 4701
f 4900 4901 4701
f 4701 4901 4702
f 4901 4902 4702
f 4702 4902 4903
f 4702 4903 4703
f 4703 4903 4904
f 4703 4904 4704
f 4704 4904 4905
f 4704 4905 4705
f 4705 4905 4906
f 4705 4906 4706
f 4706 4906 4907
f 4706 4907 4707
f 4707 4907 4908
f 4707 4908 4708
f 4708 4908 4909
f 4708 4909 4709
f 4709 4909 4910
f 4709 4910 4710
f 4710 4910 4911
f 4710 4911 4711
f 4711 4911 4912
f 4711 4912 4712
f 4712 4912 4913
f 4712 4913 4713
f 4713 4913 4914
f 4713 4914 4714
f 4714 4914 4915
f 4714 4915 4715
f 4715 4915 4916
f 4715 4916 4716
f 4716 4916 4917
f 4716 4917 4717
f 4717 4917 4918
f 4717 4918 4718
f 4718 4918 4919
f 4718 4919 4719
f 4719 4919 4920
f 4719 4920 4720
f 4720 4920 4921
f 4720 4921 4721
f 4721 4921 4922
f 4721 4922 4722
f 4722 4922 4923
f 4722 4923 4723
f 4723 4923 4924
f 4723 4924 4724
f 4724 4924 4925
f 4724 4925 4725
f 4725 4925 4926
f 4725 4926 4726
f 4726 4926 4927
f 4726 4927 4727
f 4727 4927 4928
f 4727 4928 4728
f 4728 4928 4929
f 4728 4929 4729
f 4729 4929 4930
f 4729 4930 4730
f 4730 4930 4931
f 4730 4931 4731
f 4731 4931 4932
f 4731 4932 4732
f 4732 4932 4933
f 4732 4933 4733
f 4733 4933 4934
f 4733 4934 4734
f 4734 4934 4935
f 4734 4935 4735
f 4735 4935 4936
f 4735 4936 4736
f 4736 4936 4937
f 4736 4937 4737
f 4737 4937 4938
f 4737 4938 4738
f 4738 4938 4939
f 4738 4939 4739
f 4739 4939 4940
f 4739 4940 4740
f 4740 4940 4941
f 4740 4941 4741
f 4741 4941 4942
f 4741 4942 4742
f 4742 4942 4943
f 4742 4943 4743
f 4743 4943 4944
f 4743 4944 4744
f 4744 4944 4945
f 4744 4945 4745
f 4745 4945 4946
f 4745 4946 4746
f 4746 4946 4947
f 4746 4947 4747
f 4747 4947 4948
f 4747 4948 4748
f 4748 4948 4949
f 4748 4949 4749
f 4749 4949 4950
f 4749 4950 4750
f 4750 4950 4951
f 4750 4951 4751
f 4751 4951 4952
f 4751 4952 4752
f 4752 4952 4753
f 4952 4953 4753
f 4753 4953 4754
f 4953 4954 4754
f 4754 4954 4755
f 4954 4955 4755
f 4755 4955 4756
f 4955 4956 4756
f 4756 4956 4757
f 4956 4957 4757
f 4757 4957 4758
f 4957 4958 4758
f 4758 4958 4759
f 4958 4959 4759
f 4759 4959 4760
f 4959 4960 4760
f 4760 4960 4761
f 4960 4961 4761
f 4761 4961 4762
f 4961 4962 4762
f 4762 4962 4763
f 4962 4963 4763
f 4763 4963 4764
f 4963 4964 4764
f 4764 4964 4765
f 4964 4965 4765
f 4765 4965 4766
f 4965 4966 4766
f 4766 4966 4767
f 4966 4967 4767
f 4767 4967 4768
f 4967 4968 4768
f 4768 4968 4769
f 4968 4969 4769
f 4769 4969 4770
f 4969 4970 4770
f 4770 4970 4771
f 4970 4971 4771
f 4771 4971 4772
f 4971 4972 4772
f 4772 4972 4773
f 4972 4973 4773
f 4773 4973 4774
f 4973 4974 4774
f 4774 4974 4775
f 4974 4975 4775
f 4775 4975 4776
f 4975 4976 4776
f 4776 4976 4777
f 4976 4977 4777
f 4777 4977 4778
f 4977 4978 4778
f 4778 4978 4779
f 4978 4979 4779
f 4779 4979 4780
f 4979 4980 4780
f 4780 4980 4781
f 4980 4981 4781
f 4781 4981 4782
f 4981 4982 4782
f 4782 4982 4783
f 4982 4983 4783
f 4783 4983 4784
f 4983 4984 4784
f 4784 4984 4785
f 4984 4985 4785
f 4785 4985 4786
f 4985 4986 4786
f 4786 4986 4787
f 4986 4987 4787
f 4787 4987 4788
f 4987 4988 4788
f 4788 4988 4789
f 4988 4989 4789
f 4789 4989 4790
f 4989 4990 4790
f 4790 4990 4791
f 4990 4991 4791
f 4791 4991 4792
f 4991 4992 4792
f 4792 4992 4793
f 4992 4993 4793
f 4793 4993 4794
f 4993 4994 4794
f 4794 4994 4795
f 4994 4995 4795
f 4795 4995 4796
f 4995 4996 4796
f 4796 4996 4797
f 4996 4997 4797
f 4797 4997 4798
f 4997 4998 4798
f 4798 4998 4799
f 4998 4999 4799
f 4799 4999 4800
f 4999 5000 4800
f 4800 5000 4801
f 5000 5001 4801
f 4801 5001 4602
f 5001 4802 4602
f 4802 5002 5003
f 4802 5003 4803
f 4803 5003 5004
f 4803 5004 4804
f 4804 5004 5005
f 4804 5005 4805
f 4805 5005 5006
f 4805 5006 4806
f 4806 5006 5007
f 4806 5007 4807
f 4807 5007 5008
f 4807 5008 4808
f 4808 5008 5009
f 4808 5009 4809
f 4809 5009 5010
f 4809 5010 4810
f 4810 5010 5011
f 4810 5011 4811
f 4811 5011 5012
f 4811 5012 4812
f 4812 5012 5013
f 4812 5013 4813
f 4813 5013 5014
f 4813 5014 4814
f 4814 5014 5015
f 4814 5015 4815
f 4815 5015 5016
f 4815 5016 4816
f 4816 5016 5017
f 4816 5017 4817
f 4817 5017 5018
f 4817 5018 4818
f 4818 5018 5019
f 4818 5019 4819
f 4819 5019 5020
f 4819 5020 4820
f 4820 5020 5021
f 4820 5021 4821
f 4821 5021 5022
f 4821 5022 4822
f 4822 5022 5023
f 4822 5023 4823
f 4823 5023 5024
f 4823 5024 4824
f 4824 5024 5025
f 4824 5025 4825
f 4825 5025 5026
f 4825 5026 4826
f 4826 5026 5027
f 4826 5027 4827
f 4827 5027 5028
f 4827 5028 4828
f 4828 5028 5029
f 4828 5029 4829
f 4829 5029 5030
f 4829 5030 4830
f 4830 5030 5031
f 4830 5031 4831
f 4831 5031 5032
f 4831 5032 4832
f 4832 5032 5033
f 4832 5033 4833
f 4833 5033 5034
f 4833 5034 4834
f 4834 5034 5035
f 4834 5035 4835
f 4835 5035 5036
f 4835 5036 4836
f 4836 5036 5037
f 4836 5037 4837
f 4837 5037 5038
f 4837 5038 4838
f 4838 5038 5039
f 4838 5039 4839
f 4839 5039 5040
f 4839 5040 4840
f 4840 5040 5041
f 4840 5041 4841
f 4841 5041 5042
f 4841 5042 4842
f 4842 5042 5043
f 4842 5043 4843
f 4843 5043 5044
f 4843 5044 4844
f 4844 5044 5045
f 4844 5045 4845
f 4845 5045 5046
f 4845 5046 4846
f 4846 5046 5047
f 4846 5047 4847
f 4847 5047 5048
f 4847 5048 4848
f 4848 5048 5049
f 4848 5049 4849
f 4849 5049 5050
f 4849 5050 4850
f 4850 5050 5051
f 4850 5051 4851
f 4851 5051 5052
f 4851 5052 4852
f 4852 5052 4853
f 5052 5053 4853
f 4853 5053 4854
f 5053 5054 4854
f 4854 5054 4855
f 5054 5055 4855
f 4855 5055 4856
f 5055 5056 4856
f 4856 5056 4857
f 5056 5057 4857
f 4857 5057 4858
f 5057 5058 4858
f 4858 5058 4859
f 5058 5059 4859
f 4859 5059 4860
f 5059 5060 4860
f 4860 5060 4861
f 5060 5061 4861
f 4861 5061 4862
f 5061 5062 4862
f 4862 5062 4863
f 5062 5063 4863
f 4863 5063 4864
f 5063 5064 4864
f 4864 5064 4865
f 5064 5065 4865
f 4865 5065 4866
f 5065 5066 4866
f 4866 5066 4867
f 5066 5067 4867
f 4867 5067 4868
f 5067 5068 4868
f 4868 5068 4869
f 5068 5069 4869
f 4869 5069 4870
f 5069 5070 4870
f 4870 5070 4871
f 5070 5071 4871
f 4871 5071 4872
f 5071 5072 4872
f 4872 5072 4873
f 5072 5073 4873
f 4873 5073 4874
f 5073 5074 4874
f 4874 5074 4875
f 5074 5075 4875
f 4875 5075 4876
f 5075 5076 4876
f 4876 5076 4877
f 5076 5077 4877
f 4877 5077 4878
f 5077 5078 4878
f 4878 5078 4879
f 5078 5079 4879
f 4879 5079 4880
f 5079 5080 4880
f 4880 5080 4881
f 5080 5081 4881
f 4881 5081 4882
f 5081 5082 4882
f 4882 5082 4883
f 5082 5083 4883
f 4883 5083 4884
f 5083 5084 4884
f 4884 5084 4885
f 5084 5085 4885
f 4885 5085 4886
f 5085 5086 4886
f 4886 5086 4887
f 5086 5087 4887
f 4887 5087 4888
f 5087 5088 4888
f 4888 5088 4889
f 5088 5089 4889
f 4889 5089 4890
f 5089 5090 4890
f 4890 5090 4891
f 5090 5091 4891
f 4891 5091 4892
f 5091 5092 4892
f 4892 5092 4893
f 5092 5093 4893
f 4893 5093 4894
f 5093 5094 4894
f 4894 5094 4895
f 5094 5095 4895
f 4895 5095 4896
f 5095 5096 4896
f 4896 5096 4897
f 5096 5097 4897
f 4897 5097 4898
f 5097 5098 4898
f 4898 5098 4899
f 5098 5099 4899
f 4899 5099 4900
f 5099 5100 4900
f 4900 5100 4901
f 5100 5101 4901
f 4901 5101 4902
f 5101 5102 4902
f 4902 5102 5103
f 4902 5103 4903
f 4903 5103 5104
f 4903 5104 4904
f 4904 5104 5105
f 4904 5105 4905
f 4905 5105 5106
f 4905 5106 4906
f 4906 5106 5107
f 4906 5107 4907
f 4907 5107 5108
f 4907 5108 4908
f 4908 5108 5109
f 4908 5109 4909
f 4909 5109 5110
f 4909 5110 4910
f 4910 5110 5111
f 4910 5111 4911
f 4911 5111 5112
f 4911 5112 4912
f 4912 5112 5113
f 4912 5113 4913
f 4913 5113 5114
f 4913 5114 4914
f 4914 5114 5115
f 4914 5115 4915
f 4915 5115 5116
f 4915 5116 4916
f 4916 5116 5117
f 4916 5117 4917
f 4917 5117 5118
f 4917 5118 4918
f 4918 5118 5119
f 4918 5119 4919
f 4919 5119 5120
f 4919 5120 4920
f 4920 5120 5121
f 4920 5121 4921
f 4921 5121 5122
f 4921 5122 4922
f 4922 5122 5123
f 4922 5123 4923
f 4923 5123 5124
f 4923 5124 4924
f 4924 5124 5125
f 4924 5125 4925
f 4925 5125 5126
f 4925 5126 4926
f 4926 5126 5127
f 4926 5127 4927
f 4927 5127 5128
f 4927 5128 4928
f 4928 5128 5129
f 4928 5129 4929
f 4929 5129 5130
f 4929 5130 4930
f 4930 5130 5131
f 4930 5131 4931
f 4931 5131 5132
f 4931 5132 4932
f 4932 5132 5133
f 4932 5133 4933
f 4933 5133 5134
f 4933 5134 4934
f 4934 5134 5135
f 4934 5135 4935
f 4935 5135 5136
f 4935 5136 4936
f 4936 5136 5137
f 4936 5137 4937
f 4937 5137 5138
f 4937 5138 4938
f 4938 5138 5139
f 4938 5139 4939
f 4939 5139 5140
f 4939 5140 4940
f 4940 5140 5141
f 4940 5141 4941
f 4941 5141 5142
f 4941 5142 4942
f 4942 5142 5143
f 4942 5143 4943
f 4943 5143 5144
f 4943 5144 4944
f 4944 5144 5145
f 4944 5145 4945
f 4945 5145 5146
f 4945 5146 4946
f 4946 5146 5147
f 4946 5147 4947
f 4947 5147 5148
f 4947 5148 4948
f 4948 5148 5149
f 4948 5149 4949
f 4949 5149 5150
f 4949 5150 4950
f 4950 5150 5151
f 4950 5151 4951
f 4951 5151 5152
f 4951 5152 4952
f 4952 5152 4953
f 5152 5153 4953
f 4953 5153 4954
f 5153 5154 4954
f 4954 5154 4955
f 5154 5155 4955
f 4955 5155 4956
f 5155 5156 4956
f 4956 5156 4957
f 5156 5157 4957
f 4957 5157 4958
f 5157 5158 4958
f 4958 5158 4959
f 5158 5159 4959
f 4959 5159 4960
f 5159 5160 4960
f 4960 5160 4961
f 5160 5161 4961
f 4961 5161 4962
f 5161 5162 4962
f 4962 5162 4963
f 5162 5163 4963
f 4963 5163 4964
f 5163 5164 4964
f 4964 5164 4965
f 5164 5165 4965
f 4965 5165 4966
f 5165 5166 4966
f 4966 5166 4967
f 5166 5167 4967
f 4967 5167 4968
f 5167 5168 4968
f 4968 5168 4969
f 5168 5169 4969
f 4969 5169 4970
f 5169 5170 4970
f 4970 5170 4971
f 5170 5171 4971
f 4971 5171 4972
f 5171 5172 4972
f 4972 5172 4973
f 5172 5173 4973
f 4973 5173 4974
f 5173 5174 4974
f 4974 5174 4975
f 5174 5175 4975
f 4975 5175 4976
f 5175 5176 4976
f 4976 5176 4977
f 5176 5177 4977
f 4977 5177 4978
f 5177 5178 4978
f 4978 5178 4979
f 5178 5179 4979
f 4979 5179 4980
f 5179 5180 4980
f 4980 5180 4981
f 5180 5181 4981
f 4981 5181 4982
f 5181 5182 4982
f 4982 5182 4983
f 5182 5183 4983
f 4983 5183 4984
f 5183 5184 4984
f 4984 5184 4985
f 5184 5185 4985
f 4985 5185 4986
f 5185 5186 4986
f 4986 5186 4987
f 5186 5187 4987
f 4987 5187 4988
f 5187 5188 4988
f 4988 5188 4989
f 5188 5189 4989
f 4989 5189 4990
f 5189 5190 4990
f 4990 5190 4991
f 5190 5191 4991
f 4991 5191 4992
f 5191 5192 4992
f 4992 5192 4993
f 5192 5193 4993
f 4993 5193 4994
f 5193 5194 4994
f 4994 5194 4995
f 5194 5195 4995
f 4995 5195 4996
f 5195 5196 4996
f 4996 5196 4997
f 5196 5197 4997
f 4997 5197 4998
f 5197 5198 4998
f 4998 5198 4999
f 5198 5199 4999
f 4999 5199 5000
f 5199 5200 5000
f 5000 5200 5001
f 5200 5201 5001
f 5001 5201 4802
f 5201 5002 4802
f 5002 5202 5203
f 5002 5203 5003
f 5003 5203 5204
f 5003 5204 5004
f 5004 5204 5205
f 5004 5205 5005
f 5005 5205 5206
f 5005 5206 5006
f 5006 5206 5207
f 5006 5207 5007
f 5007 5207 5208
f 5007 5208 5008
f 5008 5208 5209
f 5008 5209 5009
f 5009 5209 5210
f 5009 5210 5010
f 5010 5210 5211
f 5010 5211 5011
f 5011 5211 5212
f 5011 5212 5012
f 5012 5212 5213
f 5012 5213 5013
f 5013 5213 5214
f 5013 5214 5014
f 5014 5214 5215
f 5014 5215 5015
f 5015 5215 5216
f 5015 5216 5016
f 5016 5216 5217
f 5016 5217 5017
f 5017 5217 5218
f 5017 5218 5018
f 5018 5218 5219
f 5018 5219 5019
f 5019 5219 5220
f 5019 5220 5020
f 5020 5220 5221
f 5020 5221 5021
f 5021 5221 5222
f 5021 5222 5022
f 5022 5222 5223
f 5022 5223 5023
f 5023 5223 5224
f 5023 5224 5024
f 5024 5224 5225
f 5024 5225 5025
f 5025 5225 5226
f 5025 5226 5026
f 5026 5226 5227
f 5026 5227 5027
f 5027 5227 5228
f 5027 5228 5028
f 5028 5228 5229
f 5028 5229 5029
f 5029 5229 5230
f 5029 5230 5030
f 5030 5230 5231
f 5030 5231 5031
f 5031 5231 5232
f 5031 5232 5032
f 5032 5232 5233
f 5032 5233 5033
f 5033 5233 5234
f 5033 5234 5034
f 5034 5234 5235
f 5034 5235 5035
f 5035 5235 5236
f 5035 5236 5036
f 5036 5236 5237
f 5036 5237 5037
f 5037 5237 5238
f 5037 5238 5038
f 5038 5238 5239
f 5038 5239 5039
f 5039 5239 5240
f 5039 5240 5040
f 5040 5240 5241
f 5040 5241 5041
f 5041 5241 5242
f 5041 5242 5042
f 5042 5242 5243
f 5042 5243 5043
f 5043 5243 5244
f 5043 5244 5044
f 5044 5244 5245
f 5044 5245 5045
f 5045 5245 5246
f 5045 5246 5046
f 5046 5246 5247
f 5046 5247 5047
f 5047 5247 5248
f 5047 5248 5048
f 5048 5248 5249
f 5048 5249 5049
f 5049 5249 5250
f 5049 5250 5050
f 5050 5250 5251
f 5050 5251 5051
f 5051 5251 5252
f 5051 5252 5052
f 5052 5252 5053
f 5252 5253 5053
f 5053 5253 5054
f 5253 5254 5054
f 5054 5254 5055
f 5254 5255 5055
f 5055 5255 5056
f 5255 5256 5056
f 5056 5256 5057
f 5256 5257 5057
f 5057 5257 5058
f 5257 5258 5058
f 5058 5258 5059
f 5258 5259 5059
f 5059 5259 5060
f 5259 5260 5060
f 5060 5260 5061
f 5260 5261 5061
f 5061 5261 5062
f 5261 5262 5062
f 5062 5262 5063
f 5262 5263 5063
f 5063 5263 5064
f 5263 5264 5064
f 5064 5264 5065
f 5264 5265 5065
f 5065 5265 5066
f 5265 5266 5066
f 5066 5266 5067
f 5266 5267 5067
f 5067 5267 5068
f 5267 5268 5068
f 5068 5268 5069
f 5268 5269 5069
f 5069 5269 5070
f 5269 5270 5070
f 5070 5270 5071
f 5270 5271 5071
f 5071 5271 5072
f 5271 5272 5072
f 5072 5272 5073
f 5272 5273 5073
f 5073 5273 5074
f 5273 5274 5074
f 5074 5274 5075
f 5274 5275 5075
f 5075 5275 5076
f 5275 5276 5076
f 5076 5276 5077
f 5276 5277 5077
f 5077 5277 5078
f 5277 5278 5078
f 5078 5278 5079
f 5278 5279 5079
f 5079 5279 5080
f 5279 5280 5080
f 5080 5280 5081
f 5280 5281 5081
f 5081 5281 5082
f 5281 5282 5082
f 5082 5282 5083
f 5282 5283 5083
f 5083 5283 5084
f 5283 5284 5084
f 5084 5284 5085
f 5284 5285 5085
f 5085 5285 5086
f 5285 5286 5086
f 5086 5286 5087
f 5286 5287 5087
f 5087 5287 5088
f 5287 5288 5088
f 5088 5288 5089
f 5288 5289 5089
f 5089 5289 5090
f 5289 5290 5090
f 5090 5290 5091
f 5290 5291 5091
f 5091 5291 5092
f 5291 5292 5092
f 5092 5292 5093
f 5292 5293 5093
f 5093 5293 5094
f 5293 5294 5094
f 5094 5294 5095
f 5294 5295 5095
f 5095 5295 5096
f 5295 5296 5096
f 5096 5296 5097
f 5296 5297 5097
f 5097 5297 5098
f 5297 5298 5098
f 5098 5298 5099
f 5298 5299 5099
f 5099 5299 5100
f 5299 5300 5100
f 5100 5300 5101
f 5300 5301 5101
f 5101 5301 5102
f 5301 5302 5102
f 5102 5302 5303
f 5102 5303 5103
f 5103 5303 5304
f 5103 5304 5104
f 5104 5304 5305
f 5104 5305 5105
f 5105 5305 5306
f 5105 5306 5106
f 5106 5306 5307
f 5106 5307 5107
f 5107 5307 5308
f 5107 5308 5108
f 5108 5308 5309
f 5108 5309 5109
f 5109 5309 5310
f 5109 5310 5110
f 5110 5310 5311
f 5110 5311 5111
f 5111 5311 5312
f 5111 5312 5112
f 5112 5312 5313
f 5112 5313 5113
f 5113 5313 5314
f 5113 5314 5114
f 5114 5314 5315
f 5114 5315 5115
f 5115 5315 5316
f 5115 5316 5116
f 5116 5316 5317
f 5116 5317 5117
f 5117 5317 5318
f 5117 5318 5118
f 5118 5318 5319
f 5118 5319 5119
f 5119 5319 5320
f 5119 5320 5120
f 5120 5320 5321
f 5120 5321 5121
f 5121 5321 5322
f 5121 5322 5122
f 5122 5322 5323
f 5122 5323 5123
f 5123 5323 5324
f 5123 5324 5124
f 5124 5324 5325
f 5124 5325 5125
f 5125 5325 5326
f 5125 5326 5126
f 5126 5326 5327
f 5126 5327 5127
f 5127 5327 5328
f 5127 5328 5128
f 5128 5328 5329
f 5128 5329 5129
f 5129 5329 5330
f 5129 5330 5130
f 5130 5330 5331
f 5130 5331 5131
f 5131 5331 5332
f 5131 5332 5132
f 5132 5332 5333
f 5132 5333 5133
f 5133 5333 5334
f 5133 5334 5134
f 5134 5334 5335
f 5134 5335 5135
f 5135 5335 5336
f 5135 5336 5136
f 5136 5336 5337
f 5136 5337 5137
f 5137 5337 5338
f 5137 5338 5138
f 5138 5338 5339
f 5138 5339 5139
f 5139 5339 5340
f 5139 5340 5140
f 5140 5340 5341
f 5140 5341 5141
f 5141 5341 5342
f 5141 5342 5142
f 5142 5342 5343
f 5142 5343 5143
f 5143 5343 5344
f 5143 5344 5144
f 5144 5344 5345
f 5144 5345 5145
f 5145 5345 5346
f 5145 5346 5146
f 5146 5346 5347
f 5146 5347 5147
f 5147 5347 5348
f 5147 5348 5148
f 5148 5348 5349
f 5148 5349 5149
f 5149 5349 5350
f 5149 5350 5150
f 5150 5350 5351
f 5150 5351 5151
f 5151 5351 5352
f 5151 5352 5152
f 5152 5352 5153
f 5352 5353 5153
f 5153 5353 5154
f 5353 5354 5154
f 5154 5354 5155
f 5354 5355 5155
f 5155 5355 5156
f 5355 5356 5156
f 5156 5356 5157
f 5356 5357 5157
f 5157 5357 5158
f 5357 5358 5158
f 5158 5358 5159
f 5358 5359 5159
f 5159 5359 5160
f 5359 5360 5160
f 5160 5360 5161
f 5360 5361 5161
f 5161 5361 5162
f 5361 5362 5162
f 5162 5362 5163
f 5362 5363 5163
f 5163 5363 5164
f 5363 5364 5164
f 5164 5364 5165
f 5364 5365 5165
f 5165 5365 5166
f 5365 5366 5166
f 5166 5366 5167
f 5366 5367 5167
f 5167 5367 5168
f 5367 5368 5168
f 5168 5368 5169
f 5368 5369 5169
f 5169 5369 5170
f 5369 5370 5170
f 5170 5370 5171
f 5370 5371 5171
f 5171 5371 5172
f 5371 5372 5172
f 5172 5372 5173
f 5372 5373 5173
f 5173 5373 5174
f 5373 5374 5174
f 5174 5374 5175
f 5374 5375 5175
f 5175 5375 5176
f 5375 5376 5176
f 5176 5376 5177
f 5376 5377 5177
f 5177 5377 5178
f 5377 5378 5178
f 5178 5378 5179
f 5378 5379 5179
f 5179 5379 5180
f 5379 5380 5180
f 5180 5380 5181
f 5380 5381 5181
f 5181 5381 5182
f 5381 5382 5182
f 5182 5382 5183
f 5382 5383 5183
f 5183 5383 5184
f 5383 5384 5184
f 5184 5384 5185
f 5384 5385 5185
f 5185 5385 5186
f 5385 5386 5186
f 5186 5386 5187
f 5386 5387 5187
f 5187 5387 5188
f 5387 5388 5188
f 5188 5388 5189
f 5388 5389 5189
f 5189 5389 5190
f 5389 5390 5190
f 5190 5390 5191
f 5390 5391 5191
f 5191 5391 5192
f 5391 5392 5192
f 5192 5392 5193
f 5392 5393 5193
f 5193 5393 5194
f 5393 5394 5194
f 5194 5394 5195
f 5394 5395 5195
f 5195 5395 5196
f 5395 5396 5196
f 5196 5396 5197
f 5396 5397 5197
f 5197 5397 5198
f 5397 5398 5198
f 5198 5398 5199
f 5398 5399 5199
f 5199 5399 5200
f 5399 5400 5200
f 5200 5400 5201
f 5400 5401 5201
f 5201 5401 5002
f 5401 5202 5002
f 5202 5402 5403
f 5202 5403 5203
f 5203 5403 5404
f 5203 5404 5204
f 5204 5404 5405
f 5204 5405 5205
f 5205 5405 5406
f 5205 5406 5206
f 5206 5406 5407
f 5206 5407 5207
f 5207 5407 5408
f 5207 5408 5208
f 5208 5408 5409
f 5208 5409 5209
f 5209 5409 5410
f 5209 5410 5210
f 5210 5410 5411
f 5210 5411 5211
f 5211 5411 5412
f 5211 5412 5212
f 5212 5412 5413
f 5212 5413 5213
f 5213 5413 5414
f 5213 5414 5214
f 5214 5414 5415
f 5214 5415 5215
f 5215 5415 5416
f 5215 5416 5216
f 5216 5416 5417
f 5216 5417 5217
f 5217 5417 5418
f 5217 5418 5218
f 5218 5418 5419
f 5218 5419 5219
f 5219 5419 5420
f 5219 5420 5220
f 5220 5420 5421
f 5220 5421 5221
f 5221 5421 5422
f 5221 5422 5222
f 5222 5422 5423
f 5222 5423 5223
f 5223 5423 5424
f 5223 5424 5224
f 5224 5424 5425
f 5224 5425 5225
f 5225 5425 5426
f 5225 5426 5226
f 5226 5426 5427
f 5226 5427 5227
f 5227 5427 5428
f 5227 5428 5228
f 5228 5428 5429
f 5228 5429 5229
f 5229 5429 5430
f 5229 5430 5230
f 5230 5430 5431
f 5230 5431 5231
f 5231 5431 5432
f 5231 5432 5232
f 5232 5432 5433
f 5232 5433 5233
f 5233 5433 5434
f 5233 5434 5234
f 5234 5434 5435
f 5234 5435 5235
f 5235 5435 5436
f 5235 5436 5236
f 5236 5436 5437
f 5236 5437 5237
f 5237 5437 5438
f 5237 5438 5238
f 5238 5438 5439
f 5238 5439 5239
f 5239 5439 5440
f 5239 5440 5240
f 5240 5440 5441
f 5240 5441 5241
f 5241 5441 5442
f 5241 5442 5242
f 5242 5442 5443
f 5242 5443 5243
f 5243 5443 5444
f 5243 5444 5244
f 5244 5444 5445
f 5244 5445 5245
f 5245 5445 5446
f 5245 5446 5246
f 5246 5446 5447
f 5246 5447 5247
f 5247 5447 5448
f 5247 5448 5248
f 5248 5448 5449
f 5248 5449 5249
f 5249 5449 5450
f 5249 5450 5250
f 5250 5450 5451
f 5250 5451 5251
f 5251 5451 5452
f 5251 5452 5252
f 5252 5452 5253
f 5452 5453 5253
f 5253 5453 5254
f 5453 5454 5254
f 5254 5454 5255
f 5454 5455 5255
f 5255 5455 5256
f 5455 5456 5256
f 5256 5456 5257
f 5456 5457 5257
f 5257 5457 5258
f 5457 5458 5258
f 5258 5458 5259
f 5458 5459 5259
f 5259 5459 5260
f 5459 5460 5260
f 5260 5460 5261
f 5460 5461 5261
f 5261 5461 5262
f 5461 5462 5262
f 5262 5462 5263
f 5462 5463 5263
f 5263 5463 5264
f 5463 5464 5264
f 5264 5464 5265
f 5464 5465 5265
f 5265 5465 5266
f 5465 5466 5266
f 5266 5466 5267
f 5466 5467 5267
f 5267 5467 5268
f 5467 5468 5268
f 5268 5468 5269
f 5468 5469 5269
f 5269 5469 5270
f 5469 5470 5270
f 5270 5470 5271
f 5470 5471 5271
f 5271 5471 5272
f 5471 5472 5272
f 5272 5472 5273
f 5472 5473 5273
f 5273 5473 5274
f 5473 5474 5274
f 5274 5474 5275
f 5474 5475 5275
f 5275 5475 5276
f 5475 5476 5276
f 5276 5476 5277
f 5476 5477 5277
f 5277 5477 5278
f 5477 5478 5278
f 5278 5478 5279
f 5478 5479 5279
f 5279 5479 5280
f 5479 5480 5280
f 5280 5480 5281
f 5480 5481 5281
f 5281 5481 5282
f 5481 5482 5282
f 5282 5482 5283
f 5482 5483 5283
f 5283 5483 5284
f 5483 5484 5284
f 5284 5484 5285
f 5484 5485 5285
f 5285 5485 5286
f 5485 5486 5286
f 5286 5486 5287
f 5486 5487 5287
f 5287 5487 5288
f 5487 5488 5288
f 5288 5488 5289
f 5488 5489 5289
f 5289 5489 5290
f 5489 5490 5290
f 5290 5490 5291
f 5490 5491 5291
f 5291 5491 5292
f 5491 5492 5292
f 5292 5492 5293
f 5492 5493 5293
f 5293 5493 5294
f 5493 5494 5294
f 5294 5494 5295
f 5494 5495 5295
f 5295 5495 5296
f 5495 5496 5296
f 5296 5496 5297
f 5496 5497 5297
f 5297 5497 5298
f 5497 5498 5298
f 5298 5498 5299
f 5498 5499 5299
f 5299 5499 5300
f 5499 5500 5300
f 5300 5500 5301
f 5500 5501 5301
f 5301 5501 5302
f 5501 5502 5302
f 5302 5502 5503
f 5302 5503 5303
f 5303 5503 5504
f 5303 5504 5304
f 5304 5504 5505
f 5304 5505 5305
f 5305 5505 5506
f 5305 5506 5306
f 5306 5506 5507
f 5306 5507 5307
f 5307 5507 5508
f 5307 5508 5308
f 5308 5508 5509
f 5308 5509 5309
f 5309 5509 5510
f 5309 5510 5310
f 5310 5510 5511
f 5310 5511 5311
f 5311 5511 5512
f 5311 5512 5312
f 5312 5512 5513
f 5312 5513 5313
f 5313 5513 5514
f 5313 5514 5314
f 5314 5514 5515
f 5314 5515 5315
f 5315 5515 5516
f 5315 5516 5316
f 5316 5516 5517
f 5316 5517 5317
f 5317 5517 5518
f 5317 5518 5318
f 5318 5518 5519
f 5318 5519 5319
f 5319 5519 5520
f 5319 5520 5320
f 5320 5520 5521
f 5320 5521 5321
f 5321 5521 5522
f 5321 5522 5322
f 5322 5522 5523
f 5322 5523 5323
f 5323 5523 5524
f 5323 5524 5324
f 5324 5524 5525
f 5324 5525 5325
f 5325 5525 5526
f 5325 5526 5326
f 5326 5526 5527
f 5326 5527 5327
f 5327 5527 5528
f 5327 5528 5328
f 5328 5528 5529
f 5328 5529 5329
f 5329 5529 5530
f 5329 5530 5330
f 5330 5530 5531
f 5330 5531 5331
f 5331 5531 5532
f 5331 5532 5332
f 5332 5532 5533
f 5332 5533 5333
f 5333 5533 5534
f 5333 5534 5334
f 5334 5534 5535
f 5334 5535 5335
f 5335 5535 5536
f 5335 5536 5336
f 5336 5536 5537
f 5336 5537 5337
f 5337 5537 5538
f 5337 5538 5338
f 5338 5538 5539
f 5338 5539 5339
f 5339 5539 5540
f 5339 5540 5340
f 5340 5540 5541
f 5340 5541 5341
f 5341 5541 5542
f 5341 5542 5342
f 5342 5542 5543
f 5342 5543 5343
f 5343 5543 5544
f 5343 5544 5344
f 5344 5544 5545
f 5344 5545 5345
f 5345 5545 5546
f 5345 5546 5346
f 5346 5546 5547
f 5346 5547 5347
f 5347 5547 5548
f 5347 5548 5348
f 5348 5548 5549
f 5348 5549 5349
f 5349 5549 5550
f 5349 5550 5350
f 5350 5550 5551
f 5350 5551 5351
f 5351 5551 5552
f 5351 5552 5352
f 5352 5552 5353
f 5552 5553 5353
f 5353 5553 5354
f 5553 5554 5354
f 5354 5554 5355
f 5554 5555 5355
f 5355 5555 5356
f 5555 5556 5356
f 5356 5556 5357
f 5556 5557 5357
f 5357 5557 5358
f 5557 5558 5358
f 5358 5558 5359
f 5558 5559 5359
f 5359 5559 5360
f 5559 5560 5360
f 5360 5560 5361
f 5560 5561 5361
f 5361 5561 5362
f 5561 5562 5362
f 5362 5562 5363
f 5562 5563 5363
f 5363 5563 5364
f 5563 5564 5364
f 5364 5564 5365
f 5564 5565 5365
f 5365 5565 5366
f 5565 5566 5366
f 5366 5566 5367
f 5566 5567 5367
f 5367 5567 5368
f 5567 5568 5368
f 5368 5568 5369
f 5568 5569 5369
f 5369 5569 5370
f 5569 5570 5370
f 5370 5570 5371
f 5570 5571 5371
f 5371 5571 5372
f 5571 5572 5372
f 5372 5572 5373
f 5572 5573 5373
f 5373 5573 5374
f 5573 5574 5374
f 5374 5574 5375
f 5574 5575 5375
f 5375 5575 5376
f 5575 5576 5376
f 5376 5576 5377
f 5576 5577 5377
f 5377 5577 5378
f 5577 5578 5378
f 5378 5578 5379
f 5578 5579 5379
f 5379 5579 5380
f 5579 5580 5380
f 5380 5580 5381
f 5580 5581 5381
f 5381 5581 5382
f 5581 5582 5382
f 5382 5582 5383
f 5582 5583 5383
f 5383 5583 5384
f 5583 5584 5384
f 5384 5584 5385
f 5584 5585 5385
f 5385 5585 5386
f 5585 5586 5386
f 5386 5586 5387
f 5586 5587 5387
f 5387 5587 5388
f 5587 5588 5388
f 5388 5588 5389
f 5588 5589 5389
f 5389 5589 5390
f 5589 5590 5390
f 5390 5590 5391
f 5590 5591 5391
f 5391 5591 5392
f 5591 5592 5392
f 5392 5592 5393
f 5592 5593 5393
f 5393 5593 5394
f 5593 5594 5394
f 5394 5594 5395
f 5594 5595 5395
f 5395 5595 5396
f 5595 5596 5396
f 5396 5596 5397
f 5596 5597 5397
f 5397 5597 5398
f 5597 5598 5398
f 5398 5598 5399
f 5598 5599 5399
f 5399 5599 5400
f 5599 5600 5400
f 5400 5600 5401
f 5600 5601 5401
f 5401 5601 5202
f 5601 5402 5202
f 5402 5602 5603
f 5402 5603 5403
f 5403 5603 5604
f 5403 5604 5404
f 5404 5604 5605
f 5404 5605 5405
f 5405 5605 5606
f 5405 5606 5406
f 5406 5606 5607
f 5406 5607 5407
f 5407 5607 5608
f 5407 5608 5408
f 5408 5608 5609
f 5408 5609 5409
f 5409 5609 5610
f 5409 5610 5410
f 5410 5610 5611
f 5410 5611 5411
f 5411 5611 5612
f 5411 5612 5412
f 5412 5612 5613
f 5412 5613 5413
f 5413 5613 5614
f 5413 5614 5414
f 5414 5614 5615
f 5414 5615 5415
f 5415 5615 5616
f 5415 5616 5416
f 5416 5616 5617
f 5416 5617 5417
f 5417 5617 5618
f 5417 5618 5418
f 5418 5618 5619
f 5418 5619 5419
f 5419 5619 5620
f 5419 5620 5420
f 5420 5620 5621
f 5420 5621 5421
f 5421 5621 5622
f 5421 5622 5422
f 5422 5622 5623
f 5422 5623 5423
f 5423 5623 5624
f 5423 5624 5424
f 5424 5624 5625
f 5424 5625 5425
f 5425 5625 5626
f 5425 5626 5426
f 5426 5626 5627
f 5426 5627 5427
f 5427 5627 5628
f 5427 5628 5428
f 5428 5628 5629
f 5428 5629 5429
f 5429 5629 5630
f 5429 5630 5430
f 5430 5630 5631
f 5430 5631 5431
f 5431 5631 5632
f 5431 5632 5432
f 5432 5632 5633
f 5432 5633 5433
f 5433 5633 5634
f 5433 5634 5434
f 5434 5634 5635
f 5434 5635 5435
f 5435 5635 5636
f 5435 5636 5436
f 5436 5636 5637
f 5436 5637 5437
f 5437 5637 5638
f 5437 5638 5438
f 5438 5638 5639
f 5438 5639 5439
f 5439 5639 5640
f 5439 5640 5440
f 5440 5640 5641
f 5440 5641 5441
f 5441 5641 5642
f 5441 5642 5442
f 5442 5642 5643
f 5442 5643 5443
f 5443 5643 5644
f 5443 5644 5444
f 5444 5644 5645
f 5444 5645 5445
f 5445 5645 5646
f 5445 5646 5446
f 5446 5646 5647
f 5446 5647 5447
f 5447 5647 5648
f 5447 5648 5448
f 5448 5648 5649
f 5448 5649 5449
f 5449 5649 5650
f 5449 5650 5450
f 5450 5650 5651
f 5450 5651 5451
f 5451 5651 5652
f 5451 5652 5452
f 5452 5652 5453
f 5652 5653 5453
f 5453 5653 5454
f 5653 5654 5454
f 5454 5654 5455
f 5654 5655 5455
f 5455 5655 5456
f 5655 5656 5456
f 5456 5656 5457
f 5656 5657 5457
f 5457 5657 5458
f 5657 5658 5458
f 5458 5658 5459
f 5658 5659 5459
f 5459 5659 5460
f 5659 5660 5460
f 5460 5660 5461
f 5660 5661 5461
f 5461 5661 5462
f 5661 5662 5462
f 5462 5662 5463
f 5662 5663 5463
f 5463 5663 5464
f 5663 5664 5464
f 5464 5664 5465
f 5664 5665 5465
f 5465 5665 5466
f 5665 5666 5466
f 5466 5666 5467
f 5666 5667 5467
f 5467 5667 5468
f 5667 5668 5468
f 5468 5668 5469
f 5668 5669 5469
f 5469 5669 5470
f 5669 5670 5470
f 5470 5670 5471
f 5670 5671 5471
f 5471 5671 5472
f 5671 5672 5472
f 5472 5672 5473
f 5672 5673 5473
f 5473 5673 5474
f 5673 5674 5474
f 5474 5674 5475
f 5674 5675 5475
f 5475 5675 5476
f 5675 5676 5476
f 5476 5676 5477
f 5676 5677 5477
f 5477 5677 5478
f 5677 5678 5478
f 5478 5678 5479
f 5678 5679 5479
f 5479 5679 5480
f 5679 5680 5480
f 5480 5680 5481
f 5680 5681 5481
f 5481 5681 5482
f 5681 5682 5482
f 5482 5682 5483
f 5682 5683 5483
f 5483 5683 5484
f 5683 5684 5484
f 5484 5684 5485
f 5684 5685 5485
f 5485 5685 5486
f 5685 5686 5486
f 5486 5686 5487
f 5686 5687 5487
f 5487 5687 5488
f 5687 5688 5488
f 5488 5688 5489
f 5688 5689 5489
f 5489 5689 5490
f 5689 5690 5490
f 5490 5690 5491
f 5690 5691 5491
f 5491 5691 5492
f 5691 5692 5492
f 5492 5692 5493
f 5692 5693 5493
f 5493 5693 5494
f 5693 5694 5494
f 5494 5694 5495
f 5694 5695 5495
f 5495 5695 5496
f 5695 5696 5496
f 5496 5696 5497
f 5696 5697 5497
f 5497 5697 5498
f 5697 5698 5498
f 5498 5698 5499
f 5698 5699 5499
f 5499 5699 5500
f 5699 5700 5500
f 5500 5700 5501
f 5700 5701 5501
f 5501 5701 5502
f 5701 5702 5502
f 5502 5702 5703
f 5502 5703 5503
f 5503 5703 5704
f 5503 5704 5504
f 5504 5704 5705
f 5504 5705 5505
f 5505 5705 5706
f 5505 5706 5506
f 5506 5706 5707
f 5506 5707 5507
f 5507 5707 5708
f 5507 5708 5508
f 5508 5708 5709
f 5508 5709 5509
f 5509 5709 5710
f 5509 5710 5510
f 5510 5710 5711
f 5510 5711 5511
f 5511 5711 5712
f 5511 5712 5512
f 5512 5712 5713
f 5512 5713 5513
f 5513 5713 5714
f 5513 5714 5514
f 5514 5714 5715
f 5514 5715 5515
f 5515 5715 5716
f 5515 5716 5516
f 5516 5716 5717
f 5516 5717 5517
f 5517 5717 5718
f 5517 5718 5518
f 5518 5718 5719
f 5518 5719 5519
f 5519 5719 5720
f 5519 5720 5520
f 5520 5720 5721
f 5520 5721 5521
f 5521 5721 5722
f 5521 5722 5522
f 5522 5722 5723
f 5522 5723 5523
f 5523 5723 5724
f 5523 5724 5524
f 5524 5724 5725
f 5524 5725 5525
f 5525 5725 5726
f 5525 5726 5526
f 5526 5726 5727
f 5526 5727 5527
f 5527 5727 5728
f 5527 5728 5528
f 5528 5728 5729
f 5528 5729 5529
f 5529 5729 5730
f 5529 5730 5530
f 5530 5730 5731
f 5530 5731 5531
f 5531 5731 5732
f 5531 5732 5532
f 5532 5732 5733
f 5532 5733 5533
f 5533 5733 5734
f 5533 5734 5534
f 5534 5734 5735
f 5534 5735 5535
f 5535 5735 5736
f 5535 5736 5536
f 5536 5736 5737
f 5536 5737 5537
f 5537 5737 5738
f 5537 5738 5538
f 5538 5738 5739
f 5538 5739 5539
f 5539 5739 5740
f 5539 5740 5540
f 5540 5740 5741
f 5540 5741 5541
f 5541 5741 5742
f 5541 5742 5542
f 5542 5742 5743
f 5542 5743 5543
f 5543 5743 5744
f 5543 5744 5544
f 5544 5744 5745
f 5544 5745 5545
f 5545 5745 5746
f 5545 5746 5546
f 5546 5746 5747
f 5546 5747 5547
f 5547 5747 5748
f 5547 5748 5548
f 5548 5748 5749
f 5548 5749 5549
f 5549 5749 5750
f 5549 5750 5550
f 5550 5750 5751
f 5550 5751 5551
f 5551 5751 5752
f 5551 5752 5552
f 5552 5752 5553
f 5752 5753 5553
f 5553 5753 5554
f 5753 5754 5554
f 5554 5754 5555
f 5754 5755 5555
f 5555 5755 5556
f 5755 5756 5556
f 5556 5756 5557
f 5756 5757 5557
f 5557 5757 5558
f 5757 5758 5558
f 5558 5758 5559
f 5758 5759 5559
f 5559 5759 5560
f 5759 5760 5560
f 5560 5760 5561
f 5760 5761 5561
f 5561 5761 5562
f 5761 5762 5562
f 5562 5762 5563
f 5762 5763 5563
f 5563 5763 5564
f 5763 5764 5564
f 5564 5764 5565
f 5764 5765 5565
f 5565 5765 5566
f 5765 5766 5566
f 5566 5766 5567
f 5766 5767 5567
f 5567 5767 5568
f 5767 5768 5568
f 5568 5768 5569
f 5768 5769 5569
f 5569 5769 5570
f 5769 5770 5570
f 5570 5770 5571
f 5770 5771 5571
f 5571 5771 5572
f 5771 5772 5572
f 5572 5772 5573
f 5772 5773 5573
f 5573 5773 5574
f 5773 5774 5574
f 5574 5774 5575
f 5774 5775 5575
f 5575 5775 5576
f 5775 5776 5576
f 5576 5776 5577
f 5776 5777 5577
f 5577 5777 5578
f 5777 5778 5578
f 5578 5778 5579
f 5778 5779 5579
f 5579 5779 5580
f 5779 5780 5580
f 5580 5780 5581
f 5780 5781 5581
f 5581 5781 5582
f 5781 5782 5582
f 5582 5782 5583
f 5782 5783 5583
f 5583 5783 5584
f 5783 5784 5584
f 5584 5784 5585
f 5784 5785 5585
f 5585 5785 5586
f 5785 5786 5586
f 5586 5786 5587
f 5786 5787 5587
f 5587 5787 5588
f 5787 5788 5588
f 5588 5788 5589
f 5788 5789 5589
f 5589 5789 5590
f 5789 5790 5590
f 5590 5790 5591
f 5790 5791 5591
f 5591 5791 5592
f 5791 5792 5592
f 5592 5792 5593
f 5792 5793 5593
f 5593 5793 5594
f 5793 5794 5594
f 5594 5794 5595
f 5794 5795 5595
f 5595 5795 5596
f 5795 5796 5596
f 5596 5796 5597
f 5796 5797 5597
f 5597 5797 5598
f 5797 5798 5598
f 5598 5798 5599
f 5798 5799 5599
f 5599 5799 5600
f 5799 5800 5600
f 5600 5800 5601
f 5800 5801 5601
f 5601 5801 5402
f 5801 5602 5402
f 5602 5802 5803
f 5602 5803 5603
f 5603 5803 5804
f 5603 5804 5604
f 5604 5804 5805
f 5604 5805 5605
f 5605 5805 5806
f 5605 5806 5606
f 5606 5806 5807
f 5606 5807 5607
f 5607 5807 5808
f 5607 5808 5608
f 5608 5808 5809
f 5608 5809 5609
f 5609 5809 5810
f 5609 5810 5610
f 5610 5810 5811
f 5610 5811 5611
f 5611 5811 5812
f 5611 5812 5612
f 5612 5812 5813
f 5612 5813 5613
f 5613 5813 5814
f 5613 5814 5614
f 5614 5814 5815
f 5614 5815 5615
f 5615 5815 5816
f 5615 5816 5616
f 5616 5816 5817
f 5616 5817 5617
f 5617 5817 5818
f 5617 5818 5618
f 5618 5818 5819
f 5618 5819 5619
f 5619 5819 5820
f 5619 5820 5620
f 5620 5820 5821
f 5620 5821 5621
f 5621 5821 5822
f 5621 5822 5622
f 5622 5822 5823
f 5622 5823 5623
f 5623 5823 5824
f 5623 5824 5624
f 5624 5824 5825
f 5624 5825 5625
f 5625 5825 5826
f 5625 5826 5626
f 5626 5826 5827
f 5626 5827 5627
f 5627 5827 5828
f 5627 5828 5628
f 5628 5828 5829
f 5628 5829 5629
f 5629 5829 5830
f 5629 5830 5630
f 5630 5830 5831
f 5630 5831 5631
f 5631 5831 5832
f 5631 5832 5632
f 5632 5832 5833
f 5632 5833 5633
f 5633 5833 5834
f 5633 5834 5634
f 5634 5834 5835
f 5634 5835 5635
f 5635 5835 5836
f 5635 5836 5636
f 5636 5836 5837
f 5636 5837 5637
f 5637 5837 5838
f 5637 5838 5638
f 5638 5838 5839
f 5638 5839 5639
f 5639 5839 5840
f 5639 5840 5640
f 5640 5840 5841
f 5640 5841 5641
f 5641 5841 5842
f 5641 5842 5642
f 5642 5842 5843
f 5642 5843 5643
f 5643 5843 5844
f 5643 5844 5644
f 5644 5844 5845
f 5644 5845 5645
f 5645 5845 5846
f 5645 5846 5646
f 5646 5846 5847
f 5646 5847 5647
f 5647 5847 5848
f 5647 5848 5648
f 5648 5848 5849
f 5648 5849 5649
f 5649 5849 5850
f 5649 5850 5650
f 5650 5850 5851
f 5650 5851 5651
f 5651 5851 5852
f 5651 5852 5652
f 5652 5852 5653
f 5852 5853 5653
f 5653 5853 5654
f 5853 5854 5654
f 5654 5854 5655
f 5854 5855 5655
f 5655 5855 5656
f 5855 5856 5656
f 5656 5856 5657
f 5856 5857 5657
f 5657 5857 5658
f 5857 5858 5658
f 5658 5858 5659
f 5858 5859 5659
f 5659 5859 5660
f 5859 5860 5660
f 5660 5860 5661
f 5860 5861 5661
f 5661 5861 5662
f 5861 5862 5662
f 5662 5862 5663
f 5862 5863 5663
f 5663 5863 5664
f 5863 5864 5664
f 5664 5864 5665
f 5864 5865 5665
f 5665 5865 5666
f 5865 5866 5666
f 5666 5866 5667
f 5866 5867 5667
f 5667 5867 5668
f 5867 5868 5668
f 5668 5868 5669
f 5868 5869 5669
f 5669 5869 5670
f 5869 5870 5670
f 5670 5870 5671
f 5870 5871 5671
f 5671 5871 5672
f 5871 5872 5672
f 5672 5872 5673
f 5872 5873 5673
f 5673 5873 5674
f 5873 5874 5674
f 5674 5874 5675
f 5874 5875 5675
f 5675 5875 5676
f 5875 5876 5676
f 5676 5876 5677
f 5876 5877 5677
f 5677 5877 5678
f 5877 5878 5678
f 5678 5878 5679
f 5878 5879 5679
f 5679 5879 5680
f 5879 5880 5680
f 5680 5880 5681
f 5880 5881 5681
f 5681 5881 5682
f 5881 5882 5682
f 5682 5882 5683
f 5882 5883 5683
f 5683 5883 5684
f 5883 5884 5684
f 5684 5884 5685
f 5884 5885 5685
f 5685 5885 5686
f 5885 5886 5686
f 5686 5886 5687
f 5886 5887 5687
f 5687 5887 5688
f 5887 5888 5688
f 5688 5888 5689
f 5888 5889 5689
f 5689 5889 5690
f 5889 5890 5690
f 5690 5890 5691
f 5890 5891 5691
f 5691 5891 5692
f 5891 5892 5692
f 5692 5892 5693
f 5892 5893 5693
f 5693 5893 5694
f 5893 5894 5694
f 5694 5894 5695
f 5894 5895 5695
f 5695 5895 5696
f 5895 5896 5696
f 5696 5896 5697
f 5896 5897 5697
f 5697 5897 5698
f 5897 5898 5698
f 5698 5898 5699
f 5898 5899 5699
f 5699 5899 5700
f 5899 5900 5700
f 5700 5900 5701
f 5900 5901 5701
f 5701 5901 5702
f 5901 5902 5702
f 5702 5902 5903
f 5702 5903 5703
f 5703 5903 5904
f 5703 5904 5704
f 5704 5904 5905
f 5704 5905 5705
f 5705 5905 5906
f 5705 5906 5706
f 5706 5906 5907
f 5706 5907 5707
f 5707 5907 5908
f 5707 5908 5708
f 5708 5908 5909
f 5708 5909 5709
f 5709 5909 5910
f 5709 5910 5710
f 5710 5910 5911
f 5710 5911 5711
f 5711 5911 5912
f 5711 5912 5712
f 5712 5912 5913
f 5712 5913 5713
f 5713 5913 5914
f 5713 5914 5714
f 5714 5914 5915
f 5714 5915 5715
f 5715 5915 5916
f 5715 5916 5716
f 5716 5916 5917
f 5716 5917 5717
f 5717 5917 5918
f 5717 5918 5718
f 5718 5918 5919
f 5718 5919 5719
f 5719 5919 5920
f 5719 5920 5720
f 5720 5920 5921
f 5720 5921 5721
f 5721 5921 5922
f 5721 5922 5722
f 5722 5922 5923
f 5722 5923 5723
f 5723 5923 5924
f 5723 5924 5724
f 5724 5924 5925
f 5724 5925 5725
f 5725 5925 5926
f 5725 5926 5726
f 5726 5926 5927
f 5726 5927 5727
f 5727 5927 5928
f 5727 5928 5728
f 5728 5928 5929
f 5728 5929 5729
f 5729 5929 5930
f 5729 5930 5730
f 5730 5930 5931
f 5730 5931 5731
f 5731 5931 5932
f 5731 5932 5732
f 5732 5932 5933
f 5732 5933 5733
f 5733 5933 5934
f 5733 5934 5734
f 5734 5934 5935
f 5734 5935 5735
f 5735 5935 5936
f 5735 5936 5736
f 5736 5936 5937
f 5736 5937 5737
f 5737 5937 5938
f 5737 5938 5738
f 5738 5938 5939
f 5738 5939 5739
f 5739 5939 5940
f 5739 5940 5740
f 5740 5940 5941
f 5740 5941 5741
f 5741 5941 5942
f 5741 5942 5742
f 5742 5942 5943
f 5742 5943 5743
f 5743 5943 5944
f 5743 5944 5744
f 5744 5944 5945
f 5744 5945 5745
f 5745 5945 5946
f 5745 5946 5746
f 5746 5946 5947
f 5746 5947 5747
f 5747 5947 5948
f 5747 5948 5748
f 5748 5948 5949
f 5748 5949 5749
f 5749 5949 5950
f 5749 5950 5750
f 5750 5950 5951
f 5750 5951 5751
f 5751 5951 5952
f 5751 5952 5752
f 5752 5952 5753
f 5952 5953 5753
f 5753 5953 5754
f 5953 5954 5754
f 5754 5954 5755
f 5954 5955 5755
f 5755 5955 5756
f 5955 5956 5756
f 5756 5956 5757
f 5956 5957 5757
f 5757 5957 5758
f 5957 5958 5758
f 5758 5958 5759
f 5958 5959 5759
f 5759 5959 5760
f 5959 5960 5760
f 5760 5960 5761
f 5960 5961 5761
f 5761 5961 5762
f 5961 5962 5762
f 5762 5962 5763
f 5962 5963 5763
f 5763 5963 5764
f 5963 5964 5764
f 5764 5964 5765
f 5964 5965 5765
f 5765 5965 5766
f 5965 5966 5766
f 5766 5966 5767
f 5966 5967 5767
f 5767 5967 5768
f 5967 5968 5768
f 5768 5968 5769
f 5968 5969 5769
f 5769 5969 5770
f 5969 5970 5770
f 5770 5970 5771
f 5970 5971 5771
f 5771 5971 5772
f 5971 5972 5772
f 5772 5972 5773
f 5972 5973 5773
f 5773 5973 5774
f 5973 5974 5774
f 5774 5974 5775
f 5974 5975 5775
f 5775 5975 5776
f 5975 5976 5776
f 5776 5976 5777
f 5976 5977 5777
f 5777 5977 5778
f 5977 5978 5778
f 5778 5978 5779
f 5978 5979 5779
f 5779 5979 5780
f 5979 5980 5780
f 5780 5980 5781
f 5980 5981 5781
f 5781 5981 5782
f 5981 5982 5782
f 5782 5982 5783
f 5982 5983 5783
f 5783 5983 5784
f 5983 5984 5784
f 5784 5984 5785
f 5984 5985 5785
f 5785 5985 5786
f 5985 5986 5786
f 5786 5986 5787
f 5986 5987 5787
f 5787 5987 5788
f 5987 5988 5788
f 5788 5988 5789
f 5988 5989 5789
f 5789 5989 5790
f 5989 5990 5790
f 5790 5990 5791
f 5990 5991 5791
f 5791 5991 5792
f 5991 5992 5792
f 5792 5992 5793
f 5992 5993 5793
f 5793 5993 5794
f 5993 5994 5794
f 5794 5994 5795
f 5994 5995 5795
f 5795 5995 5796
f 5995 5996 5796
f 5796 5996 5797
f 5996 5997 5797
f 5797 5997 5798
f 5997 5998 5798
f 5798 5998 5799
f 5998 5999 5799
f 5799 5999 5800
f 5999 6000 5800
f 5800 6000 5801
f 6000 6001 5801
f 5801 6001 5602
f 6001 5802 5602
f 5802 6002 6003
f 5802 6003 5803
f 5803 6003 6004
f 5803 6004 5804
f 5804 6004 6005
f 5804 6005 5805
f 5805 6005 6006
f 5805 6006 5806
f 5806 6006 6007
f 5806 6007 5807
f 5807 6007 6008
f 5807 6008 5808
f 5808 6008 6009
f 5808 6009 5809
f 5809 6009 6010
f 5809 6010 5810
f 5810 6010 6011
f 5810 6011 5811
f 5811 6011 6012
f 5811 6012 5812
f 5812 6012 6013
f 5812 6013 5813
f 5813 6013 6014
f 5813 6014 5814
f 5814 6014 6015
f 5814 6015 5815
f 5815 6015 6016
f 5815 6016 5816
f 5816 6016 6017
f 5816 6017 5817
f 5817 6017 6018
f 5817 6018 5818
f 5818 6018 6019
f 5818 6019 5819
f 5819 6019 6020
f 5819 6020 5820
f 5820 6020 6021
f 5820 6021 5821
f 5821 6021 6022
f 5821 6022 5822
f 5822 6022 6023
f 5822 6023 5823
f 5823 6023 6024
f 5823 6024 5824
f 5824 6024 6025
f 5824 6025 5825
f 5825 6025 6026
f 5825 6026 5826
f 5826 6026 6027
f 5826 6027 5827
f 5827 6027 6028
f 5827 6028 5828
f 5828 6028 6029
f 5828 6029 5829
f 5829 6029 6030
f 5829 6030 5830
f 5830 6030 6031
f 5830 6031 5831
f 5831 6031 6032
f 5831 6032 5832
f 5832 6032 6033
f 5832 6033 5833
f 5833 6033 6034
f 5833 6034 5834
f 5834 6034 6035
f 5834 6035 5835
f 5835 6035 6036
f 5835 6036 5836
f 5836 6036 6037
f 5836 6037 5837
f 5837 6037 6038
f 5837 6038 5838
f 5838 6038 6039
f 5838 6039 5839
f 5839 6039 6040
f 5839 6040 5840
f 5840 6040 6041
f 5840 6041 5841
f 5841 6041 6042
f 5841 6042 5842
f 5842 6042 6043
f 5842 6043 5843
f 5843 6043 6044
f 5843 6044 5844
f 5844 6044 6045
f 5844 6045 5845
f 5845 6045 6046
f 5845 6046 5846
f 5846 6046 6047
f 5846 6047 5847
f 5847 6047 6048
f 5847 6048 5848
f 5848 6048 6049
f 5848 6049 5849
f 5849 6049 6050
f 5849 6050 5850
f 5850 6050 6051
f 5850 6051 5851
f 5851 6051 6052
f 5851 6052 5852
f 5852 6052 5853
f 6052 6053 5853
f 5853 6053 5854
f 6053 6054 5854
f 5854 6054 5855
f 6054 6055 5855
f 5855 6055 5856
f 6055 6056 5856
f 5856 6056 5857
f 6056 6057 5857
f 5857 6057 5858
f 6057 6058 5858
f 5858 6058 5859
f 6058 6059 5859
f 5859 6059 5860
f 6059 6060 5860
f 5860 6060 5861
f 6060 6061 5861
f 5861 6061 5862
f 6061 6062 5862
f 5862 6062 5863
f 6062 6063 5863
f 5863 6063 5864
f 6063 6064 5864
f 5864 6064 5865
f 6064 6065 5865
f 5865 6065 5866
f 6065 6066 5866
f 5866 6066 5867
f 6066 6067 5867
f 5867 6067 5868
f 6067 6068 5868
f 5868 6068 5869
f 6068 6069 5869
f 5869 6069 5870
f 6069 6070 5870
f 5870 6070 5871
f 6070 6071 5871
f 5871 6071 5872
f 6071 6072 5872
f 5872 6072 5873
f 6072 6073 5873
f 5873 6073 5874
f 6073 6074 5874
f 5874 6074 5875
f 6074 6075 5875
f 5875 6075 5876
f 6075 6076 5876
f 5876 6076 5877
f 6076 6077 5877
f 5877 6077 5878
f 6077 6078 5878
f 5878 6078 5879
f 6078 6079 5879
f 5879 6079 5880
f 6079 6080 5880
f 5880 6080 5881
f 6080 6081 5881
f 5881 6081 5882
f 6081 6082 5882
f 5882 6082 5883
f 6082 6083 5883
f 5883 6083 5884
f 6083 6084 5884
f 5884 6084 5885
f 6084 6085 5885
f 5885 6085 5886
f 6085 6086 5886
f 5886 6086 5887
f 6086 6087 5887
f 5887 6087 5888
f 6087 6088 5888
f 5888 6088 5889
f 6088 6089 5889
f 5889 6089 5890
f 6089 6090 5890
f 5890 6090 5891
f 6090 6091 5891
f 5891 6091 5892
f 6091 6092 5892
f 5892 6092 5893
f 6092 6093 5893
f 5893 6093 5894
f 6093 6094 5894
f 5894 6094 5895
f 6094 6095 5895
f 5895 6095 5896
f 6095 6096 5896
f 5896 6096 5897
f 6096 6097 5897
f 5897 6097 5898
f 6097 6098 5898
f 5898 6098 5899
f 6098 6099 5899
f 5899 6099 5900
f 6099 6100 5900
f 5900 6100 5901
f 6100 6101 5901
f 5901 6101 5902
f 6101 6102 5902
f 5902 6102 6103
f 5902 6103 5903
f 5903 6103 6104
f 5903 6104 5904
f 5904 6104 6105
f 5904 6105 5905
f 5905 6105 6106
f 5905 6106 5906
f 5906 6106 6107
f 5906 6107 5907
f 5907 6107 6108
f 5907 6108 5908
f 5908 6108 6109
f 5908 6109 5909
f 5909 6109 6110
f 5909 6110 5910
f 5910 6110 6111
f 5910 6111 5911
f 5911 6111 6112
f 5911 6112 5912
f 5912 6112 6113
f 5912 6113 5913
f 5913 6113 6114
f 5913 6114 5914
f 5914 6114 6115
f 5914 6115 5915
f 5915 6115 6116
f 5915 6116 5916
f 5916 6116 6117
f 5916 6117 5917
f 5917 6117 6118
f 5917 6118 5918
f 5918 6118 6119
f 5918 6119 5919
f 5919 6119 6120
f 5919 6120 5920
f 5920 6120 6121
f 5920 6121 5921
f 5921 6121 6122
f 5921 6122 5922
f 5922 6122 6123
f 5922 6123 5923
f 5923 6123 6124
f 5923 6124 5924
f 5924 6124 6125
f 5924 6125 5925
f 5925 6125 6126
f 5925 6126 5926
f 5926 6126 6127
f 5926 6127 5927
f 5927 6127 6128
f 5927 6128 5928
f 5928 6128 6129
f 5928 6129 5929
f 5929 6129 6130
f 5929 6130 5930
f 5930 6130 6131
f 5930 6131 5931
f 5931 6131 6132
f 5931 6132 5932
f 5932 6132 6133
f 5932 6133 5933
f 5933 6133 6134
f 5933 6134 5934
f 5934 6134 6135
f 5934 6135 5935
f 5935 6135 6136
f 5935 6136 5936
f 5936 6136 6137
f 5936 6137 5937
f 5937 6137 6138
f 5937 6138 5938
f 5938 6138 6139
f 5938 6139 5939
f 5939 6139 6140
f 5939 6140 5940
f 5940 6140 6141
f 5940 6141 5941
f 5941 6141 6142
f 5941 6142 5942
f 5942 6142 6143
f 5942 6143 5943
f 5943 6143 6144
f 5943 6144 5944
f 5944 6144 6145
f 5944 6145 5945
f 5945 6145 6146
f 5945 6146 5946
f 5946 6146 6147
f 5946 6147 5947
f 5947 6147 6148
f 5947 6148 5948
f 5948 6148 6149
f 5948 6149 5949
f 5949 6149 6150
f 5949 6150 5950
f 5950 6150 6151
f 5950 6151 5951
f 5951 6151 6152
f 5951 6152 5952
f 5952 6152 5953
f 6152 6153 5953
f 5953 6153 5954
f 6153 6154 5954
f 5954 6154 5955
f 6154 6155 5955
f 5955 6155 5956
f 6155 6156 5956
f 5956 6156 5957
f 6156 6157 5957
f 5957 6157 5958
f 6157 6158 5958
f 5958 6158 5959
f 6158 6159 5959
f 5959 6159 5960
f 6159 6160 5960
f 5960 6160 5961
f 6160 6161 5961
f 5961 6161 5962
f 6161 6162 5962
f 5962 6162 5963
f 6162 6163 5963
f 5963 6163 5964
f 6163 6164 5964
f 5964 6164 5965
f 6164 6165 5965
f 5965 6165 5966
f 6165 6166 5966
f 5966 6166 5967
f 6166 6167 5967
f 5967 6167 5968
f 6167 6168 5968
f 5968 6168 5969
f 6168 6169 5969
f 5969 6169 5970
f 6169 6170 5970
f 5970 6170 5971
f 6170 6171 5971
f 5971 6171 5972
f 6171 6172 5972
f 5972 6172 5973
f 6172 6173 5973
f 5973 6173 5974
f 6173 6174 5974
f 5974 6174 5975
f 6174 6175 5975
f 5975 6175 5976
f 6175 6176 5976
f 5976 6176 5977
f 6176 6177 5977
f 5977 6177 5978
f 6177 6178 5978
f 5978 6178 5979
f 6178 6179 5979
f 5979 6179 5980
f 6179 6180 5980
f 5980 6180 5981
f 6180 6181 5981
f 5981 6181 5982
f 6181 6182 5982
f 5982 6182 5983
f 6182 6183 5983
f 5983 6183 5984
f 6183 6184 5984
f 5984 6184 5985
f 6184 6185 5985
f 5985 6185 5986
f 6185 6186 5986
f 5986 6186 5987
f 6186 6187 5987
f 5987 6187 5988
f 6187 6188 5988
f 5988 6188 5989
f 6188 6189 5989
f 5989 6189 5990
f 6189 6190 5990
f 5990 6190 5991
f 6190 6191 5991
f 5991 6191 5992
f 6191 6192 5992
f 5992 6192 5993
f 6192 6193 5993
f 5993 6193 5994
f 6193 6194 5994
f 5994 6194 5995
f 6194 6195 5995
f 5995 6195 5996
f 6195 6196 5996
f 5996 6196 5997
f 6196 6197 5997
f 5997 6197 5998
f 6197 6198 5998
f 5998 6198 5999
f 6198 6199 5999
f 5999 6199 6000
f 6199 6200 6000
f 6000 6200 6001
f 6200 6201 6001
f 6001 6201 5802
f 6201 6002 5802
f 6002 6202 6203
f 6002 6203 6003
f 6003 6203 6204
f 6003 6204 6004
f 6004 6204 6205
f 6004 6205 6005
f 6005 6205 6206
f 6005 6206 6006
f 6006 6206 6207
f 6006 6207 6007
f 6007 6207 6208
f 6007 6208 6008
f 6008 6208 6209
f 6008 6209 6009
f 6009 6209 6210
f 6009 6210 6010
f 6010 6210 6211
f 6010 6211 6011
f 6011 6211 6212
f 6011 6212 6012
f 6012 6212 6213
f 6012 6213 6013
f 6013 6213 6214
f 6013 6214 6014
f 6014 6214 6215
f 6014 6215 6015
f 6015 6215 6216
f 6015 6216 6016
f 6016 6216 6217
f 6016 6217 6017
f 6017 6217 6218
f 6017 6218 6018
f 6018 6218 6219
f 6018 6219 6019
f 6019 6219 6220
f 6019 6220 6020
f 6020 6220 6221
f 6020 6221 6021
f 6021 6221 6222
f 6021 6222 6022
f 6022 6222 6223
f 6022 6223 6023
f 6023 6223 6224
f 6023 6224 6024
f 6024 6224 6225
f 6024 6225 6025
f 6025 6225 6226
f 6025 6226 6026
f 6026 6226 6227
f 6026 6227 6027
f 6027 6227 6228
f 6027 6228 6028
f 6028 6228 6229
f 6028 6229 6029
f 6029 6229 6230
f 6029 6230 6030
f 6030 6230 6231
f 6030 6231 6031
f 6031 6231 6232
f 6031 6232 6032
f 6032 6232 6233
f 6032 6233 6033
f 6033 6233 6234
f 6033 6234 6034
f 6034 6234 6235
f 6034 6235 6035
f 6035 6235 6236
f 6035 6236 6036
f 6036 6236 6237
f 6036 6237 6037
f 6037 6237 6238
f 6037 6238 6038
f 6038 6238 6239
f 6038 6239 6039
f 6039 6239 6240
f 6039 6240 6040
f 6040 6240 6241
f 6040 6241 6041
f 6041 6241 6242
f 6041 6242 6042
f 6042 6242 6243
f 6042 6243 6043
f 6043 6243 6244
f 6043 6244 6044
f 6044 6244 6245
f 6044 6245 6045
f 6045 6245 6246
f 6045 6246 6046
f 6046 6246 6247
f 6046 6247 6047
f 6047 6247 6248
f 6047 6248 6048
f 6048 6248 6249
f 6048 6249 6049
f 6049 6249 6250
f 6049 6250 6050
f 6050 6250 6251
f 6050 6251 6051
f 6051 6251 6252
f 6051 6252 6052
f 6052 6252 6053
f 6252 6253 6053
f 6053 6253 6054
f 6253 6254 6054
f 6054 6254 6055
f 6254 6255 6055
f 6055 6255 6056
f 6255 6256 6056
f 6056 6256 6057
f 6256 6257 6057
f 6057 6257 6058
f 6257 6258 6058
f 6058 6258 6059
f 6258 6259 6059
f 6059 6259 6060
f 6259 6260 6060
f 6060 6260 6061
f 6260 6261 6061
f 6061 6261 6062
f 6261 6262 6062
f 6062 6262 6063
f 6262 6263 6063
f 6063 6263 6064
f 6263 6264 6064
f 6064 6264 6065
f 6264 6265 6065
f 6065 6265 6066
f 6265 6266 6066
f 6066 6266 6067
f 6266 6267 6067
f 6067 6267 6068
f 6267 6268 6068
f 6068 6268 6069
f 6268 6269 6069
f 6069 6269 6070
f 6269 6270 6070
f 6070 6270 6071
f 6270 6271 6071
f 6071 6271 6072
f 6271 6272 6072
f 6072 6272 6073
f 6272 6273 6073
f 6073 6273 6074
f 6273 6274 6074
f 6074 6274 6075
f 6274 6275 6075
f 6075 6275 6076
f 6275 6276 6076
f 6076 6276 6077
f 6276 6277 6077
f 6077 6277 6078
f 6277 6278 6078
f 6078 6278 6079
f 6278 6279 6079
f 6079 6279 6080
f 6279 6280 6080
f 6080 6280 6081
f 6280 6281 6081
f 6081 6281 6082
f 6281 6282 6082
f 6082 6282 6083
f 6282 6283 6083
f 6083 6283 6084
f 6283 6284 6084
f 6084 6284 6085
f 6284 6285 6085
f 6085 6285 6086
f 6285 6286 6086
f 6086 6286 6087
f 6286 6287 6087
f 6087 6287 6088
f 6287 6288 6088
f 6088 6288 6089
f 6288 6289 6089
f 6089 6289 6090
f 6289 6290 6090
f 6090 6290 6091
f 6290 6291 6091
f 6091 6291 6092
f 6291 6292 6092
f 6092 6292 6093
f 6292 6293 6093
f 6093 6293 6094
f 6293 6294 6094
f 6094 6294 6095
f 6294 6295 6095
f 6095 6295 6096
f 6295 6296 6096
f 6096 6296 6097
f 6296 6297 6097
f 6097 6297 6098
f 6297 6298 6098
f 6098 6298 6099
f 6298 6299 6099
f 6099 6299 6100
f 6299 6300 6100
f 6100 6300 6101
f 6300 6301 6101
f 6101 6301 6102
f 6301 6302 6102
f 6102 6302 6303
f 6102 6303 6103
f 6103 6303 6304
f 6103 6304 6104
f 6104 6304 6305
f 6104 6305 6105
f 6105 6305 6306
f 6105 6306 6106
f 6106 6306 6307
f 6106 6307 6107
f 6107 6307 6308
f 6107 6308 6108
f 6108 6308 6309
f 6108 6309 6109
f 6109 6309 6310
f 6109 6310 6110
f 6110 6310 6311
f 6110 6311 6111
f 6111 6311 6312
f 6111 6312 6112
f 6112 6312 6313
f 6112 6313 6113
f 6113 6313 6314
f 6113 6314 6114
f 6114 6314 6315
f 6114 6315 6115
f 6115 6315 6316
f 6115 6316 6116
f 6116 6316 6317
f 6116 6317 6117
f 6117 6317 6318
f 6117 6318 6118
f 6118 6318 6319
f 6118 6319 6119
f 6119 6319 6320
f 6119 6320 6120
f 6120 6320 6321
f 6120 6321 6121
f 6121 6321 6322
f 6121 6322 6122
f 6122 6322 6323
f 6122 6323 6123
f 6123 6323 6324
f 6123 6324 6124
f 6124 6324 6325
f 6124 6325 6125
f 6125 6325 6326
f 6125 6326 6126
f 6126 6326 6327
f 6126 6327 6127
f 6127 6327 6328
f 6127 6328 6128
f 6128 6328 6329
f 6128 6329 6129
f 6129 6329 6330
f 6129 6330 6130
f 6130 6330 6331
f 6130 6331 6131
f 6131 6331 6332
f 6131 6332 6132
f 6132 6332 6333
f 6132 6333 6133
f 6133 6333 6334
f 6133 6334 6134
f 6134 6334 6335
f 6134 6335 6135
f 6135 6335 6336
f 6135 6336 6136
f 6136 6336 6337
f 6136 6337 6137
f 6137 6337 6338
f 6137 6338 6138
f 6138 6338 6339
f 6138 6339 6139
f 6139 6339 6340
f 6139 6340 6140
f 6140 6340 6341
f 6140 6341 6141
f 6141 6341 6342
f 6141 6342 6142
f 6142 6342 6343
f 6142 6343 6143
f 6143 6343 6344
f 6143 6344 6144
f 6144 6344 6345
f 6144 6345 6145
f 6145 6345 6346
f 6145 6346 6146
f 6146 6346 6347
f 6146 6347 6147
f 6147 6347 6348
f 6147 6348 6148
f 6148 6348 6349
f 6148 6349 6149
f 6149 6349 6350
f 6149 6350 6150
f 6150 6350 6351
f 6150 6351 6151
f 6151 6351 6352
f 6151 6352 6152
f 6152 6352 6153
f 6352 6353 6153
f 6153 6353 6154
f 6353 6354 6154
f 6154 6354 6155
f 6354 6355 6155
f 6155 6355 6156
f 6355 6356 6156
f 6156 6356 6157
f 6356 6357 6157
f 6157 6357 6158
f 6357 6358 6158
f 6158 6358 6159
f 6358 6359 6159
f 6159 6359 6160
f 6359 6360 6160
f 6160 6360 6161
f 6360 6361 6161
f 6161 6361 6162
f 6361 6362 6162
f 6162 6362 6163
f 6362 6363 6163
f 6163 6363 6164
f 6363 6364 6164
f 6164 6364 6165
f 6364 6365 6165
f 6165 6365 6166
f 6365 6366 6166
f 6166 6366 6167
f 6366 6367 6167
f 6167 6367 6168
f 6367 6368 6168
f 6168 6368 6169
f 6368 6369 6169
f 6169 6369 6170
f 6369 6370 6170
f 6170 6370 6171
f 6370 6371 6171
f 6171 6371 6172
f 6371 6372 6172
f 6172 6372 6173
f 6372 6373 6173
f 6173 6373 6174
f 6373 6374 6174
f 6174 6374 6175
f 6374 6375 6175
f 6175 6375 6176
f 6375 6376 6176
f 6176 6376 6177
f 6376 6377 6177
f 6177 6377 6178
f 6377 6378 6178
f 6178 6378 6179
f 6378 6379 6179
f 6179 6379 6180
f 6379 6380 6180
f 6180 6380 6181
f 6380 6381 6181
f 6181 6381 6182
f 6381 6382 6182
f 6182 6382 6183
f 6382 6383 6183
f 6183 6383 6184
f 6383 6384 6184
f 6184 6384 6185
f 6384 6385 6185
f 6185 6385 6186
f 6385 6386 6186
f 6186 6386 6187
f 6386 6387 6187
f 6187 6387 6188
f 6387 6388 6188
f 6188 6388 6189
f 6388 6389 6189
f 6189 6389 6190
f 6389 6390 6190
f 6190 6390 6191
f 6390 6391 6191
f 6191 6391 6192
f 6391 6392 6192
f 6192 6392 6193
f 6392 6393 6193
f 6193 6393 6194
f 6393 6394 6194
f 6194 6394 6195
f 6394 6395 6195
f 6195 6395 6196
f 6395 6396 6196
f 6196 6396 6197
f 6396 6397 6197
f 6197 6397 6198
f 6397 6398 6198
f 6198 6398 6199
f 6398 6399 6199
f 6199 6399 6200
f 6399 6400 6200
f 6200 6400 6201
f 6400 6401 6201
f 6201 6401 6002
f 6401 6202 6002
f 6202 6402 6403
f 6202 6403 6203
f 6203 6403 6404
f 6203 6404 6204
f 6204 6404 6405
f 6204 6405 6205
f 6205 6405 6406
f 6205 6406 6206
f 6206 6406 6407
f 6206 6407 6207
f 6207 6407 6408
f 6207 6408 6208
f 6208 6408 6409
f 6208 6409 6209
f 6209 6409 6410
f 6209 6410 6210
f 6210 6410 6411
f 6210 6411 6211
f 6211 6411 6412
f 6211 6412 6212
f 6212 6412 6413
f 6212 6413 6213
f 6213 6413 6414
f 6213 6414 6214
f 6214 6414 6415
f 6214 6415 6215
f 6215 6415 6416
f 6215 6416 6216
f 6216 6416 6417
f 6216 6417 6217
f 6217 6417 6418
f 6217 6418 6218
f 6218 6418 6419
f 6218 6419 6219
f 6219 6419 6420
f 6219 6420 6220
f 6220 6420 6421
f 6220 6421 6221
f 6221 6421 6422
f 6221 6422 6222
f 6222 6422 6423
f 6222 6423 6223
f 6223 6423 6424
f 6223 6424 6224
f 6224 6424 6425
f 6224 6425 6225
f 6225 6425 6426
f 6225 6426 6226
f 6226 6426 6427
f 6226 6427 6227
f 6227 6427 6428
f 6227 6428 6228
f 6228 6428 6429
f 6228 6429 6229
f 6229 6429 6430
f 6229 6430 6230
f 6230 6430 6431
f 6230 6431 6231
f 6231 6431 6432
f 6231 6432 6232
f 6232 6432 6433
f 6232 6433 6233
f 6233 6433 6434
f 6233 6434 6234
f 6234 6434 6435
f 6234 6435 6235
f 6235 6435 6436
f 6235 6436 6236
f 6236 6436 6437
f 6236 6437 6237
f 6237 6437 6438
f 6237 6438 6238
f 6238 6438 6439
f 6238 6439 6239
f 6239 6439 6440
f 6239 6440 6240
f 6240 6440 6441
f 6240 6441 6241
f 6241 6441 6442
f 6241 6442 6242
f 6242 6442 6443
f 6242 6443 6243
f 6243 6443 6444
f 6243 6444 6244
f 6244 6444 6445
f 6244 6445 6245
f 6245 6445 6446
f 6245 6446 6246
f 6246 6446 6447
f 6246 6447 6247
f 6247 6447 6448
f 6247 6448 6248
f 6248 6448 6449
f 6248 6449 6249
f 6249 6449 6450
f 6249 6450 6250
f 6250 6450 6451
f 6250 6451 6251
f 6251 6451 6452
f 6251 6452 6252
f 6252 6452 6253
f 6452 6453 6253
f 6253 6453 6254
f 6453 6454 6254
f 6254 6454 6255
f 6454 6455 6255
f 6255 6455 6256
f 6455 6456 6256
f 6256 6456 6257
f 6456 6457 6257
f 6257 6457 6258
f 6457 6458 6258
f 6258 6458 6259
f 6458 6459 6259
f 6259 6459 6260
f 6459 6460 6260
f 6260 6460 6261
f 6460 6461 6261
f 6261 6461 6262
f 6461 6462 6262
f 6262 6462 6263
f 6462 6463 6263
f 6263 6463 6264
f 6463 6464 6264
f 6264 6464 6265
f 6464 6465 6265
f 6265 6465 6266
f 6465 6466 6266
f 6266 6466 6267
f 6466 6467 6267
f 6267 6467 6268
f 6467 6468 6268
f 6268 6468 6269
f 6468 6469 6269
f 6269 6469 6270
f 6469 6470 6270
f 6270 6470 6271
f 6470 6471 6271
f 6271 6471 6272
f 6471 6472 6272
f 6272 6472 6273
f 6472 6473 6273
f 6273 6473 6274
f 6473 6474 6274
f 6274 6474 6275
f 6474 6475 6275
f 6275 6475 6276
f 6475 6476 6276
f 6276 6476 6277
f 6476 6477 6277
f 6277 6477 6278
f 6477 6478 6278
f 6278 6478 6279
f 6478 6479 6279
f 6279 6479 6280
f 6479 6480 6280
f 6280 6480 6281
f 6480 6481 6281
f 6281 6481 6282
f 6481 6482 6282
f 6282 6482 6283
f 6482 6483 6283
f 6283 6483 6284
f 6483 6484 6284
f 6284 6484 6285
f 6484 6485 6285
f 6285 6485 6286
f 6485 6486 6286
f 6286 6486 6287
f 6486 6487 6287
f 6287 6487 6288
f 6487 6488 6288
f 6288 6488 6289
f 6488 6489 6289
f 6289 6489 6290
f 6489 6490 6290
f 6290 6490 6291
f 6490 6491 6291
f 6291 6491 6292
f 6491 6492 6292
f 6292 6492 6293
f 6492 6493 6293
f 6293 6493 6294
f 6493 6494 6294
f 6294 6494 6295
f 6494 6495 6295
f 6295 6495 6296
f 6495 6496 6296
f 6296 6496 6297
f 6496 6497 6297
f 6297 6497 6298
f 6497 6498 6298
f 6298 6498 6299
f 6498 6499 6299
f 6299 6499 6300
f 6499 6500 6300
f 6300 6500 6301
f 6500 6501 6301
f 6301 6501 6302
f 6501 6502 6302
f 6302 6502 6503
f 6302 6503 6303
f 6303 6503 6504
f 6303 6504 6304
f 6304 6504 6505
f 6304 6505 6305
f 6305 6505 6506
f 6305 6506 6306
f 6306 6506 6507
f 6306 6507 6307
f 6307 6507 6508
f 6307 6508 6308
f 6308 6508 6509
f 6308 6509 6309
f 6309 6509 6510
f 6309 6510 6310
f 6310 6510 6511
f 6310 6511 6311
f 6311 6511 6512
f 6311 6512 6312
f 6312 6512 6513
f 6312 6513 6313
f 6313 6513 6514
f 6313 6514 6314
f 6314 6514 6515
f 6314 6515 6315
f 6315 6515 6516
f 6315 6516 6316
f 6316 6516 6517
f 6316 6517 6317
f 6317 6517 6518
f 6317 6518 6318
f 6318 6518 6519
f 6318 6519 6319
f 6319 6519 6520
f 6319 6520 6320
f 6320 6520 6521
f 6320 6521 6321
f 6321 6521 6522
f 6321 6522 6322
f 6322 6522 6523
f 6322 6523 6323
f 6323 6523 6524
f 6323 6524 6324
f 6324 6524 6525
f 6324 6525 6325
f 6325 6525 6526
f 6325 6526 6326
f 6326 6526 6527
f 6326 6527 6327
f 6327 6527 6528
f 6327 6528 6328
f 6328 6528 6529
f 6328 6529 6329
f 6329 6529 6530
f 6329 6530 6330
f 6330 6530 6531
f 6330 6531 6331
f 6331 6531 6532
f 6331 6532 6332
f 6332 6532 6533
f 6332 6533 6333
f 6333 6533 6534
f 6333 6534 6334
f 6334 6534 6535
f 6334 6535 6335
f 6335 6535 6536
f 6335 6536 6336
f 6336 6536 6537
f 6336 6537 6337
f 6337 6537 6538
f 6337 6538 6338
f 6338 6538 6539
f 6338 6539 6339
f 6339 6539 6540
f 6339 6540 6340
f 6340 6540 6541
f 6340 6541 6341
f 6341 6541 6542
f 6341 6542 6342
f 6342 6542 6543
f 6342 6543 6343
f 6343 6543 6544
f 6343 6544 6344
f 6344 6544 6545
f 6344 6545 6345
f 6345 6545 6546
f 6345 6546 6346
f 6346 6546 6547
f 6346 6547 6347
f 6347 6547 6548
f 6347 6548 6348
f 6348 6548 6549
f 6348 6549 6349
f 6349 6549 6550
f 6349 6550 6350
f 6350 6550 6551
f 6350 6551 6351
f 6351 6551 6552
f 6351 6552 6352
f 6352 6552 6353
f 6552 6553 6353
f 6353 6553 6354
f 6553 6554 6354
f 6354 6554 6355
f 6554 6555 6355
f 6355 6555 6356
f 6555 6556 6356
f 6356 6556 6357
f 6556 6557 6357
f 6357 6557 6358
f 6557 6558 6358
f 6358 6558 6359
f 6558 6559 6359
f 6359 6559 6360
f 6559 6560 6360
f 6360 6560 6361
f 6560 6561 6361
f 6361 6561 6362
f 6561 6562 6362
f 6362 6562 6363
f 6562 6563 6363
f 6363 6563 6364
f 6563 6564 6364
f 6364 6564 6365
f 6564 6565 6365
f 6365 6565 6366
f 6565 6566 6366
f 6366 6566 6367
f 6566 6567 6367
f 6367 6567 6368
f 6567 6568 6368
f 6368 6568 6369
f 6568 6569 6369
f 6369 6569 6370
f 6569 6570 6370
f 6370 6570 6371
f 6570 6571 6371
f 6371 6571 6372
f 6571 6572 6372
f 6372 6572 6373
f 6572 6573 6373
f 6373 6573 6374
f 6573 6574 6374
f 6374 6574 6375
f 6574 6575 6375
f 6375 6575 6376
f 6575 6576 6376
f 6376 6576 6377
f 6576 6577 6377
f 6377 6577 6378
f 6577 6578 6378
f 6378 6578 6379
f 6578 6579 6379
f 6379 6579 6380
f 6579 6580 6380
f 6380 6580 6381
f 6580 6581 6381
f 6381 6581 6382
f 6581 6582 6382
f 6382 6582 6383
f 6582 6583 6383
f 6383 6583 6384
f 6583 6584 6384
f 6384 6584 6385
f 6584 6585 6385
f 6385 6585 6386
f 6585 6586 6386
f 6386 6586 6387
f 6586 6587 6387
f 6387 6587 6388
f 6587 6588 6388
f 6388 6588 6389
f 6588 6589 6389
f 6389 6589 6390
f 6589 6590 6390
f 6390 6590 6391
f 6590 6591 6391
f 6391 6591 6392
f 6591 6592 6392
f 6392 6592 6393
f 6592 6593 6393
f 6393 6593 6394
f 6593 6594 6394
f 6394 6594 6395
f 6594 6595 6395
f 6395 6595 6396
f 6595 6596 6396
f 6396 6596 6397
f 6596 6597 6397
f 6397 6597 6398
f 6597 6598 6398
f 6398 6598 6399
f 6598 6599 6399
f 6399 6599 6400
f 6599 6600 6400
f 6400 6600 6401
f 6600 6601 6401
f 6401 6601 6202
f 6601 6402 6202
f 6402 6602 6603
f 6402 6603 6403
f 6403 6603 6604
f 6403 6604 6404
f 6404 6604 6605
f 6404 6605 6405
f 6405 6605 6606
f 6405 6606 6406
f 6406 6606 6607
f 6406 6607 6407
f 6407 6607 6608
f 6407 6608 6408
f 6408 6608 6609
f 6408 6609 6409
f 6409 6609 6610
f 6409 6610 6410
f 6410 6610 6611
f 6410 6611 6411
f 6411 6611 6612
f 6411 6612 6412
f 6412 6612 6613
f 6412 6613 6413
f 6413 6613 6614
f 6413 6614 6414
f 6414 6614 6615
f 6414 6615 6415
f 6415 6615 6616
f 6415 6616 6416
f 6416 6616 6617
f 6416 6617 6417
f 6417 6617 6618
f 6417 6618 6418
f 6418 6618 6619
f 6418 6619 6419
f 6419 6619 6620
f 6419 6620 6420
f 6420 6620 6621
f 6420 6621 6421
f 6421 6621 6622
f 6421 6622 6422
f 6422 6622 6623
f 6422 6623 6423
f 6423 6623 6624
f 6423 6624 6424
f 6424 6624 6625
f 6424 6625 6425
f 6425 6625 6626
f 6425 6626 6426
f 6426 6626 6627
f 6426 6627 6427
f 6427 6627 6628
f 6427 6628 6428
f 6428 6628 6629
f 6428 6629 6429
f 6429 6629 6630
f 6429 6630 6430
f 6430 6630 6631
f 6430 6631 6431
f 6431 6631 6632
f 6431 6632 6432
f 6432 6632 6633
f 6432 6633 6433
f 6433 6633 6634
f 6433 6634 6434
f 6434 6634 6635
f 6434 6635 6435
f 6435 6635 6636
f 6435 6636 6436
f 6436 6636 6637
f 6436 6637 6437
f 6437 6637 6638
f 6437 6638 6438
f 6438 6638 6639
f 6438 6639 6439
f 6439 6639 6640
f 6439 6640 6440
f 6440 6640 6641
f 6440 6641 6441
f 6441 6641 6642
f 6441 6642 6442
f 6442 6642 6643
f 6442 6643 6443
f 6443 6643 6644
f 6443 6644 6444
f 6444 6644 6645
f 6444 6645 6445
f 6445 6645 6646
f 6445 6646 6446
f 6446 6646 6647
f 6446 6647 6447
f 6447 6647 6648
f 6447 6648 6448
f 6448 6648 6649
f 6448 6649 6449
f 6449 6649 6650
f 6449 6650 6450
f 6450 6650 6651
f 6450 6651 6451
f 6451 6651 6652
f 6451 6652 6452
f 6452 6652 6453
f 6652 6653 6453
f 6453 6653 6454
f 6653 6654 6454
f 6454 6654 6455
f 6654 6655 6455
f 6455 6655 6456
f 6655 6656 6456
f 6456 6656 6457
f 6656 6657 6457
f 6457 6657 6458
f 6657 6658 6458
f 6458 6658 6459
f 6658 6659 6459
f 6459 6659 6460
f 6659 6660 6460
f 6460 6660 6461
f 6660 6661 6461
f 6461 6661 6462
f 6661 6662 6462
f 6462 6662 6463
f 6662 6663 6463
f 6463 6663 6464
f 6663 6664 6464
f 6464 6664 6465
f 6664 6665 6465
f 6465 6665 6466
f 6665 6666 6466
f 6466 6666 6467
f 6666 6667 6467
f 6467 6667 6468
f 6667 6668 6468
f 6468 6668 6469
f 6668 6669 6469
f 6469 6669 6470
f 6669 6670 6470
f 6470 6670 6471
f 6670 6671 6471
f 6471 6671 6472
f 6671 6672 6472
f 6472 6672 6473
f 6672 6673 6473
f 6473 6673 6474
f 6673 6674 6474
f 6474 6674 6475
f 6674 6675 6475
f 6475 6675 6476
f 6675 6676 6476
f 6476 6676 6477
f 6676 6677 6477
f 6477 6677 6478
f 6677 6678 6478
f 6478 6678 6479
f 6678 6679 6479
f 6479 6679 6480
f 6679 6680 6480
f 6480 6680 6481
f 6680 6681 6481
f 6481 6681 6482
f 6681 6682 6482
f 6482 6682 6483
f 6682 6683 6483
f 6483 6683 6484
f 6683 6684 6484
f 6484 6684 6485
f 6684 6685 6485
f 6485 6685 6486
f 6685 6686 6486
f 6486 6686 6487
f 6686 6687 6487
f 6487 6687 6488
f 6687 6688 6488
f 6488 6688 6489
f 6688 6689 6489
f 6489 6689 6490
f 6689 6690 6490
f 6490 6690 6491
f 6690 6691 6491
f 6491 6691 6492
f 6691 6692 6492
f 6492 6692 6493
f 6692 6693 6493
f 6493 6693 6494
f 6693 6694 6494
f 6494 6694 6495
f 6694 6695 6495
f 6495 6695 6496
f 6695 6696 6496
f 6496 6696 6497
f 6696 6697 6497
f 6497 6697 6498
f 6697 6698 6498
f 6498 6698 6499
f 6698 6699 6499
f 6499 6699 6500
f 6699 6700 6500
f 6500 6700 6501
f 6700 6701 6501
f 6501 6701 6502
f 6701 6702 6502
f 6502 6702 6703
f 6502 6703 6503
f 6503 6703 6704
f 6503 6704 6504
f 6504 6704 6705
f 6504 6705 6505
f 6505 6705 6706
f 6505 6706 6506
f 6506 6706 6707
f 6506 6707 6507
f 6507 6707 6708
f 6507 6708 6508
f 6508 6708 6709
f 6508 6709 6509
f 6509 6709 6710
f 6509 6710 6510
f 6510 6710 6711
f 6510 6711 6511
f 6511 6711 6712
f 6511 6712 6512
f 6512 6712 6713
f 6512 6713 6513
f 6513 6713 6714
f 6513 6714 6514
f 6514 6714 6715
f 6514 6715 6515
f 6515 6715 6716
f 6515 6716 6516
f 6516 6716 6717
f 6516 6717 6517
f 6517 6717 6718
f 6517 6718 6518
f 6518 6718 6719
f 6518 6719 6519
f 6519 6719 6720
f 6519 6720 6520
f 6520 6720 6721
f 6520 6721 6521
f 6521 6721 6722
f 6521 6722 6522
f 6522 6722 6723
f 6522 6723 6523
f 6523 6723 6724
f 6523 6724 6524
f 6524 6724 6725
f 6524 6725 6525
f 6525 6725 6726
f 6525 6726 6526
f 6526 6726 6727
f 6526 6727 6527
f 6527 6727 6728
f 6527 6728 6528
f 6528 6728 6729
f 6528 6729 6529
f 6529 6729 6730
f 6529 6730 6530
f 6530 6730 6731
f 6530 6731 6531
f 6531 6731 6732
f 6531 6732 6532
f 6532 6732 6733
f 6532 6733 6533
f 6533 6733 6734
f 6533 6734 6534
f 6534 6734 6735
f 6534 6735 6535
f 6535 6735 6736
f 6535 6736 6536
f 6536 6736 6737
f 6536 6737 6537
f 6537 6737 6738
f 6537 6738 6538
f 6538 6738 6739
f 6538 6739 6539
f 6539 6739 6740
f 6539 6740 6540
f 6540 6740 6741
f 6540 6741 6541
f 6541 6741 6742
f 6541 6742 6542
f 6542 6742 6743
f 6542 6743 6543
f 6543 6743 6744
f 6543 6744 6544
f 6544 6744 6745
f 6544 6745 6545
f 6545 6745 6746
f 6545 6746 6546
f 6546 6746 6747
f 6546 6747 6547
f 6547 6747 6748
f 6547 6748 6548
f 6548 6748 6749
f 6548 6749 6549
f 6549 6749 6750
f 6549 6750 6550
f 6550 6750 6751
f 6550 6751 6551
f 6551 6751 6752
f 6551 6752 6552
f 6552 6752 6553
f 6752 6753 6553
f 6553 6753 6554
f 6753 6754 6554
f 6554 6754 6555
f 6754 6755 6555
f 6555 6755 6556
f 6755 6756 6556
f 6556 6756 6557
f 6756 6757 6557
f 6557 6757 6558
f 6757 6758 6558
f 6558 6758 6559
f 6758 6759 6559
f 6559 6759 6560
f 6759 6760 6560
f 6560 6760 6561
f 6760 6761 6561
f 6561 6761 6562
f 6761 6762 6562
f 6562 6762 6563
f 6762 6763 6563
f 6563 6763 6564
f 6763 6764 6564
f 6564 6764 6565
f 6764 6765 6565
f 6565 6765 6566
f 6765 6766 6566
f 6566 6766 6567
f 6766 6767 6567
f 6567 6767 6568
f 6767 6768 6568
f 6568 6768 6569
f 6768 6769 6569
f 6569 6769 6570
f 6769 6770 6570
f 6570 6770 6571
f 6770 6771 6571
f 6571 6771 6572
f 6771 6772 6572
f 6572 6772 6573
f 6772 6773 6573
f 6573 6773 6574
f 6773 6774 6574
f 6574 6774 6575
f 6774 6775 6575
f 6575 6775 6576
f 6775 6776 6576
f 6576 6776 6577
f 6776 6777 6577
f 6577 6777 6578
f 6777 6778 6578
f 6578 6778 6579
f 6778 6779 6579
f 6579 6779 6580
f 6779 6780 6580
f 6580 6780 6581
f 6780 6781 6581
f 6581 6781 6582
f 6781 6782 6582
f 6582 6782 6583
f 6782 6783 6583
f 6583 6783 6584
f 6783 6784 6584
f 6584 6784 6585
f 6784 6785 6585
f 6585 6785 6586
f 6785 6786 6586
f 6586 6786 6587
f 6786 6787 6587
f 6587 6787 6588
f 6787 6788 6588
f 6588 6788 6589
f 6788 6789 6589
f 6589 6789 6590
f 6789 6790 6590
f 6590 6790 6591
f 6790 6791 6591
f 6591 6791 6592
f 6791 6792 6592
f 6592 6792 6593
f 6792 6793 6593
f 6593 6793 6594
f 6793 6794 6594
f 6594 6794 6595
f 6794 6795 6595
f 6595 6795 6596
f 6795 6796 6596
f 6596 6796 6597
f 6796 6797 6597
f 6597 6797 6598
f 6797 6798 6598
f 6598 6798 6599
f 6798 6799 6599
f 6599 6799 6600
f 6799 6800 6600
f 6600 6800 6601
f 6800 6801 6601
f 6601 6801 6402
f 6801 6602 6402
f 6602 6802 6803
f 6602 6803 6603
f 6603 6803 6804
f 6603 6804 6604
f 6604 6804 6805
f 6604 6805 6605
f 6605 6805 6806
f 6605 6806 6606
f 6606 6806 6807
f 6606 6807 6607
f 6607 6807 6808
f 6607 6808 6608
f 6608 6808 6809
f 6608 6809 6609
f 6609 6809 6810
f 6609 6810 6610
f 6610 6810 6811
f 6610 6811 6611
f 6611 6811 6812
f 6611 6812 6612
f 6612 6812 6813
f 6612 6813 6613
f 6613 6813 6814
f 6613 6814 6614
f 6614 6814 6815
f 6614 6815 6615
f 6615 6815 6816
f 6615 6816 6616
f 6616 6816 6817
f 6616 6817 6617
f 6617 6817 6818
f 6617 6818 6618
f 6618 6818 6819
f 6618 6819 6619
f 6619 6819 6820
f 6619 6820 6620
f 6620 6820 6821
f 6620 6821 6621
f 6621 6821 6822
f 6621 6822 6622
f 6622 6822 6823
f 6622 6823 6623
f 6623 6823 6824
f 6623 6824 6624
f 6624 6824 6825
f 6624 6825 6625
f 6625 6825 6826
f 6625 6826 6626
f 6626 6826 6827
f 6626 6827 6627
f 6627 6827 6828
f 6627 6828 6628
f 6628 6828 6829
f 6628 6829 6629
f 6629 6829 6830
f 6629 6830 6630
f 6630 6830 6831
f 6630 6831 6631
f 6631 6831 6832
f 6631 6832 6632
f 6632 6832 6833
f 6632 6833 6633
f 6633 6833 6834
f 6633 6834 6634
f 6634 6834 6835
f 6634 6835 6635
f 6635 6835 6836
f 6635 6836 6636
f 6636 6836 6837
f 6636 6837 6637
f 6637 6837 6838
f 6637 6838 6638
f 6638 6838 6839
f 6638 6839 6639
f 6639 6839 6840
f 6639 6840 6640
f 6640 6840 6841
f 6640 6841 6641
f 6641 6841 6842
f 6641 6842 6642
f 6642 6842 6843
f 6642 6843 6643
f 6643 6843 6844
f 6643 6844 6644
f 6644 6844 6845
f 6644 6845 6645
f 6645 6845 6846
f 6645 6846 6646
f 6646 6846 6847
f 6646 6847 6647
f 6647 6847 6848
f 6647 6848 6648
f 6648 6848 6849
f 6648 6849 6649
f 6649 6849 6850
f 6649 6850 6650
f 6650 6850 6851
f 6650 6851 6651
f 6651 6851 6852
f 6651 6852 6652
f 6652 6852 6653
f 6852 6853 6653
f 6653 6853 6654
f 6853 6854 6654
f 6654 6854 6655
f 6854 6855 6655
f 6655 6855 6656
f 6855 6856 6656
f 6656 6856 6657
f 6856 6857 6657
f 6657 6857 6658
f 6857 6858 6658
f 6658 6858 6659
f 6858 6859 6659
f 6659 6859 6660
f 6859 6860 6660
f 6660 6860 6661
f 6860 6861 6661
f 6661 6861 6662
f 6861 6862 6662
f 6662 6862 6663
f 6862 6863 6663
f 6663 6863 6664
f 6863 6864 6664
f 6664 6864 6665
f 6864 6865 6665
f 6665 6865 6666
f 6865 6866 6666
f 6666 6866 6667
f 6866 6867 6667
f 6667 6867 6668
f 6867 6868 6668
f 6668 6868 6669
f 6868 6869 6669
f 6669 6869 6670
f 6869 6870 6670
f 6670 6870 6671
f 6870 6871 6671
f 6671 6871 6672
f 6871 6872 6672
f 6672 6872 6673
f 6872 6873 6673
f 6673 6873 6674
f 6873 6874 6674
f 6674 6874 6675
f 6874 6875 6675
f 6675 6875 6676
f 6875 6876 6676
f 6676 6876 6677
f 6876 6877 6677
f 6677 6877 6678
f 6877 6878 6678
f 6678 6878 6679
f 6878 6879 6679
f 6679 6879 6680
f 6879 6880 6680
f 6680 6880 6681
f 6880 6881 6681
f 6681 6881 6682
f 6881 6882 6682
f 6682 6882 6683
f 6882 6883 6683
f 6683 6883 6684
f 6883 6884 6684
f 6684 6884 6685
f 6884 6885 6685
f 6685 6885 6686
f 6885 6886 6686
f 6686 6886 6687
f 6886 6887 6687
f 6687 6887 6688
f 6887 6888 6688
f 6688 6888 6689
f 6888 6889 6689
f 6689 6889 6690
f 6889 6890 6690
f 6690 6890 6691
f 6890 6891 6691
f 6691 6891 6692
f 6891 6892 6692
f 6692 6892 6693
f 6892 6893 6693
f 6693 6893 6694
f 6893 6894 6694
f 6694 6894 6695
f 6894 6895 6695
f 6695 6895 6696
f 6895 6896 6696
f 6696 6896 6697
f 6896 6897 6697
f 6697 6897 6698
f 6897 6898 6698
f 6698 6898 6699
f 6898 6899 6699
f 6699 6899 6700
f 6899 6900 6700
f 6700 6900 6701
f 6900 6901 6701
f 6701 6901 6702
f 6901 6902 6702
f 6702 6902 6903
f 6702 6903 6703
f 6703 6903 6904
f 6703 6904 6704
f 6704 6904 6905
f 6704 6905 6705
f 6705 6905 6906
f 6705 6906 6706
f 6706 6906 6907
f 6706 6907 6707
f 6707 6907 6908
f 6707 6908 6708
f 6708 6908 6909
f 6708 6909 6709
f 6709 6909 6910
f 6709 6910 6710
f 6710 6910 6911
f 6710 6911 6711
f 6711 6911 6912
f 6711 6912 6712
f 6712 6912 6913
f 6712 6913 6713
f 6713 6913 6914
f 6713 6914 6714
f 6714 6914 6915
f 6714 6915 6715
f 6715 6915 6916
f 6715 6916 6716
f 6716 6916 6917
f 6716 6917 6717
f 6717 6917 6918
f 6717 6918 6718
f 6718 6918 6919
f 6718 6919 6719
f 6719 6919 6920
f 6719 6920 6720
f 6720 6920 6921
f 6720 6921 6721
f 6721 6921 6922
f 6721 6922 6722
f 6722 6922 6923
f 6722 6923 6723
f 6723 6923 6924
f 6723 6924 6724
f 6724 6924 6925
f 6724 6925 6725
f 6725 6925 6926
f 6725 6926 6726
f 6726 6926 6927
f 6726 6927 6727
f 6727 6927 6928
f 6727 6928 6728
f 6728 6928 6929
f 6728 6929 6729
f 6729 6929 6930
f 6729 6930 6730
f 6730 6930 6931
f 6730 6931 6731
f 6731 6931 6932
f 6731 6932 6732
f 6732 6932 6933
f 6732 6933 6733
f 6733 6933 6934
f 6733 6934 6734
f 6734 6934 6935
f 6734 6935 6735
f 6735 6935 6936
f 6735 6936 6736
f 6736 6936 6937
f 6736 6937 6737
f 6737 6937 6938
f 6737 6938 6738
f 6738 6938 6939
f 6738 6939 6739
f 6739 6939 6940
f 6739 6940 6740
f 6740 6940 6941
f 6740 6941 6741
f 6741 6941 6942
f 6741 6942 6742
f 6742 6942 6943
f 6742 6943 6743
f 6743 6943 6944
f 6743 6944 6744
f 6744 6944 6945
f 6744 6945 6745
f 6745 6945 6946
f 6745 6946 6746
f 6746 6946 6947
f 6746 6947 6747
f 6747 6947 6948
f 6747 6948 6748
f 6748 6948 6949
f 6748 6949 6749
f 6749 6949 6950
f 6749 6950 6750
f 6750 6950 6951
f 6750 6951 6751
f 6751 6951 6952
f 6751 6952 6752
f 6752 6952 6753
f 6952 6953 6753
f 6753 6953 6754
f 6953 6954 6754
f 6754 6954 6755
f 6954 6955 6755
f 6755 6955 6756
f 6955 6956 6756
f 6756 6956 6757
f 6956 6957 6757
f 6757 6957 6758
f 6957 6958 6758
f 6758 6958 6759
f 6958 6959 6759
f 6759 6959 6760
f 6959 6960 6760
f 6760 6960 6761
f 6960 6961 6761
f 6761 6961 6762
f 6961 6962 6762
f 6762 6962 6763
f 6962 6963 6763
f 6763 6963 6764
f 6963 6964 6764
f 6764 6964 6765
f 6964 6965 6765
f 6765 6965 6766
f 6965 6966 6766
f 6766 6966 6767
f 6966 6967 6767
f 6767 6967 6768
f 6967 6968 6768
f 6768 6968 6769
f 6968 6969 6769
f 6769 6969 6770
f 6969 6970 6770
f 6770 6970 6771
f 6970 6971 6771
f 6771 6971 6772
f 6971 6972 6772
f 6772 6972 6773
f 6972 6973 6773
f 6773 6973 6774
f 6973 6974 6774
f 6774 6974 6775
f 6974 6975 6775
f 6775 6975 6776
f 6975 6976 6776
f 6776 6976 6777
f 6976 6977 6777
f 6777 6977 6778
f 6977 6978 6778
f 6778 6978 6779
f 6978 6979 6779
f 6779 6979 6780
f 6979 6980 6780
f 6780 6980 6781
f 6980 6981 6781
f 6781 6981 6782
f 6981 6982 6782
f 6782 6982 6783
f 6982 6983 6783
f 6783 6983 6784
f 6983 6984 6784
f 6784 6984 6785
f 6984 6985 6785
f 6785 6985 6786
f 6985 6986 6786
f 6786 6986 6787
f 6986 6987 6787
f 6787 6987 6788
f 6987 6988 6788
f 6788 6988 6789
f 6988 6989 6789
f 6789 6989 6790
f 6989 6990 6790
f 6790 6990 6791
f 6990 6991 6791
f 6791 6991 6792
f 6991 6992 6792
f 6792 6992 6793
f 6992 6993 6793
f 6793 6993 6794
f 6993 6994 6794
f 6794 6994 6795
f 6994 6995 6795
f 6795 6995 6796
f 6995 6996 6796
f 6796 6996 6797
f 6996 6997 6797
f 6797 6997 6798
f 6997 6998 6798
f 6798 6998 6799
f 6998 6999 6799
f 6799 6999 6800
f 6999 7000 6800
f 6800 7000 6801
f 7000 7001 6801
f 6801 7001 6602
f 7001 6802 6602
f 6802 7002 7003
f 6802 7003 6803
f 6803 7003 7004
f 6803 7004 6804
f 6804 7004 7005
f 6804 7005 6805
f 6805 7005 7006
f 6805 7006 6806
f 6806 7006 7007
f 6806 7007 6807
f 6807 7007 7008
f 6807 7008 6808
f 6808 7008 7009
f 6808 7009 6809
f 6809 7009 7010
f 6809 7010 6810
f 6810 7010 7011
f 6810 7011 6811
f 6811 7011 7012
f 6811 7012 6812
f 6812 7012 7013
f 6812 7013 6813
f 6813 7013 7014
f 6813 7014 6814
f 6814 7014 7015
f 6814 7015 6815
f 6815 7015 7016
f 6815 7016 6816
f 6816 7016 7017
f 6816 7017 6817
f 6817 7017 7018
f 6817 7018 6818
f 6818 7018 7019
f 6818 7019 6819
f 6819 7019 7020
f 6819 7020 6820
f 6820 7020 7021
f 6820 7021 6821
f 6821 7021 7022
f 6821 7022 6822
f 6822 7022 7023
f 6822 7023 6823
f 6823 7023 7024
f 6823 7024 6824
f 6824 7024 7025
f 6824 7025 6825
f 6825 7025 7026
f 6825 7026 6826
f 6826 7026 7027
f 6826 7027 6827
f 6827 7027 7028
f 6827 7028 6828
f 6828 7028 7029
f 6828 7029 6829
f 6829 7029 7030
f 6829 7030 6830
f 6830 7030 7031
f 6830 7031 6831
f 6831 7031 7032
f 6831 7032 6832
f 6832 7032 7033
f 6832 7033 6833
f 6833 7033 7034
f 6833 7034 6834
f 6834 7034 7035
f 6834 7035 6835
f 6835 7035 7036
f 6835 7036 6836
f 6836 7036 7037
f 6836 7037 6837
f 6837 7037 7038
f 6837 7038 6838
f 6838 7038 7039
f 6838 7039 6839
f 6839 7039 7040
f 6839 7040 6840
f 6840 7040 7041
f 6840 7041 6841
f 6841 7041 7042
f 6841 7042 6842
f 6842 7042 7043
f 6842 7043 6843
f 6843 7043 7044
f 6843 7044 6844
f 6844 7044 7045
f 6844 7045 6845
f 6845 7045 7046
f 6845 7046 6846
f 6846 7046 7047
f 6846 7047 6847
f 6847 7047 7048
f 6847 7048 6848
f 6848 7048 7049
f 6848 7049 6849
f 6849 7049 7050
f 6849 7050 6850
f 6850 7050 7051
f 6850 7051 6851
f 6851 7051 7052
f 6851 7052 6852
f 6852 7052 6853
f 7052 7053 6853
f 6853 7053 6854
f 7053 7054 6854
f 6854 7054 6855
f 7054 7055 6855
f 6855 7055 6856
f 7055 7056 6856
f 6856 7056 6857
f 7056 7057 6857
f 6857 7057 6858
f 7057 7058 6858
f 6858 7058 6859
f 7058 7059 6859
f 6859 7059 6860
f 7059 7060 6860
f 6860 7060 6861
f 7060 7061 6861
f 6861 7061 6862
f 7061 7062 6862
f 6862 7062 6863
f 7062 7063 6863
f 6863 7063 6864
f 7063 7064 6864
f 6864 7064 6865
f 7064 7065 6865
f 6865 7065 6866
f 7065 7066 6866
f 6866 7066 6867
f 7066 7067 6867
f 6867 7067 6868
f 7067 7068 6868
f 6868 7068 6869
f 7068 7069 6869
f 6869 7069 6870
f 7069 7070 6870
f 6870 7070 6871
f 7070 7071 6871
f 6871 7071 6872
f 7071 7072 6872
f 6872 7072 6873
f 7072 7073 6873
f 6873 7073 6874
f 7073 7074 6874
f 6874 7074 6875
f 7074 7075 6875
f 6875 7075 6876
f 7075 7076 6876
f 6876 7076 6877
f 7076 7077 6877
f 6877 7077 6878
f 7077 7078 6878
f 6878 7078 6879
f 7078 7079 6879
f 6879 7079 6880
f 7079 7080 6880
f 6880 7080 6881
f 7080 7081 6881
f 6881 7081 6882
f 7081 7082 6882
f 6882 7082 6883
f 7082 7083 6883
f 6883 7083 6884
f 7083 7084 6884
f 6884 7084 6885
f 7084 7085 6885
f 6885 7085 6886
f 7085 7086 6886
f 6886 7086 6887
f 7086 7087 6887
f 6887 7087 6888
f 7087 7088 6888
f 6888 7088 6889
f 7088 7089 6889
f 6889 7089 6890
f 7089 7090 6890
f 6890 7090 6891
f 7090 7091 6891
f 6891 7091 6892
f 7091 7092 6892
f 6892 7092 6893
f 7092 7093 6893
f 6893 7093 6894
f 7093 7094 6894
f 6894 7094 6895
f 7094 7095 6895
f 6895 7095 6896
f 7095 7096 6896
f 6896 7096 6897
f 7096 7097 6897
f 6897 7097 6898
f 7097 7098 6898
f 6898 7098 6899
f 7098 7099 6899
f 6899 7099 6900
f 7099 7100 6900
f 6900 7100 6901
f 7100 7101 6901
f 6901 7101 6902
f 7101 7102 6902
f 6902 7102 7103
f 6902 7103 6903
f 6903 7103 7104
f 6903 7104 6904
f 6904 7104 7105
f 6904 7105 6905
f 6905 7105 7106
f 6905 7106 6906
f 6906 7106 7107
f 6906 7107 6907
f 6907 7107 7108
f 6907 7108 6908
f 6908 7108 7109
f 6908 7109 6909
f 6909 7109 7110
f 6909 7110 6910
f 6910 7110 7111
f 6910 7111 6911
f 6911 7111 7112
f 6911 7112 6912
f 6912 7112 7113
f 6912 7113 6913
f 6913 7113 7114
f 6913 7114 6914
f 6914 7114 7115
f 6914 7115 6915
f 6915 7115 7116
f 6915 7116 6916
f 6916 7116 7117
f 6916 7117 6917
f 6917 7117 7118
f 6917 7118 6918
f 6918 7118 7119
f 6918 7119 6919
f 6919 7119 7120
f 6919 7120 6920
f 6920 7120 7121
f 6920 7121 6921
f 6921 7121 7122
f 6921 7122 6922
f 6922 7122 7123
f 6922 7123 6923
f 6923 7123 7124
f 6923 7124 6924
f 6924 7124 7125
f 6924 7125 6925
f 6925 7125 7126
f 6925 7126 6926
f 6926 7126 7127
f 6926 7127 6927
f 6927 7127 7128
f 6927 7128 6928
f 6928 7128 7129
f 6928 7129 6929
f 6929 7129 7130
f 6929 7130 6930
f 6930 7130 7131
f 6930 7131 6931
f 6931 7131 7132
f 6931 7132 6932
f 6932 7132 7133
f 6932 7133 6933
f 6933 7133 7134
f 6933 7134 6934
f 6934 7134 7135
f 6934 7135 6935
f 6935 7135 7136
f 6935 7136 6936
f 6936 7136 7137
f 6936 7137 6937
f 6937 7137 7138
f 6937 7138 6938
f 6938 7138 7139
f 6938 7139 6939
f 6939 7139 7140
f 6939 7140 6940
f 6940 7140 7141
f 6940 7141 6941
f 6941 7141 7142
f 6941 7142 6942
f 6942 7142 7143
f 6942 7143 6943
f 6943 7143 7144
f 6943 7144 6944
f 6944 7144 7145
f 6944 7145 6945
f 6945 7145 7146
f 6945 7146 6946
f 6946 7146 7147
f 6946 7147 6947
f 6947 7147 7148
f 6947 7148 6948
f 6948 7148 7149
f 6948 7149 6949
f 6949 7149 7150
f 6949 7150 6950
f 6950 7150 7151
f 6950 7151 6951
f 6951 7151 7152
f 6951 7152 6952
f 6952 7152 6953
f 7152 7153 6953
f 6953 7153 6954
f 7153 7154 6954
f 6954 7154 6955
f 7154 7155 6955
f 6955 7155 6956
f 7155 7156 6956
f 6956 7156 6957
f 7156 7157 6957
f 6957 7157 6958
f 7157 7158 6958
f 6958 7158 6959
f 7158 7159 6959
f 6959 7159 6960
f 7159 7160 6960
f 6960 7160 6961
f 7160 7161 6961
f 6961 7161 6962
f 7161 7162 6962
f 6962 7162 6963
f 7162 7163 6963
f 6963 7163 6964
f 7163 7164 6964
f 6964 7164 6965
f 7164 7165 6965
f 6965 7165 6966
f 7165 7166 6966
f 6966 7166 6967
f 7166 7167 6967
f 6967 7167 6968
f 7167 7168 6968
f 6968 7168 6969
f 7168 7169 6969
f 6969 7169 6970
f 7169 7170 6970
f 6970 7170 6971
f 7170 7171 6971
f 6971 7171 6972
f 7171 7172 6972
f 6972 7172 6973
f 7172 7173 6973
f 6973 7173 6974
f 7173 7174 6974
f 6974 7174 6975
f 7174 7175 6975
f 6975 7175 6976
f 7175 7176 6976
f 6976 7176 6977
f 7176 7177 6977
f 6977 7177 6978
f 7177 7178 6978
f 6978 7178 6979
f 7178 7179 6979
f 6979 7179 6980
f 7179 7180 6980
f 6980 7180 6981
f 7180 7181 6981
f 6981 7181 6982
f 7181 7182 6982
f 6982 7182 6983
f 7182 7183 6983
f 6983 7183 6984
f 7183 7184 6984
f 6984 7184 6985
f 7184 7185 6985
f 6985 7185 6986
f 7185 7186 6986
f 6986 7186 6987
f 7186 7187 6987
f 6987 7187 6988
f 7187 7188 6988
f 6988 7188 6989
f 7188 7189 6989
f 6989 7189 6990
f 7189 7190 6990
f 6990 7190 6991
f 7190 7191 6991
f 6991 7191 6992
f 7191 7192 6992
f 6992 7192 6993
f 7192 7193 6993
f 6993 7193 6994
f 7193 7194 6994
f 6994 7194 6995
f 7194 7195 6995
f 6995 7195 6996
f 7195 7196 6996
f 6996 7196 6997
f 7196 7197 6997
f 6997 7197 6998
f 7197 7198 6998
f 6998 7198 6999
f 7198 7199 6999
f 6999 7199 7000
f 7199 7200 7000
f 7000 7200 7001
f 7200 7201 7001
f 7001 7201 6802
f 7201 7002 6802
f 7002 7202 7203
f 7002 7203 7003
f 7003 7203 7204
f 7003 7204 7004
f 7004 7204 7205
f 7004 7205 7005
f 7005 7205 7206
f 7005 7206 7006
f 7006 7206 7207
f 7006 7207 7007
f 7007 7207 7208
f 7007 7208 7008
f 7008 7208 7209
f 7008 7209 7009
f 7009 7209 7210
f 7009 7210 7010
f 7010 7210 7211
f 7010 7211 7011
f 7011 7211 7212
f 7011 7212 7012
f 7012 7212 7213
f 7012 7213 7013
f 7013 7213 7214
f 7013 7214 7014
f 7014 7214 7215
f 7014 7215 7015
f 7015 7215 7216
f 7015 7216 7016
f 7016 7216 7217
f 7016 7217 7017
f 7017 7217 7218
f 7017 7218 7018
f 7018 7218 7219
f 7018 7219 7019
f 7019 7219 7220
f 7019 7220 7020
f 7020 7220 7221
f 7020 7221 7021
f 7021 7221 7222
f 7021 7222 7022
f 7022 7222 7223
f 7022 7223 7023
f 7023 7223 7224
f 7023 7224 7024
f 7024 7224 7225
f 7024 7225 7025
f 7025 7225 7226
f 7025 7226 7026
f 7026 7226 7227
f 7026 7227 7027
f 7027 7227 7228
f 7027 7228 7028
f 7028 7228 7229
f 7028 7229 7029
f 7029 7229 7230
f 7029 7230 7030
f 7030 7230 7231
f 7030 7231 7031
f 7031 7231 7232
f 7031 7232 7032
f 7032 7232 7233
f 7032 7233 7033
f 7033 7233 7234
f 7033 7234 7034
f 7034 7234 7235
f 7034 7235 7035
f 7035 7235 7236
f 7035 7236 7036
f 7036 7236 7237
f 7036 7237 7037
f 7037 7237 7238
f 7037 7238 7038
f 7038 7238 7239
f 7038 7239 7039
f 7039 7239 7240
f 7039 7240 7040
f 7040 7240 7241
f 7040 7241 7041
f 7041 7241 7242
f 7041 7242 7042
f 7042 7242 7243
f 7042 7243 7043
f 7043 7243 7244
f 7043 7244 7044
f 7044 7244 7245
f 7044 7245 7045
f 7045 7245 7246
f 7045 7246 7046
f 7046 7246 7247
f 7046 7247 7047
f 7047 7247 7248
f 7047 7248 7048
f 7048 7248 7249
f 7048 7249 7049
f 7049 7249 7250
f 7049 7250 7050
f 7050 7250 7251
f 7050 7251 7051
f 7051 7251 7252
f 7051 7252 7052
f 7052 7252 7053
f 7252 7253 7053
f 7053 7253 7054
f 7253 7254 7054
f 7054 7254 7055
f 7254 7255 7055
f 7055 7255 7056
f 7255 7256 7056
f 7056 7256 7057
f 7256 7257 7057
f 7057 7257 7058
f 7257 7258 7058
f 7058 7258 7059
f 7258 7259 7059
f 7059 7259 7060
f 7259 7260 7060
f 7060 7260 7061
f 7260 7261 7061
f 7061 7261 7062
f 7261 7262 7062
f 7062 7262 7063
f 7262 7263 7063
f 7063 7263 7064
f 7263 7264 7064
f 7064 7264 7065
f 7264 7265 7065
f 7065 7265 7066
f 7265 7266 7066
f 7066 7266 7067
f 7266 7267 7067
f 7067 7267 7068
f 7267 7268 7068
f 7068 7268 7069
f 7268 7269 7069
f 7069 7269 7070
f 7269 7270 7070
f 7070 7270 7071
f 7270 7271 7071
f 7071 7271 7072
f 7271 7272 7072
f 7072 7272 7073
f 7272 7273 7073
f 7073 7273 7074
f 7273 7274 7074
f 7074 7274 7075
f 7274 7275 7075
f 7075 7275 7076
f 7275 7276 7076
f 7076 7276 7077
f 7276 7277 7077
f 7077 7277 7078
f 7277 7278 7078
f 7078 7278 7079
f 7278 7279 7079
f 7079 7279 7080
f 7279 7280 7080
f 7080 7280 7081
f 7280 7281 7081
f 7081 7281 7082
f 7281 7282 7082
f 7082 7282 7083
f 7282 7283 7083
f 7083 7283 7084
f 7283 7284 7084
f 7084 7284 7085
f 7284 7285 7085
f 7085 7285 7086
f 7285 7286 7086
f 7086 7286 7087
f 7286 7287 7087
f 7087 7287 7088
f 7287 7288 7088
f 7088 7288 7089
f 7288 7289 7089
f 7089 7289 7090
f 7289 7290 7090
f 7090 7290 7091
f 7290 7291 7091
f 7091 7291 7092
f 7291 7292 7092
f 7092 7292 7093
f 7292 7293 7093
f 7093 7293 7094
f 7293 7294 7094
f 7094 7294 7095
f 7294 7295 7095
f 7095 7295 7096
f 7295 7296 7096
f 7096 7296 7097
f 7296 7297 7097
f 7097 7297 7098
f 7297 7298 7098
f 7098 7298 7099
f 7298 7299 7099
f 7099 7299 7100
f 7299 7300 7100
f 7100 7300 7101
f 7300 7301 7101
f 7101 7301 7102
f 7301 7302 7102
f 7102 7302 7303
f 7102 7303 7103
f 7103 7303 7304
f 7103 7304 7104
f 7104 7304 7305
f 7104 7305 7105
f 7105 7305 7306
f 7105 7306 7106
f 7106 7306 7307
f 7106 7307 7107
f 7107 7307 7308
f 7107 7308 7108
f 7108 7308 7309
f 7108 7309 7109
f 7109 7309 7310
f 7109 7310 7110
f 7110 7310 7311
f 7110 7311 7111
f 7111 7311 7312
f 7111 7312 7112
f 7112 7312 7313
f 7112 7313 7113
f 7113 7313 7314
f 7113 7314 7114
f 7114 7314 7315
f 7114 7315 7115
f 7115 7315 7316
f 7115 7316 7116
f 7116 7316 7317
f 7116 7317 7117
f 7117 7317 7318
f 7117 7318 7118
f 7118 7318 7319
f 7118 7319 7119
f 7119 7319 7320
f 7119 7320 7120
f 7120 7320 7321
f 7120 7321 7121
f 7121 7321 7322
f 7121 7322 7122
f 7122 7322 7323
f 7122 7323 7123
f 7123 7323 7324
f 7123 7324 7124
f 7124 7324 7325
f 7124 7325 7125
f 7125 7325 7326
f 7125 7326 7126
f 7126 7326 7327
f 7126 7327 7127
f 7127 7327 7328
f 7127 7328 7128
f 7128 7328 7329
f 7128 7329 7129
f 7129 7329 7330
f 7129 7330 7130
f 7130 7330 7331
f 7130 7331 7131
f 7131 7331 7332
f 7131 7332 7132
f 7132 7332 7333
f 7132 7333 7133
f 7133 7333 7334
f 7133 7334 7134
f 7134 7334 7335
f 7134 7335 7135
f 7135 7335 7336
f 7135 7336 7136
f 7136 7336 7337
f 7136 7337 7137
f 7137 7337 7338
f 7137 7338 7138
f 7138 7338 7339
f 7138 7339 7139
f 7139 7339 7340
f 7139 7340 7140
f 7140 7340 7341
f 7140 7341 7141
f 7141 7341 7342
f 7141 7342 7142
f 7142 7342 7343
f 7142 7343 7143
f 7143 7343 7344
f 7143 7344 7144
f 7144 7344 7345
f 7144 7345 7145
f 7145 7345 7346
f 7145 7346 7146
f 7146 7346 7347
f 7146 7347 7147
f 7147 7347 7348
f 7147 7348 7148
f 7148 7348 7349
f 7148 7349 7149
f 7149 7349 7350
f 7149 7350 7150
f 7150 7350 7351
f 7150 7351 7151
f 7151 7351 7352
f 7151 7352 7152
f 7152 7352 7153
f 7352 7353 7153
f 7153 7353 7154
f 7353 7354 7154
f 7154 7354 7155
f 7354 7355 7155
f 7155 7355 7156
f 7355 7356 7156
f 7156 7356 7157
f 7356 7357 7157
f 7157 7357 7158
f 7357 7358 7158
f 7158 7358 7159
f 7358 7359 7159
f 7159 7359 7160
f 7359 7360 7160
f 7160 7360 7161
f 7360 7361 7161
f 7161 7361 7162
f 7361 7362 7162
f 7162 7362 7163
f 7362 7363 7163
f 7163 7363 7164
f 7363 7364 7164
f 7164 7364 7165
f 7364 7365 7165
f 7165 7365 7166
f 7365 7366 7166
f 7166 7366 7167
f 7366 7367 7167
f 7167 7367 7168
f 7367 7368 7168
f 7168 7368 7169
f 7368 7369 7169
f 7169 7369 7170
f 7369 7370 7170
f 7170 7370 7171
f 7370 7371 7171
f 7171 7371 7172
f 7371 7372 7172
f 7172 7372 7173
f 7372 7373 7173
f 7173 7373 7174
f 7373 7374 7174
f 7174 7374 7175
f 7374 7375 7175
f 7175 7375 7176
f 7375 7376 7176
f 7176 7376 7177
f 7376 7377 7177
f 7177 7377 7178
f 7377 7378 7178
f 7178 7378 7179
f 7378 7379 7179
f 7179 7379 7180
f 7379 7380 7180
f 7180 7380 7181
f 7380 7381 7181
f 7181 7381 7182
f 7381 7382 7182
f 7182 7382 7183
f 7382 7383 7183
f 7183 7383 7184
f 7383 7384 7184
f 7184 7384 7185
f 7384 7385 7185
f 7185 7385 7186
f 7385 7386 7186
f 7186 7386 7187
f 7386 7387 7187
f 7187 7387 7188
f 7387 7388 7188
f 7188 7388 7189
f 7388 7389 7189
f 7189 7389 7190
f 7389 7390 7190
f 7190 7390 7191
f 7390 7391 7191
f 7191 7391 7192
f 7391 7392 7192
f 7192 7392 7193
f 7392 7393 7193
f 7193 7393 7194
f 7393 7394 7194
f 7194 7394 7195
f 7394 7395 7195
f 7195 7395 7196
f 7395 7396 7196
f 7196 7396 7197
f 7396 7397 7197
f 7197 7397 7198
f 7397 7398 7198
f 7198 7398 7199
f 7398 7399 7199
f 7199 7399 7200
f 7399 7400 7200
f 7200 7400 7201
f 7400 7401 7201
f 7201 7401 7002
f 7401 7202 7002
f 7202 7402 7403
f 7202 7403 7203
f 7203 7403 7404
f 7203 7404 7204
f 7204 7404 7405
f 7204 7405 7205
f 7205 7405 7406
f 7205 7406 7206
f 7206 7406 7407
f 7206 7407 7207
f 7207 7407 7408
f 7207 7408 7208
f 7208 7408 7409
f 7208 7409 7209
f 7209 7409 7410
f 7209 7410 7210
f 7210 7410 7411
f 7210 7411 7211
f 7211 7411 7412
f 7211 7412 7212
f 7212 7412 7413
f 7212 7413 7213
f 7213 7413 7414
f 7213 7414 7214
f 7214 7414 7415
f 7214 7415 7215
f 7215 7415 7416
f 7215 7416 7216
f 7216 7416 7417
f 7216 7417 7217
f 7217 7417 7418
f 7217 7418 7218
f 7218 7418 7419
f 7218 7419 7219
f 7219 7419 7420
f 7219 7420 7220
f 7220 7420 7421
f 7220 7421 7221
f 7221 7421 7422
f 7221 7422 7222
f 7222 7422 7423
f 7222 7423 7223
f 7223 7423 7424
f 7223 7424 7224
f 7224 7424 7425
f 7224 7425 7225
f 7225 7425 7426
f 7225 7426 7226
f 7226 7426 7427
f 7226 7427 7227
f 7227 7427 7428
f 7227 7428 7228
f 7228 7428 7429
f 7228 7429 7229
f 7229 7429 7430
f 7229 7430 7230
f 7230 7430 7431
f 7230 7431 7231
f 7231 7431 7432
f 7231 7432 7232
f 7232 7432 7433
f 7232 7433 7233
f 7233 7433 7434
f 7233 7434 7234
f 7234 7434 7435
f 7234 7435 7235
f 7235 7435 7436
f 7235 7436 7236
f 7236 7436 7437
f 7236 7437 7237
f 7237 7437 7438
f 7237 7438 7238
f 7238 7438 7439
f 7238 7439 7239
f 7239 7439 7440
f 7239 7440 7240
f 7240 7440 7441
f 7240 7441 7241
f 7241 7441 7442
f 7241 7442 7242
f 7242 7442 7443
f 7242 7443 7243
f 7243 7443 7444
f 7243 7444 7244
f 7244 7444 7445
f 7244 7445 7245
f 7245 7445 7446
f 7245 7446 7246
f 7246 7446 7447
f 7246 7447 7247
f 7247 7447 7448
f 7247 7448 7248
f 7248 7448 7449
f 7248 7449 7249
f 7249 7449 7450
f 7249 7450 7250
f 7250 7450 7451
f 7250 7451 7251
f 7251 7451 7452
f 7251 7452 7252
f 7252 7452 7253
f 7452 7453 7253
f 7253 7453 7254
f 7453 7454 7254
f 7254 7454 7255
f 7454 7455 7255
f 7255 7455 7256
f 7455 7456 7256
f 7256 7456 7257
f 7456 7457 7257
f 7257 7457 7258
f 7457 7458 7258
f 7258 7458 7259
f 7458 7459 7259
f 7259 7459 7260
f 7459 7460 7260
f 7260 7460 7261
f 7460 7461 7261
f 7261 7461 7262
f 7461 7462 7262
f 7262 7462 7263
f 7462 7463 7263
f 7263 7463 7264
f 7463 7464 7264
f 7264 7464 7265
f 7464 7465 7265
f 7265 7465 7266
f 7465 7466 7266
f 7266 7466 7267
f 7466 7467 7267
f 7267 7467 7268
f 7467 7468 7268
f 7268 7468 7269
f 7468 7469 7269
f 7269 7469 7270
f 7469 7470 7270
f 7270 7470 7271
f 7470 7471 7271
f 7271 7471 7272
f 7471 7472 7272
f 7272 7472 7273
f 7472 7473 7273
f 7273 7473 7274
f 7473 7474 7274
f 7274 7474 7275
f 7474 7475 7275
f 7275 7475 7276
f 7475 7476 7276
f 7276 7476 7277
f 7476 7477 7277
f 7277 7477 7278
f 7477 7478 7278
f 7278 7478 7279
f 7478 7479 7279
f 7279 7479 7280
f 7479 7480 7280
f 7280 7480 7281
f 7480 7481 7281
f 7281 7481 7282
f 7481 7482 7282
f 7282 7482 7283
f 7482 7483 7283
f 7283 7483 7284
f 7483 7484 7284
f 7284 7484 7285
f 7484 7485 7285
f 7285 7485 7286
f 7485 7486 7286
f 7286 7486 7287
f 7486 7487 7287
f 7287 7487 7288
f 7487 7488 7288
f 7288 7488 7289
f 7488 7489 7289
f 7289 7489 7290
f 7489 7490 7290
f 7290 7490 7291
f 7490 7491 7291
f 7291 7491 7292
f 7491 7492 7292
f 7292 7492 7293
f 7492 7493 7293
f 7293 7493 7294
f 7493 7494 7294
f 7294 7494 7295
f 7494 7495 7295
f 7295 7495 7296
f 7495 7496 7296
f 7296 7496 7297
f 7496 7497 7297
f 7297 7497 7298
f 7497 7498 7298
f 7298 7498 7299
f 7498 7499 7299
f 7299 7499 7300
f 7499 7500 7300
f 7300 7500 7301
f 7500 7501 7301
f 7301 7501 7302
f 7501 7502 7302
f 7302 7502 7503
f 7302 7503 7303
f 7303 7503 7504
f 7303 7504 7304
f 7304 7504 7505
f 7304 7505 7305
f 7305 7505 7506
f 7305 7506 7306
f 7306 7506 7507
f 7306 7507 7307
f 7307 7507 7508
f 7307 7508 7308
f 7308 7508 7509
f 7308 7509 7309
f 7309 7509 7510
f 7309 7510 7310
f 7310 7510 7511
f 7310 7511 7311
f 7311 7511 7512
f 7311 7512 7312
f 7312 7512 7513
f 7312 7513 7313
f 7313 7513 7514
f 7313 7514 7314
f 7314 7514 7515
f 7314 7515 7315
f 7315 7515 7516
f 7315 7516 7316
f 7316 7516 7517
f 7316 7517 7317
f 7317 7517 7518
f 7317 7518 7318
f 7318 7518 7519
f 7318 7519 7319
f 7319 7519 7520
f 7319 7520 7320
f 7320 7520 7521
f 7320 7521 7321
f 7321 7521 7522
f 7321 7522 7322
f 7322 7522 7523
f 7322 7523 7323
f 7323 7523 7524
f 7323 7524 7324
f 7324 7524 7525
f 7324 7525 7325
f 7325 7525 7526
f 7325 7526 7326
f 7326 7526 7527
f 7326 7527 7327
f 7327 7527 7528
f 7327 7528 7328
f 7328 7528 7529
f 7328 7529 7329
f 7329 7529 7530
f 7329 7530 7330
f 7330 7530 7531
f 7330 7531 7331
f 7331 7531 7532
f 7331 7532 7332
f 7332 7532 7533
f 7332 7533 7333
f 7333 7533 7534
f 7333 7534 7334
f 7334 7534 7535
f 7334 7535 7335
f 7335 7535 7536
f 7335 7536 7336
f 7336 7536 7537
f 7336 7537 7337
f 7337 7537 7538
f 7337 7538 7338
f 7338 7538 7539
f 7338 7539 7339
f 7339 7539 7540
f 7339 7540 7340
f 7340 7540 7541
f 7340 7541 7341
f 7341 7541 7542
f 7341 7542 7342
f 7342 7542 7543
f 7342 7543 7343
f 7343 7543 7544
f 7343 7544 7344
f 7344 7544 7545
f 7344 7545 7345
f 7345 7545 7546
f 7345 7546 7346
f 7346 7546 7547
f 7346 7547 7347
f 7347 7547 7548
f 7347 7548 7348
f 7348 7548 7549
f 7348 7549 7349
f 7349 7549 7550
f 7349 7550 7350
f 7350 7550 7551
f 7350 7551 7351
f 7351 7551 7552
f 7351 7552 7352
f 7352 7552 7353
f 7552 7553 7353
f 7353 7553 7354
f 7553 7554 7354
f 7354 7554 7355
f 7554 7555 7355
f 7355 7555 7356
f 7555 7556 7356
f 7356 7556 7357
f 7556 7557 7357
f 7357 7557 7358
f 7557 7558 7358
f 7358 7558 7359
f 7558 7559 7359
f 7359 7559 7360
f 7559 7560 7360
f 7360 7560 7361
f 7560 7561 7361
f 7361 7561 7362
f 7561 7562 7362
f 7362 7562 7363
f 7562 7563 7363
f 7363 7563 7364
f 7563 7564 7364
f 7364 7564 7365
f 7564 7565 7365
f 7365 7565 7366
f 7565 7566 7366
f 7366 7566 7367
f 7566 7567 7367
f 7367 7567 7368
f 7567 7568 7368
f 7368 7568 7369
f 7568 7569 7369
f 7369 7569 7370
f 7569 7570 7370
f 7370 7570 7371
f 7570 7571 7371
f 7371 7571 7372
f 7571 7572 7372
f 7372 7572 7373
f 7572 7573 7373
f 7373 7573 7374
f 7573 7574 7374
f 7374 7574 7375
f 7574 7575 7375
f 7375 7575 7376
f 7575 7576 7376
f 7376 7576 7377
f 7576 7577 7377
f 7377 7577 7378
f 7577 7578 7378
f 7378 7578 7379
f 7578 7579 7379
f 7379 7579 7380
f 7579 7580 7380
f 7380 7580 7381
f 7580 7581 7381
f 7381 7581 7382
f 7581 7582 7382
f 7382 7582 7383
f 7582 7583 7383
f 7383 7583 7384
f 7583 7584 7384
f 7384 7584 7385
f 7584 7585 7385
f 7385 7585 7386
f 7585 7586 7386
f 7386 7586 7387
f 7586 7587 7387
f 7387 7587 7388
f 7587 7588 7388
f 7388 7588 7389
f 7588 7589 7389
f 7389 7589 7390
f 7589 7590 7390
f 7390 7590 7391
f 7590 7591 7391
f 7391 7591 7392
f 7591 7592 7392
f 7392 7592 7393
f 7592 7593 7393
f 7393 7593 7394
f 7593 7594 7394
f 7394 7594 7395
f 7594 7595 7395
f 7395 7595 7396
f 7595 7596 7396
f 7396 7596 7397
f 7596 7597 7397
f 7397 7597 7398
f 7597 7598 7398
f 7398 7598 7399
f 7598 7599 7399
f 7399 7599 7400
f 7599 7600 7400
f 7400 7600 7401
f 7600 7601 7401
f 7401 7601 7202
f 7601 7402 7202
f 7402 7602 7603
f 7402 7603 7403
f 7403 7603 7604
f 7403 7604 7404
f 7404 7604 7605
f 7404 7605 7405
f 7405 7605 7606
f 7405 7606 7406
f 7406 7606 7607
f 7406 7607 7407
f 7407 7607 7608
f 7407 7608 7408
f 7408 7608 7609
f 7408 7609 7409
f 7409 7609 7610
f 7409 7610 7410
f 7410 7610 7611
f 7410 7611 7411
f 7411 7611 7612
f 7411 7612 7412
f 7412 7612 7613
f 7412 7613 7413
f 7413 7613 7614
f 7413 7614 7414
f 7414 7614 7615
f 7414 7615 7415
f 7415 7615 7616
f 7415 7616 7416
f 7416 7616 7617
f 7416 7617 7417
f 7417 7617 7618
f 7417 7618 7418
f 7418 7618 7619
f 7418 7619 7419
f 7419 7619 7620
f 7419 7620 7420
f 7420 7620 7621
f 7420 7621 7421
f 7421 7621 7622
f 7421 7622 7422
f 7422 7622 7623
f 7422 7623 7423
f 7423 7623 7624
f 7423 7624 7424
f 7424 7624 7625
f 7424 7625 7425
f 7425 7625 7626
f 7425 7626 7426
f 7426 7626 7627
f 7426 7627 7427
f 7427 7627 7628
f 7427 7628 7428
f 7428 7628 7629
f 7428 7629 7429
f 7429 7629 7630
f 7429 7630 7430
f 7430 7630 7631
f 7430 7631 7431
f 7431 7631 7632
f 7431 7632 7432
f 7432 7632 7633
f 7432 7633 7433
f 7433 7633 7634
f 7433 7634 7434
f 7434 7634 7635
f 7434 7635 7435
f 7435 7635 7636
f 7435 7636 7436
f 7436 7636 7637
f 7436 7637 7437
f 7437 7637 7638
f 7437 7638 7438
f 7438 7638 7639
f 7438 7639 7439
f 7439 7639 7640
f 7439 7640 7440
f 7440 7640 7641
f 7440 7641 7441
f 7441 7641 7642
f 7441 7642 7442
f 7442 7642 7643
f 7442 7643 7443
f 7443 7643 7644
f 7443 7644 7444
f 7444 7644 7645
f 7444 7645 7445
f 7445 7645 7646
f 7445 7646 7446
f 7446 7646 7647
f 7446 7647 7447
f 7447 7647 7648
f 7447 7648 7448
f 7448 7648 7649
f 7448 7649 7449
f 7449 7649 7650
f 7449 7650 7450
f 7450 7650 7651
f 7450 7651 7451
f 7451 7651 7652
f 7451 7652 7452
f 7452 7652 7453
f 7652 7653 7453
f 7453 7653 7454
f 7653 7654 7454
f 7454 7654 7455
f 7654 7655 7455
f 7455 7655 7456
f 7655 7656 7456
f 7456 7656 7457
f 7656 7657 7457
f 7457 7657 7458
f 7657 7658 7458
f 7458 7658 7459
f 7658 7659 7459
f 7459 7659 7460
f 7659 7660 7460
f 7460 7660 7461
f 7660 7661 7461
f 7461 7661 7462
f 7661 7662 7462
f 7462 7662 7463
f 7662 7663 7463
f 7463 7663 7464
f 7663 7664 7464
f 7464 7664 7465
f 7664 7665 7465
f 7465 7665 7466
f 7665 7666 7466
f 7466 7666 7467
f 7666 7667 7467
f 7467 7667 7468
f 7667 7668 7468
f 7468 7668 7469
f 7668 7669 7469
f 7469 7669 7470
f 7669 7670 7470
f 7470 7670 7471
f 7670 7671 7471
f 7471 7671 7472
f 7671 7672 7472
f 7472 7672 7473
f 7672 7673 7473
f 7473 7673 7474
f 7673 7674 7474
f 7474 7674 7475
f 7674 7675 7475
f 7475 7675 7476
f 7675 7676 7476
f 7476 7676 7477
f 7676 7677 7477
f 7477 7677 7478
f 7677 7678 7478
f 7478 7678 7479
f 7678 7679 7479
f 7479 7679 7480
f 7679 7680 7480
f 7480 7680 7481
f 7680 7681 7481
f 7481 7681 7482
f 7681 7682 7482
f 7482 7682 7483
f 7682 7683 7483
f 7483 7683 7484
f 7683 7684 7484
f 7484 7684 7485
f 7684 7685 7485
f 7485 7685 7486
f 7685 7686 7486
f 7486 7686 7487
f 7686 7687 7487
f 7487 7687 7488
f 7687 7688 7488
f 7488 7688 7489
f 7688 7689 7489
f 7489 7689 7490
f 7689 7690 7490
f 7490 7690 7491
f 7690 7691 7491
f 7491 7691 7492
f 7691 7692 7492
f 7492 7692 7493
f 7692 7693 7493
f 7493 7693 7494
f 7693 7694 7494
f 7494 7694 7495
f 7694 7695 7495
f 7495 7695 7496
f 7695 7696 7496
f 7496 7696 7497
f 7696 7697 7497
f 7497 7697 7498
f 7697 7698 7498
f 7498 7698 7499
f 7698 7699 7499
f 7499 7699 7500
f 7699 7700 7500
f 7500 7700 7501
f 7700 7701 7501
f 7501 7701 7502
f 7701 7702 7502
f 7502 7702 7703
f 7502 7703 7503
f 7503 7703 7704
f 7503 7704 7504
f 7504 7704 7705
f 7504 7705 7505
f 7505 7705 7706
f 7505 7706 7506
f 7506 7706 7707
f 7506 7707 7507
f 7507 7707 7708
f 7507 7708 7508
f 7508 7708 7709
f 7508 7709 7509
f 7509 7709 7710
f 7509 7710 7510
f 7510 7710 7711
f 7510 7711 7511
f 7511 7711 7712
f 7511 7712 7512
f 7512 7712 7713
f 7512 7713 7513
f 7513 7713 7714
f 7513 7714 7514
f 7514 7714 7715
f 7514 7715 7515
f 7515 7715 7716
f 7515 7716 7516
f 7516 7716 7717
f 7516 7717 7517
f 7517 7717 7718
f 7517 7718 7518
f 7518 7718 7719
f 7518 7719 7519
f 7519 7719 7720
f 7519 7720 7520
f 7520 7720 7721
f 7520 7721 7521
f 7521 7721 7722
f 7521 7722 7522
f 7522 7722 7723
f 7522 7723 7523
f 7523 7723 7724
f 7523 7724 7524
f 7524 7724 7725
f 7524 7725 7525
f 7525 7725 7726
f 7525 7726 7526
f 7526 7726 7727
f 7526 7727 7527
f 7527 7727 7728
f 7527 7728 7528
f 7528 7728 7729
f 7528 7729 7529
f 7529 7729 7730
f 7529 7730 7530
f 7530 7730 7731
f 7530 7731 7531
f 7531 7731 7732
f 7531 7732 7532
f 7532 7732 7733
f 7532 7733 7533
f 7533 7733 7734
f 7533 7734 7534
f 7534 7734 7735
f 7534 7735 7535
f 7535 7735 7736
f 7535 7736 7536
f 7536 7736 7737
f 7536 7737 7537
f 7537 7737 7738
f 7537 7738 7538
f 7538 7738 7739
f 7538 7739 7539
f 7539 7739 7740
f 7539 7740 7540
f 7540 7740 7741
f 7540 7741 7541
f 7541 7741 7742
f 7541 7742 7542
f 7542 7742 7743
f 7542 7743 7543
f 7543 7743 7744
f 7543 7744 7544
f 7544 7744 7745
f 7544 7745 7545
f 7545 7745 7746
f 7545 7746 7546
f 7546 7746 7747
f 7546 7747 7547
f 7547 7747 7748
f 7547 7748 7548
f 7548 7748 7749
f 7548 7749 7549
f 7549 7749 7750
f 7549 7750 7550
f 7550 7750 7751
f 7550 7751 7551
f 7551 7751 7752
f 7551 7752 7552
f 7552 7752 7553
f 7752 7753 7553
f 7553 7753 7554
f 7753 7754 7554
f 7554 7754 7555
f 7754 7755 7555
f 7555 7755 7556
f 7755 7756 7556
f 7556 7756 7557
f 7756 7757 7557
f 7557 7757 7558
f 7757 7758 7558
f 7558 7758 7559
f 7758 7759 7559
f 7559 7759 7560
f 7759 7760 7560
f 7560 7760 7561
f 7760 7761 7561
f 7561 7761 7562
f 7761 7762 7562
f 7562 7762 7563
f 7762 7763 7563
f 7563 7763 7564
f 7763 7764 7564
f 7564 7764 7565
f 7764 7765 7565
f 7565 7765 7566
f 7765 7766 7566
f 7566 7766 7567
f 7766 7767 7567
f 7567 7767 7568
f 7767 7768 7568
f 7568 7768 7569
f 7768 7769 7569
f 7569 7769 7570
f 7769 7770 7570
f 7570 7770 7571
f 7770 7771 7571
f 7571 7771 7572
f 7771 7772 7572
f 7572 7772 7573
f 7772 7773 7573
f 7573 7773 7574
f 7773 7774 7574
f 7574 7774 7575
f 7774 7775 7575
f 7575 7775 7576
f 7775 7776 7576
f 7576 7776 7577
f 7776 7777 7577
f 7577 7777 7578
f 7777 7778 7578
f 7578 7778 7579
f 7778 7779 7579
f 7579 7779 7580
f 7779 7780 7580
f 7580 7780 7581
f 7780 7781 7581
f 7581 7781 7582
f 7781 7782 7582
f 7582 7782 7583
f 7782 7783 7583
f 7583 7783 7584
f 7783 7784 7584
f 7584 7784 7585
f 7784 7785 7585
f 7585 7785 7586
f 7785 7786 7586
f 7586 7786 7587
f 7786 7787 7587
f 7587 7787 7588
f 7787 7788 7588
f 7588 7788 7589
f 7788 7789 7589
f 7589 7789 7590
f 7789 7790 7590
f 7590 7790 7591
f 7790 7791 7591
f 7591 7791 7592
f 7791 7792 7592
f 7592 7792 7593
f 7792 7793 7593
f 7593 7793 7594
f 7793 7794 7594
f 7594 7794 7595
f 7794 7795 7595
f 7595 7795 7596
f 7795 7796 7596
f 7596 7796 7597
f 7796 7797 7597
f 7597 7797 7598
f 7797 7798 7598
f 7598 7798 7599
f 7798 7799 7599
f 7599 7799 7600
f 7799 7800 7600
f 7600 7800 7601
f 7800 7801 7601
f 7601 7801 7402
f 7801 7602 7402
f 7602 7802 7803
f 7602 7803 7603
f 7603 7803 7804
f 7603 7804 7604
f 7604 7804 7805
f 7604 7805 7605
f 7605 7805 7806
f 7605 7806 7606
f 7606 7806 7807
f 7606 7807 7607
f 7607 7807 7808
f 7607 7808 7608
f 7608 7808 7809
f 7608 7809 7609
f 7609 7809 7810
f 7609 7810 7610
f 7610 7810 7811
f 7610 7811 7611
f 7611 7811 7812
f 7611 7812 7612
f 7612 7812 7813
f 7612 7813 7613
f 7613 7813 7814
f 7613 7814 7614
f 7614 7814 7815
f 7614 7815 7615
f 7615 7815 7816
f 7615 7816 7616
f 7616 7816 7817
f 7616 7817 7617
f 7617 7817 7818
f 7617 7818 7618
f 7618 7818 7819
f 7618 7819 7619
f 7619 7819 7820
f 7619 7820 7620
f 7620 7820 7821
f 7620 7821 7621
f 7621 7821 7822
f 7621 7822 7622
f 7622 7822 7823
f 7622 7823 7623
f 7623 7823 7824
f 7623 7824 7624
f 7624 7824 7825
f 7624 7825 7625
f 7625 7825 7826
f 7625 7826 7626
f 7626 7826 7827
f 7626 7827 7627
f 7627 7827 7828
f 7627 7828 7628
f 7628 7828 7829
f 7628 7829 7629
f 7629 7829 7830
f 7629 7830 7630
f 7630 7830 7831
f 7630 7831 7631
f 7631 7831 7832
f 7631 7832 7632
f 7632 7832 7833
f 7632 7833 7633
f 7633 7833 7834
f 7633 7834 7634
f 7634 7834 7835
f 7634 7835 7635
f 7635 7835 7836
f 7635 7836 7636
f 7636 7836 7837
f 7636 7837 7637
f 7637 7837 7838
f 7637 7838 7638
f 7638 7838 7839
f 7638 7839 7639
f 7639 7839 7840
f 7639 7840 7640
f 7640 7840 7841
f 7640 7841 7641
f 7641 7841 7842
f 7641 7842 7642
f 7642 7842 7843
f 7642 7843 7643
f 7643 7843 7844
f 7643 7844 7644
f 7644 7844 7845
f 7644 7845 7645
f 7645 7845 7846
f 7645 7846 7646
f 7646 7846 7847
f 7646 7847 7647
f 7647 7847 7848
f 7647 7848 7648
f 7648 7848 7849
f 7648 7849 7649
f 7649 7849 7850
f 7649 7850 7650
f 7650 7850 7851
f 7650 7851 7651
f 7651 7851 7852
f 7651 7852 7652
f 7652 7852 7653
f 7852 7853 7653
f 7653 7853 7654
f 7853 7854 7654
f 7654 7854 7655
f 7854 7855 7655
f 7655 7855 7656
f 7855 7856 7656
f 7656 7856 7657
f 7856 7857 7657
f 7657 7857 7658
f 7857 7858 7658
f 7658 7858 7659
f 7858 7859 7659
f 7659 7859 7660
f 7859 7860 7660
f 7660 7860 7661
f 7860 7861 7661
f 7661 7861 7662
f 7861 7862 7662
f 7662 7862 7663
f 7862 7863 7663
f 7663 7863 7664
f 7863 7864 7664
f 7664 7864 7665
f 7864 7865 7665
f 7665 7865 7666
f 7865 7866 7666
f 7666 7866 7667
f 7866 7867 7667
f 7667 7867 7668
f 7867 7868 7668
f 7668 7868 7669
f 7868 7869 7669
f 7669 7869 7670
f 7869 7870 7670
f 7670 7870 7671
f 7870 7871 7671
f 7671 7871 7672
f 7871 7872 7672
f 7672 7872 7673
f 7872 7873 7673
f 7673 7873 7674
f 7873 7874 7674
f 7674 7874 7675
f 7874 7875 7675
f 7675 7875 7676
f 7875 7876 7676
f 7676 7876 7677
f 7876 7877 7677
f 7677 7877 7678
f 7877 7878 7678
f 7678 7878 7679
f 7878 7879 7679
f 7679 7879 7680
f 7879 7880 7680
f 7680 7880 7681
f 7880 7881 7681
f 7681 7881 7682
f 7881 7882 7682
f 7682 7882 7683
f 7882 7883 7683
f 7683 7883 7684
f 7883 7884 7684
f 7684 7884 7685
f 7884 7885 7685
f 7685 7885 7686
f 7885 7886 7686
f 7686 7886 7687
f 7886 7887 7687
f 7687 7887 7688
f 7887 7888 7688
f 7688 7888 7689
f 7888 7889 7689
f 7689 7889 7690
f 7889 7890 7690
f 7690 7890 7691
f 7890 7891 7691
f 7691 7891 7692
f 7891 7892 7692
f 7692 7892 7693
f 7892 7893 7693
f 7693 7893 7694
f 7893 7894 7694
f 7694 7894 7695
f 7894 7895 7695
f 7695 7895 7696
f 7895 7896 7696
f 7696 7896 7697
f 7896 7897 7697
f 7697 7897 7698
f 7897 7898 7698
f 7698 7898 7699
f 7898 7899 7699
f 7699 7899 7700
f 7899 7900 7700
f 7700 7900 7701
f 7900 7901 7701
f 7701 7901 7702
f 7901 7902 7702
f 7702 7902 7903
f 7702 7903 7703
f 7703 7903 7904
f 7703 7904 7704
f 7704 7904 7905
f 7704 7905 7705
f 7705 7905 7906
f 7705 7906 7706
f 7706 7906 7907
f 7706 7907 7707
f 7707 7907 7908
f 7707 7908 7708
f 7708 7908 7909
f 7708 7909 7709
f 7709 7909 7910
f 7709 7910 7710
f 7710 7910 7911
f 7710 7911 7711
f 7711 7911 7912
f 7711 7912 7712
f 7712 7912 7913
f 7712 7913 7713
f 7713 7913 7914
f 7713 7914 7714
f 7714 7914 7915
f 7714 7915 7715
f 7715 7915 7916
f 7715 7916 7716
f 7716 7916 7917
f 7716 7917 7717
f 7717 7917 7918
f 7717 7918 7718
f 7718 7918 7919
f 7718 7919 7719
f 7719 7919 7920
f 7719 7920 7720
f 7720 7920 7921
f 7720 7921 7721
f 7721 7921 7922
f 7721 7922 7722
f 7722 7922 7923
f 7722 7923 7723
f 7723 7923 7924
f 7723 7924 7724
f 7724 7924 7925
f 7724 7925 7725
f 7725 7925 7926
f 7725 7926 7726
f 7726 7926 7927
f 7726 7927 7727
f 7727 7927 7928
f 7727 7928 7728
f 7728 7928 7929
f 7728 7929 7729
f 7729 7929 7930
f 7729 7930 7730
f 7730 7930 7931
f 7730 7931 7731
f 7731 7931 7932
f 7731 7932 7732
f 7732 7932 7933
f 7732 7933 7733
f 7733 7933 7934
f 7733 7934 7734
f 7734 7934 7935
f 7734 7935 7735
f 7735 7935 7936
f 7735 7936 7736
f 7736 7936 7937
f 7736 7937 7737
f 7737 7937 7938
f 7737 7938 7738
f 7738 7938 7939
f 7738 7939 7739
f 7739 7939 7940
f 7739 7940 7740
f 7740 7940 7941
f 7740 7941 7741
f 7741 7941 7942
f 7741 7942 7742
f 7742 7942 7943
f 7742 7943 7743
f 7743 7943 7944
f 7743 7944 7744
f 7744 7944 7945
f 7744 7945 7745
f 7745 7945 7946
f 7745 7946 7746
f 7746 7946 7947
f 7746 7947 7747
f 7747 7947 7948
f 7747 7948 7748
f 7748 7948 7949
f 7748 7949 7749
f 7749 7949 7950
f 7749 7950 7750
f 7750 7950 7951
f 7750 7951 7751
f 7751 7951 7952
f 7751 7952 7752
f 7752 7952 7753
f 7952 7953 7753
f 7753 7953 7754
f 7953 7954 7754
f 7754 7954 7755
f 7954 7955 7755
f 7755 7955 7756
f 7955 7956 7756
f 7756 7956 7757
f 7956 7957 7757
f 7757 7957 7758
f 7957 7958 7758
f 7758 7958 7759
f 7958 7959 7759
f 7759 7959 7760
f 7959 7960 7760
f 7760 7960 7761
f 7960 7961 7761
f 7761 7961 7762
f 7961 7962 7762
f 7762 7962 7763
f 7962 7963 7763
f 7763 7963 7764
f 7963 7964 7764
f 7764 7964 7765
f 7964 7965 7765
f 7765 7965 7766
f 7965 7966 7766
f 7766 7966 7767
f 7966 7967 7767
f 7767 7967 7768
f 7967 7968 7768
f 7768 7968 7769
f 7968 7969 7769
f 7769 7969 7770
f 7969 7970 7770
f 7770 7970 7771
f 7970 7971 7771
f 7771 7971 7772
f 7971 7972 7772
f 7772 7972 7773
f 7972 7973 7773
f 7773 7973 7774
f 7973 7974 7774
f 7774 7974 7775
f 7974 7975 7775
f 7775 7975 7776
f 7975 7976 7776
f 7776 7976 7777
f 7976 7977 7777
f 7777 7977 7778
f 7977 7978 7778
f 7778 7978 7779
f 7978 7979 7779
f 7779 7979 7780
f 7979 7980 7780
f 7780 7980 7781
f 7980 7981 7781
f 7781 7981 7782
f 7981 7982 7782
f 7782 7982 7783
f 7982 7983 7783
f 7783 7983 7784
f 7983 7984 7784
f 7784 7984 7785
f 7984 7985 7785
f 7785 7985 7786
f 7985 7986 7786
f 7786 7986 7787
f 7986 7987 7787
f 7787 7987 7788
f 7987 7988 7788
f 7788 7988 7789
f 7988 7989 7789
f 7789 7989 7790
f 7989 7990 7790
f 7790 7990 7791
f 7990 7991 7791
f 7791 7991 7792
f 7991 7992 7792
f 7792 7992 7793
f 7992 7993 7793
f 7793 7993 7794
f 7993 7994 7794
f 7794 7994 7795
f 7994 7995 7795
f 7795 7995 7796
f 7995 7996 7796
f 7796 7996 7797
f 7996 7997 7797
f 7797 7997 7798
f 7997 7998 7798
f 7798 7998 7799
f 7998 7999 7799
f 7799 7999 7800
f 7999 8000 7800
f 7800 8000 7801
f 8000 8001 7801
f 7801 8001 7602
f 8001 7802 7602
f 7802 8002 8003
f 7802 8003 7803
f 7803 8003 8004
f 7803 8004 7804
f 7804 8004 8005
f 7804 8005 7805
f 7805 8005 8006
f 7805 8006 7806
f 7806 8006 8007
f 7806 8007 7807
f 7807 8007 8008
f 7807 8008 7808
f 7808 8008 8009
f 7808 8009 7809
f 7809 8009 8010
f 7809 8010 7810
f 7810 8010 8011
f 7810 8011 7811
f 7811 8011 8012
f 7811 8012 7812
f 7812 8012 8013
f 7812 8013 7813
f 7813 8013 8014
f 7813 8014 7814
f 7814 8014 8015
f 7814 8015 7815
f 7815 8015 8016
f 7815 8016 7816
f 7816 8016 8017
f 7816 8017 7817
f 7817 8017 8018
f 7817 8018 7818
f 7818 8018 8019
f 7818 8019 7819
f 7819 8019 8020
f 7819 8020 7820
f 7820 8020 8021
f 7820 8021 7821
f 7821 8021 8022
f 7821 8022 7822
f 7822 8022 8023
f 7822 8023 7823
f 7823 8023 8024
f 7823 8024 7824
f 7824 8024 8025
f 7824 8025 7825
f 7825 8025 8026
f 7825 8026 7826
f 7826 8026 8027
f 7826 8027 7827
f 7827 8027 8028
f 7827 8028 7828
f 7828 8028 8029
f 7828 8029 7829
f 7829 8029 8030
f 7829 8030 7830
f 7830 8030 8031
f 7830 8031 7831
f 7831 8031 8032
f 7831 8032 7832
f 7832 8032 8033
f 7832 8033 7833
f 7833 8033 8034
f 7833 8034 7834
f 7834 8034 8035
f 7834 8035 7835
f 7835 8035 8036
f 7835 8036 7836
f 7836 8036 8037
f 7836 8037 7837
f 7837 8037 8038
f 7837 8038 7838
f 7838 8038 8039
f 7838 8039 7839
f 7839 8039 8040
f 7839 8040 7840
f 7840 8040 8041
f 7840 8041 7841
f 7841 8041 8042
f 7841 8042 7842
f 7842 8042 8043
f 7842 8043 7843
f 7843 8043 8044
f 7843 8044 7844
f 7844 8044 8045
f 7844 8045 7845
f 7845 8045 8046
f 7845 8046 7846
f 7846 8046 8047
f 7846 8047 7847
f 7847 8047 8048
f 7847 8048 7848
f 7848 8048 8049
f 7848 8049 7849
f 7849 8049 8050
f 7849 8050 7850
f 7850 8050 8051
f 7850 8051 7851
f 7851 8051 8052
f 7851 8052 7852
f 7852 8052 7853
f 8052 8053 7853
f 7853 8053 7854
f 8053 8054 7854
f 7854 8054 7855
f 8054 8055 7855
f 7855 8055 7856
f 8055 8056 7856
f 7856 8056 7857
f 8056 8057 7857
f 7857 8057 7858
f 8057 8058 7858
f 7858 8058 7859
f 8058 8059 7859
f 7859 8059 7860
f 8059 8060 7860
f 7860 8060 7861
f 8060 8061 7861
f 7861 8061 7862
f 8061 8062 7862
f 7862 8062 7863
f 8062 8063 7863
f 7863 8063 7864
f 8063 8064 7864
f 7864 8064 7865
f 8064 8065 7865
f 7865 8065 7866
f 8065 8066 7866
f 7866 8066 7867
f 8066 8067 7867
f 7867 8067 7868
f 8067 8068 7868
f 7868 8068 7869
f 8068 8069 7869
f 7869 8069 7870
f 8069 8070 7870
f 7870 8070 7871
f 8070 8071 7871
f 7871 8071 7872
f 8071 8072 7872
f 7872 8072 7873
f 8072 8073 7873
f 7873 8073 7874
f 8073 8074 7874
f 7874 8074 7875
f 8074 8075 7875
f 7875 8075 7876
f 8075 8076 7876
f 7876 8076 7877
f 8076 8077 7877
f 7877 8077 7878
f 8077 8078 7878
f 7878 8078 7879
f 8078 8079 7879
f 7879 8079 7880
f 8079 8080 7880
f 7880 8080 7881
f 8080 8081 7881
f 7881 8081 7882
f 8081 8082 7882
f 7882 8082 7883
f 8082 8083 7883
f 7883 8083 7884
f 8083 8084 7884
f 7884 8084 7885
f 8084 8085 7885
f 7885 8085 7886
f 8085 8086 7886
f 7886 8086 7887
f 8086 8087 7887
f 7887 8087 7888
f 8087 8088 7888
f 7888 8088 7889
f 8088 8089 7889
f 7889 8089 7890
f 8089 8090 7890
f 7890 8090 7891
f 8090 8091 7891
f 7891 8091 7892
f 8091 8092 7892
f 7892 8092 7893
f 8092 8093 7893
f 7893 8093 7894
f 8093 8094 7894
f 7894 8094 7895
f 8094 8095 7895
f 7895 8095 7896
f 8095 8096 7896
f 7896 8096 7897
f 8096 8097 7897
f 7897 8097 7898
f 8097 8098 7898
f 7898 8098 7899
f 8098 8099 7899
f 7899 8099 7900
f 8099 8100 7900
f 7900 8100 7901
f 8100 8101 7901
f 7901 8101 7902
f 8101 8102 7902
f 7902 8102 8103
f 7902 8103 7903
f 7903 8103 8104
f 7903 8104 7904
f 7904 8104 8105
f 7904 8105 7905
f 7905 8105 8106
f 7905 8106 7906
f 7906 8106 8107
f 7906 8107 7907
f 7907 8107 8108
f 7907 8108 7908
f 7908 8108 8109
f 7908 8109 7909
f 7909 8109 8110
f 7909 8110 7910
f 7910 8110 8111
f 7910 8111 7911
f 7911 8111 8112
f 7911 8112 7912
f 7912 8112 8113
f 7912 8113 7913
f 7913 8113 8114
f 7913 8114 7914
f 7914 8114 8115
f 7914 8115 7915
f 7915 8115 8116
f 7915 8116 7916
f 7916 8116 8117
f 7916 8117 7917
f 7917 8117 8118
f 7917 8118 7918
f 7918 8118 8119
f 7918 8119 7919
f 7919 8119 8120
f 7919 8120 7920
f 7920 8120 8121
f 7920 8121 7921
f 7921 8121 8122
f 7921 8122 7922
f 7922 8122 8123
f 7922 8123 7923
f 7923 8123 8124
f 7923 8124 7924
f 7924 8124 8125
f 7924 8125 7925
f 7925 8125 8126
f 7925 8126 7926
f 7926 8126 8127
f 7926 8127 7927
f 7927 8127 8128
f 7927 8128 7928
f 7928 8128 8129
f 7928 8129 7929
f 7929 8129 8130
f 7929 8130 7930
f 7930 8130 8131
f 7930 8131 7931
f 7931 8131 8132
f 7931 8132 7932
f 7932 8132 8133
f 7932 8133 7933
f 7933 8133 8134
f 7933 8134 7934
f 7934 8134 8135
f 7934 8135 7935
f 7935 8135 8136
f 7935 8136 7936
f 7936 8136 8137
f 7936 8137 7937
f 7937 8137 8138
f 7937 8138 7938
f 7938 8138 8139
f 7938 8139 7939
f 7939 8139 8140
f 7939 8140 7940
f 7940 8140 8141
f 7940 8141 7941
f 7941 8141 8142
f 7941 8142 7942
f 7942 8142 8143
f 7942 8143 7943
f 7943 8143 8144
f 7943 8144 7944
f 7944 8144 8145
f 7944 8145 7945
f 7945 8145 8146
f 7945 8146 7946
f 7946 8146 8147
f 7946 8147 7947
f 7947 8147 8148
f 7947 8148 7948
f 7948 8148 8149
f 7948 8149 7949
f 7949 8149 8150
f 7949 8150 7950
f 7950 8150 8151
f 7950 8151 7951
f 7951 8151 8152
f 7951 8152 7952
f 7952 8152 7953
f 8152 8153 7953
f 7953 8153 7954
f 8153 8154 7954
f 7954 8154 7955
f 8154 8155 7955
f 7955 8155 7956
f 8155 8156 7956
f 7956 8156 7957
f 8156 8157 7957
f 7957 8157 7958
f 8157 8158 7958
f 7958 8158 7959
f 8158 8159 7959
f 7959 8159 7960
f 8159 8160 7960
f 7960 8160 7961
f 8160 8161 7961
f 7961 8161 7962
f 8161 8162 7962
f 7962 8162 7963
f 8162 8163 7963
f 7963 8163 7964
f 8163 8164 7964
f 7964 8164 7965
f 8164 8165 7965
f 7965 8165 7966
f 8165 8166 7966
f 7966 8166 7967
f 8166 8167 7967
f 7967 8167 7968
f 8167 8168 7968
f 7968 8168 7969
f 8168 8169 7969
f 7969 8169 7970
f 8169 8170 7970
f 7970 8170 7971
f 8170 8171 7971
f 7971 8171 7972
f 8171 8172 7972
f 7972 8172 7973
f 8172 8173 7973
f 7973 8173 7974
f 8173 8174 7974
f 7974 8174 7975
f 8174 8175 7975
f 7975 8175 7976
f 8175 8176 7976
f 7976 8176 7977
f 8176 8177 7977
f 7977 8177 7978
f 8177 8178 7978
f 7978 8178 7979
f 8178 8179 7979
f 7979 8179 7980
f 8179 8180 7980
f 7980 8180 7981
f 8180 8181 7981
f 7981 8181 7982
f 8181 8182 7982
f 7982 8182 7983
f 8182 8183 7983
f 7983 8183 7984
f 8183 8184 7984
f 7984 8184 7985
f 8184 8185 7985
f 7985 8185 7986
f 8185 8186 7986
f 7986 8186 7987
f 8186 8187 7987
f 7987 8187 7988
f 8187 8188 7988
f 7988 8188 7989
f 8188 8189 7989
f 7989 8189 7990
f 8189 8190 7990
f 7990 8190 7991
f 8190 8191 7991
f 7991 8191 7992
f 8191 8192 7992
f 7992 8192 7993
f 8192 8193 7993
f 7993 8193 7994
f 8193 8194 7994
f 7994 8194 7995
f 8194 8195 7995
f 7995 8195 7996
f 8195 8196 7996
f 7996 8196 7997
f 8196 8197 7997
f 7997 8197 7998
f 8197 8198 7998
f 7998 8198 7999
f 8198 8199 7999
f 7999 8199 8000
f 8199 8200 8000
f 8000 8200 8001
f 8200 8201 8001
f 8001 8201 7802
f 8201 8002 7802
f 8002 8202 8203
f 8002 8203 8003
f 8003 8203 8204
f 8003 8204 8004
f 8004 8204 8205
f 8004 8205 8005
f 8005 8205 8206
f 8005 8206 8006
f 8006 8206 8207
f 8006 8207 8007
f 8007 8207 8208
f 8007 8208 8008
f 8008 8208 8209
f 8008 8209 8009
f 8009 8209 8210
f 8009 8210 8010
f 8010 8210 8211
f 8010 8211 8011
f 8011 8211 8212
f 8011 8212 8012
f 8012 8212 8213
f 8012 8213 8013
f 8013 8213 8214
f 8013 8214 8014
f 8014 8214 8215
f 8014 8215 8015
f 8015 8215 8216
f 8015 8216 8016
f 8016 8216 8217
f 8016 8217 8017
f 8017 8217 8218
f 8017 8218 8018
f 8018 8218 8219
f 8018 8219 8019
f 8019 8219 8220
f 8019 8220 8020
f 8020 8220 8221
f 8020 8221 8021
f 8021 8221 8222
f 8021 8222 8022
f 8022 8222 8223
f 8022 8223 8023
f 8023 8223 8224
f 8023 8224 8024
f 8024 8224 8225
f 8024 8225 8025
f 8025 8225 8226
f 8025 8226 8026
f 8026 8226 8227
f 8026 8227 8027
f 8027 8227 8228
f 8027 8228 8028
f 8028 8228 8229
f 8028 8229 8029
f 8029 8229 8230
f 8029 8230 8030
f 8030 8230 8231
f 8030 8231 8031
f 8031 8231 8232
f 8031 8232 8032
f 8032 8232 8233
f 8032 8233 8033
f 8033 8233 8234
f 8033 8234 8034
f 8034 8234 8235
f 8034 8235 8035
f 8035 8235 8236
f 8035 8236 8036
f 8036 8236 8237
f 8036 8237 8037
f 8037 8237 8238
f 8037 8238 8038
f 8038 8238 8239
f 8038 8239 8039
f 8039 8239 8240
f 8039 8240 8040
f 8040 8240 8241
f 8040 8241 8041
f 8041 8241 8242
f 8041 8242 8042
f 8042 8242 8243
f 8042 8243 8043
f 8043 8243 8244
f 8043 8244 8044
f 8044 8244 8245
f 8044 8245 8045
f 8045 8245 8246
f 8045 8246 8046
f 8046 8246 8247
f 8046 8247 8047
f 8047 8247 8248
f 8047 8248 8048
f 8048 8248 8249
f 8048 8249 8049
f 8049 8249 8250
f 8049 8250 8050
f 8050 8250 8251
f 8050 8251 8051
f 8051 8251 8252
f 8051 8252 8052
f 8052 8252 8053
f 8252 8253 8053
f 8053 8253 8054
f 8253 8254 8054
f 8054 8254 8055
f 8254 8255 8055
f 8055 8255 8056
f 8255 8256 8056
f 8056 8256 8057
f 8256 8257 8057
f 8057 8257 8058
f 8257 8258 8058
f 8058 8258 8059
f 8258 8259 8059
f 8059 8259 8060
f 8259 8260 8060
f 8060 8260 8061
f 8260 8261 8061
f 8061 8261 8062
f 8261 8262 8062
f 8062 8262 8063
f 8262 8263 8063
f 8063 8263 8064
f 8263 8264 8064
f 8064 8264 8065
f 8264 8265 8065
f 8065 8265 8066
f 8265 8266 8066
f 8066 8266 8067
f 8266 8267 8067
f 8067 8267 8068
f 8267 8268 8068
f 8068 8268 8069
f 8268 8269 8069
f 8069 8269 8070
f 8269 8270 8070
f 8070 8270 8071
f 8270 8271 8071
f 8071 8271 8072
f 8271 8272 8072
f 8072 8272 8073
f 8272 8273 8073
f 8073 8273 8074
f 8273 8274 8074
f 8074 8274 8075
f 8274 8275 8075
f 8075 8275 8076
f 8275 8276 8076
f 8076 8276 8077
f 8276 8277 8077
f 8077 8277 8078
f 8277 8278 8078
f 8078 8278 8079
f 8278 8279 8079
f 8079 8279 8080
f 8279 8280 8080
f 8080 8280 8081
f 8280 8281 8081
f 8081 8281 8082
f 8281 8282 8082
f 8082 8282 8083
f 8282 8283 8083
f 8083 8283 8084
f 8283 8284 8084
f 8084 8284 8085
f 8284 8285 8085
f 8085 8285 8086
f 8285 8286 8086
f 8086 8286 8087
f 8286 8287 8087
f 8087 8287 8088
f 8287 8288 8088
f 8088 8288 8089
f 8288 8289 8089
f 8089 8289 8090
f 8289 8290 8090
f 8090 8290 8091
f 8290 8291 8091
f 8091 8291 8092
f 8291 8292 8092
f 8092 8292 8093
f 8292 8293 8093
f 8093 8293 8094
f 8293 8294 8094
f 8094 8294 8095
f 8294 8295 8095
f 8095 8295 8096
f 8295 8296 8096
f 8096 8296 8097
f 8296 8297 8097
f 8097 8297 8098
f 8297 8298 8098
f 8098 8298 8099
f 8298 8299 8099
f 8099 8299 8100
f 8299 8300 8100
f 8100 8300 8101
f 8300 8301 8101
f 8101 8301 8102
f 8301 8302 8102
f 8102 8302 8303
f 8102 8303 8103
f 8103 8303 8304
f 8103 8304 8104
f 8104 8304 8305
f 8104 8305 8105
f 8105 8305 8306
f 8105 8306 8106
f 8106 8306 8307
f 8106 8307 8107
f 8107 8307 8308
f 8107 8308 8108
f 8108 8308 8309
f 8108 8309 8109
f 8109 8309 8310
f 8109 8310 8110
f 8110 8310 8311
f 8110 8311 8111
f 8111 8311 8312
f 8111 8312 8112
f 8112 8312 8313
f 8112 8313 8113
f 8113 8313 8314
f 8113 8314 8114
f 8114 8314 8315
f 8114 8315 8115
f 8115 8315 8316
f 8115 8316 8116
f 8116 8316 8317
f 8116 8317 8117
f 8117 8317 8318
f 8117 8318 8118
f 8118 8318 8319
f 8118 8319 8119
f 8119 8319 8320
f 8119 8320 8120
f 8120 8320 8321
f 8120 8321 8121
f 8121 8321 8322
f 8121 8322 8122
f 8122 8322 8323
f 8122 8323 8123
f 8123 8323 8324
f 8123 8324 8124
f 8124 8324 8325
f 8124 8325 8125
f 8125 8325 8326
f 8125 8326 8126
f 8126 8326 8327
f 8126 8327 8127
f 8127 8327 8328
f 8127 8328 8128
f 8128 8328 8329
f 8128 8329 8129
f 8129 8329 8330
f 8129 8330 8130
f 8130 8330 8331
f 8130 8331 8131
f 8131 8331 8332
f 8131 8332 8132
f 8132 8332 8333
f 8132 8333 8133
f 8133 8333 8334
f 8133 8334 8134
f 8134 8334 8335
f 8134 8335 8135
f 8135 8335 8336
f 8135 8336 8136
f 8136 8336 8337
f 8136 8337 8137
f 8137 8337 8338
f 8137 8338 8138
f 8138 8338 8339
f 8138 8339 8139
f 8139 8339 8340
f 8139 8340 8140
f 8140 8340 8341
f 8140 8341 8141
f 8141 8341 8342
f 8141 8342 8142
f 8142 8342 8343
f 8142 8343 8143
f 8143 8343 8344
f 8143 8344 8144
f 8144 8344 8345
f 8144 8345 8145
f 8145 8345 8346
f 8145 8346 8146
f 8146 8346 8347
f 8146 8347 8147
f 8147 8347 8348
f 8147 8348 8148
f 8148 8348 8349
f 8148 8349 8149
f 8149 8349 8350
f 8149 8350 8150
f 8150 8350 8351
f 8150 8351 8151
f 8151 8351 8352
f 8151 8352 8152
f 8152 8352 8153
f 8352 8353 8153
f 8153 8353 8154
f 8353 8354 8154
f 8154 8354 8155
f 8354 8355 8155
f 8155 8355 8156
f 8355 8356 8156
f 8156 8356 8157
f 8356 8357 8157
f 8157 8357 8158
f 8357 8358 8158
f 8158 8358 8159
f 8358 8359 8159
f 8159 8359 8160
f 8359 8360 8160
f 8160 8360 8161
f 8360 8361 8161
f 8161 8361 8162
f 8361 8362 8162
f 8162 8362 8163
f 8362 8363 8163
f 8163 8363 8164
f 8363 8364 8164
f 8164 8364 8165
f 8364 8365 8165
f 8165 8365 8166
f 8365 8366 8166
f 8166 8366 8167
f 8366 8367 8167
f 8167 8367 8168
f 8367 8368 8168
f 8168 8368 8169
f 8368 8369 8169
f 8169 8369 8170
f 8369 8370 8170
f 8170 8370 8171
f 8370 8371 8171
f 8171 8371 8172
f 8371 8372 8172
f 8172 8372 8173
f 8372 8373 8173
f 8173 8373 8174
f 8373 8374 8174
f 8174 8374 8175
f 8374 8375 8175
f 8175 8375 8176
f 8375 8376 8176
f 8176 8376 8177
f 8376 8377 8177
f 8177 8377 8178
f 8377 8378 8178
f 8178 8378 8179
f 8378 8379 8179
f 8179 8379 8180
f 8379 8380 8180
f 8180 8380 8181
f 8380 8381 8181
f 8181 8381 8182
f 8381 8382 8182
f 8182 8382 8183
f 8382 8383 8183
f 8183 8383 8184
f 8383 8384 8184
f 8184 8384 8185
f 8384 8385 8185
f 8185 8385 8186
f 8385 8386 8186
f 8186 8386 8187
f 8386 8387 8187
f 8187 8387 8188
f 8387 8388 8188
f 8188 8388 8189
f 8388 8389 8189
f 8189 8389 8190
f 8389 8390 8190
f 8190 8390 8191
f 8390 8391 8191
f 8191 8391 8192
f 8391 8392 8192
f 8192 8392 8193
f 8392 8393 8193
f 8193 8393 8194
f 8393 8394 8194
f 8194 8394 8195
f 8394 8395 8195
f 8195 8395 8196
f 8395 8396 8196
f 8196 8396 8197
f 8396 8397 8197
f 8197 8397 8198
f 8397 8398 8198
f 8198 8398 8199
f 8398 8399 8199
f 8199 8399 8200
f 8399 8400 8200
f 8200 8400 8201
f 8400 8401 8201
f 8201 8401 8002
f 8401 8202 8002
f 8202 8402 8403
f 8202 8403 8203
f 8203 8403 8404
f 8203 8404 8204
f 8204 8404 8405
f 8204 8405 8205
f 8205 8405 8406
f 8205 8406 8206
f 8206 8406 8407
f 8206 8407 8207
f 8207 8407 8408
f 8207 8408 8208
f 8208 8408 8409
f 8208 8409 8209
f 8209 8409 8410
f 8209 8410 8210
f 8210 8410 8411
f 8210 8411 8211
f 8211 8411 8412
f 8211 8412 8212
f 8212 8412 8413
f 8212 8413 8213
f 8213 8413 8414
f 8213 8414 8214
f 8214 8414 8415
f 8214 8415 8215
f 8215 8415 8416
f 8215 8416 8216
f 8216 8416 8417
f 8216 8417 8217
f 8217 8417 8418
f 8217 8418 8218
f 8218 8418 8419
f 8218 8419 8219
f 8219 8419 8420
f 8219 8420 8220
f 8220 8420 8421
f 8220 8421 8221
f 8221 8421 8422
f 8221 8422 8222
f 8222 8422 8423
f 8222 8423 8223
f 8223 8423 8424
f 8223 8424 8224
f 8224 8424 8425
f 8224 8425 8225
f 8225 8425 8426
f 8225 8426 8226
f 8226 8426 8427
f 8226 8427 8227
f 8227 8427 8428
f 8227 8428 8228
f 8228 8428 8429
f 8228 8429 8229
f 8229 8429 8430
f 8229 8430 8230
f 8230 8430 8431
f 8230 8431 8231
f 8231 8431 8432
f 8231 8432 8232
f 8232 8432 8433
f 8232 8433 8233
f 8233 8433 8434
f 8233 8434 8234
f 8234 8434 8435
f 8234 8435 8235
f 8235 8435 8436
f 8235 8436 8236
f 8236 8436 8437
f 8236 8437 8237
f 8237 8437 8438
f 8237 8438 8238
f 8238 8438 8439
f 8238 8439 8239
f 8239 8439 8440
f 8239 8440 8240
f 8240 8440 8441
f 8240 8441 8241
f 8241 8441 8442
f 8241 8442 8242
f 8242 8442 8443
f 8242 8443 8243
f 8243 8443 8444
f 8243 8444 8244
f 8244 8444 8445
f 8244 8445 8245
f 8245 8445 8446
f 8245 8446 8246
f 8246 8446 8447
f 8246 8447 8247
f 8247 8447 8448
f 8247 8448 8248
f 8248 8448 8449
f 8248 8449 8249
f 8249 8449 8450
f 8249 8450 8250
f 8250 8450 8451
f 8250 8451 8251
f 8251 8451 8452
f 8251 8452 8252
f 8252 8452 8253
f 8452 8453 8253
f 8253 8453 8254
f 8453 8454 8254
f 8254 8454 8255
f 8454 8455 8255
f 8255 8455 8256
f 8455 8456 8256
f 8256 8456 8257
f 8456 8457 8257
f 8257 8457 8258
f 8457 8458 8258
f 8258 8458 8259
f 8458 8459 8259
f 8259 8459 8260
f 8459 8460 8260
f 8260 8460 8261
f 8460 8461 8261
f 8261 8461 8262
f 8461 8462 8262
f 8262 8462 8263
f 8462 8463 8263
f 8263 8463 8264
f 8463 8464 8264
f 8264 8464 8265
f 8464 8465 8265
f 8265 8465 8266
f 8465 8466 8266
f 8266 8466 8267
f 8466 8467 8267
f 8267 8467 8268
f 8467 8468 8268
f 8268 8468 8269
f 8468 8469 8269
f 8269 8469 8270
f 8469 8470 8270
f 8270 8470 8271
f 8470 8471 8271
f 8271 8471 8272
f 8471 8472 8272
f 8272 8472 8273
f 8472 8473 8273
f 8273 8473 8274
f 8473 8474 8274
f 8274 8474 8275
f 8474 8475 8275
f 8275 8475 8276
f 8475 8476 8276
f 8276 8476 8277
f 8476 8477 8277
f 8277 8477 8278
f 8477 8478 8278
f 8278 8478 8279
f 8478 8479 8279
f 8279 8479 8280
f 8479 8480 8280
f 8280 8480 8281
f 8480 8481 8281
f 8281 8481 8282
f 8481 8482 8282
f 8282 8482 8283
f 8482 8483 8283
f 8283 8483 8284
f 8483 8484 8284
f 8284 8484 8285
f 8484 8485 8285
f 8285 8485 8286
f 8485 8486 8286
f 8286 8486 8287
f 8486 8487 8287
f 8287 8487 8288
f 8487 8488 8288
f 8288 8488 8289
f 8488 8489 8289
f 8289 8489 8290
f 8489 8490 8290
f 8290 8490 8291
f 8490 8491 8291
f 8291 8491 8292
f 8491 8492 8292
f 8292 8492 8293
f 8492 8493 8293
f 8293 8493 8294
f 8493 8494 8294
f 8294 8494 8295
f 8494 8495 8295
f 8295 8495 8296
f 8495 8496 8296
f 8296 8496 8297
f 8496 8497 8297
f 8297 8497 8298
f 8497 8498 8298
f 8298 8498 8299
f 8498 8499 8299
f 8299 8499 8300
f 8499 8500 8300
f 8300 8500 8301
f 8500 8501 8301
f 8301 8501 8302
f 8501 8502 8302
f 8302 8502 8503
f 8302 8503 8303
f 8303 8503 8504
f 8303 8504 8304
f 8304 8504 8505
f 8304 8505 8305
f 8305 8505 8506
f 8305 8506 8306
f 8306 8506 8507
f 8306 8507 8307
f 8307 8507 8508
f 8307 8508 8308
f 8308 8508 8509
f 8308 8509 8309
f 8309 8509 8510
f 8309 8510 8310
f 8310 8510 8511
f 8310 8511 8311
f 8311 8511 8512
f 8311 8512 8312
f 8312 8512 8513
f 8312 8513 8313
f 8313 8513 8514
f 8313 8514 8314
f 8314 8514 8515
f 8314 8515 8315
f 8315 8515 8516
f 8315 8516 8316
f 8316 8516 8517
f 8316 8517 8317
f 8317 8517 8518
f 8317 8518 8318
f 8318 8518 8519
f 8318 8519 8319
f 8319 8519 8520
f 8319 8520 8320
f 8320 8520 8521
f 8320 8521 8321
f 8321 8521 8522
f 8321 8522 8322
f 8322 8522 8523
f 8322 8523 8323
f 8323 8523 8524
f 8323 8524 8324
f 8324 8524 8525
f 8324 8525 8325
f 8325 8525 8526
f 8325 8526 8326
f 8326 8526 8527
f 8326 8527 8327
f 8327 8527 8528
f 8327 8528 8328
f 8328 8528 8529
f 8328 8529 8329
f 8329 8529 8530
f 8329 8530 8330
f 8330 8530 8531
f 8330 8531 8331
f 8331 8531 8532
f 8331 8532 8332
f 8332 8532 8533
f 8332 8533 8333
f 8333 8533 8534
f 8333 8534 8334
f 8334 8534 8535
f 8334 8535 8335
f 8335 8535 8536
f 8335 8536 8336
f 8336 8536 8537
f 8336 8537 8337
f 8337 8537 8538
f 8337 8538 8338
f 8338 8538 8539
f 8338 8539 8339
f 8339 8539 8540
f 8339 8540 8340
f 8340 8540 8541
f 8340 8541 8341
f 8341 8541 8542
f 8341 8542 8342
f 8342 8542 8543
f 8342 8543 8343
f 8343 8543 8544
f 8343 8544 8344
f 8344 8544 8545
f 8344 8545 8345
f 8345 8545 8546
f 8345 8546 8346
f 8346 8546 8547
f 8346 8547 8347
f 8347 8547 8548
f 8347 8548 8348
f 8348 8548 8549
f 8348 8549 8349
f 8349 8549 8550
f 8349 8550 8350
f 8350 8550 8551
f 8350 8551 8351
f 8351 8551 8552
f 8351 8552 8352
f 8352 8552 8353
f 8552 8553 8353
f 8353 8553 8354
f 8553 8554 8354
f 8354 8554 8355
f 8554 8555 8355
f 8355 8555 8356
f 8555 8556 8356
f 8356 8556 8357
f 8556 8557 8357
f 8357 8557 8358
f 8557 8558 8358
f 8358 8558 8359
f 8558 8559 8359
f 8359 8559 8360
f 8559 8560 8360
f 8360 8560 8361
f 8560 8561 8361
f 8361 8561 8362
f 8561 8562 8362
f 8362 8562 8363
f 8562 8563 8363
f 8363 8563 8364
f 8563 8564 8364
f 8364 8564 8365
f 8564 8565 8365
f 8365 8565 8366
f 8565 8566 8366
f 8366 8566 8367
f 8566 8567 8367
f 8367 8567 8368
f 8567 8568 8368
f 8368 8568 8369
f 8568 8569 8369
f 8369 8569 8370
f 8569 8570 8370
f 8370 8570 8371
f 8570 8571 8371
f 8371 8571 8372
f 8571 8572 8372
f 8372 8572 8373
f 8572 8573 8373
f 8373 8573 8374
f 8573 8574 8374
f 8374 8574 8375
f 8574 8575 8375
f 8375 8575 8376
f 8575 8576 8376
f 8376 8576 8377
f 8576 8577 8377
f 8377 8577 8378
f 8577 8578 8378
f 8378 8578 8379
f 8578 8579 8379
f 8379 8579 8380
f 8579 8580 8380
f 8380 8580 8381
f 8580 8581 8381
f 8381 8581 8382
f 8581 8582 8382
f 8382 8582 8383
f 8582 8583 8383
f 8383 8583 8384
f 8583 8584 8384
f 8384 8584 8385
f 8584 8585 8385
f 8385 8585 8386
f 8585 8586 8386
f 8386 8586 8387
f 8586 8587 8387
f 8387 8587 8388
f 8587 8588 8388
f 8388 8588 8389
f 8588 8589 8389
f 8389 8589 8390
f 8589 8590 8390
f 8390 8590 8391
f 8590 8591 8391
f 8391 8591 8392
f 8591 8592 8392
f 8392 8592 8393
f 8592 8593 8393
f 8393 8593 8394
f 8593 8594 8394
f 8394 8594 8395
f 8594 8595 8395
f 8395 8595 8396
f 8595 8596 8396
f 8396 8596 8397
f 8596 8597 8397
f 8397 8597 8398
f 8597 8598 8398
f 8398 8598 8399
f 8598 8599 8399
f 8399 8599 8400
f 8599 8600 8400
f 8400 8600 8401
f 8600 8601 8401
f 8401 8601 8202
f 8601 8402 8202
f 8402 8602 8603
f 8402 8603 8403
f 8403 8603 8604
f 8403 8604 8404
f 8404 8604 8605
f 8404 8605 8405
f 8405 8605 8606
f 8405 8606 8406
f 8406 8606 8607
f 8406 8607 8407
f 8407 8607 8608
f 8407 8608 8408
f 8408 8608 8609
f 8408 8609 8409
f 8409 8609 8610
f 8409 8610 8410
f 8410 8610 8611
f 8410 8611 8411
f 8411 8611 8612
f 8411 8612 8412
f 8412 8612 8613
f 8412 8613 8413
f 8413 8613 8614
f 8413 8614 8414
f 8414 8614 8615
f 8414 8615 8415
f 8415 8615 8616
f 8415 8616 8416
f 8416 8616 8617
f 8416 8617 8417
f 8417 8617 8618
f 8417 8618 8418
f 8418 8618 8619
f 8418 8619 8419
f 8419 8619 8620
f 8419 8620 8420
f 8420 8620 8621
f 8420 8621 8421
f 8421 8621 8622
f 8421 8622 8422
f 8422 8622 8623
f 8422 8623 8423
f 8423 8623 8624
f 8423 8624 8424
f 8424 8624 8625
f 8424 8625 8425
f 8425 8625 8626
f 8425 8626 8426
f 8426 8626 8627
f 8426 8627 8427
f 8427 8627 8628
f 8427 8628 8428
f 8428 8628 8629
f 8428 8629 8429
f 8429 8629 8630
f 8429 8630 8430
f 8430 8630 8631
f 8430 8631 8431
f 8431 8631 8632
f 8431 8632 8432
f 8432 8632 8633
f 8432 8633 8433
f 8433 8633 8634
f 8433 8634 8434
f 8434 8634 8635
f 8434 8635 8435
f 8435 8635 8636
f 8435 8636 8436
f 8436 8636 8637
f 8436 8637 8437
f 8437 8637 8638
f 8437 8638 8438
f 8438 8638 8639
f 8438 8639 8439
f 8439 8639 8640
f 8439 8640 8440
f 8440 8640 8641
f 8440 8641 8441
f 8441 8641 8642
f 8441 8642 8442
f 8442 8642 8643
f 8442 8643 8443
f 8443 8643 8644
f 8443 8644 8444
f 8444 8644 8645
f 8444 8645 8445
f 8445 8645 8646
f 8445 8646 8446
f 8446 8646 8647
f 8446 8647 8447
f 8447 8647 8648
f 8447 8648 8448
f 8448 8648 8649
f 8448 8649 8449
f 8449 8649 8650
f 8449 8650 8450
f 8450 8650 8651
f 8450 8651 8451
f 8451 8651 8652
f 8451 8652 8452
f 8452 8652 8453
f 8652 8653 8453
f 8453 8653 8454
f 8653 8654 8454
f 8454 8654 8455
f 8654 8655 8455
f 8455 8655 8456
f 8655 8656 8456
f 8456 8656 8457
f 8656 8657 8457
f 8457 8657 8458
f 8657 8658 8458
f 8458 8658 8459
f 8658 8659 8459
f 8459 8659 8460
f 8659 8660 8460
f 8460 8660 8461
f 8660 8661 8461
f 8461 8661 8462
f 8661 8662 8462
f 8462 8662 8463
f 8662 8663 8463
f 8463 8663 8464
f 8663 8664 8464
f 8464 8664 8465
f 8664 8665 8465
f 8465 8665 8466
f 8665 8666 8466
f 8466 8666 8467
f 8666 8667 8467
f 8467 8667 8468
f 8667 8668 8468
f 8468 8668 8469
f 8668 8669 8469
f 8469 8669 8470
f 8669 8670 8470
f 8470 8670 8471
f 8670 8671 8471
f 8471 8671 8472
f 8671 8672 8472
f 8472 8672 8473
f 8672 8673 8473
f 8473 8673 8474
f 8673 8674 8474
f 8474 8674 8475
f 8674 8675 8475
f 8475 8675 8476
f 8675 8676 8476
f 8476 8676 8477
f 8676 8677 8477
f 8477 8677 8478
f 8677 8678 8478
f 8478 8678 8479
f 8678 8679 8479
f 8479 8679 8480
f 8679 8680 8480
f 8480 8680 8481
f 8680 8681 8481
f 8481 8681 8482
f 8681 8682 8482
f 8482 8682 8483
f 8682 8683 8483
f 8483 8683 8484
f 8683 8684 8484
f 8484 8684 8485
f 8684 8685 8485
f 8485 8685 8486
f 8685 8686 8486
f 8486 8686 8487
f 8686 8687 8487
f 8487 8687 8488
f 8687 8688 8488
f 8488 8688 8489
f 8688 8689 8489
f 8489 8689 8490
f 8689 8690 8490
f 8490 8690 8491
f 8690 8691 8491
f 8491 8691 8492
f 8691 8692 8492
f 8492 8692 8493
f 8692 8693 8493
f 8493 8693 8494
f 8693 8694 8494
f 8494 8694 8495
f 8694 8695 8495
f 8495 8695 8496
f 8695 8696 8496
f 8496 8696 8497
f 8696 8697 8497
f 8497 8697 8498
f 8697 8698 8498
f 8498 8698 8499
f 8698 8699 8499
f 8499 8699 8500
f 8699 8700 8500
f 8500 8700 8501
f 8700 8701 8501
f 8501 8701 8502
f 8701 8702 8502
f 8502 8702 8703
f 8502 8703 8503
f 8503 8703 8704
f 8503 8704 8504
f 8504 8704 8705
f 8504 8705 8505
f 8505 8705 8706
f 8505 8706 8506
f 8506 8706 8707
f 8506 8707 8507
f 8507 8707 8708
f 8507 8708 8508
f 8508 8708 8709
f 8508 8709 8509
f 8509 8709 8710
f 8509 8710 8510
f 8510 8710 8711
f 8510 8711 8511
f 8511 8711 8712
f 8511 8712 8512
f 8512 8712 8713
f 8512 8713 8513
f 8513 8713 8714
f 8513 8714 8514
f 8514 8714 8715
f 8514 8715 8515
f 8515 8715 8716
f 8515 8716 8516
f 8516 8716 8717
f 8516 8717 8517
f 8517 8717 8718
f 8517 8718 8518
f 8518 8718 8719
f 8518 8719 8519
f 8519 8719 8720
f 8519 8720 8520
f 8520 8720 8721
f 8520 8721 8521
f 8521 8721 8722
f 8521 8722 8522
f 8522 8722 8723
f 8522 8723 8523
f 8523 8723 8724
f 8523 8724 8524
f 8524 8724 8725
f 8524 8725 8525
f 8525 8725 8726
f 8525 8726 8526
f 8526 8726 8727
f 8526 8727 8527
f 8527 8727 8728
f 8527 8728 8528
f 8528 8728 8729
f 8528 8729 8529
f 8529 8729 8730
f 8529 8730 8530
f 8530 8730 8731
f 8530 8731 8531
f 8531 8731 8732
f 8531 8732 8532
f 8532 8732 8733
f 8532 8733 8533
f 8533 8733 8734
f 8533 8734 8534
f 8534 8734 8735
f 8534 8735 8535
f 8535 8735 8736
f 8535 8736 8536
f 8536 8736 8737
f 8536 8737 8537
f 8537 8737 8738
f 8537 8738 8538
f 8538 8738 8739
f 8538 8739 8539
f 8539 8739 8740
f 8539 8740 8540
f 8540 8740 8741
f 8540 8741 8541
f 8541 8741 8742
f 8541 8742 8542
f 8542 8742 8743
f 8542 8743 8543
f 8543 8743 8744
f 8543 8744 8544
f 8544 8744 8745
f 8544 8745 8545
f 8545 8745 8746
f 8545 8746 8546
f 8546 8746 8747
f 8546 8747 8547
f 8547 8747 8748
f 8547 8748 8548
f 8548 8748 8749
f 8548 8749 8549
f 8549 8749 8750
f 8549 8750 8550
f 8550 8750 8751
f 8550 8751 8551
f 8551 8751 8752
f 8551 8752 8552
f 8552 8752 8553
f 8752 8753 8553
f 8553 8753 8554
f 8753 8754 8554
f 8554 8754 8555
f 8754 8755 8555
f 8555 8755 8556
f 8755 8756 8556
f 8556 8756 8557
f 8756 8757 8557
f 8557 8757 8558
f 8757 8758 8558
f 8558 8758 8559
f 8758 8759 8559
f 8559 8759 8560
f 8759 8760 8560
f 8560 8760 8561
f 8760 8761 8561
f 8561 8761 8562
f 8761 8762 8562
f 8562 8762 8563
f 8762 8763 8563
f 8563 8763 8564
f 8763 8764 8564
f 8564 8764 8565
f 8764 8765 8565
f 8565 8765 8566
f 8765 8766 8566
f 8566 8766 8567
f 8766 8767 8567
f 8567 8767 8568
f 8767 8768 8568
f 8568 8768 8569
f 8768 8769 8569
f 8569 8769 8570
f 8769 8770 8570
f 8570 8770 8571
f 8770 8771 8571
f 8571 8771 8572
f 8771 8772 8572
f 8572 8772 8573
f 8772 8773 8573
f 8573 8773 8574
f 8773 8774 8574
f 8574 8774 8575
f 8774 8775 8575
f 8575 8775 8576
f 8775 8776 8576
f 8576 8776 8577
f 8776 8777 8577
f 8577 8777 8578
f 8777 8778 8578
f 8578 8778 8579
f 8778 8779 8579
f 8579 8779 8580
f 8779 8780 8580
f 8580 8780 8581
f 8780 8781 8581
f 8581 8781 8582
f 8781 8782 8582
f 8582 8782 8583
f 8782 8783 8583
f 8583 8783 8584
f 8783 8784 8584
f 8584 8784 8585
f 8784 8785 8585
f 8585 8785 8586
f 8785 8786 8586
f 8586 8786 8587
f 8786 8787 8587
f 8587 8787 8588
f 8787 8788 8588
f 8588 8788 8589
f 8788 8789 8589
f 8589 8789 8590
f 8789 8790 8590
f 8590 8790 8591
f 8790 8791 8591
f 8591 8791 8592
f 8791 8792 8592
f 8592 8792 8593
f 8792 8793 8593
f 8593 8793 8594
f 8793 8794 8594
f 8594 8794 8595
f 8794 8795 8595
f 8595 8795 8596
f 8795 8796 8596
f 8596 8796 8597
f 8796 8797 8597
f 8597 8797 8598
f 8797 8798 8598
f 8598 8798 8599
f 8798 8799 8599
f 8599 8799 8600
f 8799 8800 8600
f 8600 8800 8601
f 8800 8801 8601
f 8601 8801 8402
f 8801 8602 8402
f 8602 8802 8803
f 8602 8803 8603
f 8603 8803 8804
f 8603 8804 8604
f 8604 8804 8805
f 8604 8805 8605
f 8605 8805 8806
f 8605 8806 8606
f 8606 8806 8807
f 8606 8807 8607
f 8607 8807 8808
f 8607 8808 8608
f 8608 8808 8809
f 8608 8809 8609
f 8609 8809 8810
f 8609 8810 8610
f 8610 8810 8811
f 8610 8811 8611
f 8611 8811 8812
f 8611 8812 8612
f 8612 8812 8813
f 8612 8813 8613
f 8613 8813 8814
f 8613 8814 8614
f 8614 8814 8815
f 8614 8815 8615
f 8615 8815 8816
f 8615 8816 8616
f 8616 8816 8817
f 8616 8817 8617
f 8617 8817 8818
f 8617 8818 8618
f 8618 8818 8819
f 8618 8819 8619
f 8619 8819 8820
f 8619 8820 8620
f 8620 8820 8821
f 8620 8821 8621
f 8621 8821 8822
f 8621 8822 8622
f 8622 8822 8823
f 8622 8823 8623
f 8623 8823 8824
f 8623 8824 8624
f 8624 8824 8825
f 8624 8825 8625
f 8625 8825 8826
f 8625 8826 8626
f 8626 8826 8827
f 8626 8827 8627
f 8627 8827 8828
f 8627 8828 8628
f 8628 8828 8829
f 8628 8829 8629
f 8629 8829 8830
f 8629 8830 8630
f 8630 8830 8831
f 8630 8831 8631
f 8631 8831 8832
f 8631 8832 8632
f 8632 8832 8833
f 8632 8833 8633
f 8633 8833 8834
f 8633 8834 8634
f 8634 8834 8835
f 8634 8835 8635
f 8635 8835 8836
f 8635 8836 8636
f 8636 8836 8837
f 8636 8837 8637
f 8637 8837 8838
f 8637 8838 8638
f 8638 8838 8839
f 8638 8839 8639
f 8639 8839 8840
f 8639 8840 8640
f 8640 8840 8841
f 8640 8841 8641
f 8641 8841 8842
f 8641 8842 8642
f 8642 8842 8843
f 8642 8843 8643
f 8643 8843 8844
f 8643 8844 8644
f 8644 8844 8845
f 8644 8845 8645
f 8645 8845 8846
f 8645 8846 8646
f 8646 8846 8847
f 8646 8847 8647
f 8647 8847 8848
f 8647 8848 8648
f 8648 8848 8849
f 8648 8849 8649
f 8649 8849 8850
f 8649 8850 8650
f 8650 8850 8851
f 8650 8851 8651
f 8651 8851 8852
f 8651 8852 8652
f 8652 8852 8653
f 8852 8853 8653
f 8653 8853 8654
f 8853 8854 8654
f 8654 8854 8655
f 8854 8855 8655
f 8655 8855 8656
f 8855 8856 8656
f 8656 8856 8657
f 8856 8857 8657
f 8657 8857 8658
f 8857 8858 8658
f 8658 8858 8659
f 8858 8859 8659
f 8659 8859 8660
f 8859 8860 8660
f 8660 8860 8661
f 8860 8861 8661
f 8661 8861 8662
f 8861 8862 8662
f 8662 8862 8663
f 8862 8863 8663
f 8663 8863 8664
f 8863 8864 8664
f 8664 8864 8665
f 8864 8865 8665
f 8665 8865 8666
f 8865 8866 8666
f 8666 8866 8667
f 8866 8867 8667
f 8667 8867 8668
f 8867 8868 8668
f 8668 8868 8669
f 8868 8869 8669
f 8669 8869 8670
f 8869 8870 8670
f 8670 8870 8671
f 8870 8871 8671
f 8671 8871 8672
f 8871 8872 8672
f 8672 8872 8673
f 8872 8873 8673
f 8673 8873 8674
f 8873 8874 8674
f 8674 8874 8675
f 8874 8875 8675
f 8675 8875 8676
f 8875 8876 8676
f 8676 8876 8677
f 8876 8877 8677
f 8677 8877 8678
f 8877 8878 8678
f 8678 8878 8679
f 8878 8879 8679
f 8679 8879 8680
f 8879 8880 8680
f 8680 8880 8681
f 8880 8881 8681
f 8681 8881 8682
f 8881 8882 8682
f 8682 8882 8683
f 8882 8883 8683
f 8683 8883 8684
f 8883 8884 8684
f 8684 8884 8685
f 8884 8885 8685
f 8685 8885 8686
f 8885 8886 8686
f 8686 8886 8687
f 8886 8887 8687
f 8687 8887 8688
f 8887 8888 8688
f 8688 8888 8689
f 8888 8889 8689
f 8689 8889 8690
f 8889 8890 8690
f 8690 8890 8691
f 8890 8891 8691
f 8691 8891 8692
f 8891 8892 8692
f 8692 8892 8693
f 8892 8893 8693
f 8693 8893 8694
f 8893 8894 8694
f 8694 8894 8695
f 8894 8895 8695
f 8695 8895 8696
f 8895 8896 8696
f 8696 8896 8697
f 8896 8897 8697
f 8697 8897 8698
f 8897 8898 8698
f 8698 8898 8699
f 8898 8899 8699
f 8699 8899 8700
f 8899 8900 8700
f 8700 8900 8701
f 8900 8901 8701
f 8701 8901 8702
f 8901 8902 8702
f 8702 8902 8903
f 8702 8903 8703
f 8703 8903 8904
f 8703 8904 8704
f 8704 8904 8905
f 8704 8905 8705
f 8705 8905 8906
f 8705 8906 8706
f 8706 8906 8907
f 8706 8907 8707
f 8707 8907 8908
f 8707 8908 8708
f 8708 8908 8909
f 8708 8909 8709
f 8709 8909 8910
f 8709 8910 8710
f 8710 8910 8911
f 8710 8911 8711
f 8711 8911 8912
f 8711 8912 8712
f 8712 8912 8913
f 8712 8913 8713
f 8713 8913 8914
f 8713 8914 8714
f 8714 8914 8915
f 8714 8915 8715
f 8715 8915 8916
f 8715 8916 8716
f 8716 8916 8917
f 8716 8917 8717
f 8717 8917 8918
f 8717 8918 8718
f 8718 8918 8919
f 8718 8919 8719
f 8719 8919 8920
f 8719 8920 8720
f 8720 8920 8921
f 8720 8921 8721
f 8721 8921 8922
f 8721 8922 8722
f 8722 8922 8923
f 8722 8923 8723
f 8723 8923 8924
f 8723 8924 8724
f 8724 8924 8925
f 8724 8925 8725
f 8725 8925 8926
f 8725 8926 8726
f 8726 8926 8927
f 8726 8927 8727
f 8727 8927 8928
f 8727 8928 8728
f 8728 8928 8929
f 8728 8929 8729
f 8729 8929 8930
f 8729 8930 8730
f 8730 8930 8931
f 8730 8931 8731
f 8731 8931 8932
f 8731 8932 8732
f 8732 8932 8933
f 8732 8933 8733
f 8733 8933 8934
f 8733 8934 8734
f 8734 8934 8935
f 8734 8935 8735
f 8735 8935 8936
f 8735 8936 8736
f 8736 8936 8937
f 8736 8937 8737
f 8737 8937 8938
f 8737 8938 8738
f 8738 8938 8939
f 8738 8939 8739
f 8739 8939 8940
f 8739 8940 8740
f 8740 8940 8941
f 8740 8941 8741
f 8741 8941 8942
f 8741 8942 8742
f 8742 8942 8943
f 8742 8943 8743
f 8743 8943 8944
f 8743 8944 8744
f 8744 8944 8945
f 8744 8945 8745
f 8745 8945 8946
f 8745 8946 8746
f 8746 8946 8947
f 8746 8947 8747
f 8747 8947 8948
f 8747 8948 8748
f 8748 8948 8949
f 8748 8949 8749
f 8749 8949 8950
f 8749 8950 8750
f 8750 8950 8951
f 8750 8951 8751
f 8751 8951 8952
f 8751 8952 8752
f 8752 8952 8753
f 8952 8953 8753
f 8753 8953 8754
f 8953 8954 8754
f 8754 8954 8755
f 8954 8955 8755
f 8755 8955 8756
f 8955 8956 8756
f 8756 8956 8757
f 8956 8957 8757
f 8757 8957 8758
f 8957 8958 8758
f 8758 8958 8759
f 8958 8959 8759
f 8759 8959 8760
f 8959 8960 8760
f 8760 8960 8761
f 8960 8961 8761
f 8761 8961 8762
f 8961 8962 8762
f 8762 8962 8763
f 8962 8963 8763
f 8763 8963 8764
f 8963 8964 8764
f 8764 8964 8765
f 8964 8965 8765
f 8765 8965 8766
f 8965 8966 8766
f 8766 8966 8767
f 8966 8967 8767
f 8767 8967 8768
f 8967 8968 8768
f 8768 8968 8769
f 8968 8969 8769
f 8769 8969 8770
f 8969 8970 8770
f 8770 8970 8771
f 8970 8971 8771
f 8771 8971 8772
f 8971 8972 8772
f 8772 8972 8773
f 8972 8973 8773
f 8773 8973 8774
f 8973 8974 8774
f 8774 8974 8775
f 8974 8975 8775
f 8775 8975 8776
f 8975 8976 8776
f 8776 8976 8777
f 8976 8977 8777
f 8777 8977 8778
f 8977 8978 8778
f 8778 8978 8779
f 8978 8979 8779
f 8779 8979 8780
f 8979 8980 8780
f 8780 8980 8781
f 8980 8981 8781
f 8781 8981 8782
f 8981 8982 8782
f 8782 8982 8783
f 8982 8983 8783
f 8783 8983 8784
f 8983 8984 8784
f 8784 8984 8785
f 8984 8985 8785
f 8785 8985 8786
f 8985 8986 8786
f 8786 8986 8787
f 8986 8987 8787
f 8787 8987 8788
f 8987 8988 8788
f 8788 8988 8789
f 8988 8989 8789
f 8789 8989 8790
f 8989 8990 8790
f 8790 8990 8791
f 8990 8991 8791
f 8791 8991 8792
f 8991 8992 8792
f 8792 8992 8793
f 8992 8993 8793
f 8793 8993 8794
f 8993 8994 8794
f 8794 8994 8795
f 8994 8995 8795
f 8795 8995 8796
f 8995 8996 8796
f 8796 8996 8797
f 8996 8997 8797
f 8797 8997 8798
f 8997 8998 8798
f 8798 8998 8799
f 8998 8999 8799
f 8799 8999 8800
f 8999 9000 8800
f 8800 9000 8801
f 9000 9001 8801
f 8801 9001 8602
f 9001 8802 8602
f 8802 9002 9003
f 8802 9003 8803
f 8803 9003 9004
f 8803 9004 8804
f 8804 9004 9005
f 8804 9005 8805
f 8805 9005 9006
f 8805 9006 8806
f 8806 9006 9007
f 8806 9007 8807
f 8807 9007 9008
f 8807 9008 8808
f 8808 9008 9009
f 8808 9009 8809
f 8809 9009 9010
f 8809 9010 8810
f 8810 9010 9011
f 8810 9011 8811
f 8811 9011 9012
f 8811 9012 8812
f 8812 9012 9013
f 8812 9013 8813
f 8813 9013 9014
f 8813 9014 8814
f 8814 9014 9015
f 8814 9015 8815
f 8815 9015 9016
f 8815 9016 8816
f 8816 9016 9017
f 8816 9017 8817
f 8817 9017 9018
f 8817 9018 8818
f 8818 9018 9019
f 8818 9019 8819
f 8819 9019 9020
f 8819 9020 8820
f 8820 9020 9021
f 8820 9021 8821
f 8821 9021 9022
f 8821 9022 8822
f 8822 9022 9023
f 8822 9023 8823
f 8823 9023 9024
f 8823 9024 8824
f 8824 9024 9025
f 8824 9025 8825
f 8825 9025 9026
f 8825 9026 8826
f 8826 9026 9027
f 8826 9027 8827
f 8827 9027 9028
f 8827 9028 8828
f 8828 9028 9029
f 8828 9029 8829
f 8829 9029 9030
f 8829 9030 8830
f 8830 9030 9031
f 8830 9031 8831
f 8831 9031 9032
f 8831 9032 8832
f 8832 9032 9033
f 8832 9033 8833
f 8833 9033 9034
f 8833 9034 8834
f 8834 9034 9035
f 8834 9035 8835
f 8835 9035 9036
f 8835 9036 8836
f 8836 9036 9037
f 8836 9037 8837
f 8837 9037 9038
f 8837 9038 8838
f 8838 9038 9039
f 8838 9039 8839
f 8839 9039 9040
f 8839 9040 8840
f 8840 9040 9041
f 8840 9041 8841
f 8841 9041 9042
f 8841 9042 8842
f 8842 9042 9043
f 8842 9043 8843
f 8843 9043 9044
f 8843 9044 8844
f 8844 9044 9045
f 8844 9045 8845
f 8845 9045 9046
f 8845 9046 8846
f 8846 9046 9047
f 8846 9047 8847
f 8847 9047 9048
f 8847 9048 8848
f 8848 9048 9049
f 8848 9049 8849
f 8849 9049 9050
f 8849 9050 8850
f 8850 9050 9051
f 8850 9051 8851
f 8851 9051 9052
f 8851 9052 8852
f 8852 9052 8853
f 9052 9053 8853
f 8853 9053 8854
f 9053 9054 8854
f 8854 9054 8855
f 9054 9055 8855
f 8855 9055 8856
f 9055 9056 8856
f 8856 9056 8857
f 9056 9057 8857
f 8857 9057 8858
f 9057 9058 8858
f 8858 9058 8859
f 9058 9059 8859
f 8859 9059 8860
f 9059 9060 8860
f 8860 9060 8861
f 9060 9061 8861
f 8861 9061 8862
f 9061 9062 8862
f 8862 9062 8863
f 9062 9063 8863
f 8863 9063 8864
f 9063 9064 8864
f 8864 9064 8865
f 9064 9065 8865
f 8865 9065 8866
f 9065 9066 8866
f 8866 9066 8867
f 9066 9067 8867
f 8867 9067 8868
f 9067 9068 8868
f 8868 9068 8869
f 9068 9069 8869
f 8869 9069 8870
f 9069 9070 8870
f 8870 9070 8871
f 9070 9071 8871
f 8871 9071 8872
f 9071 9072 8872
f 8872 9072 8873
f 9072 9073 8873
f 8873 9073 8874
f 9073 9074 8874
f 8874 9074 8875
f 9074 9075 8875
f 8875 9075 8876
f 9075 9076 8876
f 8876 9076 8877
f 9076 9077 8877
f 8877 9077 8878
f 9077 9078 8878
f 8878 9078 8879
f 9078 9079 8879
f 8879 9079 8880
f 9079 9080 8880
f 8880 9080 8881
f 9080 9081 8881
f 8881 9081 8882
f 9081 9082 8882
f 8882 9082 8883
f 9082 9083 8883
f 8883 9083 8884
f 9083 9084 8884
f 8884 9084 8885
f 9084 9085 8885
f 8885 9085 8886
f 9085 9086 8886
f 8886 9086 8887
f 9086 9087 8887
f 8887 9087 8888
f 9087 9088 8888
f 8888 9088 8889
f 9088 9089 8889
f 8889 9089 8890
f 9089 9090 8890
f 8890 9090 8891
f 9090 9091 8891
f 8891 9091 8892
f 9091 9092 8892
f 8892 9092 8893
f 9092 9093 8893
f 8893 9093 8894
f 9093 9094 8894
f 8894 9094 8895
f 9094 9095 8895
f 8895 9095 8896
f 9095 9096 8896
f 8896 9096 8897
f 9096 9097 8897
f 8897 9097 8898
f 9097 9098 8898
f 8898 9098 8899
f 9098 9099 8899
f 8899 9099 8900
f 9099 9100 8900
f 8900 9100 8901
f 9100 9101 8901
f 8901 9101 8902
f 9101 9102 8902
f 8902 9102 9103
f 8902 9103 8903
f 8903 9103 9104
f 8903 9104 8904
f 8904 9104 9105
f 8904 9105 8905
f 8905 9105 9106
f 8905 9106 8906
f 8906 9106 9107
f 8906 9107 8907
f 8907 9107 9108
f 8907 9108 8908
f 8908 9108 9109
f 8908 9109 8909
f 8909 9109 9110
f 8909 9110 8910
f 8910 9110 9111
f 8910 9111 8911
f 8911 9111 9112
f 8911 9112 8912
f 8912 9112 9113
f 8912 9113 8913
f 8913 9113 9114
f 8913 9114 8914
f 8914 9114 9115
f 8914 9115 8915
f 8915 9115 9116
f 8915 9116 8916
f 8916 9116 9117
f 8916 9117 8917
f 8917 9117 9118
f 8917 9118 8918
f 8918 9118 9119
f 8918 9119 8919
f 8919 9119 9120
f 8919 9120 8920
f 8920 9120 9121
f 8920 9121 8921
f 8921 9121 9122
f 8921 9122 8922
f 8922 9122 9123
f 8922 9123 8923
f 8923 9123 9124
f 8923 9124 8924
f 8924 9124 9125
f 8924 9125 8925
f 8925 9125 9126
f 8925 9126 8926
f 8926 9126 9127
f 8926 9127 8927
f 8927 9127 9128
f 8927 9128 8928
f 8928 9128 9129
f 8928 9129 8929
f 8929 9129 9130
f 8929 9130 8930
f 8930 9130 9131
f 8930 9131 8931
f 8931 9131 9132
f 8931 9132 8932
f 8932 9132 9133
f 8932 9133 8933
f 8933 9133 9134
f 8933 9134 8934
f 8934 9134 9135
f 8934 9135 8935
f 8935 9135 9136
f 8935 9136 8936
f 8936 9136 9137
f 8936 9137 8937
f 8937 9137 9138
f 8937 9138 8938
f 8938 9138 9139
f 8938 9139 8939
f 8939 9139 9140
f 8939 9140 8940
f 8940 9140 9141
f 8940 9141 8941
f 8941 9141 9142
f 8941 9142 8942
f 8942 9142 9143
f 8942 9143 8943
f 8943 9143 9144
f 8943 9144 8944
f 8944 9144 9145
f 8944 9145 8945
f 8945 9145 9146
f 8945 9146 8946
f 8946 9146 9147
f 8946 9147 8947
f 8947 9147 9148
f 8947 9148 8948
f 8948 9148 9149
f 8948 9149 8949
f 8949 9149 9150
f 8949 9150 8950
f 8950 9150 9151
f 8950 9151 8951
f 8951 9151 9152
f 8951 9152 8952
f 8952 9152 8953
f 9152 9153 8953
f 8953 9153 8954
f 9153 9154 8954
f 8954 9154 8955
f 9154 9155 8955
f 8955 9155 8956
f 9155 9156 8956
f 8956 9156 8957
f 9156 9157 8957
f 8957 9157 8958
f 9157 9158 8958
f 8958 9158 8959
f 9158 9159 8959
f 8959 9159 8960
f 9159 9160 8960
f 8960 9160 8961
f 9160 9161 8961
f 8961 9161 8962
f 9161 9162 8962
f 8962 9162 8963
f 9162 9163 8963
f 8963 9163 8964
f 9163 9164 8964
f 8964 9164 8965
f 9164 9165 8965
f 8965 9165 8966
f 9165 9166 8966
f 8966 9166 8967
f 9166 9167 8967
f 8967 9167 8968
f 9167 9168 8968
f 8968 9168 8969
f 9168 9169 8969
f 8969 9169 8970
f 9169 9170 8970
f 8970 9170 8971
f 9170 9171 8971
f 8971 9171 8972
f 9171 9172 8972
f 8972 9172 8973
f 9172 9173 8973
f 8973 9173 8974
f 9173 9174 8974
f 8974 9174 8975
f 9174 9175 8975
f 8975 9175 8976
f 9175 9176 8976
f 8976 9176 8977
f 9176 9177 8977
f 8977 9177 8978
f 9177 9178 8978
f 8978 9178 8979
f 9178 9179 8979
f 8979 9179 8980
f 9179 9180 8980
f 8980 9180 8981
f 9180 9181 8981
f 8981 9181 8982
f 9181 9182 8982
f 8982 9182 8983
f 9182 9183 8983
f 8983 9183 8984
f 9183 9184 8984
f 8984 9184 8985
f 9184 9185 8985
f 8985 9185 8986
f 9185 9186 8986
f 8986 9186 8987
f 9186 9187 8987
f 8987 9187 8988
f 9187 9188 8988
f 8988 9188 8989
f 9188 9189 8989
f 8989 9189 8990
f 9189 9190 8990
f 8990 9190 8991
f 9190 9191 8991
f 8991 9191 8992
f 9191 9192 8992
f 8992 9192 8993
f 9192 9193 8993
f 8993 9193 8994
f 9193 9194 8994
f 8994 9194 8995
f 9194 9195 8995
f 8995 9195 8996
f 9195 9196 8996
f 8996 9196 8997
f 9196 9197 8997
f 8997 9197 8998
f 9197 9198 8998
f 8998 9198 8999
f 9198 9199 8999
f 8999 9199 9000
f 9199 9200 9000
f 9000 9200 9001
f 9200 9201 9001
f 9001 9201 8802
f 9201 9002 8802
f 9002 9202 9203
f 9002 9203 9003
f 9003 9203 9204
f 9003 9204 9004
f 9004 9204 9205
f 9004 9205 9005
f 9005 9205 9206
f 9005 9206 9006
f 9006 9206 9207
f 9006 9207 9007
f 9007 9207 9208
f 9007 9208 9008
f 9008 9208 9209
f 9008 9209 9009
f 9009 9209 9210
f 9009 9210 9010
f 9010 9210 9211
f 9010 9211 9011
f 9011 9211 9212
f 9011 9212 9012
f 9012 9212 9213
f 9012 9213 9013
f 9013 9213 9214
f 9013 9214 9014
f 9014 9214 9215
f 9014 9215 9015
f 9015 9215 9216
f 9015 9216 9016
f 9016 9216 9217
f 9016 9217 9017
f 9017 9217 9218
f 9017 9218 9018
f 9018 9218 9219
f 9018 9219 9019
f 9019 9219 9220
f 9019 9220 9020
f 9020 9220 9221
f 9020 9221 9021
f 9021 9221 9222
f 9021 9222 9022
f 9022 9222 9223
f 9022 9223 9023
f 9023 9223 9224
f 9023 9224 9024
f 9024 9224 9225
f 9024 9225 9025
f 9025 9225 9226
f 9025 9226 9026
f 9026 9226 9227
f 9026 9227 9027
f 9027 9227 9228
f 9027 9228 9028
f 9028 9228 9229
f 9028 9229 9029
f 9029 9229 9230
f 9029 9230 9030
f 9030 9230 9231
f 9030 9231 9031
f 9031 9231 9232
f 9031 9232 9032
f 9032 9232 9233
f 9032 9233 9033
f 9033 9233 9234
f 9033 9234 9034
f 9034 9234 9235
f 9034 9235 9035
f 9035 9235 9236
f 9035 9236 9036
f 9036 9236 9237
f 9036 9237 9037
f 9037 9237 9238
f 9037 9238 9038
f 9038 9238 9239
f 9038 9239 9039
f 9039 9239 9240
f 9039 9240 9040
f 9040 9240 9241
f 9040 9241 9041
f 9041 9241 9242
f 9041 9242 9042
f 9042 9242 9243
f 9042 9243 9043
f 9043 9243 9244
f 9043 9244 9044
f 9044 9244 9245
f 9044 9245 9045
f 9045 9245 9246
f 9045 9246 9046
f 9046 9246 9247
f 9046 9247 9047
f 9047 9247 9248
f 9047 9248 9048
f 9048 9248 9249
f 9048 9249 9049
f 9049 9249 9250
f 9049 9250 9050
f 9050 9250 9251
f 9050 9251 9051
f 9051 9251 9252
f 9051 9252 9052
f 9052 9252 9053
f 9252 9253 9053
f 9053 9253 9054
f 9253 9254 9054
f 9054 9254 9055
f 9254 9255 9055
f 9055 9255 9056
f 9255 9256 9056
f 9056 9256 9057
f 9256 9257 9057
f 9057 9257 9058
f 9257 9258 9058
f 9058 9258 9059
f 9258 9259 9059
f 9059 9259 9060
f 9259 9260 9060
f 9060 9260 9061
f 9260 9261 9061
f 9061 9261 9062
f 9261 9262 9062
f 9062 9262 9063
f 9262 9263 9063
f 9063 9263 9064
f 9263 9264 9064
f 9064 9264 9065
f 9264 9265 9065
f 9065 9265 9066
f 9265 9266 9066
f 9066 9266 9067
f 9266 9267 9067
f 9067 9267 9068
f 9267 9268 9068
f 9068 9268 9069
f 9268 9269 9069
f 9069 9269 9070
f 9269 9270 9070
f 9070 9270 9071
f 9270 9271 9071
f 9071 9271 9072
f 9271 9272 9072
f 9072 9272 9073
f 9272 9273 9073
f 9073 9273 9074
f 9273 9274 9074
f 9074 9274 9075
f 9274 9275 9075
f 9075 9275 9076
f 9275 9276 9076
f 9076 9276 9077
f 9276 9277 9077
f 9077 9277 9078
f 9277 9278 9078
f 9078 9278 9079
f 9278 9279 9079
f 9079 9279 9080
f 9279 9280 9080
f 9080 9280 9081
f 9280 9281 9081
f 9081 9281 9082
f 9281 9282 9082
f 9082 9282 9083
f 9282 9283 9083
f 9083 9283 9084
f 9283 9284 9084
f 9084 9284 9085
f 9284 9285 9085
f 9085 9285 9086
f 9285 9286 9086
f 9086 9286 9087
f 9286 9287 9087
f 9087 9287 9088
f 9287 9288 9088
f 9088 9288 9089
f 9288 9289 9089
f 9089 9289 9090
f 9289 9290 9090
f 9090 9290 9091
f 9290 9291 9091
f 9091 9291 9092
f 9291 9292 9092
f 9092 9292 9093
f 9292 9293 9093
f 9093 9293 9094
f 9293 9294 9094
f 9094 9294 9095
f 9294 9295 9095
f 9095 9295 9096
f 9295 9296 9096
f 9096 9296 9097
f 9296 9297 9097
f 9097 9297 9098
f 9297 9298 9098
f 9098 9298 9099
f 9298 9299 9099
f 9099 9299 9100
f 9299 9300 9100
f 9100 9300 9101
f 9300 9301 9101
f 9101 9301 9102
f 9301 9302 9102
f 9102 9302 9303
f 9102 9303 9103
f 9103 9303 9304
f 9103 9304 9104
f 9104 9304 9305
f 9104 9305 9105
f 9105 9305 9306
f 9105 9306 9106
f 9106 9306 9307
f 9106 9307 9107
f 9107 9307 9308
f 9107 9308 9108
f 9108 9308 9309
f 9108 9309 9109
f 9109 9309 9310
f 9109 9310 9110
f 9110 9310 9311
f 9110 9311 9111
f 9111 9311 9312
f 9111 9312 9112
f 9112 9312 9313
f 9112 9313 9113
f 9113 9313 9314
f 9113 9314 9114
f 9114 9314 9315
f 9114 9315 9115
f 9115 9315 9316
f 9115 9316 9116
f 9116 9316 9317
f 9116 9317 9117
f 9117 9317 9318
f 9117 9318 9118
f 9118 9318 9319
f 9118 9319 9119
f 9119 9319 9320
f 9119 9320 9120
f 9120 9320 9321
f 9120 9321 9121
f 9121 9321 9322
f 9121 9322 9122
f 9122 9322 9323
f 9122 9323 9123
f 9123 9323 9324
f 9123 9324 9124
f 9124 9324 9325
f 9124 9325 9125
f 9125 9325 9326
f 9125 9326 9126
f 9126 9326 9327
f 9126 9327 9127
f 9127 9327 9328
f 9127 9328 9128
f 9128 9328 9329
f 9128 9329 9129
f 9129 9329 9330
f 9129 9330 9130
f 9130 9330 9331
f 9130 9331 9131
f 9131 9331 9332
f 9131 9332 9132
f 9132 9332 9333
f 9132 9333 9133
f 9133 9333 9334
f 9133 9334 9134
f 9134 9334 9335
f 9134 9335 9135
f 9135 9335 9336
f 9135 9336 9136
f 9136 9336 9337
f 9136 9337 9137
f 9137 9337 9338
f 9137 9338 9138
f 9138 9338 9339
f 9138 9339 9139
f 9139 9339 9340
f 9139 9340 9140
f 9140 9340 9341
f 9140 9341 9141
f 9141 9341 9342
f 9141 9342 9142
f 9142 9342 9343
f 9142 9343 9143
f 9143 9343 9344
f 9143 9344 9144
f 9144 9344 9345
f 9144 9345 9145
f 9145 9345 9346
f 9145 9346 9146
f 9146 9346 9347
f 9146 9347 9147
f 9147 9347 9348
f 9147 9348 9148
f 9148 9348 9349
f 9148 9349 9149
f 9149 9349 9350
f 9149 9350 9150
f 9150 9350 9351
f 9150 9351 9151
f 9151 9351 9352
f 9151 9352 9152
f 9152 9352 9153
f 9352 9353 9153
f 9153 9353 9154
f 9353 9354 9154
f 9154 9354 9155
f 9354 9355 9155
f 9155 9355 9156
f 9355 9356 9156
f 9156 9356 9157
f 9356 9357 9157
f 9157 9357 9158
f 9357 9358 9158
f 9158 9358 9159
f 9358 9359 9159
f 9159 9359 9160
f 9359 9360 9160
f 9160 9360 9161
f 9360 9361 9161
f 9161 9361 9162
f 9361 9362 9162
f 9162 9362 9163
f 9362 9363 9163
f 9163 9363 9164
f 9363 9364 9164
f 9164 9364 9165
f 9364 9365 9165
f 9165 9365 9166
f 9365 9366 9166
f 9166 9366 9167
f 9366 9367 9167
f 9167 9367 9168
f 9367 9368 9168
f 9168 9368 9169
f 9368 9369 9169
f 9169 9369 9170
f 9369 9370 9170
f 9170 9370 9171
f 9370 9371 9171
f 9171 9371 9172
f 9371 9372 9172
f 9172 9372 9173
f 9372 9373 9173
f 9173 9373 9174
f 9373 9374 9174
f 9174 9374 9175
f 9374 9375 9175
f 9175 9375 9176
f 9375 9376 9176
f 9176 9376 9177
f 9376 9377 9177
f 9177 9377 9178
f 9377 9378 9178
f 9178 9378 9179
f 9378 9379 9179
f 9179 9379 9180
f 9379 9380 9180
f 9180 9380 9181
f 9380 9381 9181
f 9181 9381 9182
f 9381 9382 9182
f 9182 9382 9183
f 9382 9383 9183
f 9183 9383 9184
f 9383 9384 9184
f 9184 9384 9185
f 9384 9385 9185
f 9185 9385 9186
f 9385 9386 9186
f 9186 9386 9187
f 9386 9387 9187
f 9187 9387 9188
f 9387 9388 9188
f 9188 9388 9189
f 9388 9389 9189
f 9189 9389 9190
f 9389 9390 9190
f 9190 9390 9191
f 9390 9391 9191
f 9191 9391 9192
f 9391 9392 9192
f 9192 9392 9193
f 9392 9393 9193
f 9193 9393 9194
f 9393 9394 9194
f 9194 9394 9195
f 9394 9395 9195
f 9195 9395 9196
f 9395 9396 9196
f 9196 9396 9197
f 9396 9397 9197
f 9197 9397 9198
f 9397 9398 9198
f 9198 9398 9199
f 9398 9399 9199
f 9199 9399 9200
f 9399 9400 9200
f 9200 9400 9201
f 9400 9401 9201
f 9201 9401 9002
f 9401 9202 9002
f 9202 9402 9403
f 9202 9403 9203
f 9203 9403 9404
f 9203 9404 9204
f 9204 9404 9405
f 9204 9405 9205
f 9205 9405 9406
f 9205 9406 9206
f 9206 9406 9407
f 9206 9407 9207
f 9207 9407 9408
f 9207 9408 9208
f 9208 9408 9409
f 9208 9409 9209
f 9209 9409 9410
f 9209 9410 9210
f 9210 9410 9411
f 9210 9411 9211
f 9211 9411 9412
f 9211 9412 9212
f 9212 9412 9413
f 9212 9413 9213
f 9213 9413 9414
f 9213 9414 9214
f 9214 9414 9415
f 9214 9415 9215
f 9215 9415 9416
f 9215 9416 9216
f 9216 9416 9417
f 9216 9417 9217
f 9217 9417 9418
f 9217 9418 9218
f 9218 9418 9419
f 9218 9419 9219
f 9219 9419 9420
f 9219 9420 9220
f 9220 9420 9421
f 9220 9421 9221
f 9221 9421 9422
f 9221 9422 9222
f 9222 9422 9423
f 9222 9423 9223
f 9223 9423 9424
f 9223 9424 9224
f 9224 9424 9425
f 9224 9425 9225
f 9225 9425 9426
f 9225 9426 9226
f 9226 9426 9427
f 9226 9427 9227
f 9227 9427 9428
f 9227 9428 9228
f 9228 9428 9429
f 9228 9429 9229
f 9229 9429 9430
f 9229 9430 9230
f 9230 9430 9431
f 9230 9431 9231
f 9231 9431 9432
f 9231 9432 9232
f 9232 9432 9433
f 9232 9433 9233
f 9233 9433 9434
f 9233 9434 9234
f 9234 9434 9435
f 9234 9435 9235
f 9235 9435 9436
f 9235 9436 9236
f 9236 9436 9437
f 9236 9437 9237
f 9237 9437 9438
f 9237 9438 9238
f 9238 9438 9439
f 9238 9439 9239
f 9239 9439 9440
f 9239 9440 9240
f 9240 9440 9441
f 9240 9441 9241
f 9241 9441 9442
f 9241 9442 9242
f 9242 9442 9443
f 9242 9443 9243
f 9243 9443 9444
f 9243 9444 9244
f 9244 9444 9445
f 9244 9445 9245
f 9245 9445 9446
f 9245 9446 9246
f 9246 9446 9447
f 9246 9447 9247
f 9247 9447 9448
f 9247 9448 9248
f 9248 9448 9449
f 9248 9449 9249
f 9249 9449 9450
f 9249 9450 9250
f 9250 9450 9451
f 9250 9451 9251
f 9251 9451 9452
f 9251 9452 9252
f 9252 9452 9253
f 9452 9453 9253
f 9253 9453 9254
f 9453 9454 9254
f 9254 9454 9255
f 9454 9455 9255
f 9255 9455 9256
f 9455 9456 9256
f 9256 9456 9257
f 9456 9457 9257
f 9257 9457 9258
f 9457 9458 9258
f 9258 9458 9259
f 9458 9459 9259
f 9259 9459 9260
f 9459 9460 9260
f 9260 9460 9261
f 9460 9461 9261
f 9261 9461 9262
f 9461 9462 9262
f 9262 9462 9263
f 9462 9463 9263
f 9263 9463 9264
f 9463 9464 9264
f 9264 9464 9265
f 9464 9465 9265
f 9265 9465 9266
f 9465 9466 9266
f 9266 9466 9267
f 9466 9467 9267
f 9267 9467 9268
f 9467 9468 9268
f 9268 9468 9269
f 9468 9469 9269
f 9269 9469 9270
f 9469 9470 9270
f 9270 9470 9271
f 9470 9471 9271
f 9271 9471 9272
f 9471 9472 9272
f 9272 9472 9273
f 9472 9473 9273
f 9273 9473 9274
f 9473 9474 9274
f 9274 9474 9275
f 9474 9475 9275
f 9275 9475 9276
f 9475 9476 9276
f 9276 9476 9277
f 9476 9477 9277
f 9277 9477 9278
f 9477 9478 9278
f 9278 9478 9279
f 9478 9479 9279
f 9279 9479 9280
f 9479 9480 9280
f 9280 9480 9281
f 9480 9481 9281
f 9281 9481 9282
f 9481 9482 9282
f 9282 9482 9283
f 9482 9483 9283
f 9283 9483 9284
f 9483 9484 9284
f 9284 9484 9285
f 9484 9485 9285
f 9285 9485 9286
f 9485 9486 9286
f 9286 9486 9287
f 9486 9487 9287
f 9287 9487 9288
f 9487 9488 9288
f 9288 9488 9289
f 9488 9489 9289
f 9289 9489 9290
f 9489 9490 9290
f 9290 9490 9291
f 9490 9491 9291
f 9291 9491 9292
f 9491 9492 9292
f 9292 9492 9293
f 9492 9493 9293
f 9293 9493 9294
f 9493 9494 9294
f 9294 9494 9295
f 9494 9495 9295
f 9295 9495 9296
f 9495 9496 9296
f 9296 9496 9297
f 9496 9497 9297
f 9297 9497 9298
f 9497 9498 9298
f 9298 9498 9299
f 9498 9499 9299
f 9299 9499 9300
f 9499 9500 9300
f 9300 9500 9301
f 9500 9501 9301
f 9301 9501 9302
f 9501 9502 9302
f 9302 9502 9503
f 9302 9503 9303
f 9303 9503 9504
f 9303 9504 9304
f 9304 9504 9505
f 9304 9505 9305
f 9305 9505 9506
f 9305 9506 9306
f 9306 9506 9507
f 9306 9507 9307
f 9307 9507 9508
f 9307 9508 9308
f 9308 9508 9509
f 9308 9509 9309
f 9309 9509 9510
f 9309 9510 9310
f 9310 9510 9511
f 9310 9511 9311
f 9311 9511 9512
f 9311 9512 9312
f 9312 9512 9513
f 9312 9513 9313
f 9313 9513 9514
f 9313 9514 9314
f 9314 9514 9515
f 9314 9515 9315
f 9315 9515 9516
f 9315 9516 9316
f 9316 9516 9517
f 9316 9517 9317
f 9317 9517 9518
f 9317 9518 9318
f 9318 9518 9519
f 9318 9519 9319
f 9319 9519 9520
f 9319 9520 9320
f 9320 9520 9521
f 9320 9521 9321
f 9321 9521 9522
f 9321 9522 9322
f 9322 9522 9523
f 9322 9523 9323
f 9323 9523 9524
f 9323 9524 9324
f 9324 9524 9525
f 9324 9525 9325
f 9325 9525 9526
f 9325 9526 9326
f 9326 9526 9527
f 9326 9527 9327
f 9327 9527 9528
f 9327 9528 9328
f 9328 9528 9529
f 9328 9529 9329
f 9329 9529 9530
f 9329 9530 9330
f 9330 9530 9531
f 9330 9531 9331
f 9331 9531 9532
f 9331 9532 9332
f 9332 9532 9533
f 9332 9533 9333
f 9333 9533 9534
f 9333 9534 9334
f 9334 9534 9535
f 9334 9535 9335
f 9335 9535 9536
f 9335 9536 9336
f 9336 9536 9537
f 9336 9537 9337
f 9337 9537 9538
f 9337 9538 9338
f 9338 9538 9539
f 9338 9539 9339
f 9339 9539 9540
f 9339 9540 9340
f 9340 9540 9541
f 9340 9541 9341
f 9341 9541 9542
f 9341 9542 9342
f 9342 9542 9543
f 9342 9543 9343
f 9343 9543 9544
f 9343 9544 9344
f 9344 9544 9545
f 9344 9545 9345
f 9345 9545 9546
f 9345 9546 9346
f 9346 9546 9547
f 9346 9547 9347
f 9347 9547 9548
f 9347 9548 9348
f 9348 9548 9549
f 9348 9549 9349
f 9349 9549 9550
f 9349 9550 9350
f 9350 9550 9551
f 9350 9551 9351
f 9351 9551 9552
f 9351 9552 9352
f 9352 9552 9353
f 9552 9553 9353
f 9353 9553 9354
f 9553 9554 9354
f 9354 9554 9355
f 9554 9555 9355
f 9355 9555 9356
f 9555 9556 9356
f 9356 9556 9357
f 9556 9557 9357
f 9357 9557 9358
f 9557 9558 9358
f 9358 9558 9359
f 9558 9559 9359
f 9359 9559 9360
f 9559 9560 9360
f 9360 9560 9361
f 9560 9561 9361
f 9361 9561 9362
f 9561 9562 9362
f 9362 9562 9363
f 9562 9563 9363
f 9363 9563 9364
f 9563 9564 9364
f 9364 9564 9365
f 9564 9565 9365
f 9365 9565 9366
f 9565 9566 9366
f 9366 9566 9367
f 9566 9567 9367
f 9367 9567 9368
f 9567 9568 9368
f 9368 9568 9369
f 9568 9569 9369
f 9369 9569 9370
f 9569 9570 9370
f 9370 9570 9371
f 9570 9571 9371
f 9371 9571 9372
f 9571 9572 9372
f 9372 9572 9373
f 9572 9573 9373
f 9373 9573 9374
f 9573 9574 9374
f 9374 9574 9375
f 9574 9575 9375
f 9375 9575 9376
f 9575 9576 9376
f 9376 9576 9377
f 9576 9577 9377
f 9377 9577 9378
f 9577 9578 9378
f 9378 9578 9379
f 9578 9579 9379
f 9379 9579 9380
f 9579 9580 9380
f 9380 9580 9381
f 9580 9581 9381
f 9381 9581 9382
f 9581 9582 9382
f 9382 9582 9383
f 9582 9583 9383
f 9383 9583 9384
f 9583 9584 9384
f 9384 9584 9385
f 9584 9585 9385
f 9385 9585 9386
f 9585 9586 9386
f 9386 9586 9387
f 9586 9587 9387
f 9387 9587 9388
f 9587 9588 9388
f 9388 9588 9389
f 9588 9589 9389
f 9389 9589 9390
f 9589 9590 9390
f 9390 9590 9391
f 9590 9591 9391
f 9391 9591 9392
f 9591 9592 9392
f 9392 9592 9393
f 9592 9593 9393
f 9393 9593 9394
f 9593 9594 9394
f 9394 9594 9395
f 9594 9595 9395
f 9395 9595 9396
f 9595 9596 9396
f 9396 9596 9397
f 9596 9597 9397
f 9397 9597 9398
f 9597 9598 9398
f 9398 9598 9399
f 9598 9599 9399
f 9399 9599 9400
f 9599 9600 9400
f 9400 9600 9401
f 9600 9601 9401
f 9401 9601 9202
f 9601 9402 9202
f 9402 9602 9603
f 9402 9603 9403
f 9403 9603 9604
f 9403 9604 9404
f 9404 9604 9605
f 9404 9605 9405
f 9405 9605 9606
f 9405 9606 9406
f 9406 9606 9607
f 9406 9607 9407
f 9407 9607 9608
f 9407 9608 9408
f 9408 9608 9609
f 9408 9609 9409
f 9409 9609 9610
f 9409 9610 9410
f 9410 9610 9611
f 9410 9611 9411
f 9411 9611 9612
f 9411 9612 9412
f 9412 9612 9613
f 9412 9613 9413
f 9413 9613 9614
f 9413 9614 9414
f 9414 9614 9615
f 9414 9615 9415
f 9415 9615 9616
f 9415 9616 9416
f 9416 9616 9617
f 9416 9617 9417
f 9417 9617 9618
f 9417 9618 9418
f 9418 9618 9619
f 9418 9619 9419
f 9419 9619 9620
f 9419 9620 9420
f 9420 9620 9621
f 9420 9621 9421
f 9421 9621 9622
f 9421 9622 9422
f 9422 9622 9623
f 9422 9623 9423
f 9423 9623 9624
f 9423 9624 9424
f 9424 9624 9625
f 9424 9625 9425
f 9425 9625 9626
f 9425 9626 9426
f 9426 9626 9627
f 9426 9627 9427
f 9427 9627 9628
f 9427 9628 9428
f 9428 9628 9629
f 9428 9629 9429
f 9429 9629 9630
f 9429 9630 9430
f 9430 9630 9631
f 9430 9631 9431
f 9431 9631 9632
f 9431 9632 9432
f 9432 9632 9633
f 9432 9633 9433
f 9433 9633 9634
f 9433 9634 9434
f 9434 9634 9635
f 9434 9635 9435
f 9435 9635 9636
f 9435 9636 9436
f 9436 9636 9637
f 9436 9637 9437
f 9437 9637 9638
f 9437 9638 9438
f 9438 9638 9639
f 9438 9639 9439
f 9439 9639 9640
f 9439 9640 9440
f 9440 9640 9641
f 9440 9641 9441
f 9441 9641 9642
f 9441 9642 9442
f 9442 9642 9643
f 9442 9643 9443
f 9443 9643 9644
f 9443 9644 9444
f 9444 9644 9645
f 9444 9645 9445
f 9445 9645 9646
f 9445 9646 9446
f 9446 9646 9647
f 9446 9647 9447
f 9447 9647 9648
f 9447 9648 9448
f 9448 9648 9649
f 9448 9649 9449
f 9449 9649 9650
f 9449 9650 9450
f 9450 9650 9651
f 9450 9651 9451
f 9451 9651 9652
f 9451 9652 9452
f 9452 9652 9453
f 9652 9653 9453
f 9453 9653 9454
f 9653 9654 9454
f 9454 9654 9455
f 9654 9655 9455
f 9455 9655 9456
f 9655 9656 9456
f 9456 9656 9457
f 9656 9657 9457
f 9457 9657 9458
f 9657 9658 9458
f 9458 9658 9459
f 9658 9659 9459
f 9459 9659 9460
f 9659 9660 9460
f 9460 9660 9461
f 9660 9661 9461
f 9461 9661 9462
f 9661 9662 9462
f 9462 9662 9463
f 9662 9663 9463
f 9463 9663 9464
f 9663 9664 9464
f 9464 9664 9465
f 9664 9665 9465
f 9465 9665 9466
f 9665 9666 9466
f 9466 9666 9467
f 9666 9667 9467
f 9467 9667 9468
f 9667 9668 9468
f 9468 9668 9469
f 9668 9669 9469
f 9469 9669 9470
f 9669 9670 9470
f 9470 9670 9471
f 9670 9671 9471
f 9471 9671 9472
f 9671 9672 9472
f 9472 9672 9473
f 9672 9673 9473
f 9473 9673 9474
f 9673 9674 9474
f 9474 9674 9475
f 9674 9675 9475
f 9475 9675 9476
f 9675 9676 9476
f 9476 9676 9477
f 9676 9677 9477
f 9477 9677 9478
f 9677 9678 9478
f 9478 9678 9479
f 9678 9679 9479
f 9479 9679 9480
f 9679 9680 9480
f 9480 9680 9481
f 9680 9681 9481
f 9481 9681 9482
f 9681 9682 9482
f 9482 9682 9483
f 9682 9683 9483
f 9483 9683 9484
f 9683 9684 9484
f 9484 9684 9485
f 9684 9685 9485
f 9485 9685 9486
f 9685 9686 9486
f 9486 9686 9487
f 9686 9687 9487
f 9487 9687 9488
f 9687 9688 9488
f 9488 9688 9489
f 9688 9689 9489
f 9489 9689 9490
f 9689 9690 9490
f 9490 9690 9491
f 9690 9691 9491
f 9491 9691 9492
f 9691 9692 9492
f 9492 9692 9493
f 9692 9693 9493
f 9493 9693 9494
f 9693 9694 9494
f 9494 9694 9495
f 9694 9695 9495
f 9495 9695 9496
f 9695 9696 9496
f 9496 9696 9497
f 9696 9697 9497
f 9497 9697 9498
f 9697 9698 9498
f 9498 9698 9499
f 9698 9699 9499
f 9499 9699 9500
f 9699 9700 9500
f 9500 9700 9501
f 9700 9701 9501
f 9501 9701 9502
f 9701 9702 9502
f 9502 9702 9703
f 9502 9703 9503
f 9503 9703 9704
f 9503 9704 9504
f 9504 9704 9705
f 9504 9705 9505
f 9505 9705 9706
f 9505 9706 9506
f 9506 9706 9707
f 9506 9707 9507
f 9507 9707 9708
f 9507 9708 9508
f 9508 9708 9709
f 9508 9709 9509
f 9509 9709 9710
f 9509 9710 9510
f 9510 9710 9711
f 9510 9711 9511
f 9511 9711 9712
f 9511 9712 9512
f 9512 9712 9713
f 9512 9713 9513
f 9513 9713 9714
f 9513 9714 9514
f 9514 9714 9715
f 9514 9715 9515
f 9515 9715 9716
f 9515 9716 9516
f 9516 9716 9717
f 9516 9717 9517
f 9517 9717 9718
f 9517 9718 9518
f 9518 9718 9719
f 9518 9719 9519
f 9519 9719 9720
f 9519 9720 9520
f 9520 9720 9721
f 9520 9721 9521
f 9521 9721 9722
f 9521 9722 9522
f 9522 9722 9723
f 9522 9723 9523
f 9523 9723 9724
f 9523 9724 9524
f 9524 9724 9725
f 9524 9725 9525
f 9525 9725 9726
f 9525 9726 9526
f 9526 9726 9727
f 9526 9727 9527
f 9527 9727 9728
f 9527 9728 9528
f 9528 9728 9729
f 9528 9729 9529
f 9529 9729 9730
f 9529 9730 9530
f 9530 9730 9731
f 9530 9731 9531
f 9531 9731 9732
f 9531 9732 9532
f 9532 9732 9733
f 9532 9733 9533
f 9533 9733 9734
f 9533 9734 9534
f 9534 9734 9735
f 9534 9735 9535
f 9535 9735 9736
f 9535 9736 9536
f 9536 9736 9737
f 9536 9737 9537
f 9537 9737 9738
f 9537 9738 9538
f 9538 9738 9739
f 9538 9739 9539
f 9539 9739 9740
f 9539 9740 9540
f 9540 9740 9741
f 9540 9741 9541
f 9541 9741 9742
f 9541 9742 9542
f 9542 9742 9743
f 9542 9743 9543
f 9543 9743 9744
f 9543 9744 9544
f 9544 9744 9745
f 9544 9745 9545
f 9545 9745 9746
f 9545 9746 9546
f 9546 9746 9747
f 9546 9747 9547
f 9547 9747 9748
f 9547 9748 9548
f 9548 9748 9749
f 9548 9749 9549
f 9549 9749 9750
f 9549 9750 9550
f 9550 9750 9751
f 9550 9751 9551
f 9551 9751 9752
f 9551 9752 9552
f 9552 9752 9553
f 9752 9753 9553
f 9553 9753 9554
f 9753 9754 9554
f 9554 9754 9555
f 9754 9755 9555
f 9555 9755 9556
f 9755 9756 9556
f 9556 9756 9557
f 9756 9757 9557
f 9557 9757 9558
f 9757 9758 9558
f 9558 9758 9559
f 9758 9759 9559
f 9559 9759 9560
f 9759 9760 9560
f 9560 9760 9561
f 9760 9761 9561
f 9561 9761 9562
f 9761 9762 9562
f 9562 9762 9563
f 9762 9763 9563
f 9563 9763 9564
f 9763 9764 9564
f 9564 9764 9565
f 9764 9765 9565
f 9565 9765 9566
f 9765 9766 9566
f 9566 9766 9567
f 9766 9767 9567
f 9567 9767 9568
f 9767 9768 9568
f 9568 9768 9569
f 9768 9769 9569
f 9569 9769 9570
f 9769 9770 9570
f 9570 9770 9571
f 9770 9771 9571
f 9571 9771 9572
f 9771 9772 9572
f 9572 9772 9573
f 9772 9773 9573
f 9573 9773 9574
f 9773 9774 9574
f 9574 9774 9575
f 9774 9775 9575
f 9575 9775 9576
f 9775 9776 9576
f 9576 9776 9577
f 9776 9777 9577
f 9577 9777 9578
f 9777 9778 9578
f 9578 9778 9579
f 9778 9779 9579
f 9579 9779 9580
f 9779 9780 9580
f 9580 9780 9581
f 9780 9781 9581
f 9581 9781 9582
f 9781 9782 9582
f 9582 9782 9583
f 9782 9783 9583
f 9583 9783 9584
f 9783 9784 9584
f 9584 9784 9585
f 9784 9785 9585
f 9585 9785 9586
f 9785 9786 9586
f 9586 9786 9587
f 9786 9787 9587
f 9587 9787 9588
f 9787 9788 9588
f 9588 9788 9589
f 9788 9789 9589
f 9589 9789 9590
f 9789 9790 9590
f 9590 9790 9591
f 9790 9791 9591
f 9591 9791 9592
f 9791 9792 9592
f 9592 9792 9593
f 9792 9793 9593
f 9593 9793 9594
f 9793 9794 9594
f 9594 9794 9595
f 9794 9795 9595
f 9595 9795 9596
f 9795 9796 9596
f 9596 9796 9597
f 9796 9797 9597
f 9597 9797 9598
f 9797 9798 9598
f 9598 9798 9599
f 9798 9799 9599
f 9599 9799 9600
f 9799 9800 9600
f 9600 9800 9601
f 9800 9801 9601
f 9601 9801 9402
f 9801 9602 9402
f 9602 9802 9803
f 9602 9803 9603
f 9603 9803 9804
f 9603 9804 9604
f 9604 9804 9805
f 9604 9805 9605
f 9605 9805 9806
f 9605 9806 9606
f 9606 9806 9807
f 9606 9807 9607
f 9607 9807 9808
f 9607 9808 9608
f 9608 9808 9809
f 9608 9809 9609
f 9609 9809 9810
f 9609 9810 9610
f 9610 9810 9811
f 9610 9811 9611
f 9611 9811 9812
f 9611 9812 9612
f 9612 9812 9813
f 9612 9813 9613
f 9613 9813 9814
f 9613 9814 9614
f 9614 9814 9815
f 9614 9815 9615
f 9615 9815 9816
f 9615 9816 9616
f 9616 9816 9817
f 9616 9817 9617
f 9617 9817 9818
f 9617 9818 9618
f 9618 9818 9819
f 9618 9819 9619
f 9619 9819 9820
f 9619 9820 9620
f 9620 9820 9821
f 9620 9821 9621
f 9621 9821 9822
f 9621 9822 9622
f 9622 9822 9823
f 9622 9823 9623
f 9623 9823 9824
f 9623 9824 9624
f 9624 9824 9825
f 9624 9825 9625
f 9625 9825 9826
f 9625 9826 9626
f 9626 9826 9827
f 9626 9827 9627
f 9627 9827 9828
f 9627 9828 9628
f 9628 9828 9829
f 9628 9829 9629
f 9629 9829 9830
f 9629 9830 9630
f 9630 9830 9831
f 9630 9831 9631
f 9631 9831 9832
f 9631 9832 9632
f 9632 9832 9833
f 9632 9833 9633
f 9633 9833 9834
f 9633 9834 9634
f 9634 9834 9835
f 9634 9835 9635
f 9635 9835 9836
f 9635 9836 9636
f 9636 9836 9837
f 9636 9837 9637
f 9637 9837 9838
f 9637 9838 9638
f 9638 9838 9839
f 9638 9839 9639
f 9639 9839 9840
f 9639 9840 9640
f 9640 9840 9841
f 9640 9841 9641
f 9641 9841 9842
f 9641 9842 9642
f 9642 9842 9843
f 9642 9843 9643
f 9643 9843 9844
f 9643 9844 9644
f 9644 9844 9845
f 9644 9845 9645
f 9645 9845 9846
f 9645 9846 9646
f 9646 9846 9847
f 9646 9847 9647
f 9647 9847 9848
f 9647 9848 9648
f 9648 9848 9849
f 9648 9849 9649
f 9649 9849 9850
f 9649 9850 9650
f 9650 9850 9851
f 9650 9851 9651
f 9651 9851 9852
f 9651 9852 9652
f 9652 9852 9653
f 9852 9853 9653
f 9653 9853 9654
f 9853 9854 9654
f 9654 9854 9655
f 9854 9855 9655
f 9655 9855 9656
f 9855 9856 9656
f 9656 9856 9657
f 9856 9857 9657
f 9657 9857 9658
f 9857 9858 9658
f 9658 9858 9659
f 9858 9859 9659
f 9659 9859 9660
f 9859 9860 9660
f 9660 9860 9661
f 9860 9861 9661
f 9661 9861 9662
f 9861 9862 9662
f 9662 9862 9663
f 9862 9863 9663
f 9663 9863 9664
f 9863 9864 9664
f 9664 9864 9665
f 9864 9865 9665
f 9665 9865 9666
f 9865 9866 9666
f 9666 9866 9667
f 9866 9867 9667
f 9667 9867 9668
f 9867 9868 9668
f 9668 9868 9669
f 9868 9869 9669
f 9669 9869 9670
f 9869 9870 9670
f 9670 9870 9671
f 9870 9871 9671
f 9671 9871 9672
f 9871 9872 9672
f 9672 9872 9673
f 9872 9873 9673
f 9673 9873 9674
f 9873 9874 9674
f 9674 9874 9675
f 9874 9875 9675
f 9675 9875 9676
f 9875 9876 9676
f 9676 9876 9677
f 9876 9877 9677
f 9677 9877 9678
f 9877 9878 9678
f 9678 9878 9679
f 9878 9879 9679
f 9679 9879 9680
f 9879 9880 9680
f 9680 9880 9681
f 9880 9881 9681
f 9681 9881 9682
f 9881 9882 9682
f 9682 9882 9683
f 9882 9883 9683
f 9683 9883 9684
f 9883 9884 9684
f 9684 9884 9685
f 9884 9885 9685
f 9685 9885 9686
f 9885 9886 9686
f 9686 9886 9687
f 9886 9887 9687
f 9687 9887 9688
f 9887 9888 9688
f 9688 9888 9689
f 9888 9889 9689
f 9689 9889 9690
f 9889 9890 9690
f 9690 9890 9691
f 9890 9891 9691
f 9691 9891 9692
f 9891 9892 9692
f 9692 9892 9693
f 9892 9893 9693
f 9693 9893 9694
f 9893 9894 9694
f 9694 9894 9695
f 9894 9895 9695
f 9695 9895 9696
f 9895 9896 9696
f 9696 9896 9697
f 9896 9897 9697
f 9697 9897 9698
f 9897 9898 9698
f 9698 9898 9699
f 9898 9899 9699
f 9699 9899 9700
f 9899 9900 9700
f 9700 9900 9701
f 9900 9901 9701
f 9701 9901 9702
f 9901 9902 9702
f 9702 9902 9903
f 9702 9903 9703
f 9703 9903 9904
f 9703 9904 9704
f 9704 9904 9905
f 9704 9905 9705
f 9705 9905 9906
f 9705 9906 9706
f 9706 9906 9907
f 9706 9907 9707
f 9707 9907 9908
f 9707 9908 9708
f 9708 9908 9909
f 9708 9909 9709
f 9709 9909 9910
f 9709 9910 9710
f 9710 9910 9911
f 9710 9911 9711
f 9711 9911 9912
f 9711 9912 9712
f 9712 9912 9913
f 9712 9913 9713
f 9713 9913 9914
f 9713 9914 9714
f 9714 9914 9915
f 9714 9915 9715
f 9715 9915 9916
f 9715 9916 9716
f 9716 9916 9917
f 9716 9917 9717
f 9717 9917 9918
f 9717 9918 9718
f 9718 9918 9919
f 9718 9919 9719
f 9719 9919 9920
f 9719 9920 9720
f 9720 9920 9921
f 9720 9921 9721
f 9721 9921 9922
f 9721 9922 9722
f 9722 9922 9923
f 9722 9923 9723
f 9723 9923 9924
f 9723 9924 9724
f 9724 9924 9925
f 9724 9925 9725
f 9725 9925 9926
f 9725 9926 9726
f 9726 9926 9927
f 9726 9927 9727
f 9727 9927 9928
f 9727 9928 9728
f 9728 9928 9929
f 9728 9929 9729
f 9729 9929 9930
f 9729 9930 9730
f 9730 9930 9931
f 9730 9931 9731
f 9731 9931 9932
f 9731 9932 9732
f 9732 9932 9933
f 9732 9933 9733
f 9733 9933 9934
f 9733 9934 9734
f 9734 9934 9935
f 9734 9935 9735
f 9735 9935 9936
f 9735 9936 9736
f 9736 9936 9937
f 9736 9937 9737
f 9737 9937 9938
f 9737 9938 9738
f 9738 9938 9939
f 9738 9939 9739
f 9739 9939 9940
f 9739 9940 9740
f 9740 9940 9941
f 9740 9941 9741
f 9741 9941 9942
f 9741 9942 9742
f 9742 9942 9943
f 9742 9943 9743
f 9743 9943 9944
f 9743 9944 9744
f 9744 9944 9945
f 9744 9945 9745
f 9745 9945 9946
f 9745 9946 9746
f 9746 9946 9947
f 9746 9947 9747
f 9747 9947 9948
f 9747 9948 9748
f 9748 9948 9949
f 9748 9949 9749
f 9749 9949 9950
f 9749 9950 9750
f 9750 9950 9951
f 9750 9951 9751
f 9751 9951 9952
f 9751 9952 9752
f 9752 9952 9753
f 9952 9953 9753
f 9753 9953 9754
f 9953 9954 9754
f 9754 9954 9755
f 9954 9955 9755
f 9755 9955 9756
f 9955 9956 9756
f 9756 9956 9757
f 9956 9957 9757
f 9757 9957 9758
f 9957 9958 9758
f 9758 9958 9759
f 9958 9959 9759
f 9759 9959 9760
f 9959 9960 9760
f 9760 9960 9761
f 9960 9961 9761
f 9761 9961 9762
f 9961 9962 9762
f 9762 9962 9763
f 9962 9963 9763
f 9763 9963 9764
f 9963 9964 9764
f 9764 9964 9765
f 9964 9965 9765
f 9765 9965 9766
f 9965 9966 9766
f 9766 9966 9767
f 9966 9967 9767
f 9767 9967 9768
f 9967 9968 9768
f 9768 9968 9769
f 9968 9969 9769
f 9769 9969 9770
f 9969 9970 9770
f 9770 9970 9771
f 9970 9971 9771
f 9771 9971 9772
f 9971 9972 9772
f 9772 9972 9773
f 9972 9973 9773
f 9773 9973 9774
f 9973 9974 9774
f 9774 9974 9775
f 9974 9975 9775
f 9775 9975 9776
f 9975 9976 9776
f 9776 9976 9777
f 9976 9977 9777
f 9777 9977 9778
f 9977 9978 9778
f 9778 9978 9779
f 9978 9979 9779
f 9779 9979 9780
f 9979 9980 9780
f 9780 9980 9781
f 9980 9981 9781
f 9781 9981 9782
f 9981 9982 9782
f 9782 9982 9783
f 9982 9983 9783
f 9783 9983 9784
f 9983 9984 9784
f 9784 9984 9785
f 9984 9985 9785
f 9785 9985 9786
f 9985 9986 9786
f 9786 9986 9787
f 9986 9987 9787
f 9787 9987 9788
f 9987 9988 9788
f 9788 9988 9789
f 9988 9989 9789
f 9789 9989 9790
f 9989 9990 9790
f 9790 9990 9791
f 9990 9991 9791
f 9791 9991 9792
f 9991 9992 9792
f 9792 9992 9793
f 9992 9993 9793
f 9793 9993 9794
f 9993 9994 9794
f 9794 9994 9795
f 9994 9995 9795
f 9795 9995 9796
f 9995 9996 9796
f 9796 9996 9797
f 9996 9997 9797
f 9797 9997 9798
f 9997 9998 9798
f 9798 9998 9799
f 9998 9999 9799
f 9799 9999 9800
f 9999 10000 9800
f 9800 10000 9801
f 10000 10001 9801
f 9801 10001 9602
f 10001 9802 9602
f 9802 10002 10003
f 9802 10003 9803
f 9803 10003 10004
f 9803 10004 9804
f 9804 10004 10005
f 9804 10005 9805
f 9805 10005 10006
f 9805 10006 9806
f 9806 10006 10007
f 9806 10007 9807
f 9807 10007 10008
f 9807 10008 9808
f 9808 10008 10009
f 9808 10009 9809
f 9809 10009 10010
f 9809 10010 9810
f 9810 10010 10011
f 9810 10011 9811
f 9811 10011 10012
f 9811 10012 9812
f 9812 10012 10013
f 9812 10013 9813
f 9813 10013 10014
f 9813 10014 9814
f 9814 10014 10015
f 9814 10015 9815
f 9815 10015 10016
f 9815 10016 9816
f 9816 10016 10017
f 9816 10017 9817
f 9817 10017 10018
f 9817 10018 9818
f 9818 10018 10019
f 9818 10019 9819
f 9819 10019 10020
f 9819 10020 9820
f 9820 10020 10021
f 9820 10021 9821
f 9821 10021 10022
f 9821 10022 9822
f 9822 10022 10023
f 9822 10023 9823
f 9823 10023 10024
f 9823 10024 9824
f 9824 10024 10025
f 9824 10025 9825
f 9825 10025 10026
f 9825 10026 9826
f 9826 10026 10027
f 9826 10027 9827
f 9827 10027 10028
f 9827 10028 9828
f 9828 10028 10029
f 9828 10029 9829
f 9829 10029 10030
f 9829 10030 9830
f 9830 10030 10031
f 9830 10031 9831
f 9831 10031 10032
f 9831 10032 9832
f 9832 10032 10033
f 9832 10033 9833
f 9833 10033 10034
f 9833 10034 9834
f 9834 10034 10035
f 9834 10035 9835
f 9835 10035 10036
f 9835 10036 9836
f 9836 10036 10037
f 9836 10037 9837
f 9837 10037 10038
f 9837 10038 9838
f 9838 10038 10039
f 9838 10039 9839
f 9839 10039 10040
f 9839 10040 9840
f 9840 10040 10041
f 9840 10041 9841
f 9841 10041 10042
f 9841 10042 9842
f 9842 10042 10043
f 9842 10043 9843
f 9843 10043 10044
f 9843 10044 9844
f 9844 10044 10045
f 9844 10045 9845
f 9845 10045 10046
f 9845 10046 9846
f 9846 10046 10047
f 9846 10047 9847
f 9847 10047 10048
f 9847 10048 9848
f 9848 10048 10049
f 9848 10049 9849
f 9849 10049 10050
f 9849 10050 9850
f 9850 10050 10051
f 9850 10051 9851
f 9851 10051 10052
f 9851 10052 9852
f 9852 10052 9853
f 10052 10053 9853
f 9853 10053 9854
f 10053 10054 9854
f 9854 10054 9855
f 10054 10055 9855
f 9855 10055 9856
f 10055 10056 9856
f 9856 10056 9857
f 10056 10057 9857
f 9857 10057 9858
f 10057 10058 9858
f 9858 10058 9859
f 10058 10059 9859
f 9859 10059 9860
f 10059 10060 9860
f 9860 10060 9861
f 10060 10061 9861
f 9861 10061 9862
f 10061 10062 9862
f 9862 10062 9863
f 10062 10063 9863
f 9863 10063 9864
f 10063 10064 9864
f 9864 10064 9865
f 10064 10065 9865
f 9865 10065 9866
f 10065 10066 9866
f 9866 10066 9867
f 10066 10067 9867
f 9867 10067 9868
f 10067 10068 9868
f 9868 10068 9869
f 10068 10069 9869
f 9869 10069 9870
f 10069 10070 9870
f 9870 10070 9871
f 10070 10071 9871
f 9871 10071 9872
f 10071 10072 9872
f 9872 10072 9873
f 10072 10073 9873
f 9873 10073 9874
f 10073 10074 9874
f 9874 10074 9875
f 10074 10075 9875
f 9875 10075 9876
f 10075 10076 9876
f 9876 10076 9877
f 10076 10077 9877
f 9877 10077 9878
f 10077 10078 9878
f 9878 10078 9879
f 10078 10079 9879
f 9879 10079 9880
f 10079 10080 9880
f 9880 10080 9881
f 10080 10081 9881
f 9881 10081 9882
f 10081 10082 9882
f 9882 10082 9883
f 10082 10083 9883
f 9883 10083 9884
f 10083 10084 9884
f 9884 10084 9885
f 10084 10085 9885
f 9885 10085 9886
f 10085 10086 9886
f 9886 10086 9887
f 10086 10087 9887
f 9887 10087 9888
f 10087 10088 9888
f 9888 10088 9889
f 10088 10089 9889
f 9889 10089 9890
f 10089 10090 9890
f 9890 10090 9891
f 10090 10091 9891
f 9891 10091 9892
f 10091 10092 9892
f 9892 10092 9893
f 10092 10093 9893
f 9893 10093 9894
f 10093 10094 9894
f 9894 10094 9895
f 10094 10095 9895
f 9895 10095 9896
f 10095 10096 9896
f 9896 10096 9897
f 10096 10097 9897
f 9897 10097 9898
f 10097 10098 9898
f 9898 10098 9899
f 10098 10099 9899
f 9899 10099 9900
f 10099 10100 9900
f 9900 10100 9901
f 10100 10101 9901
f 9901 10101 9902
f 10101 10102 9902
f 9902 10102 10103
f 9902 10103 9903
f 9903 10103 10104
f 9903 10104 9904
f 9904 10104 10105
f 9904 10105 9905
f 9905 10105 10106
f 9905 10106 9906
f 9906 10106 10107
f 9906 10107 9907
f 9907 10107 10108
f 9907 10108 9908
f 9908 10108 10109
f 9908 10109 9909
f 9909 10109 10110
f 9909 10110 9910
f 9910 10110 10111
f 9910 10111 9911
f 9911 10111 10112
f 9911 10112 9912
f 9912 10112 10113
f 9912 10113 9913
f 9913 10113 10114
f 9913 10114 9914
f 9914 10114 10115
f 9914 10115 9915
f 9915 10115 10116
f 9915 10116 9916
f 9916 10116 10117
f 9916 10117 9917
f 9917 10117 10118
f 9917 10118 9918
f 9918 10118 10119
f 9918 10119 9919
f 9919 10119 10120
f 9919 10120 9920
f 9920 10120 10121
f 9920 10121 9921
f 9921 10121 10122
f 9921 10122 9922
f 9922 10122 10123
f 9922 10123 9923
f 9923 10123 10124
f 9923 10124 9924
f 9924 10124 10125
f 9924 10125 9925
f 9925 10125 10126
f 9925 10126 9926
f 9926 10126 10127
f 9926 10127 9927
f 9927 10127 10128
f 9927 10128 9928
f 9928 10128 10129
f 9928 10129 9929
f 9929 10129 10130
f 9929 10130 9930
f 9930 10130 10131
f 9930 10131 9931
f 9931 10131 10132
f 9931 10132 9932
f 9932 10132 10133
f 9932 10133 9933
f 9933 10133 10134
f 9933 10134 9934
f 9934 10134 10135
f 9934 10135 9935
f 9935 10135 10136
f 9935 10136 9936
f 9936 10136 10137
f 9936 10137 9937
f 9937 10137 10138
f 9937 10138 9938
f 9938 10138 10139
f 9938 10139 9939
f 9939 10139 10140
f 9939 10140 9940
f 9940 10140 10141
f 9940 10141 9941
f 9941 10141 10142
f 9941 10142 9942
f 9942 10142 10143
f 9942 10143 9943
f 9943 10143 10144
f 9943 10144 9944
f 9944 10144 10145
f 9944 10145 9945
f 9945 10145 10146
f 9945 10146 9946
f 9946 10146 10147
f 9946 10147 9947
f 9947 10147 10148
f 9947 10148 9948
f 9948 10148 10149
f 9948 10149 9949
f 9949 10149 10150
f 9949 10150 9950
f 9950 10150 10151
f 9950 10151 9951
f 9951 10151 10152
f 9951 10152 9952
f 9952 10152 9953
f 10152 10153 9953
f 9953 10153 9954
f 10153 10154 9954
f 9954 10154 9955
f 10154 10155 9955
f 9955 10155 9956
f 10155 10156 9956
f 9956 10156 9957
f 10156 10157 9957
f 9957 10157 9958
f 10157 10158 9958
f 9958 10158 9959
f 10158 10159 9959
f 9959 10159 9960
f 10159 10160 9960
f 9960 10160 9961
f 10160 10161 9961
f 9961 10161 9962
f 10161 10162 9962
f 9962 10162 9963
f 10162 10163 9963
f 9963 10163 9964
f 10163 10164 9964
f 9964 10164 9965
f 10164 10165 9965
f 9965 10165 9966
f 10165 10166 9966
f 9966 10166 9967
f 10166 10167 9967
f 9967 10167 9968
f 10167 10168 9968
f 9968 10168 9969
f 10168 10169 9969
f 9969 10169 9970
f 10169 10170 9970
f 9970 10170 9971
f 10170 10171 9971
f 9971 10171 9972
f 10171 10172 9972
f 9972 10172 9973
f 10172 10173 9973
f 9973 10173 9974
f 10173 10174 9974
f 9974 10174 9975
f 10174 10175 9975
f 9975 10175 9976
f 10175 10176 9976
f 9976 10176 9977
f 10176 10177 9977
f 9977 10177 9978
f 10177 10178 9978
f 9978 10178 9979
f 10178 10179 9979
f 9979 10179 9980
f 10179 10180 9980
f 9980 10180 9981
f 10180 10181 9981
f 9981 10181 9982
f 10181 10182 9982
f 9982 10182 9983
f 10182 10183 9983
f 9983 10183 9984
f 10183 10184 9984
f 9984 10184 9985
f 10184 10185 9985
f 9985 10185 9986
f 10185 10186 9986
f 9986 10186 9987
f 10186 10187 9987
f 9987 10187 9988
f 10187 10188 9988
f 9988 10188 9989
f 10188 10189 9989
f 9989 10189 9990
f 10189 10190 9990
f 9990 10190 9991
f 10190 10191 9991
f 9991 10191 9992
f 10191 10192 9992
f 9992 10192 9993
f 10192 10193 9993
f 9993 10193 9994
f 10193 10194 9994
f 9994 10194 9995
f 10194 10195 9995
f 9995 10195 9996
f 10195 10196 9996
f 9996 10196 9997
f 10196 10197 9997
f 9997 10197 9998
f 10197 10198 9998
f 9998 10198 9999
f 10198 10199 9999
f 9999 10199 10000
f 10199 10200 10000
f 10000 10200 10001
f 10200 10201 10001
f 10001 10201 9802
f 10201 10002 9802
f 10002 10202 10003
f 10003 10202 10004
f 10004 10202 10005
f 10005 10202 10006
f 10006 10202 10007
f 10007 10202 10008
f 10008 10202 10009
f 10009 10202 10010
f 10010 10202 10011
f 10011 10202 10012
f 10012 10202 10013
f 10013 10202 10014
f 10014 10202 10015
f 10015 10202 10016
f 10016 10202 10017
f 10017 10202 10018
f 10018 10202 10019
f 10019 10202 10020
f 10020 10202 10021
f 10021 10202 10022
f 10022 10202 10023
f 10023 10202 10024
f 10024 10202 10025
f 10025 10202 10026
f 10026 10202 10027
f 10027 10202 10028
f 10028 10202 10029
f 10029 10202 10030
f 10030 10202 10031
f 10031 10202 10032
f 10032 10202 10033
f 10033 10202 10034
f 10034 10202 10035
f 10035 10202 10036
f 10036 10202 10037
f 10037 10202 10038
f 10038 10202 10039
f 10039 10202 10040
f 10040 10202 10041
f 10041 10202 10042
f 10042 10202 10043
f 10043 10202 10044
f 10044 10202 10045
f 10045 10202 10046
f 10046 10202 10047
f 10047 10202 10048
f 10048 10202 10049
f 10049 10202 10050
f 10050 10202 10051
f 10051 10202 10052
f 10052 10202 10053
f 10053 10202 10054
f 10054 10202 10055
f 10055 10202 10056
f 10056 10202 10057
f 10057 10202 10058
f 10058 10202 10059
f 10059 10202 10060
f 10060 10202 10061
f 10061 10202 10062
f 10062 10202 10063
f 10063 10202 10064
f 10064 10202 10065
f 10065 10202 10066
f 10066 10202 10067
f 10067 10202 10068
f 10068 10202 10069
f 10069 10202 10070
f 10070 10202 10071
f 10071 10202 10072
f 10072 10202 10073
f 10073 10202 10074
f 10074 10202 10075
f 10075 10202 10076
f 10076 10202 10077
f 10077 10202 10078
f 10078 10202 10079
f 10079 10202 10080
f 10080 10202 10081
f 10081 10202 10082
f 10082 10202 10083
f 10083 10202 10084
f 10084 10202 10085
f 10085 10202 10086
f 10086 10202 10087
f 10087 10202 10088
f 10088 10202 10089
f 10089 10202 10090
f 10090 10202 10091
f 10091 10202 10092
f 10092 10202 10093
f 10093 10202 10094
f 10094 10202 10095
f 10095 10202 10096
f 10096 10202 10097
f 10097 10202 10098
f 10098 10202 10099
f 10099 10202 10100
f 10100 10202 10101
f 10101 10202 10102
f 10102 10202 10103
f 10103 10202 10104
f 10104 10202 10105
f 10105 10202 10106
f 10106 10202 10107
f 10107 10202 10108
f 10108 10202 10109
f 10109 10202 10110
f 10110 10202 10111
f 10111 10202 10112
f 10112 10202 10113
f 10113 10202 10114
f 10114 10202 10115
f 10115 10202 10116
f 10116 10202 10117
f 10117 10202 10118
f 10118 10202 10119
f 10119 10202 10120
f 10120 10202 10121
f 10121 10202 10122
f 10122 10202 10123
f 10123 10202 10124
f 10124 10202 10125
f 10125 10202 10126
f 10126 10202 10127
f 10127 10202 10128
f 10128 10202 10129
f 10129 10202 10130
f 10130 10202 10131
f 10131 10202 10132
f 10132 10202 10133
f 10133 10202 10134
f 10134 10202 10135
f 10135 10202 10136
f 10136 10202 10137
f 10137 10202 10138
f 10138 10202 10139
f 10139 10202 10140
f 10140 10202 10141
f 10141 10202 10142
f 10142 10202 10143
f 10143 10202 10144
f 10144 10202 10145
f 10145 10202 10146
f 10146 10202 10147
f 10147 10202 10148
f 10148 10202 10149
f 10149 10202 10150
f 10150 10202 10151
f 10151 10202 10152
f 10152 10202 10153
f 10153 10202 10154
f 10154 10202 10155
f 10155 10202 10156
f 10156 10202 10157
f 10157 10202 10158
f 10158 10202 10159
f 10159 10202 10160
f 10160 10202 10161
f 10161 10202 10162
f 10162 10202 10163
f 10163 10202 10164
f 10164 10202 10165
f 10165 10202 10166
f 10166 10202 10167
f 10167 10202 10168
f 10168 10202 10169
f 10169 10202 10170
f 10170 10202 10171
f 10171 10202 10172
f 10172 10202 10173
f 10173 10202 10174
f 10174 10202 10175
f 10175 10202 10176
f 10176 10202 10177
f 10177 10202 10178
f 10178 10202 10179
f 10179 10202 10180
f 10180 10202 10181
f 10181 10202 10182
f 10182 10202 10183
f 10183 10202 10184
f 10184 10202 10185
f 10185 10202 10186
f 10186 10202 10187
f 10187 10202 10188
f 10188 10202 10189
f 10189 10202 10190
f 10190 10202 10191
f 10191 10202 10192
f 10192 10202 10193
f 10193 10202 10194
f 10194 10202 10195
f 10195 10202 10196
f 10196 10202 10197
f 10197 10202 10198
f 10198 10202 10199
f 10199 10202 10200
f 10200 10202 10201
f 10201 10202 10002
